[FEMU] FTL-Log: LPN metadata: entries=2097152 entry_size=40 total=80 MiB T=1024 A=3 C=2 D=8 decay=on
[FEMU] FTL-Log: Write pointers: hot_line=64 cold_line=0 free=126 hot_free=63 cold_free=63
c[?7l[2J[0mSeaBIOS (version rel-1.17.0-0-gb52ca86e094d-prebuilt.qemu.org)


iPXE (http://ipxe.org) 00:03.0 CA00 PCI2.10 PnP PMM+BEFD1D20+BEF31D20 CA00
Press Ctrl-B to configure iPXE (PCI 00:03.0)...                                                                               


Booting from Hard Disk...
[H[J[1;1H[?25l[m[H[J[1;1H[2;30HGNU GRUB  version 2.04

[m[4;2H+----------------------------------------------------------------------------+[5;2H|[5;79H|[6;2H|[6;79H|[7;2H|[7;79H|[8;2H|[8;79H|[9;2H|[9;79H|[10;2H|[10;79H|[11;2H|[11;79H|[12;2H|[12;79H|[13;2H|[13;79H|[14;2H|[14;79H|[15;2H|[15;79H|[16;2H|[16;79H|[17;2H+----------------------------------------------------------------------------+[m[18;2H[19;2H[m     Use the ^ and v keys to select which entry is highlighted.          
      Press enter to boot the selected OS, `e' to edit the commands       
      before booting or `c' for a command-line.                           [5;80H [7m[5;3H*Ubuntu, with Linux 5.4.0-64-generic                                        [m[5;78H[m[m[6;3H                                                                            [m[6;78H[m[m[7;3H                                                                            [m[7;78H[m[m[8;3H                                                                            [m[8;78H[m[m[9;3H                                                                            [m[9;78H[m[m[10;3H                                                                            [m[10;78H[m[m[11;3H                                                                            [m[11;78H[m[m[12;3H                                                                            [m[12;78H[m[m[13;3H                                                                            [m[13;78H[m[m[14;3H                                                                            [m[14;78H[m[m[15;3H                                                                            [m[15;78H[m[m[16;3H                                                                            [m[16;78H[m[16;80H [5;78H[22;1H   The highlighted entry will be executed automatically in 3s.                 [5;78H[22;1H   The highlighted entry will be executed automatically in 2s.                 [5;78H[22;1H   The highlighted entry will be executed automatically in 1s.                 [5;78H[22;1H   The highlighted entry will be executed automatically in 0s.                 [5;78H[?25h[H[J[1;1H[H[J[1;1HLoading Linux 5.4.0-64-generic ...
Loading initial ramdisk ...
[    0.000000] Linux version 5.4.0-64-generic (buildd@lcy01-amd64-021) (gcc version 9.3.0 (Ubuntu 9.3.0-17ubuntu1~20.04)) #72-Ubuntu SMP Fri Jan 15 10:27:54 UTC 2021 (Ubuntu 5.4.0-64.72-generic 5.4.78)
[    0.000000] Command line: BOOT_IMAGE=/boot/vmlinuz-5.4.0-64-generic root=UUID=66add23f-3d34-46f1-a540-ebfdd268827e ro ip=dhcp console=ttyS0,115200 console=tty console=ttyS0 text
[    0.000000] KERNEL supported cpus:
[    0.000000]   Intel GenuineIntel
[    0.000000]   AMD AuthenticAMD
[    0.000000]   Hygon HygonGenuine
[    0.000000]   Centaur CentaurHauls
[    0.000000]   zhaoxin   Shanghai  
[    0.000000] x86/fpu: Supporting XSAVE feature 0x001: 'x87 floating point registers'
[    0.000000] x86/fpu: Supporting XSAVE feature 0x002: 'SSE registers'
[    0.000000] x86/fpu: Supporting XSAVE feature 0x004: 'AVX registers'
[    0.000000] x86/fpu: xstate_offset[2]:  576, xstate_sizes[2]:  256
[    0.000000] x86/fpu: Enabled xstate features 0x7, context size is 832 bytes, using 'compacted' format.
[    0.000000] BIOS-provided physical RAM map:
[    0.000000] BIOS-e820: [mem 0x0000000000000000-0x000000000009fbff] usable
[    0.000000] BIOS-e820: [mem 0x000000000009fc00-0x000000000009ffff] reserved
[    0.000000] BIOS-e820: [mem 0x00000000000f0000-0x00000000000fffff] reserved
[    0.000000] BIOS-e820: [mem 0x0000000000100000-0x00000000bffdcfff] usable
[    0.000000] BIOS-e820: [mem 0x00000000bffdd000-0x00000000bfffffff] reserved
[    0.000000] BIOS-e820: [mem 0x00000000feffc000-0x00000000feffffff] reserved
[    0.000000] BIOS-e820: [mem 0x00000000fffc0000-0x00000000ffffffff] reserved
[    0.000000] BIOS-e820: [mem 0x0000000100000000-0x000000013fffffff] usable
[    0.000000] NX (Execute Disable) protection: active
[    0.000000] SMBIOS 2.8 present.
[    0.000000] DMI: QEMU Standard PC (i440FX + PIIX, 1996), BIOS rel-1.17.0-0-gb52ca86e094d-prebuilt.qemu.org 04/01/2014
[    0.000000] Hypervisor detected: KVM
[    0.000000] kvm-clock: Using msrs 4b564d01 and 4b564d00
[    0.000000] kvm-clock: cpu 0, msr 106001001, primary cpu clock
[    0.000000] kvm-clock: using sched offset of 10375613347 cycles
[    0.000003] clocksource: kvm-clock: mask: 0xffffffffffffffff max_cycles: 0x1cd42e4dffb, max_idle_ns: 881590591483 ns
[    0.000006] tsc: Detected 2995.202 MHz processor
[    0.001864] last_pfn = 0x140000 max_arch_pfn = 0x400000000
[    0.002022] x86/PAT: Configuration [0-7]: WB  WC  UC- UC  WB  WP  UC- WT  
[    0.002044] last_pfn = 0xbffdd max_arch_pfn = 0x400000000
[    0.007616] found SMP MP-table at [mem 0x000f54b0-0x000f54bf]
[    0.007793] check: Scanning 1 areas for low memory corruption
[    0.008067] Using GB pages for direct mapping
[    0.008229] RAMDISK: [mem 0x2d173000-0x328b0fff]
[    0.008307] ACPI: Early table checksum verification disabled
[    0.008360] ACPI: RSDP 0x00000000000F52B0 000014 (v00 BOCHS )
[    0.008402] ACPI: RSDT 0x00000000BFFE2458 000034 (v01 BOCHS  BXPC     00000001 BXPC 00000001)
[    0.008407] ACPI: FACP 0x00000000BFFE22F4 000074 (v01 BOCHS  BXPC     00000001 BXPC 00000001)
[    0.008421] ACPI: DSDT 0x00000000BFFE0040 0022B4 (v01 BOCHS  BXPC     00000001 BXPC 00000001)
[    0.008424] ACPI: FACS 0x00000000BFFE0000 000040
[    0.008425] ACPI: APIC 0x00000000BFFE2368 000090 (v03 BOCHS  BXPC     00000001 BXPC 00000001)
[    0.008427] ACPI: HPET 0x00000000BFFE23F8 000038 (v01 BOCHS  BXPC     00000001 BXPC 00000001)
[    0.008429] ACPI: WAET 0x00000000BFFE2430 000028 (v01 BOCHS  BXPC     00000001 BXPC 00000001)
[    0.009134] No NUMA configuration found
[    0.009135] Faking a node at [mem 0x0000000000000000-0x000000013fffffff]
[    0.009141] NODE_DATA(0) allocated [mem 0x13ffd5000-0x13fffffff]
[    0.010843] Zone ranges:
[    0.010846]   DMA      [mem 0x0000000000001000-0x0000000000ffffff]
[    0.010847]   DMA32    [mem 0x0000000001000000-0x00000000ffffffff]
[    0.010848]   Normal   [mem 0x0000000100000000-0x000000013fffffff]
[    0.010848]   Device   empty
[    0.010849] Movable zone start for each node
[    0.010850] Early memory node ranges
[    0.010851]   node   0: [mem 0x0000000000001000-0x000000000009efff]
[    0.010852]   node   0: [mem 0x0000000000100000-0x00000000bffdcfff]
[    0.010852]   node   0: [mem 0x0000000100000000-0x000000013fffffff]
[    0.011009] Zeroed struct page in unavailable ranges: 133 pages
[    0.011010] Initmem setup node 0 [mem 0x0000000000001000-0x000000013fffffff]
[    0.364249] ACPI: PM-Timer IO Port: 0x608
[    0.364321] ACPI: LAPIC_NMI (acpi_id[0xff] dfl dfl lint[0x1])
[    0.364416] IOAPIC[0]: apic_id 0, version 17, address 0xfec00000, GSI 0-23
[    0.364418] ACPI: INT_SRC_OVR (bus 0 bus_irq 0 global_irq 2 dfl dfl)
[    0.364420] ACPI: INT_SRC_OVR (bus 0 bus_irq 5 global_irq 5 high level)
[    0.364421] ACPI: INT_SRC_OVR (bus 0 bus_irq 9 global_irq 9 high level)
[    0.364421] ACPI: INT_SRC_OVR (bus 0 bus_irq 10 global_irq 10 high level)
[    0.364422] ACPI: INT_SRC_OVR (bus 0 bus_irq 11 global_irq 11 high level)
[    0.364426] Using ACPI (MADT) for SMP configuration information
[    0.364427] ACPI: HPET id: 0x8086a201 base: 0xfed00000
[    0.364432] TSC deadline timer available
[    0.364441] smpboot: Allowing 4 CPUs, 0 hotplug CPUs
[    0.364490] KVM setup pv sched yield
[    0.364513] PM: Registered nosave memory: [mem 0x00000000-0x00000fff]
[    0.364514] PM: Registered nosave memory: [mem 0x0009f000-0x0009ffff]
[    0.364514] PM: Registered nosave memory: [mem 0x000a0000-0x000effff]
[    0.364515] PM: Registered nosave memory: [mem 0x000f0000-0x000fffff]
[    0.364516] PM: Registered nosave memory: [mem 0xbffdd000-0xbfffffff]
[    0.364516] PM: Registered nosave memory: [mem 0xc0000000-0xfeffbfff]
[    0.364517] PM: Registered nosave memory: [mem 0xfeffc000-0xfeffffff]
[    0.364517] PM: Registered nosave memory: [mem 0xff000000-0xfffbffff]
[    0.364518] PM: Registered nosave memory: [mem 0xfffc0000-0xffffffff]
[    0.364520] [mem 0xc0000000-0xfeffbfff] available for PCI devices
[    0.364520] Booting paravirtualized kernel on KVM
[    0.364523] clocksource: refined-jiffies: mask: 0xffffffff max_cycles: 0xffffffff, max_idle_ns: 7645519600211568 ns
[    0.364527] setup_percpu: NR_CPUS:8192 nr_cpumask_bits:4 nr_cpu_ids:4 nr_node_ids:1
[    0.375478] percpu: Embedded 55 pages/cpu s188416 r8192 d28672 u524288
[    0.375544] KVM setup async PF for cpu 0
[    0.375560] kvm-stealtime: cpu 0, msr 13ba2d040
[    0.375572] PV qspinlock hash table entries: 256 (order: 0, 4096 bytes, linear)
[    0.375581] Built 1 zonelists, mobility grouping on.  Total pages: 1032038
[    0.375582] Policy zone: Normal
[    0.375585] Kernel command line: BOOT_IMAGE=/boot/vmlinuz-5.4.0-64-generic root=UUID=66add23f-3d34-46f1-a540-ebfdd268827e ro ip=dhcp console=ttyS0,115200 console=tty console=ttyS0 text
[    0.395343] Dentry cache hash table entries: 524288 (order: 10, 4194304 bytes, linear)
[    0.416120] Inode-cache hash table entries: 262144 (order: 9, 2097152 bytes, linear)
[    0.416286] mem auto-init: stack:off, heap alloc:on, heap free:off
[    0.665188] Memory: 3932824K/4193772K available (14339K kernel code, 2399K rwdata, 4960K rodata, 2724K init, 4980K bss, 260948K reserved, 0K cma-reserved)
[    0.665201] random: get_random_u64 called from kmem_cache_open+0x2d/0x410 with crng_init=0
[    0.665918] SLUB: HWalign=64, Order=0-3, MinObjects=0, CPUs=4, Nodes=1
[    0.665988] ftrace: allocating 44555 entries in 175 pages
[    0.688521] rcu: Hierarchical RCU implementation.
[    0.688526] rcu: 	RCU restricting CPUs from NR_CPUS=8192 to nr_cpu_ids=4.
[    0.688527] 	Tasks RCU enabled.
[    0.688528] rcu: RCU calculated value of scheduler-enlistment delay is 25 jiffies.
[    0.688529] rcu: Adjusting geometry for rcu_fanout_leaf=16, nr_cpu_ids=4
[    0.690993] NR_IRQS: 524544, nr_irqs: 456, preallocated irqs: 16
[    0.691394] random: crng done (trusting CPU's manufacturer)
[    0.726780] Console: colour VGA+ 80x25
[    0.801449] printk: console [tty0] enabled
[    1.073173] printk: console [ttyS0] enabled
[    1.074973] ACPI: Core revision 20190816
[    1.076910] clocksource: hpet: mask: 0xffffffff max_cycles: 0xffffffff, max_idle_ns: 19112604467 ns
[    1.080457] APIC: Switch to symmetric I/O mode setup
[    1.086360] x2apic enabled
[    1.092899] Switched APIC routing to physical x2apic.
[    1.094910] KVM setup pv IPIs
[    1.100863] ..TIMER: vector=0x30 apic1=0 pin1=2 apic2=-1 pin2=-1
[    1.107306] clocksource: tsc-early: mask: 0xffffffffffffffff max_cycles: 0x2b2c909a7c7, max_idle_ns: 440795208498 ns
[    1.112047] Calibrating delay loop (skipped) preset value.. 5990.40 BogoMIPS (lpj=11980808)
[    1.116052] pid_max: default: 32768 minimum: 301
[    1.120128] LSM: Security Framework initializing
[    1.122432] Yama: becoming mindful.
[    1.124259] AppArmor: AppArmor initialized
[    1.128236] Mount-cache hash table entries: 8192 (order: 4, 65536 bytes, linear)
[    1.136096] Mountpoint-cache hash table entries: 8192 (order: 4, 65536 bytes, linear)
[    1.140148] *** VALIDATE tmpfs ***
[    1.162075] *** VALIDATE proc ***
[    1.164576] *** VALIDATE cgroup1 ***
[    1.168051] *** VALIDATE cgroup2 ***
[    1.170292] x86/cpu: User Mode Instruction Prevention (UMIP) activated
[    1.172377] Last level iTLB entries: 4KB 0, 2MB 0, 4MB 0
[    1.176050] Last level dTLB entries: 4KB 0, 2MB 0, 4MB 0, 1GB 0
[    1.180074] Spectre V1 : Mitigation: usercopy/swapgs barriers and __user pointer sanitization
[    1.184058] Spectre V2 : Mitigation: Enhanced IBRS
[    1.185609] Spectre V2 : Spectre v2 / SpectreRSB mitigation: Filling RSB on context switch
[    1.188054] Spectre V2 : mitigation: Enabling conditional Indirect Branch Prediction Barrier
[    1.192052] Speculative Store Bypass: Mitigation: Speculative Store Bypass disabled via prctl and seccomp
[    1.196496] Freeing SMP alternatives memory: 40K
[    1.205366] smpboot: CPU0: Intel(R) Core(TM) Ultra 5 125H (family: 0x6, model: 0xaa, stepping: 0x4)
[    1.208622] Performance Events: unsupported p6 CPU model 170 no PMU driver, software events only.
[    1.211689] rcu: Hierarchical SRCU implementation.
[    1.212695] NMI watchdog: Perf NMI watchdog permanently disabled
[    1.216324] smp: Bringing up secondary CPUs ...
[    1.221717] x86: Booting SMP configuration:
[    1.223465] .... node  #0, CPUs:      #1
[    0.408728] kvm-clock: cpu 1, msr 106001041, secondary cpu clock
[    1.229455] KVM setup async PF for cpu 1
[    1.232041] kvm-stealtime: cpu 1, msr 13baad040
[    1.242724]  #2
[    0.408728] kvm-clock: cpu 2, msr 106001081, secondary cpu clock
[    1.248521] KVM setup async PF for cpu 2
[    1.251898] kvm-stealtime: cpu 2, msr 13bb2d040
[    1.265583]  #3
[    0.408728] kvm-clock: cpu 3, msr 1060010c1, secondary cpu clock
[    1.277884] KVM setup async PF for cpu 3
[    1.280041] kvm-stealtime: cpu 3, msr 13bbad040
[    1.284172] smp: Brought up 1 node, 4 CPUs
[    1.286737] smpboot: Max logical packages: 1
[    1.288090] smpboot: Total of 4 processors activated (23961.61 BogoMIPS)
[    1.296519] devtmpfs: initialized
[    1.300549] x86/mm: Memory block size: 128MB
[    1.308992] clocksource: jiffies: mask: 0xffffffff max_cycles: 0xffffffff, max_idle_ns: 7645041785100000 ns
[    1.312907] futex hash table entries: 1024 (order: 4, 65536 bytes, linear)
[    1.317932] pinctrl core: initialized pinctrl subsystem
[    1.324922] PM: RTC time: 04:59:26, date: 2026-08-19
[    1.329098] NET: Registered protocol family 16
[    1.331797] audit: initializing netlink subsys (disabled)
[    1.332457] audit: type=2000 audit(1787115566.304:1): state=initialized audit_enabled=0 res=1
[    1.333752] EISA bus registered
[    1.338744] cpuidle: using governor ladder
[    1.340847] cpuidle: using governor menu
[    1.345228] KVM setup pv remote TLB flush
[    1.346789] ACPI: bus type PCI registered
[    1.348071] acpiphp: ACPI Hot Plug PCI Controller Driver version: 0.5
[    1.354536] PCI: Using configuration type 1 for base access
[    1.364624] HugeTLB registered 1.00 GiB page size, pre-allocated 0 pages
[    1.368128] HugeTLB registered 2.00 MiB page size, pre-allocated 0 pages
[    1.388487] ACPI: Added _OSI(Module Device)
[    1.392084] ACPI: Added _OSI(Processor Device)
[    1.395965] ACPI: Added _OSI(3.0 _SCP Extensions)
[    1.396054] ACPI: Added _OSI(Processor Aggregator Device)
[    1.397877] ACPI: Added _OSI(Linux-Dell-Video)
[    1.404249] ACPI: Added _OSI(Linux-Lenovo-NV-HDMI-Audio)
[    1.408072] ACPI: Added _OSI(Linux-HPI-Hybrid-Graphics)
[    1.413698] ACPI: 1 ACPI AML tables successfully acquired and loaded
[    1.428385] ACPI: Interpreter enabled
[    1.431472] ACPI: (supports S0 S3 S4 S5)
[    1.432059] ACPI: Using IOAPIC for interrupt routing
[    1.434318] PCI: Using host bridge windows from ACPI; if necessary, use "pci=nocrs" and report a bug
[    1.440254] ACPI: Enabled 2 GPEs in block 00 to 0F
[    1.450747] ACPI: PCI Root Bridge [PCI0] (domain 0000 [bus 00-ff])
[    1.457267] acpi PNP0A03:00: _OSC: OS supports [ASPM ClockPM Segments MSI HPX-Type3]
[    1.468276] acpi PNP0A03:00: fail to add MMCONFIG information, can't access extended PCI configuration space under this bridge.
[    1.477144] acpiphp: Slot [3] registered
[    1.479880] acpiphp: Slot [4] registered
[    1.484104] acpiphp: Slot [5] registered
[    1.485657] acpiphp: Slot [6] registered
[    1.487175] acpiphp: Slot [7] registered
[    1.488156] acpiphp: Slot [8] registered
[    1.491278] acpiphp: Slot [9] registered
[    1.496391] acpiphp: Slot [10] registered
[    1.499317] acpiphp: Slot [11] registered
[    1.500608] acpiphp: Slot [12] registered
[    1.502597] acpiphp: Slot [13] registered
[    1.504142] acpiphp: Slot [14] registered
[    1.506383] acpiphp: Slot [15] registered
[    1.508115] acpiphp: Slot [16] registered
[    1.511730] acpiphp: Slot [17] registered
[    1.516674] acpiphp: Slot [18] registered
[    1.520066] acpiphp: Slot [19] registered
[    1.522022] acpiphp: Slot [20] registered
[    1.528193] acpiphp: Slot [21] registered
[    1.531680] acpiphp: Slot [22] registered
[    1.532272] acpiphp: Slot [23] registered
[    1.540578] acpiphp: Slot [24] registered
[    1.542953] acpiphp: Slot [25] registered
[    1.549018] acpiphp: Slot [26] registered
[    1.556655] acpiphp: Slot [27] registered
[    1.559098] acpiphp: Slot [28] registered
[    1.560941] acpiphp: Slot [29] registered
[    1.565309] acpiphp: Slot [30] registered
[    1.573263] acpiphp: Slot [31] registered
[    1.576589] PCI host bridge to bus 0000:00
[    1.580093] pci_bus 0000:00: root bus resource [io  0x0000-0x0cf7 window]
[    1.588120] pci_bus 0000:00: root bus resource [io  0x0d00-0xffff window]
[    1.591644] pci_bus 0000:00: root bus resource [mem 0x000a0000-0x000bffff window]
[    1.596114] pci_bus 0000:00: root bus resource [mem 0xc0000000-0xfebfffff window]
[    1.599152] pci_bus 0000:00: root bus resource [mem 0xe0000000000-0xe007fffffff window]
[    1.604118] pci_bus 0000:00: root bus resource [bus 00-ff]
[    1.608374] pci 0000:00:00.0: [8086:1237] type 00 class 0x060000
[    1.618559] pci 0000:00:01.0: [8086:7000] type 00 class 0x060100
[    1.627235] pci 0000:00:01.1: [8086:7010] type 00 class 0x010180
[    1.638035] pci 0000:00:01.1: reg 0x20: [io  0xc060-0xc06f]
[    1.648163] pci 0000:00:01.1: legacy IDE quirk: reg 0x10: [io  0x01f0-0x01f7]
[    1.652067] pci 0000:00:01.1: legacy IDE quirk: reg 0x14: [io  0x03f6]
[    1.656073] pci 0000:00:01.1: legacy IDE quirk: reg 0x18: [io  0x0170-0x0177]
[    1.672142] pci 0000:00:01.1: legacy IDE quirk: reg 0x1c: [io  0x0376]
[    1.681214] pci 0000:00:01.3: [8086:7113] type 00 class 0x068000
[    1.691763] pci 0000:00:01.3: quirk: [io  0x0600-0x063f] claimed by PIIX4 ACPI
[    1.700270] pci 0000:00:01.3: quirk: [io  0x0700-0x070f] claimed by PIIX4 SMB
[    1.708443] pci 0000:00:01.3: quirk_piix4_acpi+0x0/0x170 took 15625 usecs
[    1.720894] pci 0000:00:02.0: [1234:1111] type 00 class 0x030000
[    1.751981] pci 0000:00:02.0: reg 0x10: [mem 0xfd000000-0xfdffffff pref]
[    1.780480] pci 0000:00:02.0: reg 0x18: [mem 0xfebd0000-0xfebd0fff]
[    1.804291] pci 0000:00:02.0: reg 0x30: [mem 0xfebc0000-0xfebcffff pref]
[    1.815762] pci 0000:00:03.0: [1af4:1000] type 00 class 0x020000
[    1.821113] pci 0000:00:03.0: reg 0x10: [io  0xc040-0xc05f]
[    1.826874] pci 0000:00:03.0: reg 0x14: [mem 0xfebd1000-0xfebd1fff]
[    1.848122] pci 0000:00:03.0: reg 0x20: [mem 0xe0040000000-0xe0040003fff 64bit pref]
[    1.857570] pci 0000:00:03.0: reg 0x30: [mem 0xfeb80000-0xfebbffff pref]
[    1.867344] pci 0000:00:04.0: [1af4:1004] type 00 class 0x010000
[    1.877369] pci 0000:00:04.0: reg 0x10: [io  0xc000-0xc03f]
[    1.889396] pci 0000:00:04.0: reg 0x14: [mem 0xfebd2000-0xfebd2fff]
[    1.921252] pci 0000:00:04.0: reg 0x20: [mem 0xe0040004000-0xe0040007fff 64bit pref]
[    1.942420] pci 0000:00:05.0: [1d1d:1f1f] type 00 class 0x010802
[    1.948925] pci 0000:00:05.0: reg 0x10: [mem 0xe0000000000-0xe0000001fff 64bit]
[    1.959270] pci 0000:00:05.0: reg 0x20: [mem 0xfebd3000-0xfebd3fff]
[    1.965397] pci 0000:00:05.0: enabling Extended Tags
[    2.025017] ACPI: PCI Interrupt Link [LNKA] (IRQs 5 *10 11)
[    2.028394] ACPI: PCI Interrupt Link [LNKB] (IRQs 5 *10 11)
[    2.030615] ACPI: PCI Interrupt Link [LNKC] (IRQs 5 10 *11)
[    2.036564] ACPI: PCI Interrupt Link [LNKD] (IRQs 5 10 *11)
[    2.039915] ACPI: PCI Interrupt Link [LNKS] (IRQs *9)
[    2.048604] iommu: Default domain type: Translated 
[    2.053186] SCSI subsystem initialized
[    2.056465] pci 0000:00:02.0: vgaarb: setting as boot VGA device
[    2.060041] pci 0000:00:02.0: vgaarb: VGA device added: decodes=io+mem,owns=io+mem,locks=none
[    2.068068] pci 0000:00:02.0: vgaarb: bridge control possible
[    2.070369] vgaarb: loaded
[    2.071726] ACPI: bus type USB registered
[    2.076340] usbcore: registered new interface driver usbfs
[    2.080189] usbcore: registered new interface driver hub
[    2.082597] usbcore: registered new device driver usb
[    2.084486] pps_core: LinuxPPS API ver. 1 registered
[    2.086457] pps_core: Software ver. 5.3.6 - Copyright 2005-2007 Rodolfo Giometti <giometti@linux.it>
[    2.092148] PTP clock support registered
[    2.096300] EDAC MC: Ver: 3.0.0
[    2.100138] PCI: Using ACPI for IRQ routing
[    2.104406] NetLabel: Initializing
[    2.107093] NetLabel:  domain hash size = 128
[    2.108071] NetLabel:  protocols = UNLABELED CIPSOv4 CALIPSO
[    2.112217] NetLabel:  unlabeled traffic allowed by default
[    2.142832] hpet0: at MMIO 0xfed00000, IRQs 2, 8, 0
[    2.144115] hpet0: 3 comparators, 64-bit 100.000000 MHz counter
[    2.153464] clocksource: Switched to clocksource kvm-clock
[    2.208696] *** VALIDATE bpf ***
[    2.210294] VFS: Disk quotas dquot_6.6.0
[    2.211794] VFS: Dquot-cache hash table entries: 512 (order 0, 4096 bytes)
[    2.216005] *** VALIDATE ramfs ***
[    2.217878] *** VALIDATE hugetlbfs ***
[    2.222585] AppArmor: AppArmor Filesystem Enabled
[    2.227433] pnp: PnP ACPI init
[    2.229736] pnp: PnP ACPI: found 6 devices
[    2.244771] thermal_sys: Registered thermal governor 'fair_share'
[    2.244772] thermal_sys: Registered thermal governor 'bang_bang'
[    2.248251] thermal_sys: Registered thermal governor 'step_wise'
[    2.250794] thermal_sys: Registered thermal governor 'user_space'
[    2.253968] thermal_sys: Registered thermal governor 'power_allocator'
[    2.263337] clocksource: acpi_pm: mask: 0xffffff max_cycles: 0xffffff, max_idle_ns: 2085701024 ns
[    2.269592] pci_bus 0000:00: resource 4 [io  0x0000-0x0cf7 window]
[    2.276712] pci_bus 0000:00: resource 5 [io  0x0d00-0xffff window]
[    2.281915] pci_bus 0000:00: resource 6 [mem 0x000a0000-0x000bffff window]
[    2.285783] pci_bus 0000:00: resource 7 [mem 0xc0000000-0xfebfffff window]
[    2.294438] pci_bus 0000:00: resource 8 [mem 0xe0000000000-0xe007fffffff window]
[    2.299091] NET: Registered protocol family 2
[    2.303431] tcp_listen_portaddr_hash hash table entries: 2048 (order: 3, 32768 bytes, linear)
[    2.309619] TCP established hash table entries: 32768 (order: 6, 262144 bytes, linear)
[    2.317209] TCP bind hash table entries: 32768 (order: 7, 524288 bytes, linear)
[    2.320883] TCP: Hash tables configured (established 32768 bind 32768)
[    2.325253] UDP hash table entries: 2048 (order: 4, 65536 bytes, linear)
[    2.328964] UDP-Lite hash table entries: 2048 (order: 4, 65536 bytes, linear)
[    2.334137] NET: Registered protocol family 1
[    2.336922] NET: Registered protocol family 44
[    2.339956] pci 0000:00:01.0: PIIX3: Enabling Passive Release
[    2.342196] pci 0000:00:00.0: Limiting direct PCI/PCI transfers
[    2.344395] pci 0000:00:01.0: Activating ISA DMA hang workarounds
[    2.346589] pci 0000:00:02.0: Video device with shadowed ROM at [mem 0x000c0000-0x000dffff]
[    2.350314] PCI: CLS 0 bytes, default 64
[    2.353640] Trying to unpack rootfs image as initramfs...
[    5.305848] Freeing initrd memory: 89336K
[    5.308558] PCI-DMA: Using software bounce buffering for IO (SWIOTLB)
[    5.311013] software IO TLB: mapped [mem 0xbbfdd000-0xbffdd000] (64MB)
[    5.313868] clocksource: tsc: mask: 0xffffffffffffffff max_cycles: 0x2b2c909a7c7, max_idle_ns: 440795208498 ns
[    5.326073] check: Scanning for low memory corruption every 60 seconds
[    5.335379] Initialise system trusted keyrings
[    5.337576] Key type blacklist registered
[    5.339410] workingset: timestamp_bits=36 max_order=20 bucket_order=0
[    5.351047] zbud: loaded
[    5.354612] squashfs: version 4.0 (2009/01/31) Phillip Lougher
[    5.374789] fuse: init (API version 7.31)
[    5.381621] *** VALIDATE fuse ***
[    5.385684] *** VALIDATE fuse ***
[    5.390783] Platform Keyring initialized
[    5.395097] Key type asymmetric registered
[    5.398017] Asymmetric key parser 'x509' registered
[    5.405167] Block layer SCSI generic (bsg) driver version 0.4 loaded (major 244)
[    5.412040] io scheduler mq-deadline registered
[    5.419371] shpchp: Standard Hot Plug PCI Controller Driver version: 0.4
[    5.433923] input: Power Button as /devices/LNXSYSTM:00/LNXPWRBN:00/input/input0
[    5.443220] ACPI: Power Button [PWRF]
[    5.457996] PCI Interrupt Link [LNKC] enabled at IRQ 11
[    5.485641] PCI Interrupt Link [LNKD] enabled at IRQ 10
[    5.495288] Serial: 8250/16550 driver, 32 ports, IRQ sharing enabled
[    5.542216] 00:04: ttyS0 at I/O 0x3f8 (irq = 4, base_baud = 115200) is a 16550A
[    5.581556] Linux agpgart interface v0.103
[    5.626140] loop: module loaded
[    5.646771] scsi host0: ata_piix
[    5.649988] scsi host1: ata_piix
[    5.653293] ata1: PATA max MWDMA2 cmd 0x1f0 ctl 0x3f6 bmdma 0xc060 irq 14
[    5.662502] ata2: PATA max MWDMA2 cmd 0x170 ctl 0x376 bmdma 0xc068 irq 15
[    5.666357] libphy: Fixed MDIO Bus: probed
[    5.675077] tun: Universal TUN/TAP device driver, 1.6
[    5.684351] PPP generic driver version 2.4.2
[    5.690447] VFIO - User Level meta-driver version: 0.3
[    5.698442] ehci_hcd: USB 2.0 'Enhanced' Host Controller (EHCI) Driver
[    5.704594] ehci-pci: EHCI PCI platform driver
[    5.711386] ehci-platform: EHCI generic platform driver
[    5.720742] ohci_hcd: USB 1.1 'Open' Host Controller (OHCI) Driver
[    5.734477] ohci-pci: OHCI PCI platform driver
[    5.740183] ohci-platform: OHCI generic platform driver
[    5.742028] uhci_hcd: USB Universal Host Controller Interface driver
[    5.749256] i8042: PNP: PS/2 Controller [PNP0303:KBD,PNP0f13:MOU] at 0x60,0x64 irq 1,12
[    5.757966] serio: i8042 KBD port at 0x60,0x64 irq 1
[    5.762343] serio: i8042 AUX port at 0x60,0x64 irq 12
[    5.768918] mousedev: PS/2 mouse device common for all mice
[    5.780507] input: AT Translated Set 2 keyboard as /devices/platform/i8042/serio0/input/input1
[    5.781678] rtc_cmos 00:05: RTC can wake from S4
[    5.801316] rtc_cmos 00:05: registered as rtc0
[    5.802925] rtc_cmos 00:05: alarms up to one day, y3k, 242 bytes nvram, hpet irqs
[    5.814959] i2c /dev entries driver
[    5.816918] device-mapper: uevent: version 1.0.3
[    5.819820] device-mapper: ioctl: 4.41.0-ioctl (2019-09-16) initialised: dm-devel@redhat.com
[    5.834563] platform eisa.0: Probing EISA bus 0
[    5.837472] platform eisa.0: EISA: Cannot allocate resource for mainboard
[    5.839942] platform eisa.0: Cannot allocate resource for EISA slot 1
[    5.842222] platform eisa.0: Cannot allocate resource for EISA slot 2
[    5.847586] platform eisa.0: Cannot allocate resource for EISA slot 3
[    5.852692] platform eisa.0: Cannot allocate resource for EISA slot 4
[    5.854989] platform eisa.0: Cannot allocate resource for EISA slot 5
[    5.857381] platform eisa.0: Cannot allocate resource for EISA slot 6
[    5.859858] platform eisa.0: Cannot allocate resource for EISA slot 7
[    5.868492] platform eisa.0: Cannot allocate resource for EISA slot 8
[    5.875048] platform eisa.0: EISA: Detected 0 cards
[    5.878743] intel_pstate: CPU model not supported
[    5.888994] ledtrig-cpu: registered to indicate activity on CPUs
[    5.892312] drop_monitor: Initializing network drop monitor service
[    5.894926] NET: Registered protocol family 10
[    5.910683] Segment Routing with IPv6
[    5.912592] NET: Registered protocol family 17
[    5.914859] Key type dns_resolver registered
[    5.919114] RAS: Correctable Errors collector initialized.
[    5.925839] IPI shorthand broadcast: enabled
[    5.929757] sched_clock: Marking stable (5524851600, 404728073)->(6026474126, -96894453)
[    5.934796] registered taskstats version 1
[    5.939036] Loading compiled-in X.509 certificates
[    5.946151] Loaded X.509 cert 'Build time autogenerated kernel key: 7f1af841edfbf04e4b72462ffb6202c30b2da0bb'
[    5.950522] zswap: loaded using pool lzo/zbud
[    5.953273] Key type ._fscrypt registered
[    5.954917] Key type .fscrypt registered
[    5.964841] Key type big_key registered
[    5.970818] Key type encrypted registered
[    5.972718] AppArmor: AppArmor sha1 policy hashing enabled
[    5.981416] ima: No TPM chip found, activating TPM-bypass!
[    5.985512] ima: Allocated hash algorithm: sha1
[    5.987594] ima: No architecture policies found
[    5.990399] evm: Initialising EVM extended attributes:
[    5.993614] evm: security.selinux
[    6.003239] evm: security.SMACK64
[    6.007046] evm: security.SMACK64EXEC
[    6.009448] evm: security.SMACK64TRANSMUTE
[    6.010922] evm: security.SMACK64MMAP
[    6.013704] evm: security.apparmor
[    6.017324] evm: security.ima
[    6.023493] evm: security.capability
[    6.026791] evm: HMAC attrs: 0x1
[    6.032959] PM:   Magic number: 6:305:970
[    6.037941] rtc_cmos 00:05: setting system clock to 2026-08-19T04:59:31 UTC (1787115571)
[    6.057368] Freeing unused decrypted memory: 2040K
[    6.063854] Freeing unused kernel image memory: 2724K
[    6.080138] Write protecting the kernel read-only data: 22528k
[    6.086254] Freeing unused kernel image memory: 2008K
[    6.094965] Freeing unused kernel image memory: 1184K
[    6.107181] x86/mm: Checked W+X mappings: passed, no W+X pages found.
[    6.112864] Run /init as init process
Loading, please wait...
Starting version 245.4-4ubuntu3.2
[    6.180528] Floppy drive(s): fd0 is 2.88M AMI BIOS
[    6.186220] piix4_smbus 0000:00:01.3: SMBus Host Controller at 0x700, revision 0
[    6.194328] nvme nvme0: pci function 0000:00:05.0
[    6.197765] PCI Interrupt Link [LNKA] enabled at IRQ 10
[    6.208706] input: VirtualPS/2 VMware VMMouse as /devices/platform/i8042/serio1/input/input4
[    6.213876] FDC 0 is a S82078B
[    6.226737] input: VirtualPS/2 VMware VMMouse as /devices/platform/i8042/serio1/input/input3
[    6.230999] scsi host2: Virtio SCSI HBA
[    6.242170] nvme nvme0: 4/0/0 default/read/poll queues
[    6.254089] bochs-drm 0000:00:02.0: remove_conflicting_pci_framebuffers: bar 0: 0xfd000000 -> 0xfdffffff
[    6.264188] scsi 2:0:0:0: Direct-Access     QEMU     QEMU HARDDISK    2.5+ PQ: 0 ANSI: 5
[    6.268036] bochs-drm 0000:00:02.0: remove_conflicting_pci_framebuffers: bar 2: 0xfebd0000 -> 0xfebd0fff
[    6.290345] bochs-drm 0000:00:02.0: vgaarb: deactivate vga console
[    6.307088] Console: switching to colour dummy device 80x25
[    6.307668] cryptd: max_cpu_qlen set to 1000
[    6.310767] [drm] Found bochs VGA, ID 0xb0c5.
[    6.321325] [drm] Framebuffer size 16384 kB @ 0xfd000000, mmio @ 0xfebd0000.
[    6.328351] virtio_net virtio0 ens3: renamed from eth0
[    6.333972] [TTM] Zone  kernel: Available graphics memory: 2015078 KiB
[    6.338373] [TTM] Initializing pool allocator
[    6.340327] [TTM] Initializing DMA pool allocator
[    6.361450] AVX2 version of gcm_enc/dec engaged.
[    6.369266] AES CTR mode by8 optimization enabled
[    6.372628] [drm] Found EDID data blob.
[    6.377332] [drm] Initialized bochs-drm 1.0.0 20130925 for 0000:00:02.0 on minor 0
[    6.386830] sd 2:0:0:0: Attached scsi generic sg0 type 0
[    6.388689] sd 2:0:0:0: Power-on or device reset occurred
[    6.400729] fbcon: bochs-drmdrmfb (fb0) is primary device
[    6.402084] sd 2:0:0:0: [sda] 167772160 512-byte logical blocks: (85.9 GB/80.0 GiB)
[    6.402191] sd 2:0:0:0: [sda] Write Protect is off
[    6.402490] sd 2:0:0:0: [sda] Write cache: enabled, read cache: enabled, supports DPO and FUA
[    6.411150]  sda: sda1 sda2
[    6.413391] sd 2:0:0:0: [sda] Attached SCSI disk
[    6.424119] Console: switching to colour frame buffer device 160x50
[    6.453170] bochs-drm 0000:00:02.0: fb0: bochs-drmdrmfb frame buffer device
Begin: Loading essential drivers ... [    6.628119] raid6: avx2x4   gen() 37140 MB/s
[    6.680343] raid6: avx2x4   xor() 13483 MB/s
[    6.728282] raid6: avx2x2   gen() 28829 MB/s
[    6.780105] raid6: avx2x2   xor() 20272 MB/s
[    6.832120] raid6: avx2x1   gen() 27175 MB/s
[    6.884318] raid6: avx2x1   xor() 17432 MB/s
[    6.936547] raid6: sse2x4   gen() 16142 MB/s
[    6.988166] raid6: sse2x4   xor()  9331 MB/s
[    7.040136] raid6: sse2x2   gen() 12910 MB/s
[    7.088291] raid6: sse2x2   xor()  9824 MB/s
[    7.140231] raid6: sse2x1   gen() 11231 MB/s
[    7.192120] raid6: sse2x1   xor()  5574 MB/s
[    7.195499] raid6: using algorithm avx2x4 gen() 37140 MB/s
[    7.206652] raid6: .... xor() 13483 MB/s, rmw enabled
[    7.210363] raid6: using avx2x2 recovery algorithm
[    7.223728] xor: automatically using best checksumming function   avx       
[    7.240181] async_tx: api initialized (async)
done.
Begin: Running /scripts/init-premount ... done.
Begin: Mounting root file system ... Begin: Running /scripts/local-top ... done.
Begin: Running /scripts/local-premount ... [    7.327007] Btrfs loaded, crc32c=crc32c-intel
Scanning for Btrfs filesystems
[    7.408343] blk_update_request: I/O error, dev fd0, sector 0 op 0x0:(READ) flags 0x0 phys_seg 1 prio class 0
[    7.420353] floppy: error 10 while reading block 0
done.
Warning: fsck not present, so skipping root file system
[    7.481038] EXT4-fs (sda2): mounted filesystem with ordered data mode. Opts: (null)
done.
Begin: Running /scripts/local-bottom ... done.
Begin: Running /scripts/init-bottom ... Internet Systems Consortium DHCP Client 4.4.1
Copyright 2004-2018 Internet Systems Consortium.
All rights reserved.
For info, please visit https://www.isc.org/software/dhcp/

Listening on LPF/ens3/52:54:00:12:34:56
Sending on   LPF/ens3/52:54:00:12:34:56
Sending on   Socket/fallback
DHCPDISCOVER on ens3 to 255.255.255.255 port 67 interval 3 (xid=0x836b5035)
No DHCPOFFERS received.
No working leases in persistent database - sleeping.
Internet Systems Consortium DHCP Client 4.4.1
Copyright 2004-2018 Internet Systems Consortium.
All rights reserved.
For info, please visit https://www.isc.org/software/dhcp/

Listening on LPF/ens3/52:54:00:12:34:56
Sending on   LPF/ens3/52:54:00:12:34:56
Sending on   Socket/fallback
DHCPDISCOVER on ens3 to 255.255.255.255 port 67 interval 3 (xid=0xd35e7253)
DHCPOFFER of 10.0.2.15 from 10.0.2.2
DHCPREQUEST for 10.0.2.15 on ens3 to 255.255.255.255 port 67 (xid=0x53725ed3)
DHCPACK of 10.0.2.15 from 10.0.2.2 (xid=0xd35e7253)
bound to 10.0.2.15 -- renewal in 32548 seconds.
done.
[   11.037454] systemd[1]: Inserted module 'autofs4'
[   11.058203] systemd[1]: systemd 245.4-4ubuntu3.2 running in system mode. (+PAM +AUDIT +SELINUX +IMA +APPARMOR +SMACK +SYSVINIT +UTMP +LIBCRYPTSETUP +GCRYPT +GNUTLS +ACL +XZ +LZ4 +SECCOMP +BLKID +ELFUTILS +KMOD +IDN2 -IDN +PCRE2 default-hierarchy=hybrid)
[   11.068615] systemd[1]: Detected virtualization kvm.
[   11.071069] systemd[1]: Detected architecture x86-64.

Welcome to [1mUbuntu 20.04.1 LTS[0m!

[   11.111541] systemd[1]: Set hostname to <fvm>.
[   11.225381] systemd[1]: /lib/systemd/system/dbus.socket:5: ListenStream= references a path below legacy directory /var/run/, updating /var/run/dbus/system_bus_socket → /run/dbus/system_bus_socket; please update the unit file accordingly.
[   11.301228] systemd[1]: Created slice system-modprobe.slice.
[[0;32m  OK  [0m] Created slice [0;1;39msystem-modprobe.slice[0m.
[   11.308287] systemd[1]: Created slice system-serial\x2dgetty.slice.
[[0;32m  OK  [0m] Created slice [0;1;39msystem-serial\x2dgetty.slice[0m.
[   11.314202] systemd[1]: Created slice User and Session Slice.
[[0;32m  OK  [0m] Created slice [0;1;39mUser and Session Slice[0m.
[   11.320490] systemd[1]: Started Forward Password Requests to Wall Directory Watch.
[[0;32m  OK  [0m] Started [0;1;39mForward Password R…uests to Wall Directory Watch[0m.
[   11.326481] systemd[1]: Set up automount Arbitrary Executable File Formats File System Automount Point.
[[0;32m  OK  [0m] Set up automount [0;1;39mArbitrary…s File System Automount Point[0m.
[   11.334080] systemd[1]: Reached target User and Group Name Lookups.
[[0;32m  OK  [0m] Reached target [0;1;39mUser and Group Name Lookups[0m.
[   11.338373] systemd[1]: Reached target Slices.
[[0;32m  OK  [0m] Reached target [0;1;39mSlices[0m.
[   11.342374] systemd[1]: Listening on Device-mapper event daemon FIFOs.
[[0;32m  OK  [0m] Listening on [0;1;39mDevice-mapper event daemon FIFOs[0m.
[   11.347833] systemd[1]: Listening on LVM2 poll daemon socket.
[[0;32m  OK  [0m] Listening on [0;1;39mLVM2 poll daemon socket[0m.
[   11.353593] systemd[1]: Listening on multipathd control socket.
[[0;32m  OK  [0m] Listening on [0;1;39mmultipathd control socket[0m.
[   11.359592] systemd[1]: Listening on Syslog Socket.
[[0;32m  OK  [0m] Listening on [0;1;39mSyslog Socket[0m.
[   11.364120] systemd[1]: Listening on initctl Compatibility Named Pipe.
[[0;32m  OK  [0m] Listening on [0;1;39minitctl Compatibility Named Pipe[0m.
[   11.369498] systemd[1]: Listening on Journal Audit Socket.
[[0;32m  OK  [0m] Listening on [0;1;39mJournal Audit Socket[0m.
[   11.374016] systemd[1]: Listening on Journal Socket (/dev/log).
[[0;32m  OK  [0m] Listening on [0;1;39mJournal Socket (/dev/log)[0m.
[   11.377788] systemd[1]: Listening on Journal Socket.
[[0;32m  OK  [0m] Listening on [0;1;39mJournal Socket[0m.
[   11.382983] systemd[1]: Listening on Network Service Netlink Socket.
[[0;32m  OK  [0m] Listening on [0;1;39mNetwork Service Netlink Socket[0m.
[   11.389574] systemd[1]: Listening on udev Control Socket.
[[0;32m  OK  [0m] Listening on [0;1;39mudev Control Socket[0m.
[   11.395197] systemd[1]: Listening on udev Kernel Socket.
[[0;32m  OK  [0m] Listening on [0;1;39mudev Kernel Socket[0m.
[   11.401193] systemd[1]: Mounting Huge Pages File System...
         Mounting [0;1;39mHuge Pages File System[0m...
[   11.406756] systemd[1]: Mounting POSIX Message Queue File System...
         Mounting [0;1;39mPOSIX Message Queue File System[0m...
[   11.412775] systemd[1]: Mounting Kernel Debug File System...
         Mounting [0;1;39mKernel Debug File System[0m...
[   11.417131] systemd[1]: Mounting Kernel Trace File System...
         Mounting [0;1;39mKernel Trace File System[0m...
[   11.429232] systemd[1]: Starting Journal Service...
         Starting [0;1;39mJournal Service[0m...
[   11.434138] systemd[1]: Starting Set the console keyboard layout...
         Starting [0;1;39mSet the console keyboard layout[0m...
[   11.447030] systemd[1]: Starting Create list of static device nodes for the current kernel...
         Starting [0;1;39mCreate list of st…odes for the current kernel[0m...
[   11.456341] systemd[1]: Starting Monitoring of LVM2 mirrors, snapshots etc. using dmeventd or progress polling...
         Starting [0;1;39mMonitoring of LVM…meventd or progress polling[0m...
[   11.467762] systemd[1]: Condition check resulted in Load Kernel Module drm being skipped.
[   11.474841] systemd[1]: Condition check resulted in Set Up Additional Binary Formats being skipped.
[   11.490622] systemd[1]: Starting Load Kernel Modules...
         Starting [0;1;39mLoad Kernel Modules[0m...
[   11.498776] systemd[1]: Starting Remount Root and Kernel File Systems...
         Starting [0;1;39mRemount Root and Kernel File Systems[0m...
[   11.504671] systemd[1]: Starting udev Coldplug all Devices...
         Starting [0;1;39mudev Coldplug [   11.510135] EXT4-fs (sda2): re-mounted. Opts: (null)
all Devices[0m...
[   11.516939] systemd[1]: Starting Uncomplicated firewall...
         Starting [0;1;39mUncomplicated firewall[0m...
[   11.522960] systemd[1]: Started Journal Service.
[[0;32m  OK  [0m] Started [0;1;39mJournal Service[0m.
[[0;32m  OK  [0m] Mounted [0;1;39mHuge Pages File System[0m.
[[0;32m  OK  [0m] Mounted [0;1;39mPOSIX Message Queue File System[0m.
[[0;32m  OK  [0m] Mounted [0;1;39mKernel Debug File System[0m.
[[0;32m  OK  [0m] Mounted [0;1;39mKernel Trace File System[0m.
[[0;32m  OK  [0m] Finished [0;1;39mCreate list of st… nodes for the current kernel[0m.
[[0;32m  OK  [0m] Finished [0;1;39mSet the console keyboard layout[0m.
[[0;32m  OK  [0m] Finished [0;1;39mMonitoring of LVM… dmeventd or progress polling[0m.
[[0;32m  OK  [0m] Finished [0;1;39mLoad Kernel Modules[0m.
[[0;32m  OK  [0m] Finished [0;1;39mRemount Root and Kernel File Systems[0m.
[[0;32m  OK  [0m] Finished [0;1;39mUncomplicated firewall[0m.
         Activating swap [0;1;39m/swap.img[0m...
         Mounting [0;1;39mFUSE Control File System[0m...
         Mounting [0;1;39mKernel Configuration File System[0m...
         Starting [0;1;39mFlush Journal to Persistent Storage[0m...
         Starting [0;1;39mLoad/Save Random Seed[0m...
         Starting [0;1;39mApply Kernel Variables[0m...
[   11.587350] systemd-journald[383]: Received client request to flush runtime journal.
         Starting [0;1;39mCreate System Users[0m...
[[0;32m  OK  [0m] Mounted [0;1;39mFUSE Control File System[0m.
[[0;32m  OK  [0m] Finished [0;1;39mudev Coldplug all Devices[0m.
[[0;32m  OK  [0m] Mounted [0;1;39mKernel Configuration File System[0m.
         Starting [0;1;39mudev Wait for Complete Device Initialization[0m...
[[0;32m  OK  [0m] Finished [0;1;39mLoad/Save Random Seed[0m.
[[0;32m  OK  [0m] Finished [0;1;39mApply Kernel Variables[0m.
[[0;32m  OK  [0m] Finished [0;1;39mCreate System Users[0m.
         Starting [0;1;39mCreate Static Device Nodes in /dev[0m...
[[0;32m  OK  [0m] Finished [0;1;39mCreate Static Device Nodes in /dev[0m.
         Starting [0;1;39mudev Kernel Device Manager[0m...
[[0;32m  OK  [0m] Activated swap [0;1;39m/swap.img[0m.
[[0;32m  OK  [0m] Reached target [0;1;39mSwap[0m.
[[0;32m  OK  [0m] Started [0;1;39mudev Kernel Device Manager[0m.
[[0;32m  OK  [0m] Started [0;1;39mDispatch Password …ts to Console Directory Watch[0m.
[[0;32m  OK  [0m] Reached target [0;1;39mLocal Encrypted Volumes[0m.
         Starting [0;1;39mNetwork Service[0m...
[[0;32m  OK  [0m] Finished [0;1;39mFlush Journal to Persistent Storage[0m.
[[0;32m  OK  [0m] Started [0;1;39mNetwork Service[0m.
         Starting [0;1;39mWait for Network to be Configured[0m...
[[0;32m  OK  [0m] Finished [0;1;39mWait for Network to be Configured[0m.
[[0;32m  OK  [0m] Found device [0;1;39m/dev/ttyS0[0m.
[[0;32m  OK  [0m] Listening on [0;1;39mLoad/Save RF …itch Status /dev/rfkill Watch[0m.
[[0;32m  OK  [0m] Finished [0;1;39mudev Wait for Complete Device Initialization[0m.
         Starting [0;1;39mDevice-Mapper Multipath Device Controller[0m...
[[0;32m  OK  [0m] Started [0;1;39mDevice-Mapper Multipath Device Controller[0m.
[[0;32m  OK  [0m] Reached target [0;1;39mLocal File Systems (Pre)[0m.
         Mounting [0;1;39mMount unit for core18, revision 1880[0m...
         Mounting [0;1;39mMount unit for lxd, revision 16099[0m...
         Mounting [0;1;39mMount unit for snapd, revision 8542[0m...
[[0;32m  OK  [0m] Mounted [0;1;39mMount unit for core18, revision 1880[0m.
[[0;32m  OK  [0m] Mounted [0;1;39mMount unit for snapd, revision 8542[0m.
[[0;32m  OK  [0m] Mounted [0;1;39mMount unit for lxd, revision 16099[0m.
[[0;32m  OK  [0m] Reached target [0;1;39mLocal File Systems[0m.
         Starting [0;1;39mLoad AppArmor profiles[0m...
         Starting [0;1;39mSet console font and keymap[0m...
         Starting [0;1;39mCreate final runt…dir for shutdown pivot root[0m...
         Starting [0;1;39mTell Plymouth To Write Out Runtime Data[0m...
         Starting [0;1;39mCreate Volatile Files and Directories[0m...
[[0;32m  OK  [0m] Finished [0;1;39mSet console font and keymap[0m.
[[0;32m  OK  [0m] Finished [0;1;39mCreate final runt…e dir for shutdown pivot root[0m.
[[0;32m  OK  [0m] Finished [0;1;39mTell Plymouth To Write Out Runtime Data[0m.
[[0;32m  OK  [0m] Finished [0;1;39mCreate Volatile Files and Directories[0m.
         Starting [0;1;39mNetwork Name Resolution[0m...
         Starting [0;1;39mNetwork Time Synchronization[0m...
         Starting [0;1;39mUpdate UTMP about System Boot/Shutdown[0m...
[[0;32m  OK  [0m] Finished [0;1;39mLoad AppArmor profiles[0m.
         Starting [0;1;39mLoad AppArmor pro…managed internally by snapd[0m...
[[0;32m  OK  [0m] Finished [0;1;39mUpdate UTMP about System Boot/Shutdown[0m.
[[0;32m  OK  [0m] Finished [0;1;39mLoad AppArmor pro…s managed internally by snapd[0m.
[[0;32m  OK  [0m] Started [0;1;39mNetwork Time Synchronization[0m.
[[0;32m  OK  [0m] Reached target [0;1;39mSystem Initialization[0m.
[[0;32m  OK  [0m] Started [0;1;39mDaily Cleanup of Temporary Directories[0m.
[[0;32m  OK  [0m] Reached target [0;1;39mPaths[0m.
[[0;32m  OK  [0m] Reached target [0;1;39mSystem Time Set[0m.
[[0;32m  OK  [0m] Reached target [0;1;39mSystem Time Synchronized[0m.
[[0;32m  OK  [0m] Started [0;1;39mDaily apt download activities[0m.
[[0;32m  OK  [0m] Started [0;1;39mDaily apt upgrade and clean activities[0m.
[[0;32m  OK  [0m] Started [0;1;39mPeriodic ext4 Onli…ata Check for All Filesystems[0m.
[[0;32m  OK  [0m] Started [0;1;39mDiscard unused blocks once a week[0m.
[[0;32m  OK  [0m] Started [0;1;39mRefresh fwupd metadata regularly[0m.
[[0;32m  OK  [0m] Started [0;1;39mDaily rotation of log files[0m.
[[0;32m  OK  [0m] Started [0;1;39mDaily man-db regeneration[0m.
[[0;32m  OK  [0m] Started [0;1;39mMessage of the Day[0m.
[[0;32m  OK  [0m] Reached target [0;1;39mTimers[0m.
[[0;32m  OK  [0m] Listening on [0;1;39mD-Bus System Message Bus Socket[0m.
[[0;32m  OK  [0m] Listening on [0;1;39mOpen-iSCSI iscsid Socket[0m.
[[0;32m  OK  [0m] Listening on [0;1;39mSocket unix for snap application lxd.daemon[0m.
         Starting [0;1;39mSocket activation for snappy daemon[0m.
[[0;32m  OK  [0m] Listening on [0;1;39mUUID daemon activation socket[0m.
[[0;32m  OK  [0m] Started [0;1;39mNetwork Name Resolution[0m.
[[0;32m  OK  [0m] Listening on [0;1;39mSocket activation for snappy daemon[0m.
[[0;32m  OK  [0m] Reached target [0;1;39mNetwork[0m.
[[0;32m  OK  [0m] Reached target [0;1;39mNetwork is Online[0m.
[[0;32m  OK  [0m] Reached target [0;1;39mHost and Network Name Lookups[0m.
[[0;32m  OK  [0m] Reached target [0;1;39mSockets[0m.
[[0;32m  OK  [0m] Reached target [0;1;39mBasic System[0m.
         Starting [0;1;39mAccounts Service[0m...
[[0;32m  OK  [0m] Started [0;1;39mD-Bus System Message Bus[0m.
[[0;32m  OK  [0m] Started [0;1;39mSave initial kernel messages after boot[0m.
         Starting [0;1;39mRemove Stale Onli…t4 Metadata Check Snapshots[0m...
         Starting [0;1;39mLSB: Record successful boot for GRUB[0m...
         Starting [0;1;39mGRUB failed boot detection[0m...
[[0;32m  OK  [0m] Started [0;1;39mirqbalance daemon[0m.
         Starting [0;1;39mDispatcher daemon for systemd-networkd[0m...
[[0;32m  OK  [0m] Reached target [0;1;39mRemote File Systems (Pre)[0m.
[[0;32m  OK  [0m] Reached target [0;1;39mRemote File Systems[0m.
         Starting [0;1;39mLSB: automatic crash report generation[0m...
         Starting [0;1;39mDeferred execution scheduler[0m...
         Starting [0;1;39mAvailability of block devices[0m...
[[0;32m  OK  [0m] Started [0;1;39mRegular background program processing daemon[0m.
         Starting [0;1;39mSystem Logging Service[0m...
         Starting [0;1;39mService for snap application lxd.activate[0m...
         Starting [0;1;39mSnap Daemon[0m...
         Starting [0;1;39mOpenBSD Secure Shell server[0m...
         Starting [0;1;39mLogin Service[0m...
         Starting [0;1;39mPermit User Sessions[0m...
         Starting [0;1;39mThermal Daemon Service[0m...
[[0;32m  OK  [0m] Started [0;1;39mDeferred execution scheduler[0m.
[[0;32m  OK  [0m] Finished [0;1;39mRemove Stale Onli…ext4 Metadata Check Snapshots[0m.
[[0;32m  OK  [0m] Finished [0;1;39mAvailability of block devices[0m.
[[0;32m  OK  [0m] Finished [0;1;39mPermit User Sessions[0m.
[[0;32m  OK  [0m] Finished [0;1;39mGRUB failed boot detection[0m.
[[0;32m  OK  [0m] Started [0;1;39mOpenBSD Secure Shell server[0m.
[[0;32m  OK  [0m] Started [0;1;39mSystem Logging Service[0m.
[[0;32m  OK  [0m] Started [0;1;39mLSB: Record successful boot for GRUB[0m.
         Starting [0;1;39mHold until boot process finishes up[0m...
         Starting [0;1;39mTerminate Plymouth Boot Screen[0m...
[[0;32m  OK  [0m] Started [0;1;39mLSB: automatic crash report generation[0m.
[[0;32m  OK  [0m] Finished [0;1;39mHold until boot process finishes up[0m.
[[0;32m  OK  [0m] Finished [0;1;39mTerminate Plymouth Boot Screen[0m.
[[0;32m  OK  [0m] Started [0;1;39mSerial Getty on ttyS0[0m.
         Starting [0;1;39mSet console scheme[0m...
[[0;32m  OK  [0m] Finished [0;1;39mSet console scheme[0m.
[[0;32m  OK  [0m] Created slice [0;1;39msystem-getty.slice[0m.
[[0;32m  OK  [0m] Started [0;1;39mGetty on tty1[0m.
[[0;32m  OK  [0m] Reached target [0;1;39mLogin Prompts[0m.
[[0;32m  OK  [0m] Started [0;1;39mLogin Service[0m.
[[0;32m  OK  [0m] Started [0;1;39mThermal Daemon Service[0m.
[[0;32m  OK  [0m] Started [0;1;39mUnattended Upgrades Shutdown[0m.
[[0;32m  OK  [0m] Started [0;1;39mDispatcher daemon for systemd-networkd[0m.
         Starting [0;1;39mAuthorization Manager[0m...
[[0;32m  OK  [0m] Started [0;1;39mAuthorization Manager[0m.
[[0;32m  OK  [0m] Started [0;1;39mAccounts Service[0m.
[[0;32m  OK  [0m] Started [0;1;39mSnap Daemon[0m.
         Starting [0;1;39mWait until snapd is fully seeded[0m...
[[0;32m  OK  [0m] Finished [0;1;39mWait until snapd is fully seeded[0m.
[[0;32m  OK  [0m] Finished [0;1;39mService for snap application lxd.activate[0m.
[[0;32m  OK  [0m] Reached target [0;1;39mMulti-User System[0m.
[[0;32m  OK  [0m] Reached target [0;1;39mGraphical Interface[0m.
         Starting [0;1;39mUpdate UTMP about System Runlevel Changes[0m...
[[0;32m  OK  [0m] Finished [0;1;39mUpdate UTMP about System Runlevel Changes[0m.

Ubuntu 20.04.1 LTS fvm ttyS0

fvm login: femu
Password: 
Welcome to Ubuntu 20.04.1 LTS (GNU/Linux 5.4.0-64-generic x86_64)

 * Documentation:  https://help.ubuntu.com
 * Management:     https://landscape.canonical.com
 * Support:        https://ubuntu.com/advantage

  System information as of Wed 19 Aug 2026 04:59:58 AM UTC

  System load:           0.23
  Usage of /:            8.6% of 78.24GB
  Memory usage:          4%
  Swap usage:            0%
  Processes:             132
  Users logged in:       0
  IPv4 address for ens3: 10.0.2.15
  IPv6 address for ens3: fec0::5054:ff:fe12:3456

 * Ubuntu 20.04 LTS Focal Fossa has reached its end of standard support
   on 31 May 2025.

   For more details see:
   https://ubuntu.com/20-04

352 updates can be installed immediately.
241 of these updates are security updates.
To see these additional updates run: apt list --upgradable

New release '22.04.5 LTS' available.
Run 'do-release-upgrade' to upgrade to it.


Last login: Wed Aug 19 04:41:56 UTC 2026 on ttyS0
femu@fvm:~$ mkdir -p ~/.ssh && chmod 700 ~/.ssh && printf '%s\n' 'ssh-ed25519 AAAAC3NzaC1lZDI1NTE5AAAAIG8+rOnlzXYK097h2R9OBYth9oIPv48piA4gvZnbaQQi' >> ~/.ssh/authorized_keys && chmod 600 ~/.ssh/authorized_keys && echo KEY_READY
KEY_READY
femu@fvm:~$ sudo cat /etc/sudoers.d/femu-experiments
[sudo] password for femu: 
Cmnd_Alias FEMU_EXPERIMENT_CMDS = /usr/sbin/blockdev --getsize64 /dev/nvme0n1, /usr/sbin/nvme admin-passthru /dev/nvme0 --opcode=0xef --cdw10=5, /usr/bin/fio --name=fill --filename=/dev/nvme0n1 --direct=1 --ioengine=libaio --rw=write --bs=1M --iodepth=32 --numjobs=1 --size=6G --group_reporting=1, /usr/bin/fio --name=baseline --filename=/dev/nvme0n1 --offset=1G --size=4G --direct=1 --ioengine=libaio --rw=randwrite --bs=16k --iodepth=128 --numjobs=32 --time_based=1 --runtime=300 --random_distribution=zipf\:0.99 --randrepeat=1 --randseed=20260819 --group_reporting=1, /usr/bin/dd of=/dev/nvme0n1 bs=4 count=1 conv=notrunc status=none, /bin/dd of=/dev/nvme0n1 bs=4 count=1 conv=notrunc status=none, /usr/sbin/poweroff
femu ALL=(root) NOPASSWD: FEMU_EXPERIMENT_CMDS
femu@fvm:~$ sudo visudo -cf /tmp/femu-experiments-v2.sudoers && sudo install -o root -g root -m 0440 /tmp/femu-experiments-v2.sudoers /etc/sudoers.d/femu-experiments && sudo visudo -cf /etc/sudoers.d/femu-experiments && ls -l /etc/sudoers.d/femu-experiments && echo SUDOERS_V2_INSTALLED
/tmp/femu-experiments-v2.sudoers: parsed OK
/etc/sudoers.d/femu-experiments: parsed OK
-r--r----- 1 root root 1321 Aug 19 05:01 /etc/sudoers.d/femu-experiments
SUDOERS_V2_INSTALLED
femu@fvm:~$ [FEMU] FTL-Log: BBSSD-STATS version=V2 hot_rewrite_window=1024 hot_access_threshold=3 hot_confirmation_threshold=2 hot_decay_window=8 hot_decay_enabled=on host_page_writes=1572864 nand_page_writes=1572864 gc_page_writes=0 block_erases=0 waf=1.000000 gc_count=0 average_gc_copy=N/A host_hot_writes=0 host_cold_writes=1572864 hot_write_ratio=0.000000 gc_hot_writes=0 gc_cold_writes=0 cold_to_hot_count=0 hot_to_cold_count=0 hot_pool_empty_count=0 cold_pool_empty_count=33 borrow_count=33 emergency_gc_count=0 decay_application_count=0 counter_invariant=PASS
[FEMU] Log: vSSD0,Reset tt_late_ios/tt_ios,6198/6394
[EXP] [CLASSIFY] lpn=0 state=COLD access=1 short=0 interval=1572864 seq=1572865 decay_epoch=196608
[EXP] [WRITE] lpn=0 -> ch=0 lun=0 pl=0 blk=97 pg=0 (secret)
[EXP] [INVALIDATE:overwrite] lpn=0 old ch=0 lun=0 pl=0 blk=97 pg=0
[EXP] [CLASSIFY] lpn=0 state=COLD access=2 short=1 interval=1 seq=1572866 decay_epoch=196608
[EXP] [WRITE] lpn=0 -> ch=1 lun=0 pl=0 blk=97 pg=0 (secret)
[FEMU] FTL-Log: BBSSD-STATS version=V2 hot_rewrite_window=1024 hot_access_threshold=3 hot_confirmation_threshold=2 hot_decay_window=8 hot_decay_enabled=on host_page_writes=2 nand_page_writes=2 gc_page_writes=0 block_erases=0 waf=1.000000 gc_count=0 average_gc_copy=N/A host_hot_writes=0 host_cold_writes=2 hot_write_ratio=0.000000 gc_hot_writes=0 gc_cold_writes=0 cold_to_hot_count=0 hot_to_cold_count=0 hot_pool_empty_count=0 cold_pool_empty_count=0 borrow_count=0 emergency_gc_count=0 decay_application_count=1 counter_invariant=PASS
[FEMU] Log: vSSD0,Reset tt_late_ios/tt_ios,7/54
[EXP] [INVALIDATE:overwrite] lpn=0 old ch=1 lun=0 pl=0 blk=97 pg=0
[EXP] [CLASSIFY] lpn=0 state=HOT access=3 short=2 interval=1 seq=1572867 decay_epoch=196608
[EXP] [WRITE] lpn=0 -> ch=0 lun=0 pl=0 blk=64 pg=0 (secret)
[FEMU] FTL-Log: BBSSD-STATS version=V2 hot_rewrite_window=1024 hot_access_threshold=3 hot_confirmation_threshold=2 hot_decay_window=8 hot_decay_enabled=on host_page_writes=1 nand_page_writes=1 gc_page_writes=0 block_erases=0 waf=1.000000 gc_count=0 average_gc_copy=N/A host_hot_writes=1 host_cold_writes=0 hot_write_ratio=1.000000 gc_hot_writes=0 gc_cold_writes=0 cold_to_hot_count=1 hot_to_cold_count=0 hot_pool_empty_count=0 cold_pool_empty_count=0 borrow_count=0 emergency_gc_count=0 decay_application_count=0 counter_invariant=PASS
[FEMU] Log: vSSD0,Reset tt_late_ios/tt_ios,10/53
[EXP] [INVALIDATE:overwrite] lpn=0 old ch=0 lun=0 pl=0 blk=64 pg=0
[EXP] [CLASSIFY] lpn=0 state=COLD access=1 short=1 interval=16 seq=1572883 decay_epoch=196610
[EXP] [WRITE] lpn=0 -> ch=1 lun=2 pl=0 blk=97 pg=0 (secret)
[FEMU] FTL-Log: BBSSD-STATS version=V2 hot_rewrite_window=1024 hot_access_threshold=3 hot_confirmation_threshold=2 hot_decay_window=8 hot_decay_enabled=on host_page_writes=16 nand_page_writes=16 gc_page_writes=0 block_erases=0 waf=1.000000 gc_count=0 average_gc_copy=N/A host_hot_writes=0 host_cold_writes=16 hot_write_ratio=0.000000 gc_hot_writes=0 gc_cold_writes=0 cold_to_hot_count=0 hot_to_cold_count=1 hot_pool_empty_count=0 cold_pool_empty_count=0 borrow_count=0 emergency_gc_count=0 decay_application_count=16 counter_invariant=PASS
[FEMU] Log: vSSD0,Reset tt_late_ios/tt_ios,38/170
[EXP] [INVALIDATE:overwrite] lpn=0 old ch=1 lun=2 pl=0 blk=97 pg=0
[EXP] [CLASSIFY] lpn=0 state=COLD access=2 short=2 interval=1 seq=1572884 decay_epoch=196610
[EXP] [WRITE] lpn=0 -> ch=2 lun=2 pl=0 blk=97 pg=0 (secret)
[EXP] [INVALIDATE:overwrite] lpn=0 old ch=2 lun=2 pl=0 blk=97 pg=0
[EXP] [CLASSIFY] lpn=0 state=HOT access=3 short=3 interval=1 seq=1572885 decay_epoch=196610
[EXP] [WRITE] lpn=0 -> ch=1 lun=0 pl=0 blk=64 pg=0 (secret)
[FEMU] FTL-Log: BBSSD-STATS version=V2 hot_rewrite_window=1024 hot_access_threshold=3 hot_confirmation_threshold=2 hot_decay_window=8 hot_decay_enabled=on host_page_writes=2 nand_page_writes=2 gc_page_writes=0 block_erases=0 waf=1.000000 gc_count=0 average_gc_copy=N/A host_hot_writes=1 host_cold_writes=1 hot_write_ratio=0.500000 gc_hot_writes=0 gc_cold_writes=0 cold_to_hot_count=1 hot_to_cold_count=0 hot_pool_empty_count=0 cold_pool_empty_count=0 borrow_count=0 emergency_gc_count=0 decay_application_count=0 counter_invariant=PASS
[FEMU] Log: vSSD0,Reset tt_late_ios/tt_ios,11/31
[EXP] [INVALIDATE:trim] lpn=0 old ch=1 lun=0 pl=0 blk=64 pg=0
[SCAN:after_trim] 'V2GC' NOT present in backend
[EXP] [CLASSIFY] lpn=0 state=COLD access=1 short=0 interval=0 seq=1572886 decay_epoch=196610
[EXP] [WRITE] lpn=0 -> ch=3 lun=2 pl=0 blk=97 pg=0 (secret)
[FEMU] FTL-Log: BBSSD-STATS version=V2 hot_rewrite_window=1024 hot_access_threshold=3 hot_confirmation_threshold=2 hot_decay_window=8 hot_decay_enabled=on host_page_writes=1 nand_page_writes=1 gc_page_writes=0 block_erases=0 waf=1.000000 gc_count=0 average_gc_copy=N/A host_hot_writes=0 host_cold_writes=1 hot_write_ratio=0.000000 gc_hot_writes=0 gc_cold_writes=0 cold_to_hot_count=0 hot_to_cold_count=0 hot_pool_empty_count=0 cold_pool_empty_count=0 borrow_count=0 emergency_gc_count=0 decay_application_count=0 counter_invariant=PASS
[FEMU] Log: vSSD0,Reset tt_late_ios/tt_ios,21/77
[EXP] [INVALIDATE:overwrite] lpn=0 old ch=3 lun=2 pl=0 blk=97 pg=0
[EXP] [CLASSIFY] lpn=0 state=COLD access=2 short=1 interval=1 seq=1572887 decay_epoch=196610
[EXP] [WRITE] lpn=0 -> ch=4 lun=2 pl=0 blk=97 pg=0 (secret)
[EXP] [INVALIDATE:overwrite] lpn=0 old ch=4 lun=2 pl=0 blk=97 pg=0
[EXP] [CLASSIFY] lpn=0 state=HOT access=3 short=2 interval=1 seq=1572888 decay_epoch=196610
[EXP] [WRITE] lpn=0 -> ch=2 lun=0 pl=0 blk=64 pg=0 (secret)
[FEMU] FTL-Log: BBSSD-STATS version=V2 hot_rewrite_window=1024 hot_access_threshold=3 hot_confirmation_threshold=2 hot_decay_window=8 hot_decay_enabled=on host_page_writes=2 nand_page_writes=2 gc_page_writes=0 block_erases=0 waf=1.000000 gc_count=0 average_gc_copy=N/A host_hot_writes=1 host_cold_writes=1 hot_write_ratio=0.500000 gc_hot_writes=0 gc_cold_writes=0 cold_to_hot_count=1 hot_to_cold_count=0 hot_pool_empty_count=0 cold_pool_empty_count=0 borrow_count=0 emergency_gc_count=0 decay_application_count=0 counter_invariant=PASS
[FEMU] Log: vSSD0,Reset tt_late_ios/tt_ios,6/96
[EXP] [ERASE] ch=0 lun=0 pl=0 blk=97 pg=255 erase_cnt=1 (vpc/ipc reset)
[EXP] [ERASE] ch=0 lun=1 pl=0 blk=97 pg=255 erase_cnt=1 (vpc/ipc reset)
[EXP] [ERASE] ch=0 lun=2 pl=0 blk=97 pg=255 erase_cnt=1 (vpc/ipc reset)
[EXP] [ERASE] ch=0 lun=3 pl=0 blk=97 pg=255 erase_cnt=1 (vpc/ipc reset)
[EXP] [ERASE] ch=0 lun=4 pl=0 blk=97 pg=255 erase_cnt=1 (vpc/ipc reset)
[EXP] [ERASE] ch=0 lun=5 pl=0 blk=97 pg=255 erase_cnt=1 (vpc/ipc reset)
[EXP] [ERASE] ch=0 lun=6 pl=0 blk=97 pg=255 erase_cnt=1 (vpc/ipc reset)
[EXP] [ERASE] ch=0 lun=7 pl=0 blk=97 pg=255 erase_cnt=1 (vpc/ipc reset)
[EXP] [ERASE] ch=1 lun=0 pl=0 blk=97 pg=255 erase_cnt=1 (vpc/ipc reset)
[EXP] [ERASE] ch=1 lun=1 pl=0 blk=97 pg=255 erase_cnt=1 (vpc/ipc reset)
[EXP] [ERASE] ch=1 lun=2 pl=0 blk=97 pg=255 erase_cnt=1 (vpc/ipc reset)
[EXP] [ERASE] ch=1 lun=3 pl=0 blk=97 pg=255 erase_cnt=1 (vpc/ipc reset)
[EXP] [ERASE] ch=1 lun=4 pl=0 blk=97 pg=255 erase_cnt=1 (vpc/ipc reset)
[EXP] [ERASE] ch=1 lun=5 pl=0 blk=97 pg=255 erase_cnt=1 (vpc/ipc reset)
[EXP] [ERASE] ch=1 lun=6 pl=0 blk=97 pg=255 erase_cnt=1 (vpc/ipc reset)
[EXP] [ERASE] ch=1 lun=7 pl=0 blk=97 pg=255 erase_cnt=1 (vpc/ipc reset)
[EXP] [ERASE] ch=2 lun=0 pl=0 blk=97 pg=255 erase_cnt=1 (vpc/ipc reset)
[EXP] [ERASE] ch=2 lun=1 pl=0 blk=97 pg=255 erase_cnt=1 (vpc/ipc reset)
[EXP] [ERASE] ch=2 lun=2 pl=0 blk=97 pg=255 erase_cnt=1 (vpc/ipc reset)
[EXP] [ERASE] ch=2 lun=3 pl=0 blk=97 pg=255 erase_cnt=1 (vpc/ipc reset)
[EXP] [ERASE] ch=2 lun=4 pl=0 blk=97 pg=255 erase_cnt=1 (vpc/ipc reset)
[EXP] [ERASE] ch=2 lun=5 pl=0 blk=97 pg=255 erase_cnt=1 (vpc/ipc reset)
[EXP] [ERASE] ch=2 lun=6 pl=0 blk=97 pg=255 erase_cnt=1 (vpc/ipc reset)
[EXP] [ERASE] ch=2 lun=7 pl=0 blk=97 pg=255 erase_cnt=1 (vpc/ipc reset)
[EXP] [ERASE] ch=3 lun=0 pl=0 blk=97 pg=255 erase_cnt=1 (vpc/ipc reset)
[EXP] [ERASE] ch=3 lun=1 pl=0 blk=97 pg=255 erase_cnt=1 (vpc/ipc reset)
[EXP] [ERASE] ch=3 lun=2 pl=0 blk=97 pg=255 erase_cnt=1 (vpc/ipc reset)
[EXP] [ERASE] ch=3 lun=3 pl=0 blk=97 pg=255 erase_cnt=1 (vpc/ipc reset)
[EXP] [ERASE] ch=3 lun=4 pl=0 blk=97 pg=255 erase_cnt=1 (vpc/ipc reset)
[EXP] [ERASE] ch=3 lun=5 pl=0 blk=97 pg=255 erase_cnt=1 (vpc/ipc reset)
[EXP] [ERASE] ch=3 lun=6 pl=0 blk=97 pg=255 erase_cnt=1 (vpc/ipc reset)
[EXP] [ERASE] ch=3 lun=7 pl=0 blk=97 pg=255 erase_cnt=1 (vpc/ipc reset)
[EXP] [ERASE] ch=4 lun=0 pl=0 blk=97 pg=255 erase_cnt=1 (vpc/ipc reset)
[EXP] [ERASE] ch=4 lun=1 pl=0 blk=97 pg=255 erase_cnt=1 (vpc/ipc reset)
[EXP] [ERASE] ch=4 lun=2 pl=0 blk=97 pg=255 erase_cnt=1 (vpc/ipc reset)
[EXP] [ERASE] ch=4 lun=3 pl=0 blk=97 pg=255 erase_cnt=1 (vpc/ipc reset)
[EXP] [ERASE] ch=4 lun=4 pl=0 blk=97 pg=255 erase_cnt=1 (vpc/ipc reset)
[EXP] [ERASE] ch=4 lun=5 pl=0 blk=97 pg=255 erase_cnt=1 (vpc/ipc reset)
[EXP] [ERASE] ch=4 lun=6 pl=0 blk=97 pg=255 erase_cnt=1 (vpc/ipc reset)
[EXP] [ERASE] ch=4 lun=7 pl=0 blk=97 pg=255 erase_cnt=1 (vpc/ipc reset)
[EXP] [ERASE] ch=5 lun=0 pl=0 blk=97 pg=255 erase_cnt=1 (vpc/ipc reset)
[EXP] [ERASE] ch=5 lun=1 pl=0 blk=97 pg=255 erase_cnt=1 (vpc/ipc reset)
[EXP] [ERASE] ch=5 lun=2 pl=0 blk=97 pg=255 erase_cnt=1 (vpc/ipc reset)
[EXP] [ERASE] ch=5 lun=3 pl=0 blk=97 pg=255 erase_cnt=1 (vpc/ipc reset)
[EXP] [ERASE] ch=5 lun=4 pl=0 blk=97 pg=255 erase_cnt=1 (vpc/ipc reset)
[EXP] [ERASE] ch=5 lun=5 pl=0 blk=97 pg=255 erase_cnt=1 (vpc/ipc reset)
[EXP] [ERASE] ch=5 lun=6 pl=0 blk=97 pg=255 erase_cnt=1 (vpc/ipc reset)
[EXP] [ERASE] ch=5 lun=7 pl=0 blk=97 pg=255 erase_cnt=1 (vpc/ipc reset)
[EXP] [ERASE] ch=6 lun=0 pl=0 blk=97 pg=255 erase_cnt=1 (vpc/ipc reset)
[EXP] [ERASE] ch=6 lun=1 pl=0 blk=97 pg=255 erase_cnt=1 (vpc/ipc reset)
[EXP] [ERASE] ch=6 lun=2 pl=0 blk=97 pg=255 erase_cnt=1 (vpc/ipc reset)
[EXP] [ERASE] ch=6 lun=3 pl=0 blk=97 pg=255 erase_cnt=1 (vpc/ipc reset)
[EXP] [ERASE] ch=6 lun=4 pl=0 blk=97 pg=255 erase_cnt=1 (vpc/ipc reset)
[EXP] [ERASE] ch=6 lun=5 pl=0 blk=97 pg=255 erase_cnt=1 (vpc/ipc reset)
[EXP] [ERASE] ch=6 lun=6 pl=0 blk=97 pg=255 erase_cnt=1 (vpc/ipc reset)
[EXP] [ERASE] ch=6 lun=7 pl=0 blk=97 pg=255 erase_cnt=1 (vpc/ipc reset)
[EXP] [ERASE] ch=7 lun=0 pl=0 blk=97 pg=255 erase_cnt=1 (vpc/ipc reset)
[EXP] [ERASE] ch=7 lun=1 pl=0 blk=97 pg=255 erase_cnt=1 (vpc/ipc reset)
[EXP] [ERASE] ch=7 lun=2 pl=0 blk=97 pg=255 erase_cnt=1 (vpc/ipc reset)
[EXP] [ERASE] ch=7 lun=3 pl=0 blk=97 pg=255 erase_cnt=1 (vpc/ipc reset)
[EXP] [ERASE] ch=7 lun=4 pl=0 blk=97 pg=255 erase_cnt=1 (vpc/ipc reset)
[EXP] [ERASE] ch=7 lun=5 pl=0 blk=97 pg=255 erase_cnt=1 (vpc/ipc reset)
[EXP] [ERASE] ch=7 lun=6 pl=0 blk=97 pg=255 erase_cnt=1 (vpc/ipc reset)
[EXP] [ERASE] ch=7 lun=7 pl=0 blk=97 pg=255 erase_cnt=1 (vpc/ipc reset)
[EXP] [ERASE] ch=0 lun=0 pl=0 blk=97 pg=255 erase_cnt=2 (vpc/ipc reset)
[EXP] [ERASE] ch=0 lun=1 pl=0 blk=97 pg=255 erase_cnt=2 (vpc/ipc reset)
[EXP] [ERASE] ch=0 lun=2 pl=0 blk=97 pg=255 erase_cnt=2 (vpc/ipc reset)
[EXP] [ERASE] ch=0 lun=3 pl=0 blk=97 pg=255 erase_cnt=2 (vpc/ipc reset)
[EXP] [ERASE] ch=0 lun=4 pl=0 blk=97 pg=255 erase_cnt=2 (vpc/ipc reset)
[EXP] [ERASE] ch=0 lun=5 pl=0 blk=97 pg=255 erase_cnt=2 (vpc/ipc reset)
[EXP] [ERASE] ch=0 lun=6 pl=0 blk=97 pg=255 erase_cnt=2 (vpc/ipc reset)
[EXP] [ERASE] ch=0 lun=7 pl=0 blk=97 pg=255 erase_cnt=2 (vpc/ipc reset)
[EXP] [ERASE] ch=1 lun=0 pl=0 blk=97 pg=255 erase_cnt=2 (vpc/ipc reset)
[EXP] [ERASE] ch=1 lun=1 pl=0 blk=97 pg=255 erase_cnt=2 (vpc/ipc reset)
[EXP] [ERASE] ch=1 lun=2 pl=0 blk=97 pg=255 erase_cnt=2 (vpc/ipc reset)
[EXP] [ERASE] ch=1 lun=3 pl=0 blk=97 pg=255 erase_cnt=2 (vpc/ipc reset)
[EXP] [ERASE] ch=1 lun=4 pl=0 blk=97 pg=255 erase_cnt=2 (vpc/ipc reset)
[EXP] [ERASE] ch=1 lun=5 pl=0 blk=97 pg=255 erase_cnt=2 (vpc/ipc reset)
[EXP] [ERASE] ch=1 lun=6 pl=0 blk=97 pg=255 erase_cnt=2 (vpc/ipc reset)
[EXP] [ERASE] ch=1 lun=7 pl=0 blk=97 pg=255 erase_cnt=2 (vpc/ipc reset)
[EXP] [ERASE] ch=2 lun=0 pl=0 blk=97 pg=255 erase_cnt=2 (vpc/ipc reset)
[EXP] [ERASE] ch=2 lun=1 pl=0 blk=97 pg=255 erase_cnt=2 (vpc/ipc reset)
[EXP] [ERASE] ch=2 lun=2 pl=0 blk=97 pg=255 erase_cnt=2 (vpc/ipc reset)
[EXP] [ERASE] ch=2 lun=3 pl=0 blk=97 pg=255 erase_cnt=2 (vpc/ipc reset)
[EXP] [ERASE] ch=2 lun=4 pl=0 blk=97 pg=255 erase_cnt=2 (vpc/ipc reset)
[EXP] [ERASE] ch=2 lun=5 pl=0 blk=97 pg=255 erase_cnt=2 (vpc/ipc reset)
[EXP] [ERASE] ch=2 lun=6 pl=0 blk=97 pg=255 erase_cnt=2 (vpc/ipc reset)
[EXP] [ERASE] ch=2 lun=7 pl=0 blk=97 pg=255 erase_cnt=2 (vpc/ipc reset)
[EXP] [ERASE] ch=3 lun=0 pl=0 blk=97 pg=255 erase_cnt=2 (vpc/ipc reset)
[EXP] [ERASE] ch=3 lun=1 pl=0 blk=97 pg=255 erase_cnt=2 (vpc/ipc reset)
[EXP] [ERASE] ch=3 lun=2 pl=0 blk=97 pg=255 erase_cnt=2 (vpc/ipc reset)
[EXP] [ERASE] ch=3 lun=3 pl=0 blk=97 pg=255 erase_cnt=2 (vpc/ipc reset)
[EXP] [ERASE] ch=3 lun=4 pl=0 blk=97 pg=255 erase_cnt=2 (vpc/ipc reset)
[EXP] [ERASE] ch=3 lun=5 pl=0 blk=97 pg=255 erase_cnt=2 (vpc/ipc reset)
[EXP] [ERASE] ch=3 lun=6 pl=0 blk=97 pg=255 erase_cnt=2 (vpc/ipc reset)
[EXP] [ERASE] ch=3 lun=7 pl=0 blk=97 pg=255 erase_cnt=2 (vpc/ipc reset)
[EXP] [ERASE] ch=4 lun=0 pl=0 blk=97 pg=255 erase_cnt=2 (vpc/ipc reset)
[EXP] [ERASE] ch=4 lun=1 pl=0 blk=97 pg=255 erase_cnt=2 (vpc/ipc reset)
[EXP] [ERASE] ch=4 lun=2 pl=0 blk=97 pg=255 erase_cnt=2 (vpc/ipc reset)
[EXP] [ERASE] ch=4 lun=3 pl=0 blk=97 pg=255 erase_cnt=2 (vpc/ipc reset)
[EXP] [ERASE] ch=4 lun=4 pl=0 blk=97 pg=255 erase_cnt=2 (vpc/ipc reset)
[EXP] [ERASE] ch=4 lun=5 pl=0 blk=97 pg=255 erase_cnt=2 (vpc/ipc reset)
[EXP] [ERASE] ch=4 lun=6 pl=0 blk=97 pg=255 erase_cnt=2 (vpc/ipc reset)
[EXP] [ERASE] ch=4 lun=7 pl=0 blk=97 pg=255 erase_cnt=2 (vpc/ipc reset)
[EXP] [ERASE] ch=5 lun=0 pl=0 blk=97 pg=255 erase_cnt=2 (vpc/ipc reset)
[EXP] [ERASE] ch=5 lun=1 pl=0 blk=97 pg=255 erase_cnt=2 (vpc/ipc reset)
[EXP] [ERASE] ch=5 lun=2 pl=0 blk=97 pg=255 erase_cnt=2 (vpc/ipc reset)
[EXP] [ERASE] ch=5 lun=3 pl=0 blk=97 pg=255 erase_cnt=2 (vpc/ipc reset)
[EXP] [ERASE] ch=5 lun=4 pl=0 blk=97 pg=255 erase_cnt=2 (vpc/ipc reset)
[EXP] [ERASE] ch=5 lun=5 pl=0 blk=97 pg=255 erase_cnt=2 (vpc/ipc reset)
[EXP] [ERASE] ch=5 lun=6 pl=0 blk=97 pg=255 erase_cnt=2 (vpc/ipc reset)
[EXP] [ERASE] ch=5 lun=7 pl=0 blk=97 pg=255 erase_cnt=2 (vpc/ipc reset)
[EXP] [ERASE] ch=6 lun=0 pl=0 blk=97 pg=255 erase_cnt=2 (vpc/ipc reset)
[EXP] [ERASE] ch=6 lun=1 pl=0 blk=97 pg=255 erase_cnt=2 (vpc/ipc reset)
[EXP] [ERASE] ch=6 lun=2 pl=0 blk=97 pg=255 erase_cnt=2 (vpc/ipc reset)
[EXP] [ERASE] ch=6 lun=3 pl=0 blk=97 pg=255 erase_cnt=2 (vpc/ipc reset)
[EXP] [ERASE] ch=6 lun=4 pl=0 blk=97 pg=255 erase_cnt=2 (vpc/ipc reset)
[EXP] [ERASE] ch=6 lun=5 pl=0 blk=97 pg=255 erase_cnt=2 (vpc/ipc reset)
[EXP] [ERASE] ch=6 lun=6 pl=0 blk=97 pg=255 erase_cnt=2 (vpc/ipc reset)
[EXP] [ERASE] ch=6 lun=7 pl=0 blk=97 pg=255 erase_cnt=2 (vpc/ipc reset)
[EXP] [ERASE] ch=7 lun=0 pl=0 blk=97 pg=255 erase_cnt=2 (vpc/ipc reset)
[EXP] [ERASE] ch=7 lun=1 pl=0 blk=97 pg=255 erase_cnt=2 (vpc/ipc reset)
[EXP] [ERASE] ch=7 lun=2 pl=0 blk=97 pg=255 erase_cnt=2 (vpc/ipc reset)
[EXP] [ERASE] ch=7 lun=3 pl=0 blk=97 pg=255 erase_cnt=2 (vpc/ipc reset)
[EXP] [ERASE] ch=7 lun=4 pl=0 blk=97 pg=255 erase_cnt=2 (vpc/ipc reset)
[EXP] [ERASE] ch=7 lun=5 pl=0 blk=97 pg=255 erase_cnt=2 (vpc/ipc reset)
[EXP] [ERASE] ch=7 lun=6 pl=0 blk=97 pg=255 erase_cnt=2 (vpc/ipc reset)
[EXP] [ERASE] ch=7 lun=7 pl=0 blk=97 pg=255 erase_cnt=2 (vpc/ipc reset)
[EXP] [ERASE] ch=0 lun=0 pl=0 blk=97 pg=255 erase_cnt=3 (vpc/ipc reset)
[EXP] [ERASE] ch=0 lun=1 pl=0 blk=97 pg=255 erase_cnt=3 (vpc/ipc reset)
[EXP] [ERASE] ch=0 lun=2 pl=0 blk=97 pg=255 erase_cnt=3 (vpc/ipc reset)
[EXP] [ERASE] ch=0 lun=3 pl=0 blk=97 pg=255 erase_cnt=3 (vpc/ipc reset)
[EXP] [ERASE] ch=0 lun=4 pl=0 blk=97 pg=255 erase_cnt=3 (vpc/ipc reset)
[EXP] [ERASE] ch=0 lun=5 pl=0 blk=97 pg=255 erase_cnt=3 (vpc/ipc reset)
[EXP] [ERASE] ch=0 lun=6 pl=0 blk=97 pg=255 erase_cnt=3 (vpc/ipc reset)
[EXP] [ERASE] ch=0 lun=7 pl=0 blk=97 pg=255 erase_cnt=3 (vpc/ipc reset)
[EXP] [ERASE] ch=1 lun=0 pl=0 blk=97 pg=255 erase_cnt=3 (vpc/ipc reset)
[EXP] [ERASE] ch=1 lun=1 pl=0 blk=97 pg=255 erase_cnt=3 (vpc/ipc reset)
[EXP] [ERASE] ch=1 lun=2 pl=0 blk=97 pg=255 erase_cnt=3 (vpc/ipc reset)
[EXP] [ERASE] ch=1 lun=3 pl=0 blk=97 pg=255 erase_cnt=3 (vpc/ipc reset)
[EXP] [ERASE] ch=1 lun=4 pl=0 blk=97 pg=255 erase_cnt=3 (vpc/ipc reset)
[EXP] [ERASE] ch=1 lun=5 pl=0 blk=97 pg=255 erase_cnt=3 (vpc/ipc reset)
[EXP] [ERASE] ch=1 lun=6 pl=0 blk=97 pg=255 erase_cnt=3 (vpc/ipc reset)
[EXP] [ERASE] ch=1 lun=7 pl=0 blk=97 pg=255 erase_cnt=3 (vpc/ipc reset)
[EXP] [ERASE] ch=2 lun=0 pl=0 blk=97 pg=255 erase_cnt=3 (vpc/ipc reset)
[EXP] [ERASE] ch=2 lun=1 pl=0 blk=97 pg=255 erase_cnt=3 (vpc/ipc reset)
[EXP] [ERASE] ch=2 lun=2 pl=0 blk=97 pg=255 erase_cnt=3 (vpc/ipc reset)
[EXP] [ERASE] ch=2 lun=3 pl=0 blk=97 pg=255 erase_cnt=3 (vpc/ipc reset)
[EXP] [ERASE] ch=2 lun=4 pl=0 blk=97 pg=255 erase_cnt=3 (vpc/ipc reset)
[EXP] [ERASE] ch=2 lun=5 pl=0 blk=97 pg=255 erase_cnt=3 (vpc/ipc reset)
[EXP] [ERASE] ch=2 lun=6 pl=0 blk=97 pg=255 erase_cnt=3 (vpc/ipc reset)
[EXP] [ERASE] ch=2 lun=7 pl=0 blk=97 pg=255 erase_cnt=3 (vpc/ipc reset)
[EXP] [ERASE] ch=3 lun=0 pl=0 blk=97 pg=255 erase_cnt=3 (vpc/ipc reset)
[EXP] [ERASE] ch=3 lun=1 pl=0 blk=97 pg=255 erase_cnt=3 (vpc/ipc reset)
[EXP] [ERASE] ch=3 lun=2 pl=0 blk=97 pg=255 erase_cnt=3 (vpc/ipc reset)
[EXP] [ERASE] ch=3 lun=3 pl=0 blk=97 pg=255 erase_cnt=3 (vpc/ipc reset)
[EXP] [ERASE] ch=3 lun=4 pl=0 blk=97 pg=255 erase_cnt=3 (vpc/ipc reset)
[EXP] [ERASE] ch=3 lun=5 pl=0 blk=97 pg=255 erase_cnt=3 (vpc/ipc reset)
[EXP] [ERASE] ch=3 lun=6 pl=0 blk=97 pg=255 erase_cnt=3 (vpc/ipc reset)
[EXP] [ERASE] ch=3 lun=7 pl=0 blk=97 pg=255 erase_cnt=3 (vpc/ipc reset)
[EXP] [ERASE] ch=4 lun=0 pl=0 blk=97 pg=255 erase_cnt=3 (vpc/ipc reset)
[EXP] [ERASE] ch=4 lun=1 pl=0 blk=97 pg=255 erase_cnt=3 (vpc/ipc reset)
[EXP] [ERASE] ch=4 lun=2 pl=0 blk=97 pg=255 erase_cnt=3 (vpc/ipc reset)
[EXP] [ERASE] ch=4 lun=3 pl=0 blk=97 pg=255 erase_cnt=3 (vpc/ipc reset)
[EXP] [ERASE] ch=4 lun=4 pl=0 blk=97 pg=255 erase_cnt=3 (vpc/ipc reset)
[EXP] [ERASE] ch=4 lun=5 pl=0 blk=97 pg=255 erase_cnt=3 (vpc/ipc reset)
[EXP] [ERASE] ch=4 lun=6 pl=0 blk=97 pg=255 erase_cnt=3 (vpc/ipc reset)
[EXP] [ERASE] ch=4 lun=7 pl=0 blk=97 pg=255 erase_cnt=3 (vpc/ipc reset)
[EXP] [ERASE] ch=5 lun=0 pl=0 blk=97 pg=255 erase_cnt=3 (vpc/ipc reset)
[EXP] [ERASE] ch=5 lun=1 pl=0 blk=97 pg=255 erase_cnt=3 (vpc/ipc reset)
[EXP] [ERASE] ch=5 lun=2 pl=0 blk=97 pg=255 erase_cnt=3 (vpc/ipc reset)
[EXP] [ERASE] ch=5 lun=3 pl=0 blk=97 pg=255 erase_cnt=3 (vpc/ipc reset)
[EXP] [ERASE] ch=5 lun=4 pl=0 blk=97 pg=255 erase_cnt=3 (vpc/ipc reset)
[EXP] [ERASE] ch=5 lun=5 pl=0 blk=97 pg=255 erase_cnt=3 (vpc/ipc reset)
[EXP] [ERASE] ch=5 lun=6 pl=0 blk=97 pg=255 erase_cnt=3 (vpc/ipc reset)
[EXP] [ERASE] ch=5 lun=7 pl=0 blk=97 pg=255 erase_cnt=3 (vpc/ipc reset)
[EXP] [ERASE] ch=6 lun=0 pl=0 blk=97 pg=255 erase_cnt=3 (vpc/ipc reset)
[EXP] [ERASE] ch=6 lun=1 pl=0 blk=97 pg=255 erase_cnt=3 (vpc/ipc reset)
[EXP] [ERASE] ch=6 lun=2 pl=0 blk=97 pg=255 erase_cnt=3 (vpc/ipc reset)
[EXP] [ERASE] ch=6 lun=3 pl=0 blk=97 pg=255 erase_cnt=3 (vpc/ipc reset)
[EXP] [ERASE] ch=6 lun=4 pl=0 blk=97 pg=255 erase_cnt=3 (vpc/ipc reset)
[EXP] [ERASE] ch=6 lun=5 pl=0 blk=97 pg=255 erase_cnt=3 (vpc/ipc reset)
[EXP] [ERASE] ch=6 lun=6 pl=0 blk=97 pg=255 erase_cnt=3 (vpc/ipc reset)
[EXP] [ERASE] ch=6 lun=7 pl=0 blk=97 pg=255 erase_cnt=3 (vpc/ipc reset)
[EXP] [ERASE] ch=7 lun=0 pl=0 blk=97 pg=255 erase_cnt=3 (vpc/ipc reset)
[EXP] [ERASE] ch=7 lun=1 pl=0 blk=97 pg=255 erase_cnt=3 (vpc/ipc reset)
[EXP] [ERASE] ch=7 lun=2 pl=0 blk=97 pg=255 erase_cnt=3 (vpc/ipc reset)
[EXP] [ERASE] ch=7 lun=3 pl=0 blk=97 pg=255 erase_cnt=3 (vpc/ipc reset)
[EXP] [ERASE] ch=7 lun=4 pl=0 blk=97 pg=255 erase_cnt=3 (vpc/ipc reset)
[EXP] [ERASE] ch=7 lun=5 pl=0 blk=97 pg=255 erase_cnt=3 (vpc/ipc reset)
[EXP] [ERASE] ch=7 lun=6 pl=0 blk=97 pg=255 erase_cnt=3 (vpc/ipc reset)
[EXP] [ERASE] ch=7 lun=7 pl=0 blk=97 pg=255 erase_cnt=3 (vpc/ipc reset)
[EXP] [ERASE] ch=0 lun=0 pl=0 blk=97 pg=255 erase_cnt=4 (vpc/ipc reset)
[EXP] [ERASE] ch=0 lun=1 pl=0 blk=97 pg=255 erase_cnt=4 (vpc/ipc reset)
[EXP] [ERASE] ch=0 lun=2 pl=0 blk=97 pg=255 erase_cnt=4 (vpc/ipc reset)
[EXP] [ERASE] ch=0 lun=3 pl=0 blk=97 pg=255 erase_cnt=4 (vpc/ipc reset)
[EXP] [ERASE] ch=0 lun=4 pl=0 blk=97 pg=255 erase_cnt=4 (vpc/ipc reset)
[EXP] [ERASE] ch=0 lun=5 pl=0 blk=97 pg=255 erase_cnt=4 (vpc/ipc reset)
[EXP] [ERASE] ch=0 lun=6 pl=0 blk=97 pg=255 erase_cnt=4 (vpc/ipc reset)
[EXP] [ERASE] ch=0 lun=7 pl=0 blk=97 pg=255 erase_cnt=4 (vpc/ipc reset)
[EXP] [ERASE] ch=1 lun=0 pl=0 blk=97 pg=255 erase_cnt=4 (vpc/ipc reset)
[EXP] [ERASE] ch=1 lun=1 pl=0 blk=97 pg=255 erase_cnt=4 (vpc/ipc reset)
[EXP] [ERASE] ch=1 lun=2 pl=0 blk=97 pg=255 erase_cnt=4 (vpc/ipc reset)
[EXP] [ERASE] ch=1 lun=3 pl=0 blk=97 pg=255 erase_cnt=4 (vpc/ipc reset)
[EXP] [ERASE] ch=1 lun=4 pl=0 blk=97 pg=255 erase_cnt=4 (vpc/ipc reset)
[EXP] [ERASE] ch=1 lun=5 pl=0 blk=97 pg=255 erase_cnt=4 (vpc/ipc reset)
[EXP] [ERASE] ch=1 lun=6 pl=0 blk=97 pg=255 erase_cnt=4 (vpc/ipc reset)
[EXP] [ERASE] ch=1 lun=7 pl=0 blk=97 pg=255 erase_cnt=4 (vpc/ipc reset)
[EXP] [ERASE] ch=2 lun=0 pl=0 blk=97 pg=255 erase_cnt=4 (vpc/ipc reset)
[EXP] [ERASE] ch=2 lun=1 pl=0 blk=97 pg=255 erase_cnt=4 (vpc/ipc reset)
[EXP] [ERASE] ch=2 lun=2 pl=0 blk=97 pg=255 erase_cnt=4 (vpc/ipc reset)
[EXP] [ERASE] ch=2 lun=3 pl=0 blk=97 pg=255 erase_cnt=4 (vpc/ipc reset)
[EXP] [ERASE] ch=2 lun=4 pl=0 blk=97 pg=255 erase_cnt=4 (vpc/ipc reset)
[EXP] [ERASE] ch=2 lun=5 pl=0 blk=97 pg=255 erase_cnt=4 (vpc/ipc reset)
[EXP] [ERASE] ch=2 lun=6 pl=0 blk=97 pg=255 erase_cnt=4 (vpc/ipc reset)
[EXP] [ERASE] ch=2 lun=7 pl=0 blk=97 pg=255 erase_cnt=4 (vpc/ipc reset)
[EXP] [ERASE] ch=3 lun=0 pl=0 blk=97 pg=255 erase_cnt=4 (vpc/ipc reset)
[EXP] [ERASE] ch=3 lun=1 pl=0 blk=97 pg=255 erase_cnt=4 (vpc/ipc reset)
[EXP] [ERASE] ch=3 lun=2 pl=0 blk=97 pg=255 erase_cnt=4 (vpc/ipc reset)
[EXP] [ERASE] ch=3 lun=3 pl=0 blk=97 pg=255 erase_cnt=4 (vpc/ipc reset)
[EXP] [ERASE] ch=3 lun=4 pl=0 blk=97 pg=255 erase_cnt=4 (vpc/ipc reset)
[EXP] [ERASE] ch=3 lun=5 pl=0 blk=97 pg=255 erase_cnt=4 (vpc/ipc reset)
[EXP] [ERASE] ch=3 lun=6 pl=0 blk=97 pg=255 erase_cnt=4 (vpc/ipc reset)
[EXP] [ERASE] ch=3 lun=7 pl=0 blk=97 pg=255 erase_cnt=4 (vpc/ipc reset)
[EXP] [ERASE] ch=4 lun=0 pl=0 blk=97 pg=255 erase_cnt=4 (vpc/ipc reset)
[EXP] [ERASE] ch=4 lun=1 pl=0 blk=97 pg=255 erase_cnt=4 (vpc/ipc reset)
[EXP] [ERASE] ch=4 lun=2 pl=0 blk=97 pg=255 erase_cnt=4 (vpc/ipc reset)
[EXP] [ERASE] ch=4 lun=3 pl=0 blk=97 pg=255 erase_cnt=4 (vpc/ipc reset)
[EXP] [ERASE] ch=4 lun=4 pl=0 blk=97 pg=255 erase_cnt=4 (vpc/ipc reset)
[EXP] [ERASE] ch=4 lun=5 pl=0 blk=97 pg=255 erase_cnt=4 (vpc/ipc reset)
[EXP] [ERASE] ch=4 lun=6 pl=0 blk=97 pg=255 erase_cnt=4 (vpc/ipc reset)
[EXP] [ERASE] ch=4 lun=7 pl=0 blk=97 pg=255 erase_cnt=4 (vpc/ipc reset)
[EXP] [ERASE] ch=5 lun=0 pl=0 blk=97 pg=255 erase_cnt=4 (vpc/ipc reset)
[EXP] [ERASE] ch=5 lun=1 pl=0 blk=97 pg=255 erase_cnt=4 (vpc/ipc reset)
[EXP] [ERASE] ch=5 lun=2 pl=0 blk=97 pg=255 erase_cnt=4 (vpc/ipc reset)
[EXP] [ERASE] ch=5 lun=3 pl=0 blk=97 pg=255 erase_cnt=4 (vpc/ipc reset)
[EXP] [ERASE] ch=5 lun=4 pl=0 blk=97 pg=255 erase_cnt=4 (vpc/ipc reset)
[EXP] [ERASE] ch=5 lun=5 pl=0 blk=97 pg=255 erase_cnt=4 (vpc/ipc reset)
[EXP] [ERASE] ch=5 lun=6 pl=0 blk=97 pg=255 erase_cnt=4 (vpc/ipc reset)
[EXP] [ERASE] ch=5 lun=7 pl=0 blk=97 pg=255 erase_cnt=4 (vpc/ipc reset)
[EXP] [ERASE] ch=6 lun=0 pl=0 blk=97 pg=255 erase_cnt=4 (vpc/ipc reset)
[EXP] [ERASE] ch=6 lun=1 pl=0 blk=97 pg=255 erase_cnt=4 (vpc/ipc reset)
[EXP] [ERASE] ch=6 lun=2 pl=0 blk=97 pg=255 erase_cnt=4 (vpc/ipc reset)
[EXP] [ERASE] ch=6 lun=3 pl=0 blk=97 pg=255 erase_cnt=4 (vpc/ipc reset)
[EXP] [ERASE] ch=6 lun=4 pl=0 blk=97 pg=255 erase_cnt=4 (vpc/ipc reset)
[EXP] [ERASE] ch=6 lun=5 pl=0 blk=97 pg=255 erase_cnt=4 (vpc/ipc reset)
[EXP] [ERASE] ch=6 lun=6 pl=0 blk=97 pg=255 erase_cnt=4 (vpc/ipc reset)
[EXP] [ERASE] ch=6 lun=7 pl=0 blk=97 pg=255 erase_cnt=4 (vpc/ipc reset)
[EXP] [ERASE] ch=7 lun=0 pl=0 blk=97 pg=255 erase_cnt=4 (vpc/ipc reset)
[EXP] [ERASE] ch=7 lun=1 pl=0 blk=97 pg=255 erase_cnt=4 (vpc/ipc reset)
[EXP] [ERASE] ch=7 lun=2 pl=0 blk=97 pg=255 erase_cnt=4 (vpc/ipc reset)
[EXP] [ERASE] ch=7 lun=3 pl=0 blk=97 pg=255 erase_cnt=4 (vpc/ipc reset)
[EXP] [ERASE] ch=7 lun=4 pl=0 blk=97 pg=255 erase_cnt=4 (vpc/ipc reset)
[EXP] [ERASE] ch=7 lun=5 pl=0 blk=97 pg=255 erase_cnt=4 (vpc/ipc reset)
[EXP] [ERASE] ch=7 lun=6 pl=0 blk=97 pg=255 erase_cnt=4 (vpc/ipc reset)
[EXP] [ERASE] ch=7 lun=7 pl=0 blk=97 pg=255 erase_cnt=4 (vpc/ipc reset)
[EXP] [ERASE] ch=0 lun=0 pl=0 blk=97 pg=255 erase_cnt=5 (vpc/ipc reset)
[EXP] [ERASE] ch=0 lun=1 pl=0 blk=97 pg=255 erase_cnt=5 (vpc/ipc reset)
[EXP] [ERASE] ch=0 lun=2 pl=0 blk=97 pg=255 erase_cnt=5 (vpc/ipc reset)
[EXP] [ERASE] ch=0 lun=3 pl=0 blk=97 pg=255 erase_cnt=5 (vpc/ipc reset)
[EXP] [ERASE] ch=0 lun=4 pl=0 blk=97 pg=255 erase_cnt=5 (vpc/ipc reset)
[EXP] [ERASE] ch=0 lun=5 pl=0 blk=97 pg=255 erase_cnt=5 (vpc/ipc reset)
[EXP] [ERASE] ch=0 lun=6 pl=0 blk=97 pg=255 erase_cnt=5 (vpc/ipc reset)
[EXP] [ERASE] ch=0 lun=7 pl=0 blk=97 pg=255 erase_cnt=5 (vpc/ipc reset)
[EXP] [ERASE] ch=1 lun=0 pl=0 blk=97 pg=255 erase_cnt=5 (vpc/ipc reset)
[EXP] [ERASE] ch=1 lun=1 pl=0 blk=97 pg=255 erase_cnt=5 (vpc/ipc reset)
[EXP] [ERASE] ch=1 lun=2 pl=0 blk=97 pg=255 erase_cnt=5 (vpc/ipc reset)
[EXP] [ERASE] ch=1 lun=3 pl=0 blk=97 pg=255 erase_cnt=5 (vpc/ipc reset)
[EXP] [ERASE] ch=1 lun=4 pl=0 blk=97 pg=255 erase_cnt=5 (vpc/ipc reset)
[EXP] [ERASE] ch=1 lun=5 pl=0 blk=97 pg=255 erase_cnt=5 (vpc/ipc reset)
[EXP] [ERASE] ch=1 lun=6 pl=0 blk=97 pg=255 erase_cnt=5 (vpc/ipc reset)
[EXP] [ERASE] ch=1 lun=7 pl=0 blk=97 pg=255 erase_cnt=5 (vpc/ipc reset)
[EXP] [ERASE] ch=2 lun=0 pl=0 blk=97 pg=255 erase_cnt=5 (vpc/ipc reset)
[EXP] [ERASE] ch=2 lun=1 pl=0 blk=97 pg=255 erase_cnt=5 (vpc/ipc reset)
[EXP] [ERASE] ch=2 lun=2 pl=0 blk=97 pg=255 erase_cnt=5 (vpc/ipc reset)
[EXP] [ERASE] ch=2 lun=3 pl=0 blk=97 pg=255 erase_cnt=5 (vpc/ipc reset)
[EXP] [ERASE] ch=2 lun=4 pl=0 blk=97 pg=255 erase_cnt=5 (vpc/ipc reset)
[EXP] [ERASE] ch=2 lun=5 pl=0 blk=97 pg=255 erase_cnt=5 (vpc/ipc reset)
[EXP] [ERASE] ch=2 lun=6 pl=0 blk=97 pg=255 erase_cnt=5 (vpc/ipc reset)
[EXP] [ERASE] ch=2 lun=7 pl=0 blk=97 pg=255 erase_cnt=5 (vpc/ipc reset)
[EXP] [ERASE] ch=3 lun=0 pl=0 blk=97 pg=255 erase_cnt=5 (vpc/ipc reset)
[EXP] [ERASE] ch=3 lun=1 pl=0 blk=97 pg=255 erase_cnt=5 (vpc/ipc reset)
[EXP] [ERASE] ch=3 lun=2 pl=0 blk=97 pg=255 erase_cnt=5 (vpc/ipc reset)
[EXP] [ERASE] ch=3 lun=3 pl=0 blk=97 pg=255 erase_cnt=5 (vpc/ipc reset)
[EXP] [ERASE] ch=3 lun=4 pl=0 blk=97 pg=255 erase_cnt=5 (vpc/ipc reset)
[EXP] [ERASE] ch=3 lun=5 pl=0 blk=97 pg=255 erase_cnt=5 (vpc/ipc reset)
[EXP] [ERASE] ch=3 lun=6 pl=0 blk=97 pg=255 erase_cnt=5 (vpc/ipc reset)
[EXP] [ERASE] ch=3 lun=7 pl=0 blk=97 pg=255 erase_cnt=5 (vpc/ipc reset)
[EXP] [ERASE] ch=4 lun=0 pl=0 blk=97 pg=255 erase_cnt=5 (vpc/ipc reset)
[EXP] [ERASE] ch=4 lun=1 pl=0 blk=97 pg=255 erase_cnt=5 (vpc/ipc reset)
[EXP] [ERASE] ch=4 lun=2 pl=0 blk=97 pg=255 erase_cnt=5 (vpc/ipc reset)
[EXP] [ERASE] ch=4 lun=3 pl=0 blk=97 pg=255 erase_cnt=5 (vpc/ipc reset)
[EXP] [ERASE] ch=4 lun=4 pl=0 blk=97 pg=255 erase_cnt=5 (vpc/ipc reset)
[EXP] [ERASE] ch=4 lun=5 pl=0 blk=97 pg=255 erase_cnt=5 (vpc/ipc reset)
[EXP] [ERASE] ch=4 lun=6 pl=0 blk=97 pg=255 erase_cnt=5 (vpc/ipc reset)
[EXP] [ERASE] ch=4 lun=7 pl=0 blk=97 pg=255 erase_cnt=5 (vpc/ipc reset)
[EXP] [ERASE] ch=5 lun=0 pl=0 blk=97 pg=255 erase_cnt=5 (vpc/ipc reset)
[EXP] [ERASE] ch=5 lun=1 pl=0 blk=97 pg=255 erase_cnt=5 (vpc/ipc reset)
[EXP] [ERASE] ch=5 lun=2 pl=0 blk=97 pg=255 erase_cnt=5 (vpc/ipc reset)
[EXP] [ERASE] ch=5 lun=3 pl=0 blk=97 pg=255 erase_cnt=5 (vpc/ipc reset)
[EXP] [ERASE] ch=5 lun=4 pl=0 blk=97 pg=255 erase_cnt=5 (vpc/ipc reset)
[EXP] [ERASE] ch=5 lun=5 pl=0 blk=97 pg=255 erase_cnt=5 (vpc/ipc reset)
[EXP] [ERASE] ch=5 lun=6 pl=0 blk=97 pg=255 erase_cnt=5 (vpc/ipc reset)
[EXP] [ERASE] ch=5 lun=7 pl=0 blk=97 pg=255 erase_cnt=5 (vpc/ipc reset)
[EXP] [ERASE] ch=6 lun=0 pl=0 blk=97 pg=255 erase_cnt=5 (vpc/ipc reset)
[EXP] [ERASE] ch=6 lun=1 pl=0 blk=97 pg=255 erase_cnt=5 (vpc/ipc reset)
[EXP] [ERASE] ch=6 lun=2 pl=0 blk=97 pg=255 erase_cnt=5 (vpc/ipc reset)
[EXP] [ERASE] ch=6 lun=3 pl=0 blk=97 pg=255 erase_cnt=5 (vpc/ipc reset)
[EXP] [ERASE] ch=6 lun=4 pl=0 blk=97 pg=255 erase_cnt=5 (vpc/ipc reset)
[EXP] [ERASE] ch=6 lun=5 pl=0 blk=97 pg=255 erase_cnt=5 (vpc/ipc reset)
[EXP] [ERASE] ch=6 lun=6 pl=0 blk=97 pg=255 erase_cnt=5 (vpc/ipc reset)
[EXP] [ERASE] ch=6 lun=7 pl=0 blk=97 pg=255 erase_cnt=5 (vpc/ipc reset)
[EXP] [ERASE] ch=7 lun=0 pl=0 blk=97 pg=255 erase_cnt=5 (vpc/ipc reset)
[EXP] [ERASE] ch=7 lun=1 pl=0 blk=97 pg=255 erase_cnt=5 (vpc/ipc reset)
[EXP] [ERASE] ch=7 lun=2 pl=0 blk=97 pg=255 erase_cnt=5 (vpc/ipc reset)
[EXP] [ERASE] ch=7 lun=3 pl=0 blk=97 pg=255 erase_cnt=5 (vpc/ipc reset)
[EXP] [ERASE] ch=7 lun=4 pl=0 blk=97 pg=255 erase_cnt=5 (vpc/ipc reset)
[EXP] [ERASE] ch=7 lun=5 pl=0 blk=97 pg=255 erase_cnt=5 (vpc/ipc reset)
[EXP] [ERASE] ch=7 lun=6 pl=0 blk=97 pg=255 erase_cnt=5 (vpc/ipc reset)
[EXP] [ERASE] ch=7 lun=7 pl=0 blk=97 pg=255 erase_cnt=5 (vpc/ipc reset)
[EXP] [ERASE] ch=0 lun=0 pl=0 blk=97 pg=255 erase_cnt=6 (vpc/ipc reset)
[EXP] [ERASE] ch=0 lun=1 pl=0 blk=97 pg=255 erase_cnt=6 (vpc/ipc reset)
[EXP] [ERASE] ch=0 lun=2 pl=0 blk=97 pg=255 erase_cnt=6 (vpc/ipc reset)
[EXP] [ERASE] ch=0 lun=3 pl=0 blk=97 pg=255 erase_cnt=6 (vpc/ipc reset)
[EXP] [ERASE] ch=0 lun=4 pl=0 blk=97 pg=255 erase_cnt=6 (vpc/ipc reset)
[EXP] [ERASE] ch=0 lun=5 pl=0 blk=97 pg=255 erase_cnt=6 (vpc/ipc reset)
[EXP] [ERASE] ch=0 lun=6 pl=0 blk=97 pg=255 erase_cnt=6 (vpc/ipc reset)
[EXP] [ERASE] ch=0 lun=7 pl=0 blk=97 pg=255 erase_cnt=6 (vpc/ipc reset)
[EXP] [ERASE] ch=1 lun=0 pl=0 blk=97 pg=255 erase_cnt=6 (vpc/ipc reset)
[EXP] [ERASE] ch=1 lun=1 pl=0 blk=97 pg=255 erase_cnt=6 (vpc/ipc reset)
[EXP] [ERASE] ch=1 lun=2 pl=0 blk=97 pg=255 erase_cnt=6 (vpc/ipc reset)
[EXP] [ERASE] ch=1 lun=3 pl=0 blk=97 pg=255 erase_cnt=6 (vpc/ipc reset)
[EXP] [ERASE] ch=1 lun=4 pl=0 blk=97 pg=255 erase_cnt=6 (vpc/ipc reset)
[EXP] [ERASE] ch=1 lun=5 pl=0 blk=97 pg=255 erase_cnt=6 (vpc/ipc reset)
[EXP] [ERASE] ch=1 lun=6 pl=0 blk=97 pg=255 erase_cnt=6 (vpc/ipc reset)
[EXP] [ERASE] ch=1 lun=7 pl=0 blk=97 pg=255 erase_cnt=6 (vpc/ipc reset)
[EXP] [ERASE] ch=2 lun=0 pl=0 blk=97 pg=255 erase_cnt=6 (vpc/ipc reset)
[EXP] [ERASE] ch=2 lun=1 pl=0 blk=97 pg=255 erase_cnt=6 (vpc/ipc reset)
[EXP] [ERASE] ch=2 lun=2 pl=0 blk=97 pg=255 erase_cnt=6 (vpc/ipc reset)
[EXP] [ERASE] ch=2 lun=3 pl=0 blk=97 pg=255 erase_cnt=6 (vpc/ipc reset)
[EXP] [ERASE] ch=2 lun=4 pl=0 blk=97 pg=255 erase_cnt=6 (vpc/ipc reset)
[EXP] [ERASE] ch=2 lun=5 pl=0 blk=97 pg=255 erase_cnt=6 (vpc/ipc reset)
[EXP] [ERASE] ch=2 lun=6 pl=0 blk=97 pg=255 erase_cnt=6 (vpc/ipc reset)
[EXP] [ERASE] ch=2 lun=7 pl=0 blk=97 pg=255 erase_cnt=6 (vpc/ipc reset)
[EXP] [ERASE] ch=3 lun=0 pl=0 blk=97 pg=255 erase_cnt=6 (vpc/ipc reset)
[EXP] [ERASE] ch=3 lun=1 pl=0 blk=97 pg=255 erase_cnt=6 (vpc/ipc reset)
[EXP] [ERASE] ch=3 lun=2 pl=0 blk=97 pg=255 erase_cnt=6 (vpc/ipc reset)
[EXP] [ERASE] ch=3 lun=3 pl=0 blk=97 pg=255 erase_cnt=6 (vpc/ipc reset)
[EXP] [ERASE] ch=3 lun=4 pl=0 blk=97 pg=255 erase_cnt=6 (vpc/ipc reset)
[EXP] [ERASE] ch=3 lun=5 pl=0 blk=97 pg=255 erase_cnt=6 (vpc/ipc reset)
[EXP] [ERASE] ch=3 lun=6 pl=0 blk=97 pg=255 erase_cnt=6 (vpc/ipc reset)
[EXP] [ERASE] ch=3 lun=7 pl=0 blk=97 pg=255 erase_cnt=6 (vpc/ipc reset)
[EXP] [ERASE] ch=4 lun=0 pl=0 blk=97 pg=255 erase_cnt=6 (vpc/ipc reset)
[EXP] [ERASE] ch=4 lun=1 pl=0 blk=97 pg=255 erase_cnt=6 (vpc/ipc reset)
[EXP] [ERASE] ch=4 lun=2 pl=0 blk=97 pg=255 erase_cnt=6 (vpc/ipc reset)
[EXP] [ERASE] ch=4 lun=3 pl=0 blk=97 pg=255 erase_cnt=6 (vpc/ipc reset)
[EXP] [ERASE] ch=4 lun=4 pl=0 blk=97 pg=255 erase_cnt=6 (vpc/ipc reset)
[EXP] [ERASE] ch=4 lun=5 pl=0 blk=97 pg=255 erase_cnt=6 (vpc/ipc reset)
[EXP] [ERASE] ch=4 lun=6 pl=0 blk=97 pg=255 erase_cnt=6 (vpc/ipc reset)
[EXP] [ERASE] ch=4 lun=7 pl=0 blk=97 pg=255 erase_cnt=6 (vpc/ipc reset)
[EXP] [ERASE] ch=5 lun=0 pl=0 blk=97 pg=255 erase_cnt=6 (vpc/ipc reset)
[EXP] [ERASE] ch=5 lun=1 pl=0 blk=97 pg=255 erase_cnt=6 (vpc/ipc reset)
[EXP] [ERASE] ch=5 lun=2 pl=0 blk=97 pg=255 erase_cnt=6 (vpc/ipc reset)
[EXP] [ERASE] ch=5 lun=3 pl=0 blk=97 pg=255 erase_cnt=6 (vpc/ipc reset)
[EXP] [ERASE] ch=5 lun=4 pl=0 blk=97 pg=255 erase_cnt=6 (vpc/ipc reset)
[EXP] [ERASE] ch=5 lun=5 pl=0 blk=97 pg=255 erase_cnt=6 (vpc/ipc reset)
[EXP] [ERASE] ch=5 lun=6 pl=0 blk=97 pg=255 erase_cnt=6 (vpc/ipc reset)
[EXP] [ERASE] ch=5 lun=7 pl=0 blk=97 pg=255 erase_cnt=6 (vpc/ipc reset)
[EXP] [ERASE] ch=6 lun=0 pl=0 blk=97 pg=255 erase_cnt=6 (vpc/ipc reset)
[EXP] [ERASE] ch=6 lun=1 pl=0 blk=97 pg=255 erase_cnt=6 (vpc/ipc reset)
[EXP] [ERASE] ch=6 lun=2 pl=0 blk=97 pg=255 erase_cnt=6 (vpc/ipc reset)
[EXP] [ERASE] ch=6 lun=3 pl=0 blk=97 pg=255 erase_cnt=6 (vpc/ipc reset)
[EXP] [ERASE] ch=6 lun=4 pl=0 blk=97 pg=255 erase_cnt=6 (vpc/ipc reset)
[EXP] [ERASE] ch=6 lun=5 pl=0 blk=97 pg=255 erase_cnt=6 (vpc/ipc reset)
[EXP] [ERASE] ch=6 lun=6 pl=0 blk=97 pg=255 erase_cnt=6 (vpc/ipc reset)
[EXP] [ERASE] ch=6 lun=7 pl=0 blk=97 pg=255 erase_cnt=6 (vpc/ipc reset)
[EXP] [ERASE] ch=7 lun=0 pl=0 blk=97 pg=255 erase_cnt=6 (vpc/ipc reset)
[EXP] [ERASE] ch=7 lun=1 pl=0 blk=97 pg=255 erase_cnt=6 (vpc/ipc reset)
[EXP] [ERASE] ch=7 lun=2 pl=0 blk=97 pg=255 erase_cnt=6 (vpc/ipc reset)
[EXP] [ERASE] ch=7 lun=3 pl=0 blk=97 pg=255 erase_cnt=6 (vpc/ipc reset)
[EXP] [ERASE] ch=7 lun=4 pl=0 blk=97 pg=255 erase_cnt=6 (vpc/ipc reset)
[EXP] [ERASE] ch=7 lun=5 pl=0 blk=97 pg=255 erase_cnt=6 (vpc/ipc reset)
[EXP] [ERASE] ch=7 lun=6 pl=0 blk=97 pg=255 erase_cnt=6 (vpc/ipc reset)
[EXP] [ERASE] ch=7 lun=7 pl=0 blk=97 pg=255 erase_cnt=6 (vpc/ipc reset)
[EXP] [ERASE] ch=0 lun=0 pl=0 blk=97 pg=255 erase_cnt=7 (vpc/ipc reset)
[EXP] [ERASE] ch=0 lun=1 pl=0 blk=97 pg=255 erase_cnt=7 (vpc/ipc reset)
[EXP] [ERASE] ch=0 lun=2 pl=0 blk=97 pg=255 erase_cnt=7 (vpc/ipc reset)
[EXP] [ERASE] ch=0 lun=3 pl=0 blk=97 pg=255 erase_cnt=7 (vpc/ipc reset)
[EXP] [ERASE] ch=0 lun=4 pl=0 blk=97 pg=255 erase_cnt=7 (vpc/ipc reset)
[EXP] [ERASE] ch=0 lun=5 pl=0 blk=97 pg=255 erase_cnt=7 (vpc/ipc reset)
[EXP] [ERASE] ch=0 lun=6 pl=0 blk=97 pg=255 erase_cnt=7 (vpc/ipc reset)
[EXP] [ERASE] ch=0 lun=7 pl=0 blk=97 pg=255 erase_cnt=7 (vpc/ipc reset)
[EXP] [ERASE] ch=1 lun=0 pl=0 blk=97 pg=255 erase_cnt=7 (vpc/ipc reset)
[EXP] [ERASE] ch=1 lun=1 pl=0 blk=97 pg=255 erase_cnt=7 (vpc/ipc reset)
[EXP] [ERASE] ch=1 lun=2 pl=0 blk=97 pg=255 erase_cnt=7 (vpc/ipc reset)
[EXP] [ERASE] ch=1 lun=3 pl=0 blk=97 pg=255 erase_cnt=7 (vpc/ipc reset)
[EXP] [ERASE] ch=1 lun=4 pl=0 blk=97 pg=255 erase_cnt=7 (vpc/ipc reset)
[EXP] [ERASE] ch=1 lun=5 pl=0 blk=97 pg=255 erase_cnt=7 (vpc/ipc reset)
[EXP] [ERASE] ch=1 lun=6 pl=0 blk=97 pg=255 erase_cnt=7 (vpc/ipc reset)
[EXP] [ERASE] ch=1 lun=7 pl=0 blk=97 pg=255 erase_cnt=7 (vpc/ipc reset)
[EXP] [ERASE] ch=2 lun=0 pl=0 blk=97 pg=255 erase_cnt=7 (vpc/ipc reset)
[EXP] [ERASE] ch=2 lun=1 pl=0 blk=97 pg=255 erase_cnt=7 (vpc/ipc reset)
[EXP] [ERASE] ch=2 lun=2 pl=0 blk=97 pg=255 erase_cnt=7 (vpc/ipc reset)
[EXP] [ERASE] ch=2 lun=3 pl=0 blk=97 pg=255 erase_cnt=7 (vpc/ipc reset)
[EXP] [ERASE] ch=2 lun=4 pl=0 blk=97 pg=255 erase_cnt=7 (vpc/ipc reset)
[EXP] [ERASE] ch=2 lun=5 pl=0 blk=97 pg=255 erase_cnt=7 (vpc/ipc reset)
[EXP] [ERASE] ch=2 lun=6 pl=0 blk=97 pg=255 erase_cnt=7 (vpc/ipc reset)
[EXP] [ERASE] ch=2 lun=7 pl=0 blk=97 pg=255 erase_cnt=7 (vpc/ipc reset)
[EXP] [ERASE] ch=3 lun=0 pl=0 blk=97 pg=255 erase_cnt=7 (vpc/ipc reset)
[EXP] [ERASE] ch=3 lun=1 pl=0 blk=97 pg=255 erase_cnt=7 (vpc/ipc reset)
[EXP] [ERASE] ch=3 lun=2 pl=0 blk=97 pg=255 erase_cnt=7 (vpc/ipc reset)
[EXP] [ERASE] ch=3 lun=3 pl=0 blk=97 pg=255 erase_cnt=7 (vpc/ipc reset)
[EXP] [ERASE] ch=3 lun=4 pl=0 blk=97 pg=255 erase_cnt=7 (vpc/ipc reset)
[EXP] [ERASE] ch=3 lun=5 pl=0 blk=97 pg=255 erase_cnt=7 (vpc/ipc reset)
[EXP] [ERASE] ch=3 lun=6 pl=0 blk=97 pg=255 erase_cnt=7 (vpc/ipc reset)
[EXP] [ERASE] ch=3 lun=7 pl=0 blk=97 pg=255 erase_cnt=7 (vpc/ipc reset)
[EXP] [ERASE] ch=4 lun=0 pl=0 blk=97 pg=255 erase_cnt=7 (vpc/ipc reset)
[EXP] [ERASE] ch=4 lun=1 pl=0 blk=97 pg=255 erase_cnt=7 (vpc/ipc reset)
[EXP] [ERASE] ch=4 lun=2 pl=0 blk=97 pg=255 erase_cnt=7 (vpc/ipc reset)
[EXP] [ERASE] ch=4 lun=3 pl=0 blk=97 pg=255 erase_cnt=7 (vpc/ipc reset)
[EXP] [ERASE] ch=4 lun=4 pl=0 blk=97 pg=255 erase_cnt=7 (vpc/ipc reset)
[EXP] [ERASE] ch=4 lun=5 pl=0 blk=97 pg=255 erase_cnt=7 (vpc/ipc reset)
[EXP] [ERASE] ch=4 lun=6 pl=0 blk=97 pg=255 erase_cnt=7 (vpc/ipc reset)
[EXP] [ERASE] ch=4 lun=7 pl=0 blk=97 pg=255 erase_cnt=7 (vpc/ipc reset)
[EXP] [ERASE] ch=5 lun=0 pl=0 blk=97 pg=255 erase_cnt=7 (vpc/ipc reset)
[EXP] [ERASE] ch=5 lun=1 pl=0 blk=97 pg=255 erase_cnt=7 (vpc/ipc reset)
[EXP] [ERASE] ch=5 lun=2 pl=0 blk=97 pg=255 erase_cnt=7 (vpc/ipc reset)
[EXP] [ERASE] ch=5 lun=3 pl=0 blk=97 pg=255 erase_cnt=7 (vpc/ipc reset)
[EXP] [ERASE] ch=5 lun=4 pl=0 blk=97 pg=255 erase_cnt=7 (vpc/ipc reset)
[EXP] [ERASE] ch=5 lun=5 pl=0 blk=97 pg=255 erase_cnt=7 (vpc/ipc reset)
[EXP] [ERASE] ch=5 lun=6 pl=0 blk=97 pg=255 erase_cnt=7 (vpc/ipc reset)
[EXP] [ERASE] ch=5 lun=7 pl=0 blk=97 pg=255 erase_cnt=7 (vpc/ipc reset)
[EXP] [ERASE] ch=6 lun=0 pl=0 blk=97 pg=255 erase_cnt=7 (vpc/ipc reset)
[EXP] [ERASE] ch=6 lun=1 pl=0 blk=97 pg=255 erase_cnt=7 (vpc/ipc reset)
[EXP] [ERASE] ch=6 lun=2 pl=0 blk=97 pg=255 erase_cnt=7 (vpc/ipc reset)
[EXP] [ERASE] ch=6 lun=3 pl=0 blk=97 pg=255 erase_cnt=7 (vpc/ipc reset)
[EXP] [ERASE] ch=6 lun=4 pl=0 blk=97 pg=255 erase_cnt=7 (vpc/ipc reset)
[EXP] [ERASE] ch=6 lun=5 pl=0 blk=97 pg=255 erase_cnt=7 (vpc/ipc reset)
[EXP] [ERASE] ch=6 lun=6 pl=0 blk=97 pg=255 erase_cnt=7 (vpc/ipc reset)
[EXP] [ERASE] ch=6 lun=7 pl=0 blk=97 pg=255 erase_cnt=7 (vpc/ipc reset)
[EXP] [ERASE] ch=7 lun=0 pl=0 blk=97 pg=255 erase_cnt=7 (vpc/ipc reset)
[EXP] [ERASE] ch=7 lun=1 pl=0 blk=97 pg=255 erase_cnt=7 (vpc/ipc reset)
[EXP] [ERASE] ch=7 lun=2 pl=0 blk=97 pg=255 erase_cnt=7 (vpc/ipc reset)
[EXP] [ERASE] ch=7 lun=3 pl=0 blk=97 pg=255 erase_cnt=7 (vpc/ipc reset)
[EXP] [ERASE] ch=7 lun=4 pl=0 blk=97 pg=255 erase_cnt=7 (vpc/ipc reset)
[EXP] [ERASE] ch=7 lun=5 pl=0 blk=97 pg=255 erase_cnt=7 (vpc/ipc reset)
[EXP] [ERASE] ch=7 lun=6 pl=0 blk=97 pg=255 erase_cnt=7 (vpc/ipc reset)
[EXP] [ERASE] ch=7 lun=7 pl=0 blk=97 pg=255 erase_cnt=7 (vpc/ipc reset)
[EXP] [ERASE] ch=0 lun=0 pl=0 blk=97 pg=255 erase_cnt=8 (vpc/ipc reset)
[EXP] [ERASE] ch=0 lun=1 pl=0 blk=97 pg=255 erase_cnt=8 (vpc/ipc reset)
[EXP] [ERASE] ch=0 lun=2 pl=0 blk=97 pg=255 erase_cnt=8 (vpc/ipc reset)
[EXP] [ERASE] ch=0 lun=3 pl=0 blk=97 pg=255 erase_cnt=8 (vpc/ipc reset)
[EXP] [ERASE] ch=0 lun=4 pl=0 blk=97 pg=255 erase_cnt=8 (vpc/ipc reset)
[EXP] [ERASE] ch=0 lun=5 pl=0 blk=97 pg=255 erase_cnt=8 (vpc/ipc reset)
[EXP] [ERASE] ch=0 lun=6 pl=0 blk=97 pg=255 erase_cnt=8 (vpc/ipc reset)
[EXP] [ERASE] ch=0 lun=7 pl=0 blk=97 pg=255 erase_cnt=8 (vpc/ipc reset)
[EXP] [ERASE] ch=1 lun=0 pl=0 blk=97 pg=255 erase_cnt=8 (vpc/ipc reset)
[EXP] [ERASE] ch=1 lun=1 pl=0 blk=97 pg=255 erase_cnt=8 (vpc/ipc reset)
[EXP] [ERASE] ch=1 lun=2 pl=0 blk=97 pg=255 erase_cnt=8 (vpc/ipc reset)
[EXP] [ERASE] ch=1 lun=3 pl=0 blk=97 pg=255 erase_cnt=8 (vpc/ipc reset)
[EXP] [ERASE] ch=1 lun=4 pl=0 blk=97 pg=255 erase_cnt=8 (vpc/ipc reset)
[EXP] [ERASE] ch=1 lun=5 pl=0 blk=97 pg=255 erase_cnt=8 (vpc/ipc reset)
[EXP] [ERASE] ch=1 lun=6 pl=0 blk=97 pg=255 erase_cnt=8 (vpc/ipc reset)
[EXP] [ERASE] ch=1 lun=7 pl=0 blk=97 pg=255 erase_cnt=8 (vpc/ipc reset)
[EXP] [ERASE] ch=2 lun=0 pl=0 blk=97 pg=255 erase_cnt=8 (vpc/ipc reset)
[EXP] [ERASE] ch=2 lun=1 pl=0 blk=97 pg=255 erase_cnt=8 (vpc/ipc reset)
[EXP] [ERASE] ch=2 lun=2 pl=0 blk=97 pg=255 erase_cnt=8 (vpc/ipc reset)
[EXP] [ERASE] ch=2 lun=3 pl=0 blk=97 pg=255 erase_cnt=8 (vpc/ipc reset)
[EXP] [ERASE] ch=2 lun=4 pl=0 blk=97 pg=255 erase_cnt=8 (vpc/ipc reset)
[EXP] [ERASE] ch=2 lun=5 pl=0 blk=97 pg=255 erase_cnt=8 (vpc/ipc reset)
[EXP] [ERASE] ch=2 lun=6 pl=0 blk=97 pg=255 erase_cnt=8 (vpc/ipc reset)
[EXP] [ERASE] ch=2 lun=7 pl=0 blk=97 pg=255 erase_cnt=8 (vpc/ipc reset)
[EXP] [ERASE] ch=3 lun=0 pl=0 blk=97 pg=255 erase_cnt=8 (vpc/ipc reset)
[EXP] [ERASE] ch=3 lun=1 pl=0 blk=97 pg=255 erase_cnt=8 (vpc/ipc reset)
[EXP] [ERASE] ch=3 lun=2 pl=0 blk=97 pg=255 erase_cnt=8 (vpc/ipc reset)
[EXP] [ERASE] ch=3 lun=3 pl=0 blk=97 pg=255 erase_cnt=8 (vpc/ipc reset)
[EXP] [ERASE] ch=3 lun=4 pl=0 blk=97 pg=255 erase_cnt=8 (vpc/ipc reset)
[EXP] [ERASE] ch=3 lun=5 pl=0 blk=97 pg=255 erase_cnt=8 (vpc/ipc reset)
[EXP] [ERASE] ch=3 lun=6 pl=0 blk=97 pg=255 erase_cnt=8 (vpc/ipc reset)
[EXP] [ERASE] ch=3 lun=7 pl=0 blk=97 pg=255 erase_cnt=8 (vpc/ipc reset)
[EXP] [ERASE] ch=4 lun=0 pl=0 blk=97 pg=255 erase_cnt=8 (vpc/ipc reset)
[EXP] [ERASE] ch=4 lun=1 pl=0 blk=97 pg=255 erase_cnt=8 (vpc/ipc reset)
[EXP] [ERASE] ch=4 lun=2 pl=0 blk=97 pg=255 erase_cnt=8 (vpc/ipc reset)
[EXP] [ERASE] ch=4 lun=3 pl=0 blk=97 pg=255 erase_cnt=8 (vpc/ipc reset)
[EXP] [ERASE] ch=4 lun=4 pl=0 blk=97 pg=255 erase_cnt=8 (vpc/ipc reset)
[EXP] [ERASE] ch=4 lun=5 pl=0 blk=97 pg=255 erase_cnt=8 (vpc/ipc reset)
[EXP] [ERASE] ch=4 lun=6 pl=0 blk=97 pg=255 erase_cnt=8 (vpc/ipc reset)
[EXP] [ERASE] ch=4 lun=7 pl=0 blk=97 pg=255 erase_cnt=8 (vpc/ipc reset)
[EXP] [ERASE] ch=5 lun=0 pl=0 blk=97 pg=255 erase_cnt=8 (vpc/ipc reset)
[EXP] [ERASE] ch=5 lun=1 pl=0 blk=97 pg=255 erase_cnt=8 (vpc/ipc reset)
[EXP] [ERASE] ch=5 lun=2 pl=0 blk=97 pg=255 erase_cnt=8 (vpc/ipc reset)
[EXP] [ERASE] ch=5 lun=3 pl=0 blk=97 pg=255 erase_cnt=8 (vpc/ipc reset)
[EXP] [ERASE] ch=5 lun=4 pl=0 blk=97 pg=255 erase_cnt=8 (vpc/ipc reset)
[EXP] [ERASE] ch=5 lun=5 pl=0 blk=97 pg=255 erase_cnt=8 (vpc/ipc reset)
[EXP] [ERASE] ch=5 lun=6 pl=0 blk=97 pg=255 erase_cnt=8 (vpc/ipc reset)
[EXP] [ERASE] ch=5 lun=7 pl=0 blk=97 pg=255 erase_cnt=8 (vpc/ipc reset)
[EXP] [ERASE] ch=6 lun=0 pl=0 blk=97 pg=255 erase_cnt=8 (vpc/ipc reset)
[EXP] [ERASE] ch=6 lun=1 pl=0 blk=97 pg=255 erase_cnt=8 (vpc/ipc reset)
[EXP] [ERASE] ch=6 lun=2 pl=0 blk=97 pg=255 erase_cnt=8 (vpc/ipc reset)
[EXP] [ERASE] ch=6 lun=3 pl=0 blk=97 pg=255 erase_cnt=8 (vpc/ipc reset)
[EXP] [ERASE] ch=6 lun=4 pl=0 blk=97 pg=255 erase_cnt=8 (vpc/ipc reset)
[EXP] [ERASE] ch=6 lun=5 pl=0 blk=97 pg=255 erase_cnt=8 (vpc/ipc reset)
[EXP] [ERASE] ch=6 lun=6 pl=0 blk=97 pg=255 erase_cnt=8 (vpc/ipc reset)
[EXP] [ERASE] ch=6 lun=7 pl=0 blk=97 pg=255 erase_cnt=8 (vpc/ipc reset)
[EXP] [ERASE] ch=7 lun=0 pl=0 blk=97 pg=255 erase_cnt=8 (vpc/ipc reset)
[EXP] [ERASE] ch=7 lun=1 pl=0 blk=97 pg=255 erase_cnt=8 (vpc/ipc reset)
[EXP] [ERASE] ch=7 lun=2 pl=0 blk=97 pg=255 erase_cnt=8 (vpc/ipc reset)
[EXP] [ERASE] ch=7 lun=3 pl=0 blk=97 pg=255 erase_cnt=8 (vpc/ipc reset)
[EXP] [ERASE] ch=7 lun=4 pl=0 blk=97 pg=255 erase_cnt=8 (vpc/ipc reset)
[EXP] [ERASE] ch=7 lun=5 pl=0 blk=97 pg=255 erase_cnt=8 (vpc/ipc reset)
[EXP] [ERASE] ch=7 lun=6 pl=0 blk=97 pg=255 erase_cnt=8 (vpc/ipc reset)
[EXP] [ERASE] ch=7 lun=7 pl=0 blk=97 pg=255 erase_cnt=8 (vpc/ipc reset)
[EXP] [ERASE] ch=0 lun=0 pl=0 blk=97 pg=255 erase_cnt=9 (vpc/ipc reset)
[EXP] [ERASE] ch=0 lun=1 pl=0 blk=97 pg=255 erase_cnt=9 (vpc/ipc reset)
[EXP] [ERASE] ch=0 lun=2 pl=0 blk=97 pg=255 erase_cnt=9 (vpc/ipc reset)
[EXP] [ERASE] ch=0 lun=3 pl=0 blk=97 pg=255 erase_cnt=9 (vpc/ipc reset)
[EXP] [ERASE] ch=0 lun=4 pl=0 blk=97 pg=255 erase_cnt=9 (vpc/ipc reset)
[EXP] [ERASE] ch=0 lun=5 pl=0 blk=97 pg=255 erase_cnt=9 (vpc/ipc reset)
[EXP] [ERASE] ch=0 lun=6 pl=0 blk=97 pg=255 erase_cnt=9 (vpc/ipc reset)
[EXP] [ERASE] ch=0 lun=7 pl=0 blk=97 pg=255 erase_cnt=9 (vpc/ipc reset)
[EXP] [ERASE] ch=1 lun=0 pl=0 blk=97 pg=255 erase_cnt=9 (vpc/ipc reset)
[EXP] [ERASE] ch=1 lun=1 pl=0 blk=97 pg=255 erase_cnt=9 (vpc/ipc reset)
[EXP] [ERASE] ch=1 lun=2 pl=0 blk=97 pg=255 erase_cnt=9 (vpc/ipc reset)
[EXP] [ERASE] ch=1 lun=3 pl=0 blk=97 pg=255 erase_cnt=9 (vpc/ipc reset)
[EXP] [ERASE] ch=1 lun=4 pl=0 blk=97 pg=255 erase_cnt=9 (vpc/ipc reset)
[EXP] [ERASE] ch=1 lun=5 pl=0 blk=97 pg=255 erase_cnt=9 (vpc/ipc reset)
[EXP] [ERASE] ch=1 lun=6 pl=0 blk=97 pg=255 erase_cnt=9 (vpc/ipc reset)
[EXP] [ERASE] ch=1 lun=7 pl=0 blk=97 pg=255 erase_cnt=9 (vpc/ipc reset)
[EXP] [ERASE] ch=2 lun=0 pl=0 blk=97 pg=255 erase_cnt=9 (vpc/ipc reset)
[EXP] [ERASE] ch=2 lun=1 pl=0 blk=97 pg=255 erase_cnt=9 (vpc/ipc reset)
[EXP] [ERASE] ch=2 lun=2 pl=0 blk=97 pg=255 erase_cnt=9 (vpc/ipc reset)
[EXP] [ERASE] ch=2 lun=3 pl=0 blk=97 pg=255 erase_cnt=9 (vpc/ipc reset)
[EXP] [ERASE] ch=2 lun=4 pl=0 blk=97 pg=255 erase_cnt=9 (vpc/ipc reset)
[EXP] [ERASE] ch=2 lun=5 pl=0 blk=97 pg=255 erase_cnt=9 (vpc/ipc reset)
[EXP] [ERASE] ch=2 lun=6 pl=0 blk=97 pg=255 erase_cnt=9 (vpc/ipc reset)
[EXP] [ERASE] ch=2 lun=7 pl=0 blk=97 pg=255 erase_cnt=9 (vpc/ipc reset)
[EXP] [ERASE] ch=3 lun=0 pl=0 blk=97 pg=255 erase_cnt=9 (vpc/ipc reset)
[EXP] [ERASE] ch=3 lun=1 pl=0 blk=97 pg=255 erase_cnt=9 (vpc/ipc reset)
[EXP] [ERASE] ch=3 lun=2 pl=0 blk=97 pg=255 erase_cnt=9 (vpc/ipc reset)
[EXP] [ERASE] ch=3 lun=3 pl=0 blk=97 pg=255 erase_cnt=9 (vpc/ipc reset)
[EXP] [ERASE] ch=3 lun=4 pl=0 blk=97 pg=255 erase_cnt=9 (vpc/ipc reset)
[EXP] [ERASE] ch=3 lun=5 pl=0 blk=97 pg=255 erase_cnt=9 (vpc/ipc reset)
[EXP] [ERASE] ch=3 lun=6 pl=0 blk=97 pg=255 erase_cnt=9 (vpc/ipc reset)
[EXP] [ERASE] ch=3 lun=7 pl=0 blk=97 pg=255 erase_cnt=9 (vpc/ipc reset)
[EXP] [ERASE] ch=4 lun=0 pl=0 blk=97 pg=255 erase_cnt=9 (vpc/ipc reset)
[EXP] [ERASE] ch=4 lun=1 pl=0 blk=97 pg=255 erase_cnt=9 (vpc/ipc reset)
[EXP] [ERASE] ch=4 lun=2 pl=0 blk=97 pg=255 erase_cnt=9 (vpc/ipc reset)
[EXP] [ERASE] ch=4 lun=3 pl=0 blk=97 pg=255 erase_cnt=9 (vpc/ipc reset)
[EXP] [ERASE] ch=4 lun=4 pl=0 blk=97 pg=255 erase_cnt=9 (vpc/ipc reset)
[EXP] [ERASE] ch=4 lun=5 pl=0 blk=97 pg=255 erase_cnt=9 (vpc/ipc reset)
[EXP] [ERASE] ch=4 lun=6 pl=0 blk=97 pg=255 erase_cnt=9 (vpc/ipc reset)
[EXP] [ERASE] ch=4 lun=7 pl=0 blk=97 pg=255 erase_cnt=9 (vpc/ipc reset)
[EXP] [ERASE] ch=5 lun=0 pl=0 blk=97 pg=255 erase_cnt=9 (vpc/ipc reset)
[EXP] [ERASE] ch=5 lun=1 pl=0 blk=97 pg=255 erase_cnt=9 (vpc/ipc reset)
[EXP] [ERASE] ch=5 lun=2 pl=0 blk=97 pg=255 erase_cnt=9 (vpc/ipc reset)
[EXP] [ERASE] ch=5 lun=3 pl=0 blk=97 pg=255 erase_cnt=9 (vpc/ipc reset)
[EXP] [ERASE] ch=5 lun=4 pl=0 blk=97 pg=255 erase_cnt=9 (vpc/ipc reset)
[EXP] [ERASE] ch=5 lun=5 pl=0 blk=97 pg=255 erase_cnt=9 (vpc/ipc reset)
[EXP] [ERASE] ch=5 lun=6 pl=0 blk=97 pg=255 erase_cnt=9 (vpc/ipc reset)
[EXP] [ERASE] ch=5 lun=7 pl=0 blk=97 pg=255 erase_cnt=9 (vpc/ipc reset)
[EXP] [ERASE] ch=6 lun=0 pl=0 blk=97 pg=255 erase_cnt=9 (vpc/ipc reset)
[EXP] [ERASE] ch=6 lun=1 pl=0 blk=97 pg=255 erase_cnt=9 (vpc/ipc reset)
[EXP] [ERASE] ch=6 lun=2 pl=0 blk=97 pg=255 erase_cnt=9 (vpc/ipc reset)
[EXP] [ERASE] ch=6 lun=3 pl=0 blk=97 pg=255 erase_cnt=9 (vpc/ipc reset)
[EXP] [ERASE] ch=6 lun=4 pl=0 blk=97 pg=255 erase_cnt=9 (vpc/ipc reset)
[EXP] [ERASE] ch=6 lun=5 pl=0 blk=97 pg=255 erase_cnt=9 (vpc/ipc reset)
[EXP] [ERASE] ch=6 lun=6 pl=0 blk=97 pg=255 erase_cnt=9 (vpc/ipc reset)
[EXP] [ERASE] ch=6 lun=7 pl=0 blk=97 pg=255 erase_cnt=9 (vpc/ipc reset)
[EXP] [ERASE] ch=7 lun=0 pl=0 blk=97 pg=255 erase_cnt=9 (vpc/ipc reset)
[EXP] [ERASE] ch=7 lun=1 pl=0 blk=97 pg=255 erase_cnt=9 (vpc/ipc reset)
[EXP] [ERASE] ch=7 lun=2 pl=0 blk=97 pg=255 erase_cnt=9 (vpc/ipc reset)
[EXP] [ERASE] ch=7 lun=3 pl=0 blk=97 pg=255 erase_cnt=9 (vpc/ipc reset)
[EXP] [ERASE] ch=7 lun=4 pl=0 blk=97 pg=255 erase_cnt=9 (vpc/ipc reset)
[EXP] [ERASE] ch=7 lun=5 pl=0 blk=97 pg=255 erase_cnt=9 (vpc/ipc reset)
[EXP] [ERASE] ch=7 lun=6 pl=0 blk=97 pg=255 erase_cnt=9 (vpc/ipc reset)
[EXP] [ERASE] ch=7 lun=7 pl=0 blk=97 pg=255 erase_cnt=9 (vpc/ipc reset)
[EXP] [ERASE] ch=0 lun=0 pl=0 blk=97 pg=255 erase_cnt=10 (vpc/ipc reset)
[EXP] [ERASE] ch=0 lun=1 pl=0 blk=97 pg=255 erase_cnt=10 (vpc/ipc reset)
[EXP] [ERASE] ch=0 lun=2 pl=0 blk=97 pg=255 erase_cnt=10 (vpc/ipc reset)
[EXP] [ERASE] ch=0 lun=3 pl=0 blk=97 pg=255 erase_cnt=10 (vpc/ipc reset)
[EXP] [ERASE] ch=0 lun=4 pl=0 blk=97 pg=255 erase_cnt=10 (vpc/ipc reset)
[EXP] [ERASE] ch=0 lun=5 pl=0 blk=97 pg=255 erase_cnt=10 (vpc/ipc reset)
[EXP] [ERASE] ch=0 lun=6 pl=0 blk=97 pg=255 erase_cnt=10 (vpc/ipc reset)
[EXP] [ERASE] ch=0 lun=7 pl=0 blk=97 pg=255 erase_cnt=10 (vpc/ipc reset)
[EXP] [ERASE] ch=1 lun=0 pl=0 blk=97 pg=255 erase_cnt=10 (vpc/ipc reset)
[EXP] [ERASE] ch=1 lun=1 pl=0 blk=97 pg=255 erase_cnt=10 (vpc/ipc reset)
[EXP] [ERASE] ch=1 lun=2 pl=0 blk=97 pg=255 erase_cnt=10 (vpc/ipc reset)
[EXP] [ERASE] ch=1 lun=3 pl=0 blk=97 pg=255 erase_cnt=10 (vpc/ipc reset)
[EXP] [ERASE] ch=1 lun=4 pl=0 blk=97 pg=255 erase_cnt=10 (vpc/ipc reset)
[EXP] [ERASE] ch=1 lun=5 pl=0 blk=97 pg=255 erase_cnt=10 (vpc/ipc reset)
[EXP] [ERASE] ch=1 lun=6 pl=0 blk=97 pg=255 erase_cnt=10 (vpc/ipc reset)
[EXP] [ERASE] ch=1 lun=7 pl=0 blk=97 pg=255 erase_cnt=10 (vpc/ipc reset)
[EXP] [ERASE] ch=2 lun=0 pl=0 blk=97 pg=255 erase_cnt=10 (vpc/ipc reset)
[EXP] [ERASE] ch=2 lun=1 pl=0 blk=97 pg=255 erase_cnt=10 (vpc/ipc reset)
[EXP] [ERASE] ch=2 lun=2 pl=0 blk=97 pg=255 erase_cnt=10 (vpc/ipc reset)
[EXP] [ERASE] ch=2 lun=3 pl=0 blk=97 pg=255 erase_cnt=10 (vpc/ipc reset)
[EXP] [ERASE] ch=2 lun=4 pl=0 blk=97 pg=255 erase_cnt=10 (vpc/ipc reset)
[EXP] [ERASE] ch=2 lun=5 pl=0 blk=97 pg=255 erase_cnt=10 (vpc/ipc reset)
[EXP] [ERASE] ch=2 lun=6 pl=0 blk=97 pg=255 erase_cnt=10 (vpc/ipc reset)
[EXP] [ERASE] ch=2 lun=7 pl=0 blk=97 pg=255 erase_cnt=10 (vpc/ipc reset)
[EXP] [ERASE] ch=3 lun=0 pl=0 blk=97 pg=255 erase_cnt=10 (vpc/ipc reset)
[EXP] [ERASE] ch=3 lun=1 pl=0 blk=97 pg=255 erase_cnt=10 (vpc/ipc reset)
[EXP] [ERASE] ch=3 lun=2 pl=0 blk=97 pg=255 erase_cnt=10 (vpc/ipc reset)
[EXP] [ERASE] ch=3 lun=3 pl=0 blk=97 pg=255 erase_cnt=10 (vpc/ipc reset)
[EXP] [ERASE] ch=3 lun=4 pl=0 blk=97 pg=255 erase_cnt=10 (vpc/ipc reset)
[EXP] [ERASE] ch=3 lun=5 pl=0 blk=97 pg=255 erase_cnt=10 (vpc/ipc reset)
[EXP] [ERASE] ch=3 lun=6 pl=0 blk=97 pg=255 erase_cnt=10 (vpc/ipc reset)
[EXP] [ERASE] ch=3 lun=7 pl=0 blk=97 pg=255 erase_cnt=10 (vpc/ipc reset)
[EXP] [ERASE] ch=4 lun=0 pl=0 blk=97 pg=255 erase_cnt=10 (vpc/ipc reset)
[EXP] [ERASE] ch=4 lun=1 pl=0 blk=97 pg=255 erase_cnt=10 (vpc/ipc reset)
[EXP] [ERASE] ch=4 lun=2 pl=0 blk=97 pg=255 erase_cnt=10 (vpc/ipc reset)
[EXP] [ERASE] ch=4 lun=3 pl=0 blk=97 pg=255 erase_cnt=10 (vpc/ipc reset)
[EXP] [ERASE] ch=4 lun=4 pl=0 blk=97 pg=255 erase_cnt=10 (vpc/ipc reset)
[EXP] [ERASE] ch=4 lun=5 pl=0 blk=97 pg=255 erase_cnt=10 (vpc/ipc reset)
[EXP] [ERASE] ch=4 lun=6 pl=0 blk=97 pg=255 erase_cnt=10 (vpc/ipc reset)
[EXP] [ERASE] ch=4 lun=7 pl=0 blk=97 pg=255 erase_cnt=10 (vpc/ipc reset)
[EXP] [ERASE] ch=5 lun=0 pl=0 blk=97 pg=255 erase_cnt=10 (vpc/ipc reset)
[EXP] [ERASE] ch=5 lun=1 pl=0 blk=97 pg=255 erase_cnt=10 (vpc/ipc reset)
[EXP] [ERASE] ch=5 lun=2 pl=0 blk=97 pg=255 erase_cnt=10 (vpc/ipc reset)
[EXP] [ERASE] ch=5 lun=3 pl=0 blk=97 pg=255 erase_cnt=10 (vpc/ipc reset)
[EXP] [ERASE] ch=5 lun=4 pl=0 blk=97 pg=255 erase_cnt=10 (vpc/ipc reset)
[EXP] [ERASE] ch=5 lun=5 pl=0 blk=97 pg=255 erase_cnt=10 (vpc/ipc reset)
[EXP] [ERASE] ch=5 lun=6 pl=0 blk=97 pg=255 erase_cnt=10 (vpc/ipc reset)
[EXP] [ERASE] ch=5 lun=7 pl=0 blk=97 pg=255 erase_cnt=10 (vpc/ipc reset)
[EXP] [ERASE] ch=6 lun=0 pl=0 blk=97 pg=255 erase_cnt=10 (vpc/ipc reset)
[EXP] [ERASE] ch=6 lun=1 pl=0 blk=97 pg=255 erase_cnt=10 (vpc/ipc reset)
[EXP] [ERASE] ch=6 lun=2 pl=0 blk=97 pg=255 erase_cnt=10 (vpc/ipc reset)
[EXP] [ERASE] ch=6 lun=3 pl=0 blk=97 pg=255 erase_cnt=10 (vpc/ipc reset)
[EXP] [ERASE] ch=6 lun=4 pl=0 blk=97 pg=255 erase_cnt=10 (vpc/ipc reset)
[EXP] [ERASE] ch=6 lun=5 pl=0 blk=97 pg=255 erase_cnt=10 (vpc/ipc reset)
[EXP] [ERASE] ch=6 lun=6 pl=0 blk=97 pg=255 erase_cnt=10 (vpc/ipc reset)
[EXP] [ERASE] ch=6 lun=7 pl=0 blk=97 pg=255 erase_cnt=10 (vpc/ipc reset)
[EXP] [ERASE] ch=7 lun=0 pl=0 blk=97 pg=255 erase_cnt=10 (vpc/ipc reset)
[EXP] [ERASE] ch=7 lun=1 pl=0 blk=97 pg=255 erase_cnt=10 (vpc/ipc reset)
[EXP] [ERASE] ch=7 lun=2 pl=0 blk=97 pg=255 erase_cnt=10 (vpc/ipc reset)
[EXP] [ERASE] ch=7 lun=3 pl=0 blk=97 pg=255 erase_cnt=10 (vpc/ipc reset)
[EXP] [ERASE] ch=7 lun=4 pl=0 blk=97 pg=255 erase_cnt=10 (vpc/ipc reset)
[EXP] [ERASE] ch=7 lun=5 pl=0 blk=97 pg=255 erase_cnt=10 (vpc/ipc reset)
[EXP] [ERASE] ch=7 lun=6 pl=0 blk=97 pg=255 erase_cnt=10 (vpc/ipc reset)
[EXP] [ERASE] ch=7 lun=7 pl=0 blk=97 pg=255 erase_cnt=10 (vpc/ipc reset)
[EXP] [ERASE] ch=0 lun=0 pl=0 blk=97 pg=255 erase_cnt=11 (vpc/ipc reset)
[EXP] [ERASE] ch=0 lun=1 pl=0 blk=97 pg=255 erase_cnt=11 (vpc/ipc reset)
[EXP] [ERASE] ch=0 lun=2 pl=0 blk=97 pg=255 erase_cnt=11 (vpc/ipc reset)
[EXP] [ERASE] ch=0 lun=3 pl=0 blk=97 pg=255 erase_cnt=11 (vpc/ipc reset)
[EXP] [ERASE] ch=0 lun=4 pl=0 blk=97 pg=255 erase_cnt=11 (vpc/ipc reset)
[EXP] [ERASE] ch=0 lun=5 pl=0 blk=97 pg=255 erase_cnt=11 (vpc/ipc reset)
[EXP] [ERASE] ch=0 lun=6 pl=0 blk=97 pg=255 erase_cnt=11 (vpc/ipc reset)
[EXP] [ERASE] ch=0 lun=7 pl=0 blk=97 pg=255 erase_cnt=11 (vpc/ipc reset)
[EXP] [ERASE] ch=1 lun=0 pl=0 blk=97 pg=255 erase_cnt=11 (vpc/ipc reset)
[EXP] [ERASE] ch=1 lun=1 pl=0 blk=97 pg=255 erase_cnt=11 (vpc/ipc reset)
[EXP] [ERASE] ch=1 lun=2 pl=0 blk=97 pg=255 erase_cnt=11 (vpc/ipc reset)
[EXP] [ERASE] ch=1 lun=3 pl=0 blk=97 pg=255 erase_cnt=11 (vpc/ipc reset)
[EXP] [ERASE] ch=1 lun=4 pl=0 blk=97 pg=255 erase_cnt=11 (vpc/ipc reset)
[EXP] [ERASE] ch=1 lun=5 pl=0 blk=97 pg=255 erase_cnt=11 (vpc/ipc reset)
[EXP] [ERASE] ch=1 lun=6 pl=0 blk=97 pg=255 erase_cnt=11 (vpc/ipc reset)
[EXP] [ERASE] ch=1 lun=7 pl=0 blk=97 pg=255 erase_cnt=11 (vpc/ipc reset)
[EXP] [ERASE] ch=2 lun=0 pl=0 blk=97 pg=255 erase_cnt=11 (vpc/ipc reset)
[EXP] [ERASE] ch=2 lun=1 pl=0 blk=97 pg=255 erase_cnt=11 (vpc/ipc reset)
[EXP] [ERASE] ch=2 lun=2 pl=0 blk=97 pg=255 erase_cnt=11 (vpc/ipc reset)
[EXP] [ERASE] ch=2 lun=3 pl=0 blk=97 pg=255 erase_cnt=11 (vpc/ipc reset)
[EXP] [ERASE] ch=2 lun=4 pl=0 blk=97 pg=255 erase_cnt=11 (vpc/ipc reset)
[EXP] [ERASE] ch=2 lun=5 pl=0 blk=97 pg=255 erase_cnt=11 (vpc/ipc reset)
[EXP] [ERASE] ch=2 lun=6 pl=0 blk=97 pg=255 erase_cnt=11 (vpc/ipc reset)
[EXP] [ERASE] ch=2 lun=7 pl=0 blk=97 pg=255 erase_cnt=11 (vpc/ipc reset)
[EXP] [ERASE] ch=3 lun=0 pl=0 blk=97 pg=255 erase_cnt=11 (vpc/ipc reset)
[EXP] [ERASE] ch=3 lun=1 pl=0 blk=97 pg=255 erase_cnt=11 (vpc/ipc reset)
[EXP] [ERASE] ch=3 lun=2 pl=0 blk=97 pg=255 erase_cnt=11 (vpc/ipc reset)
[EXP] [ERASE] ch=3 lun=3 pl=0 blk=97 pg=255 erase_cnt=11 (vpc/ipc reset)
[EXP] [ERASE] ch=3 lun=4 pl=0 blk=97 pg=255 erase_cnt=11 (vpc/ipc reset)
[EXP] [ERASE] ch=3 lun=5 pl=0 blk=97 pg=255 erase_cnt=11 (vpc/ipc reset)
[EXP] [ERASE] ch=3 lun=6 pl=0 blk=97 pg=255 erase_cnt=11 (vpc/ipc reset)
[EXP] [ERASE] ch=3 lun=7 pl=0 blk=97 pg=255 erase_cnt=11 (vpc/ipc reset)
[EXP] [ERASE] ch=4 lun=0 pl=0 blk=97 pg=255 erase_cnt=11 (vpc/ipc reset)
[EXP] [ERASE] ch=4 lun=1 pl=0 blk=97 pg=255 erase_cnt=11 (vpc/ipc reset)
[EXP] [ERASE] ch=4 lun=2 pl=0 blk=97 pg=255 erase_cnt=11 (vpc/ipc reset)
[EXP] [ERASE] ch=4 lun=3 pl=0 blk=97 pg=255 erase_cnt=11 (vpc/ipc reset)
[EXP] [ERASE] ch=4 lun=4 pl=0 blk=97 pg=255 erase_cnt=11 (vpc/ipc reset)
[EXP] [ERASE] ch=4 lun=5 pl=0 blk=97 pg=255 erase_cnt=11 (vpc/ipc reset)
[EXP] [ERASE] ch=4 lun=6 pl=0 blk=97 pg=255 erase_cnt=11 (vpc/ipc reset)
[EXP] [ERASE] ch=4 lun=7 pl=0 blk=97 pg=255 erase_cnt=11 (vpc/ipc reset)
[EXP] [ERASE] ch=5 lun=0 pl=0 blk=97 pg=255 erase_cnt=11 (vpc/ipc reset)
[EXP] [ERASE] ch=5 lun=1 pl=0 blk=97 pg=255 erase_cnt=11 (vpc/ipc reset)
[EXP] [ERASE] ch=5 lun=2 pl=0 blk=97 pg=255 erase_cnt=11 (vpc/ipc reset)
[EXP] [ERASE] ch=5 lun=3 pl=0 blk=97 pg=255 erase_cnt=11 (vpc/ipc reset)
[EXP] [ERASE] ch=5 lun=4 pl=0 blk=97 pg=255 erase_cnt=11 (vpc/ipc reset)
[EXP] [ERASE] ch=5 lun=5 pl=0 blk=97 pg=255 erase_cnt=11 (vpc/ipc reset)
[EXP] [ERASE] ch=5 lun=6 pl=0 blk=97 pg=255 erase_cnt=11 (vpc/ipc reset)
[EXP] [ERASE] ch=5 lun=7 pl=0 blk=97 pg=255 erase_cnt=11 (vpc/ipc reset)
[EXP] [ERASE] ch=6 lun=0 pl=0 blk=97 pg=255 erase_cnt=11 (vpc/ipc reset)
[EXP] [ERASE] ch=6 lun=1 pl=0 blk=97 pg=255 erase_cnt=11 (vpc/ipc reset)
[EXP] [ERASE] ch=6 lun=2 pl=0 blk=97 pg=255 erase_cnt=11 (vpc/ipc reset)
[EXP] [ERASE] ch=6 lun=3 pl=0 blk=97 pg=255 erase_cnt=11 (vpc/ipc reset)
[EXP] [ERASE] ch=6 lun=4 pl=0 blk=97 pg=255 erase_cnt=11 (vpc/ipc reset)
[EXP] [ERASE] ch=6 lun=5 pl=0 blk=97 pg=255 erase_cnt=11 (vpc/ipc reset)
[EXP] [ERASE] ch=6 lun=6 pl=0 blk=97 pg=255 erase_cnt=11 (vpc/ipc reset)
[EXP] [ERASE] ch=6 lun=7 pl=0 blk=97 pg=255 erase_cnt=11 (vpc/ipc reset)
[EXP] [ERASE] ch=7 lun=0 pl=0 blk=97 pg=255 erase_cnt=11 (vpc/ipc reset)
[EXP] [ERASE] ch=7 lun=1 pl=0 blk=97 pg=255 erase_cnt=11 (vpc/ipc reset)
[EXP] [ERASE] ch=7 lun=2 pl=0 blk=97 pg=255 erase_cnt=11 (vpc/ipc reset)
[EXP] [ERASE] ch=7 lun=3 pl=0 blk=97 pg=255 erase_cnt=11 (vpc/ipc reset)
[EXP] [ERASE] ch=7 lun=4 pl=0 blk=97 pg=255 erase_cnt=11 (vpc/ipc reset)
[EXP] [ERASE] ch=7 lun=5 pl=0 blk=97 pg=255 erase_cnt=11 (vpc/ipc reset)
[EXP] [ERASE] ch=7 lun=6 pl=0 blk=97 pg=255 erase_cnt=11 (vpc/ipc reset)
[EXP] [ERASE] ch=7 lun=7 pl=0 blk=97 pg=255 erase_cnt=11 (vpc/ipc reset)
[EXP] [ERASE] ch=0 lun=0 pl=0 blk=97 pg=255 erase_cnt=12 (vpc/ipc reset)
[EXP] [ERASE] ch=0 lun=1 pl=0 blk=97 pg=255 erase_cnt=12 (vpc/ipc reset)
[EXP] [ERASE] ch=0 lun=2 pl=0 blk=97 pg=255 erase_cnt=12 (vpc/ipc reset)
[EXP] [ERASE] ch=0 lun=3 pl=0 blk=97 pg=255 erase_cnt=12 (vpc/ipc reset)
[EXP] [ERASE] ch=0 lun=4 pl=0 blk=97 pg=255 erase_cnt=12 (vpc/ipc reset)
[EXP] [ERASE] ch=0 lun=5 pl=0 blk=97 pg=255 erase_cnt=12 (vpc/ipc reset)
[EXP] [ERASE] ch=0 lun=6 pl=0 blk=97 pg=255 erase_cnt=12 (vpc/ipc reset)
[EXP] [ERASE] ch=0 lun=7 pl=0 blk=97 pg=255 erase_cnt=12 (vpc/ipc reset)
[EXP] [ERASE] ch=1 lun=0 pl=0 blk=97 pg=255 erase_cnt=12 (vpc/ipc reset)
[EXP] [ERASE] ch=1 lun=1 pl=0 blk=97 pg=255 erase_cnt=12 (vpc/ipc reset)
[EXP] [ERASE] ch=1 lun=2 pl=0 blk=97 pg=255 erase_cnt=12 (vpc/ipc reset)
[EXP] [ERASE] ch=1 lun=3 pl=0 blk=97 pg=255 erase_cnt=12 (vpc/ipc reset)
[EXP] [ERASE] ch=1 lun=4 pl=0 blk=97 pg=255 erase_cnt=12 (vpc/ipc reset)
[EXP] [ERASE] ch=1 lun=5 pl=0 blk=97 pg=255 erase_cnt=12 (vpc/ipc reset)
[EXP] [ERASE] ch=1 lun=6 pl=0 blk=97 pg=255 erase_cnt=12 (vpc/ipc reset)
[EXP] [ERASE] ch=1 lun=7 pl=0 blk=97 pg=255 erase_cnt=12 (vpc/ipc reset)
[EXP] [ERASE] ch=2 lun=0 pl=0 blk=97 pg=255 erase_cnt=12 (vpc/ipc reset)
[EXP] [ERASE] ch=2 lun=1 pl=0 blk=97 pg=255 erase_cnt=12 (vpc/ipc reset)
[EXP] [ERASE] ch=2 lun=2 pl=0 blk=97 pg=255 erase_cnt=12 (vpc/ipc reset)
[EXP] [ERASE] ch=2 lun=3 pl=0 blk=97 pg=255 erase_cnt=12 (vpc/ipc reset)
[EXP] [ERASE] ch=2 lun=4 pl=0 blk=97 pg=255 erase_cnt=12 (vpc/ipc reset)
[EXP] [ERASE] ch=2 lun=5 pl=0 blk=97 pg=255 erase_cnt=12 (vpc/ipc reset)
[EXP] [ERASE] ch=2 lun=6 pl=0 blk=97 pg=255 erase_cnt=12 (vpc/ipc reset)
[EXP] [ERASE] ch=2 lun=7 pl=0 blk=97 pg=255 erase_cnt=12 (vpc/ipc reset)
[EXP] [ERASE] ch=3 lun=0 pl=0 blk=97 pg=255 erase_cnt=12 (vpc/ipc reset)
[EXP] [ERASE] ch=3 lun=1 pl=0 blk=97 pg=255 erase_cnt=12 (vpc/ipc reset)
[EXP] [ERASE] ch=3 lun=2 pl=0 blk=97 pg=255 erase_cnt=12 (vpc/ipc reset)
[EXP] [ERASE] ch=3 lun=3 pl=0 blk=97 pg=255 erase_cnt=12 (vpc/ipc reset)
[EXP] [ERASE] ch=3 lun=4 pl=0 blk=97 pg=255 erase_cnt=12 (vpc/ipc reset)
[EXP] [ERASE] ch=3 lun=5 pl=0 blk=97 pg=255 erase_cnt=12 (vpc/ipc reset)
[EXP] [ERASE] ch=3 lun=6 pl=0 blk=97 pg=255 erase_cnt=12 (vpc/ipc reset)
[EXP] [ERASE] ch=3 lun=7 pl=0 blk=97 pg=255 erase_cnt=12 (vpc/ipc reset)
[EXP] [ERASE] ch=4 lun=0 pl=0 blk=97 pg=255 erase_cnt=12 (vpc/ipc reset)
[EXP] [ERASE] ch=4 lun=1 pl=0 blk=97 pg=255 erase_cnt=12 (vpc/ipc reset)
[EXP] [ERASE] ch=4 lun=2 pl=0 blk=97 pg=255 erase_cnt=12 (vpc/ipc reset)
[EXP] [ERASE] ch=4 lun=3 pl=0 blk=97 pg=255 erase_cnt=12 (vpc/ipc reset)
[EXP] [ERASE] ch=4 lun=4 pl=0 blk=97 pg=255 erase_cnt=12 (vpc/ipc reset)
[EXP] [ERASE] ch=4 lun=5 pl=0 blk=97 pg=255 erase_cnt=12 (vpc/ipc reset)
[EXP] [ERASE] ch=4 lun=6 pl=0 blk=97 pg=255 erase_cnt=12 (vpc/ipc reset)
[EXP] [ERASE] ch=4 lun=7 pl=0 blk=97 pg=255 erase_cnt=12 (vpc/ipc reset)
[EXP] [ERASE] ch=5 lun=0 pl=0 blk=97 pg=255 erase_cnt=12 (vpc/ipc reset)
[EXP] [ERASE] ch=5 lun=1 pl=0 blk=97 pg=255 erase_cnt=12 (vpc/ipc reset)
[EXP] [ERASE] ch=5 lun=2 pl=0 blk=97 pg=255 erase_cnt=12 (vpc/ipc reset)
[EXP] [ERASE] ch=5 lun=3 pl=0 blk=97 pg=255 erase_cnt=12 (vpc/ipc reset)
[EXP] [ERASE] ch=5 lun=4 pl=0 blk=97 pg=255 erase_cnt=12 (vpc/ipc reset)
[EXP] [ERASE] ch=5 lun=5 pl=0 blk=97 pg=255 erase_cnt=12 (vpc/ipc reset)
[EXP] [ERASE] ch=5 lun=6 pl=0 blk=97 pg=255 erase_cnt=12 (vpc/ipc reset)
[EXP] [ERASE] ch=5 lun=7 pl=0 blk=97 pg=255 erase_cnt=12 (vpc/ipc reset)
[EXP] [ERASE] ch=6 lun=0 pl=0 blk=97 pg=255 erase_cnt=12 (vpc/ipc reset)
[EXP] [ERASE] ch=6 lun=1 pl=0 blk=97 pg=255 erase_cnt=12 (vpc/ipc reset)
[EXP] [ERASE] ch=6 lun=2 pl=0 blk=97 pg=255 erase_cnt=12 (vpc/ipc reset)
[EXP] [ERASE] ch=6 lun=3 pl=0 blk=97 pg=255 erase_cnt=12 (vpc/ipc reset)
[EXP] [ERASE] ch=6 lun=4 pl=0 blk=97 pg=255 erase_cnt=12 (vpc/ipc reset)
[EXP] [ERASE] ch=6 lun=5 pl=0 blk=97 pg=255 erase_cnt=12 (vpc/ipc reset)
[EXP] [ERASE] ch=6 lun=6 pl=0 blk=97 pg=255 erase_cnt=12 (vpc/ipc reset)
[EXP] [ERASE] ch=6 lun=7 pl=0 blk=97 pg=255 erase_cnt=12 (vpc/ipc reset)
[EXP] [ERASE] ch=7 lun=0 pl=0 blk=97 pg=255 erase_cnt=12 (vpc/ipc reset)
[EXP] [ERASE] ch=7 lun=1 pl=0 blk=97 pg=255 erase_cnt=12 (vpc/ipc reset)
[EXP] [ERASE] ch=7 lun=2 pl=0 blk=97 pg=255 erase_cnt=12 (vpc/ipc reset)
[EXP] [ERASE] ch=7 lun=3 pl=0 blk=97 pg=255 erase_cnt=12 (vpc/ipc reset)
[EXP] [ERASE] ch=7 lun=4 pl=0 blk=97 pg=255 erase_cnt=12 (vpc/ipc reset)
[EXP] [ERASE] ch=7 lun=5 pl=0 blk=97 pg=255 erase_cnt=12 (vpc/ipc reset)
[EXP] [ERASE] ch=7 lun=6 pl=0 blk=97 pg=255 erase_cnt=12 (vpc/ipc reset)
[EXP] [ERASE] ch=7 lun=7 pl=0 blk=97 pg=255 erase_cnt=12 (vpc/ipc reset)
[EXP] [ERASE] ch=0 lun=0 pl=0 blk=97 pg=255 erase_cnt=13 (vpc/ipc reset)
[EXP] [ERASE] ch=0 lun=1 pl=0 blk=97 pg=255 erase_cnt=13 (vpc/ipc reset)
[EXP] [ERASE] ch=0 lun=2 pl=0 blk=97 pg=255 erase_cnt=13 (vpc/ipc reset)
[EXP] [ERASE] ch=0 lun=3 pl=0 blk=97 pg=255 erase_cnt=13 (vpc/ipc reset)
[EXP] [ERASE] ch=0 lun=4 pl=0 blk=97 pg=255 erase_cnt=13 (vpc/ipc reset)
[EXP] [ERASE] ch=0 lun=5 pl=0 blk=97 pg=255 erase_cnt=13 (vpc/ipc reset)
[EXP] [ERASE] ch=0 lun=6 pl=0 blk=97 pg=255 erase_cnt=13 (vpc/ipc reset)
[EXP] [ERASE] ch=0 lun=7 pl=0 blk=97 pg=255 erase_cnt=13 (vpc/ipc reset)
[EXP] [ERASE] ch=1 lun=0 pl=0 blk=97 pg=255 erase_cnt=13 (vpc/ipc reset)
[EXP] [ERASE] ch=1 lun=1 pl=0 blk=97 pg=255 erase_cnt=13 (vpc/ipc reset)
[EXP] [ERASE] ch=1 lun=2 pl=0 blk=97 pg=255 erase_cnt=13 (vpc/ipc reset)
[EXP] [ERASE] ch=1 lun=3 pl=0 blk=97 pg=255 erase_cnt=13 (vpc/ipc reset)
[EXP] [ERASE] ch=1 lun=4 pl=0 blk=97 pg=255 erase_cnt=13 (vpc/ipc reset)
[EXP] [ERASE] ch=1 lun=5 pl=0 blk=97 pg=255 erase_cnt=13 (vpc/ipc reset)
[EXP] [ERASE] ch=1 lun=6 pl=0 blk=97 pg=255 erase_cnt=13 (vpc/ipc reset)
[EXP] [ERASE] ch=1 lun=7 pl=0 blk=97 pg=255 erase_cnt=13 (vpc/ipc reset)
[EXP] [ERASE] ch=2 lun=0 pl=0 blk=97 pg=255 erase_cnt=13 (vpc/ipc reset)
[EXP] [ERASE] ch=2 lun=1 pl=0 blk=97 pg=255 erase_cnt=13 (vpc/ipc reset)
[EXP] [ERASE] ch=2 lun=2 pl=0 blk=97 pg=255 erase_cnt=13 (vpc/ipc reset)
[EXP] [ERASE] ch=2 lun=3 pl=0 blk=97 pg=255 erase_cnt=13 (vpc/ipc reset)
[EXP] [ERASE] ch=2 lun=4 pl=0 blk=97 pg=255 erase_cnt=13 (vpc/ipc reset)
[EXP] [ERASE] ch=2 lun=5 pl=0 blk=97 pg=255 erase_cnt=13 (vpc/ipc reset)
[EXP] [ERASE] ch=2 lun=6 pl=0 blk=97 pg=255 erase_cnt=13 (vpc/ipc reset)
[EXP] [ERASE] ch=2 lun=7 pl=0 blk=97 pg=255 erase_cnt=13 (vpc/ipc reset)
[EXP] [ERASE] ch=3 lun=0 pl=0 blk=97 pg=255 erase_cnt=13 (vpc/ipc reset)
[EXP] [ERASE] ch=3 lun=1 pl=0 blk=97 pg=255 erase_cnt=13 (vpc/ipc reset)
[EXP] [ERASE] ch=3 lun=2 pl=0 blk=97 pg=255 erase_cnt=13 (vpc/ipc reset)
[EXP] [ERASE] ch=3 lun=3 pl=0 blk=97 pg=255 erase_cnt=13 (vpc/ipc reset)
[EXP] [ERASE] ch=3 lun=4 pl=0 blk=97 pg=255 erase_cnt=13 (vpc/ipc reset)
[EXP] [ERASE] ch=3 lun=5 pl=0 blk=97 pg=255 erase_cnt=13 (vpc/ipc reset)
[EXP] [ERASE] ch=3 lun=6 pl=0 blk=97 pg=255 erase_cnt=13 (vpc/ipc reset)
[EXP] [ERASE] ch=3 lun=7 pl=0 blk=97 pg=255 erase_cnt=13 (vpc/ipc reset)
[EXP] [ERASE] ch=4 lun=0 pl=0 blk=97 pg=255 erase_cnt=13 (vpc/ipc reset)
[EXP] [ERASE] ch=4 lun=1 pl=0 blk=97 pg=255 erase_cnt=13 (vpc/ipc reset)
[EXP] [ERASE] ch=4 lun=2 pl=0 blk=97 pg=255 erase_cnt=13 (vpc/ipc reset)
[EXP] [ERASE] ch=4 lun=3 pl=0 blk=97 pg=255 erase_cnt=13 (vpc/ipc reset)
[EXP] [ERASE] ch=4 lun=4 pl=0 blk=97 pg=255 erase_cnt=13 (vpc/ipc reset)
[EXP] [ERASE] ch=4 lun=5 pl=0 blk=97 pg=255 erase_cnt=13 (vpc/ipc reset)
[EXP] [ERASE] ch=4 lun=6 pl=0 blk=97 pg=255 erase_cnt=13 (vpc/ipc reset)
[EXP] [ERASE] ch=4 lun=7 pl=0 blk=97 pg=255 erase_cnt=13 (vpc/ipc reset)
[EXP] [ERASE] ch=5 lun=0 pl=0 blk=97 pg=255 erase_cnt=13 (vpc/ipc reset)
[EXP] [ERASE] ch=5 lun=1 pl=0 blk=97 pg=255 erase_cnt=13 (vpc/ipc reset)
[EXP] [ERASE] ch=5 lun=2 pl=0 blk=97 pg=255 erase_cnt=13 (vpc/ipc reset)
[EXP] [ERASE] ch=5 lun=3 pl=0 blk=97 pg=255 erase_cnt=13 (vpc/ipc reset)
[EXP] [ERASE] ch=5 lun=4 pl=0 blk=97 pg=255 erase_cnt=13 (vpc/ipc reset)
[EXP] [ERASE] ch=5 lun=5 pl=0 blk=97 pg=255 erase_cnt=13 (vpc/ipc reset)
[EXP] [ERASE] ch=5 lun=6 pl=0 blk=97 pg=255 erase_cnt=13 (vpc/ipc reset)
[EXP] [ERASE] ch=5 lun=7 pl=0 blk=97 pg=255 erase_cnt=13 (vpc/ipc reset)
[EXP] [ERASE] ch=6 lun=0 pl=0 blk=97 pg=255 erase_cnt=13 (vpc/ipc reset)
[EXP] [ERASE] ch=6 lun=1 pl=0 blk=97 pg=255 erase_cnt=13 (vpc/ipc reset)
[EXP] [ERASE] ch=6 lun=2 pl=0 blk=97 pg=255 erase_cnt=13 (vpc/ipc reset)
[EXP] [ERASE] ch=6 lun=3 pl=0 blk=97 pg=255 erase_cnt=13 (vpc/ipc reset)
[EXP] [ERASE] ch=6 lun=4 pl=0 blk=97 pg=255 erase_cnt=13 (vpc/ipc reset)
[EXP] [ERASE] ch=6 lun=5 pl=0 blk=97 pg=255 erase_cnt=13 (vpc/ipc reset)
[EXP] [ERASE] ch=6 lun=6 pl=0 blk=97 pg=255 erase_cnt=13 (vpc/ipc reset)
[EXP] [ERASE] ch=6 lun=7 pl=0 blk=97 pg=255 erase_cnt=13 (vpc/ipc reset)
[EXP] [ERASE] ch=7 lun=0 pl=0 blk=97 pg=255 erase_cnt=13 (vpc/ipc reset)
[EXP] [ERASE] ch=7 lun=1 pl=0 blk=97 pg=255 erase_cnt=13 (vpc/ipc reset)
[EXP] [ERASE] ch=7 lun=2 pl=0 blk=97 pg=255 erase_cnt=13 (vpc/ipc reset)
[EXP] [ERASE] ch=7 lun=3 pl=0 blk=97 pg=255 erase_cnt=13 (vpc/ipc reset)
[EXP] [ERASE] ch=7 lun=4 pl=0 blk=97 pg=255 erase_cnt=13 (vpc/ipc reset)
[EXP] [ERASE] ch=7 lun=5 pl=0 blk=97 pg=255 erase_cnt=13 (vpc/ipc reset)
[EXP] [ERASE] ch=7 lun=6 pl=0 blk=97 pg=255 erase_cnt=13 (vpc/ipc reset)
[EXP] [ERASE] ch=7 lun=7 pl=0 blk=97 pg=255 erase_cnt=13 (vpc/ipc reset)
[FEMU] FTL-Log: BBSSD-STATS version=V2 hot_rewrite_window=1024 hot_access_threshold=3 hot_confirmation_threshold=2 hot_decay_window=8 hot_decay_enabled=on host_page_writes=993280 nand_page_writes=7484077 gc_page_writes=6490797 block_erases=28992 waf=7.534710 gc_count=453 average_gc_copy=14328.470199 host_hot_writes=4 host_cold_writes=993276 hot_write_ratio=0.000004 gc_hot_writes=0 gc_cold_writes=6490797 cold_to_hot_count=4 hot_to_cold_count=4 hot_pool_empty_count=0 cold_pool_empty_count=6 borrow_count=6 emergency_gc_count=0 decay_application_count=990136 counter_invariant=PASS
[FEMU] Log: vSSD0,Reset tt_late_ios/tt_ios,88018/248483
[EXP] [INVALIDATE:trim] lpn=0 old ch=2 lun=0 pl=0 blk=64 pg=0
[SCAN:after_trim] 'V2GC' NOT present in backend
[EXP] [CLASSIFY] lpn=0 state=COLD access=1 short=0 interval=0 seq=2566169 decay_epoch=320771
[EXP] [WRITE] lpn=0 -> ch=6 lun=7 pl=0 blk=17 pg=202 (secret)
[FEMU] FTL-Log: BBSSD-STATS version=V2 hot_rewrite_window=1024 hot_access_threshold=3 hot_confirmation_threshold=2 hot_decay_window=8 hot_decay_enabled=on host_page_writes=1 nand_page_writes=1 gc_page_writes=0 block_erases=0 waf=1.000000 gc_count=0 average_gc_copy=N/A host_hot_writes=0 host_cold_writes=1 hot_write_ratio=0.000000 gc_hot_writes=0 gc_cold_writes=0 cold_to_hot_count=0 hot_to_cold_count=0 hot_pool_empty_count=0 cold_pool_empty_count=0 borrow_count=0 emergency_gc_count=0 decay_application_count=0 counter_invariant=PASS
[FEMU] Log: vSSD0,Reset tt_late_ios/tt_ios,9/40
[EXP] [ERASE] ch=0 lun=0 pl=0 blk=97 pg=255 erase_cnt=14 (vpc/ipc reset)
[EXP] [ERASE] ch=0 lun=1 pl=0 blk=97 pg=255 erase_cnt=14 (vpc/ipc reset)
[EXP] [ERASE] ch=0 lun=2 pl=0 blk=97 pg=255 erase_cnt=14 (vpc/ipc reset)
[EXP] [ERASE] ch=0 lun=3 pl=0 blk=97 pg=255 erase_cnt=14 (vpc/ipc reset)
[EXP] [ERASE] ch=0 lun=4 pl=0 blk=97 pg=255 erase_cnt=14 (vpc/ipc reset)
[EXP] [ERASE] ch=0 lun=5 pl=0 blk=97 pg=255 erase_cnt=14 (vpc/ipc reset)
[EXP] [ERASE] ch=0 lun=6 pl=0 blk=97 pg=255 erase_cnt=14 (vpc/ipc reset)
[EXP] [ERASE] ch=0 lun=7 pl=0 blk=97 pg=255 erase_cnt=14 (vpc/ipc reset)
[EXP] [ERASE] ch=1 lun=0 pl=0 blk=97 pg=255 erase_cnt=14 (vpc/ipc reset)
[EXP] [ERASE] ch=1 lun=1 pl=0 blk=97 pg=255 erase_cnt=14 (vpc/ipc reset)
[EXP] [ERASE] ch=1 lun=2 pl=0 blk=97 pg=255 erase_cnt=14 (vpc/ipc reset)
[EXP] [ERASE] ch=1 lun=3 pl=0 blk=97 pg=255 erase_cnt=14 (vpc/ipc reset)
[EXP] [ERASE] ch=1 lun=4 pl=0 blk=97 pg=255 erase_cnt=14 (vpc/ipc reset)
[EXP] [ERASE] ch=1 lun=5 pl=0 blk=97 pg=255 erase_cnt=14 (vpc/ipc reset)
[EXP] [ERASE] ch=1 lun=6 pl=0 blk=97 pg=255 erase_cnt=14 (vpc/ipc reset)
[EXP] [ERASE] ch=1 lun=7 pl=0 blk=97 pg=255 erase_cnt=14 (vpc/ipc reset)
[EXP] [ERASE] ch=2 lun=0 pl=0 blk=97 pg=255 erase_cnt=14 (vpc/ipc reset)
[EXP] [ERASE] ch=2 lun=1 pl=0 blk=97 pg=255 erase_cnt=14 (vpc/ipc reset)
[EXP] [ERASE] ch=2 lun=2 pl=0 blk=97 pg=255 erase_cnt=14 (vpc/ipc reset)
[EXP] [ERASE] ch=2 lun=3 pl=0 blk=97 pg=255 erase_cnt=14 (vpc/ipc reset)
[EXP] [ERASE] ch=2 lun=4 pl=0 blk=97 pg=255 erase_cnt=14 (vpc/ipc reset)
[EXP] [ERASE] ch=2 lun=5 pl=0 blk=97 pg=255 erase_cnt=14 (vpc/ipc reset)
[EXP] [ERASE] ch=2 lun=6 pl=0 blk=97 pg=255 erase_cnt=14 (vpc/ipc reset)
[EXP] [ERASE] ch=2 lun=7 pl=0 blk=97 pg=255 erase_cnt=14 (vpc/ipc reset)
[EXP] [ERASE] ch=3 lun=0 pl=0 blk=97 pg=255 erase_cnt=14 (vpc/ipc reset)
[EXP] [ERASE] ch=3 lun=1 pl=0 blk=97 pg=255 erase_cnt=14 (vpc/ipc reset)
[EXP] [ERASE] ch=3 lun=2 pl=0 blk=97 pg=255 erase_cnt=14 (vpc/ipc reset)
[EXP] [ERASE] ch=3 lun=3 pl=0 blk=97 pg=255 erase_cnt=14 (vpc/ipc reset)
[EXP] [ERASE] ch=3 lun=4 pl=0 blk=97 pg=255 erase_cnt=14 (vpc/ipc reset)
[EXP] [ERASE] ch=3 lun=5 pl=0 blk=97 pg=255 erase_cnt=14 (vpc/ipc reset)
[EXP] [ERASE] ch=3 lun=6 pl=0 blk=97 pg=255 erase_cnt=14 (vpc/ipc reset)
[EXP] [ERASE] ch=3 lun=7 pl=0 blk=97 pg=255 erase_cnt=14 (vpc/ipc reset)
[EXP] [ERASE] ch=4 lun=0 pl=0 blk=97 pg=255 erase_cnt=14 (vpc/ipc reset)
[EXP] [ERASE] ch=4 lun=1 pl=0 blk=97 pg=255 erase_cnt=14 (vpc/ipc reset)
[EXP] [ERASE] ch=4 lun=2 pl=0 blk=97 pg=255 erase_cnt=14 (vpc/ipc reset)
[EXP] [ERASE] ch=4 lun=3 pl=0 blk=97 pg=255 erase_cnt=14 (vpc/ipc reset)
[EXP] [ERASE] ch=4 lun=4 pl=0 blk=97 pg=255 erase_cnt=14 (vpc/ipc reset)
[EXP] [ERASE] ch=4 lun=5 pl=0 blk=97 pg=255 erase_cnt=14 (vpc/ipc reset)
[EXP] [ERASE] ch=4 lun=6 pl=0 blk=97 pg=255 erase_cnt=14 (vpc/ipc reset)
[EXP] [ERASE] ch=4 lun=7 pl=0 blk=97 pg=255 erase_cnt=14 (vpc/ipc reset)
[EXP] [ERASE] ch=5 lun=0 pl=0 blk=97 pg=255 erase_cnt=14 (vpc/ipc reset)
[EXP] [ERASE] ch=5 lun=1 pl=0 blk=97 pg=255 erase_cnt=14 (vpc/ipc reset)
[EXP] [ERASE] ch=5 lun=2 pl=0 blk=97 pg=255 erase_cnt=14 (vpc/ipc reset)
[EXP] [ERASE] ch=5 lun=3 pl=0 blk=97 pg=255 erase_cnt=14 (vpc/ipc reset)
[EXP] [ERASE] ch=5 lun=4 pl=0 blk=97 pg=255 erase_cnt=14 (vpc/ipc reset)
[EXP] [ERASE] ch=5 lun=5 pl=0 blk=97 pg=255 erase_cnt=14 (vpc/ipc reset)
[EXP] [ERASE] ch=5 lun=6 pl=0 blk=97 pg=255 erase_cnt=14 (vpc/ipc reset)
[EXP] [ERASE] ch=5 lun=7 pl=0 blk=97 pg=255 erase_cnt=14 (vpc/ipc reset)
[EXP] [ERASE] ch=6 lun=0 pl=0 blk=97 pg=255 erase_cnt=14 (vpc/ipc reset)
[EXP] [ERASE] ch=6 lun=1 pl=0 blk=97 pg=255 erase_cnt=14 (vpc/ipc reset)
[EXP] [ERASE] ch=6 lun=2 pl=0 blk=97 pg=255 erase_cnt=14 (vpc/ipc reset)
[EXP] [ERASE] ch=6 lun=3 pl=0 blk=97 pg=255 erase_cnt=14 (vpc/ipc reset)
[EXP] [ERASE] ch=6 lun=4 pl=0 blk=97 pg=255 erase_cnt=14 (vpc/ipc reset)
[EXP] [ERASE] ch=6 lun=5 pl=0 blk=97 pg=255 erase_cnt=14 (vpc/ipc reset)
[EXP] [ERASE] ch=6 lun=6 pl=0 blk=97 pg=255 erase_cnt=14 (vpc/ipc reset)
[EXP] [ERASE] ch=6 lun=7 pl=0 blk=97 pg=255 erase_cnt=14 (vpc/ipc reset)
[EXP] [ERASE] ch=7 lun=0 pl=0 blk=97 pg=255 erase_cnt=14 (vpc/ipc reset)
[EXP] [ERASE] ch=7 lun=1 pl=0 blk=97 pg=255 erase_cnt=14 (vpc/ipc reset)
[EXP] [ERASE] ch=7 lun=2 pl=0 blk=97 pg=255 erase_cnt=14 (vpc/ipc reset)
[EXP] [ERASE] ch=7 lun=3 pl=0 blk=97 pg=255 erase_cnt=14 (vpc/ipc reset)
[EXP] [ERASE] ch=7 lun=4 pl=0 blk=97 pg=255 erase_cnt=14 (vpc/ipc reset)
[EXP] [ERASE] ch=7 lun=5 pl=0 blk=97 pg=255 erase_cnt=14 (vpc/ipc reset)
[EXP] [ERASE] ch=7 lun=6 pl=0 blk=97 pg=255 erase_cnt=14 (vpc/ipc reset)
[EXP] [ERASE] ch=7 lun=7 pl=0 blk=97 pg=255 erase_cnt=14 (vpc/ipc reset)
[EXP] [ERASE] ch=0 lun=0 pl=0 blk=17 pg=255 erase_cnt=8 (vpc/ipc reset)
[EXP] [ERASE] ch=0 lun=1 pl=0 blk=17 pg=255 erase_cnt=8 (vpc/ipc reset)
[EXP] [ERASE] ch=0 lun=2 pl=0 blk=17 pg=255 erase_cnt=8 (vpc/ipc reset)
[EXP] [ERASE] ch=0 lun=3 pl=0 blk=17 pg=255 erase_cnt=8 (vpc/ipc reset)
[EXP] [ERASE] ch=0 lun=4 pl=0 blk=17 pg=255 erase_cnt=8 (vpc/ipc reset)
[EXP] [ERASE] ch=0 lun=5 pl=0 blk=17 pg=255 erase_cnt=8 (vpc/ipc reset)
[EXP] [ERASE] ch=0 lun=6 pl=0 blk=17 pg=255 erase_cnt=8 (vpc/ipc reset)
[EXP] [ERASE] ch=0 lun=7 pl=0 blk=17 pg=255 erase_cnt=8 (vpc/ipc reset)
[EXP] [ERASE] ch=1 lun=0 pl=0 blk=17 pg=255 erase_cnt=8 (vpc/ipc reset)
[EXP] [ERASE] ch=1 lun=1 pl=0 blk=17 pg=255 erase_cnt=8 (vpc/ipc reset)
[EXP] [ERASE] ch=1 lun=2 pl=0 blk=17 pg=255 erase_cnt=8 (vpc/ipc reset)
[EXP] [ERASE] ch=1 lun=3 pl=0 blk=17 pg=255 erase_cnt=8 (vpc/ipc reset)
[EXP] [ERASE] ch=1 lun=4 pl=0 blk=17 pg=255 erase_cnt=8 (vpc/ipc reset)
[EXP] [ERASE] ch=1 lun=5 pl=0 blk=17 pg=255 erase_cnt=8 (vpc/ipc reset)
[EXP] [ERASE] ch=1 lun=6 pl=0 blk=17 pg=255 erase_cnt=8 (vpc/ipc reset)
[EXP] [ERASE] ch=1 lun=7 pl=0 blk=17 pg=255 erase_cnt=8 (vpc/ipc reset)
[EXP] [ERASE] ch=2 lun=0 pl=0 blk=17 pg=255 erase_cnt=8 (vpc/ipc reset)
[EXP] [ERASE] ch=2 lun=1 pl=0 blk=17 pg=255 erase_cnt=8 (vpc/ipc reset)
[EXP] [ERASE] ch=2 lun=2 pl=0 blk=17 pg=255 erase_cnt=8 (vpc/ipc reset)
[EXP] [ERASE] ch=2 lun=3 pl=0 blk=17 pg=255 erase_cnt=8 (vpc/ipc reset)
[EXP] [ERASE] ch=2 lun=4 pl=0 blk=17 pg=255 erase_cnt=8 (vpc/ipc reset)
[EXP] [ERASE] ch=2 lun=5 pl=0 blk=17 pg=255 erase_cnt=8 (vpc/ipc reset)
[EXP] [ERASE] ch=2 lun=6 pl=0 blk=17 pg=255 erase_cnt=8 (vpc/ipc reset)
[EXP] [ERASE] ch=2 lun=7 pl=0 blk=17 pg=255 erase_cnt=8 (vpc/ipc reset)
[EXP] [ERASE] ch=3 lun=0 pl=0 blk=17 pg=255 erase_cnt=8 (vpc/ipc reset)
[EXP] [ERASE] ch=3 lun=1 pl=0 blk=17 pg=255 erase_cnt=8 (vpc/ipc reset)
[EXP] [ERASE] ch=3 lun=2 pl=0 blk=17 pg=255 erase_cnt=8 (vpc/ipc reset)
[EXP] [ERASE] ch=3 lun=3 pl=0 blk=17 pg=255 erase_cnt=8 (vpc/ipc reset)
[EXP] [ERASE] ch=3 lun=4 pl=0 blk=17 pg=255 erase_cnt=8 (vpc/ipc reset)
[EXP] [ERASE] ch=3 lun=5 pl=0 blk=17 pg=255 erase_cnt=8 (vpc/ipc reset)
[EXP] [ERASE] ch=3 lun=6 pl=0 blk=17 pg=255 erase_cnt=8 (vpc/ipc reset)
[EXP] [ERASE] ch=3 lun=7 pl=0 blk=17 pg=255 erase_cnt=8 (vpc/ipc reset)
[EXP] [ERASE] ch=4 lun=0 pl=0 blk=17 pg=255 erase_cnt=8 (vpc/ipc reset)
[EXP] [ERASE] ch=4 lun=1 pl=0 blk=17 pg=255 erase_cnt=8 (vpc/ipc reset)
[EXP] [ERASE] ch=4 lun=2 pl=0 blk=17 pg=255 erase_cnt=8 (vpc/ipc reset)
[EXP] [ERASE] ch=4 lun=3 pl=0 blk=17 pg=255 erase_cnt=8 (vpc/ipc reset)
[EXP] [ERASE] ch=4 lun=4 pl=0 blk=17 pg=255 erase_cnt=8 (vpc/ipc reset)
[EXP] [ERASE] ch=4 lun=5 pl=0 blk=17 pg=255 erase_cnt=8 (vpc/ipc reset)
[EXP] [ERASE] ch=4 lun=6 pl=0 blk=17 pg=255 erase_cnt=8 (vpc/ipc reset)
[EXP] [ERASE] ch=4 lun=7 pl=0 blk=17 pg=255 erase_cnt=8 (vpc/ipc reset)
[EXP] [ERASE] ch=5 lun=0 pl=0 blk=17 pg=255 erase_cnt=8 (vpc/ipc reset)
[EXP] [ERASE] ch=5 lun=1 pl=0 blk=17 pg=255 erase_cnt=8 (vpc/ipc reset)
[EXP] [ERASE] ch=5 lun=2 pl=0 blk=17 pg=255 erase_cnt=8 (vpc/ipc reset)
[EXP] [ERASE] ch=5 lun=3 pl=0 blk=17 pg=255 erase_cnt=8 (vpc/ipc reset)
[EXP] [ERASE] ch=5 lun=4 pl=0 blk=17 pg=255 erase_cnt=8 (vpc/ipc reset)
[EXP] [ERASE] ch=5 lun=5 pl=0 blk=17 pg=255 erase_cnt=8 (vpc/ipc reset)
[EXP] [ERASE] ch=5 lun=6 pl=0 blk=17 pg=255 erase_cnt=8 (vpc/ipc reset)
[EXP] [ERASE] ch=5 lun=7 pl=0 blk=17 pg=255 erase_cnt=8 (vpc/ipc reset)
[EXP] [ERASE] ch=6 lun=0 pl=0 blk=17 pg=255 erase_cnt=8 (vpc/ipc reset)
[EXP] [ERASE] ch=6 lun=1 pl=0 blk=17 pg=255 erase_cnt=8 (vpc/ipc reset)
[EXP] [ERASE] ch=6 lun=2 pl=0 blk=17 pg=255 erase_cnt=8 (vpc/ipc reset)
[EXP] [ERASE] ch=6 lun=3 pl=0 blk=17 pg=255 erase_cnt=8 (vpc/ipc reset)
[EXP] [ERASE] ch=6 lun=4 pl=0 blk=17 pg=255 erase_cnt=8 (vpc/ipc reset)
[EXP] [ERASE] ch=6 lun=5 pl=0 blk=17 pg=255 erase_cnt=8 (vpc/ipc reset)
[EXP] [ERASE] ch=6 lun=6 pl=0 blk=17 pg=255 erase_cnt=8 (vpc/ipc reset)
[EXP] [GC_MOVE] lpn=0 state=COLD access=1 short=0 last_seq=2566169 decay_epoch=320771 ch=6 lun=7 pl=0 blk=17 pg=202 -> ch=3 lun=4 pl=0 blk=100 pg=4
[EXP] [ERASE] ch=6 lun=7 pl=0 blk=17 pg=255 erase_cnt=8 (vpc/ipc reset)
[EXP] [ERASE] ch=7 lun=0 pl=0 blk=17 pg=255 erase_cnt=8 (vpc/ipc reset)
[EXP] [ERASE] ch=7 lun=1 pl=0 blk=17 pg=255 erase_cnt=8 (vpc/ipc reset)
[EXP] [ERASE] ch=7 lun=2 pl=0 blk=17 pg=255 erase_cnt=8 (vpc/ipc reset)
[EXP] [ERASE] ch=7 lun=3 pl=0 blk=17 pg=255 erase_cnt=8 (vpc/ipc reset)
[EXP] [ERASE] ch=7 lun=4 pl=0 blk=17 pg=255 erase_cnt=8 (vpc/ipc reset)
[EXP] [ERASE] ch=7 lun=5 pl=0 blk=17 pg=255 erase_cnt=8 (vpc/ipc reset)
[EXP] [ERASE] ch=7 lun=6 pl=0 blk=17 pg=255 erase_cnt=8 (vpc/ipc reset)
[EXP] [ERASE] ch=7 lun=7 pl=0 blk=17 pg=255 erase_cnt=8 (vpc/ipc reset)
[EXP] [ERASE] ch=0 lun=0 pl=0 blk=97 pg=255 erase_cnt=15 (vpc/ipc reset)
[EXP] [ERASE] ch=0 lun=1 pl=0 blk=97 pg=255 erase_cnt=15 (vpc/ipc reset)
[EXP] [ERASE] ch=0 lun=2 pl=0 blk=97 pg=255 erase_cnt=15 (vpc/ipc reset)
[EXP] [ERASE] ch=0 lun=3 pl=0 blk=97 pg=255 erase_cnt=15 (vpc/ipc reset)
[EXP] [ERASE] ch=0 lun=4 pl=0 blk=97 pg=255 erase_cnt=15 (vpc/ipc reset)
[EXP] [ERASE] ch=0 lun=5 pl=0 blk=97 pg=255 erase_cnt=15 (vpc/ipc reset)
[EXP] [ERASE] ch=0 lun=6 pl=0 blk=97 pg=255 erase_cnt=15 (vpc/ipc reset)
[EXP] [ERASE] ch=0 lun=7 pl=0 blk=97 pg=255 erase_cnt=15 (vpc/ipc reset)
[EXP] [ERASE] ch=1 lun=0 pl=0 blk=97 pg=255 erase_cnt=15 (vpc/ipc reset)
[EXP] [ERASE] ch=1 lun=1 pl=0 blk=97 pg=255 erase_cnt=15 (vpc/ipc reset)
[EXP] [ERASE] ch=1 lun=2 pl=0 blk=97 pg=255 erase_cnt=15 (vpc/ipc reset)
[EXP] [ERASE] ch=1 lun=3 pl=0 blk=97 pg=255 erase_cnt=15 (vpc/ipc reset)
[EXP] [ERASE] ch=1 lun=4 pl=0 blk=97 pg=255 erase_cnt=15 (vpc/ipc reset)
[EXP] [ERASE] ch=1 lun=5 pl=0 blk=97 pg=255 erase_cnt=15 (vpc/ipc reset)
[EXP] [ERASE] ch=1 lun=6 pl=0 blk=97 pg=255 erase_cnt=15 (vpc/ipc reset)
[EXP] [ERASE] ch=1 lun=7 pl=0 blk=97 pg=255 erase_cnt=15 (vpc/ipc reset)
[EXP] [ERASE] ch=2 lun=0 pl=0 blk=97 pg=255 erase_cnt=15 (vpc/ipc reset)
[EXP] [ERASE] ch=2 lun=1 pl=0 blk=97 pg=255 erase_cnt=15 (vpc/ipc reset)
[EXP] [ERASE] ch=2 lun=2 pl=0 blk=97 pg=255 erase_cnt=15 (vpc/ipc reset)
[EXP] [ERASE] ch=2 lun=3 pl=0 blk=97 pg=255 erase_cnt=15 (vpc/ipc reset)
[EXP] [ERASE] ch=2 lun=4 pl=0 blk=97 pg=255 erase_cnt=15 (vpc/ipc reset)
[EXP] [ERASE] ch=2 lun=5 pl=0 blk=97 pg=255 erase_cnt=15 (vpc/ipc reset)
[EXP] [ERASE] ch=2 lun=6 pl=0 blk=97 pg=255 erase_cnt=15 (vpc/ipc reset)
[EXP] [ERASE] ch=2 lun=7 pl=0 blk=97 pg=255 erase_cnt=15 (vpc/ipc reset)
[EXP] [ERASE] ch=3 lun=0 pl=0 blk=97 pg=255 erase_cnt=15 (vpc/ipc reset)
[EXP] [ERASE] ch=3 lun=1 pl=0 blk=97 pg=255 erase_cnt=15 (vpc/ipc reset)
[EXP] [ERASE] ch=3 lun=2 pl=0 blk=97 pg=255 erase_cnt=15 (vpc/ipc reset)
[EXP] [ERASE] ch=3 lun=3 pl=0 blk=97 pg=255 erase_cnt=15 (vpc/ipc reset)
[EXP] [ERASE] ch=3 lun=4 pl=0 blk=97 pg=255 erase_cnt=15 (vpc/ipc reset)
[EXP] [ERASE] ch=3 lun=5 pl=0 blk=97 pg=255 erase_cnt=15 (vpc/ipc reset)
[EXP] [ERASE] ch=3 lun=6 pl=0 blk=97 pg=255 erase_cnt=15 (vpc/ipc reset)
[EXP] [ERASE] ch=3 lun=7 pl=0 blk=97 pg=255 erase_cnt=15 (vpc/ipc reset)
[EXP] [ERASE] ch=4 lun=0 pl=0 blk=97 pg=255 erase_cnt=15 (vpc/ipc reset)
[EXP] [ERASE] ch=4 lun=1 pl=0 blk=97 pg=255 erase_cnt=15 (vpc/ipc reset)
[EXP] [ERASE] ch=4 lun=2 pl=0 blk=97 pg=255 erase_cnt=15 (vpc/ipc reset)
[EXP] [ERASE] ch=4 lun=3 pl=0 blk=97 pg=255 erase_cnt=15 (vpc/ipc reset)
[EXP] [ERASE] ch=4 lun=4 pl=0 blk=97 pg=255 erase_cnt=15 (vpc/ipc reset)
[EXP] [ERASE] ch=4 lun=5 pl=0 blk=97 pg=255 erase_cnt=15 (vpc/ipc reset)
[EXP] [ERASE] ch=4 lun=6 pl=0 blk=97 pg=255 erase_cnt=15 (vpc/ipc reset)
[EXP] [ERASE] ch=4 lun=7 pl=0 blk=97 pg=255 erase_cnt=15 (vpc/ipc reset)
[EXP] [ERASE] ch=5 lun=0 pl=0 blk=97 pg=255 erase_cnt=15 (vpc/ipc reset)
[EXP] [ERASE] ch=5 lun=1 pl=0 blk=97 pg=255 erase_cnt=15 (vpc/ipc reset)
[EXP] [ERASE] ch=5 lun=2 pl=0 blk=97 pg=255 erase_cnt=15 (vpc/ipc reset)
[EXP] [ERASE] ch=5 lun=3 pl=0 blk=97 pg=255 erase_cnt=15 (vpc/ipc reset)
[EXP] [ERASE] ch=5 lun=4 pl=0 blk=97 pg=255 erase_cnt=15 (vpc/ipc reset)
[EXP] [ERASE] ch=5 lun=5 pl=0 blk=97 pg=255 erase_cnt=15 (vpc/ipc reset)
[EXP] [ERASE] ch=5 lun=6 pl=0 blk=97 pg=255 erase_cnt=15 (vpc/ipc reset)
[EXP] [ERASE] ch=5 lun=7 pl=0 blk=97 pg=255 erase_cnt=15 (vpc/ipc reset)
[EXP] [ERASE] ch=6 lun=0 pl=0 blk=97 pg=255 erase_cnt=15 (vpc/ipc reset)
[EXP] [ERASE] ch=6 lun=1 pl=0 blk=97 pg=255 erase_cnt=15 (vpc/ipc reset)
[EXP] [ERASE] ch=6 lun=2 pl=0 blk=97 pg=255 erase_cnt=15 (vpc/ipc reset)
[EXP] [ERASE] ch=6 lun=3 pl=0 blk=97 pg=255 erase_cnt=15 (vpc/ipc reset)
[EXP] [ERASE] ch=6 lun=4 pl=0 blk=97 pg=255 erase_cnt=15 (vpc/ipc reset)
[EXP] [ERASE] ch=6 lun=5 pl=0 blk=97 pg=255 erase_cnt=15 (vpc/ipc reset)
[EXP] [ERASE] ch=6 lun=6 pl=0 blk=97 pg=255 erase_cnt=15 (vpc/ipc reset)
[EXP] [ERASE] ch=6 lun=7 pl=0 blk=97 pg=255 erase_cnt=15 (vpc/ipc reset)
[EXP] [ERASE] ch=7 lun=0 pl=0 blk=97 pg=255 erase_cnt=15 (vpc/ipc reset)
[EXP] [ERASE] ch=7 lun=1 pl=0 blk=97 pg=255 erase_cnt=15 (vpc/ipc reset)
[EXP] [ERASE] ch=7 lun=2 pl=0 blk=97 pg=255 erase_cnt=15 (vpc/ipc reset)
[EXP] [ERASE] ch=7 lun=3 pl=0 blk=97 pg=255 erase_cnt=15 (vpc/ipc reset)
[EXP] [ERASE] ch=7 lun=4 pl=0 blk=97 pg=255 erase_cnt=15 (vpc/ipc reset)
[EXP] [ERASE] ch=7 lun=5 pl=0 blk=97 pg=255 erase_cnt=15 (vpc/ipc reset)
[EXP] [ERASE] ch=7 lun=6 pl=0 blk=97 pg=255 erase_cnt=15 (vpc/ipc reset)
[EXP] [ERASE] ch=7 lun=7 pl=0 blk=97 pg=255 erase_cnt=15 (vpc/ipc reset)
[EXP] [ERASE] ch=0 lun=0 pl=0 blk=17 pg=255 erase_cnt=9 (vpc/ipc reset)
[EXP] [ERASE] ch=0 lun=1 pl=0 blk=17 pg=255 erase_cnt=9 (vpc/ipc reset)
[EXP] [ERASE] ch=0 lun=2 pl=0 blk=17 pg=255 erase_cnt=9 (vpc/ipc reset)
[EXP] [ERASE] ch=0 lun=3 pl=0 blk=17 pg=255 erase_cnt=9 (vpc/ipc reset)
[EXP] [ERASE] ch=0 lun=4 pl=0 blk=17 pg=255 erase_cnt=9 (vpc/ipc reset)
[EXP] [ERASE] ch=0 lun=5 pl=0 blk=17 pg=255 erase_cnt=9 (vpc/ipc reset)
[EXP] [ERASE] ch=0 lun=6 pl=0 blk=17 pg=255 erase_cnt=9 (vpc/ipc reset)
[EXP] [ERASE] ch=0 lun=7 pl=0 blk=17 pg=255 erase_cnt=9 (vpc/ipc reset)
[EXP] [ERASE] ch=1 lun=0 pl=0 blk=17 pg=255 erase_cnt=9 (vpc/ipc reset)
[EXP] [ERASE] ch=1 lun=1 pl=0 blk=17 pg=255 erase_cnt=9 (vpc/ipc reset)
[EXP] [ERASE] ch=1 lun=2 pl=0 blk=17 pg=255 erase_cnt=9 (vpc/ipc reset)
[EXP] [ERASE] ch=1 lun=3 pl=0 blk=17 pg=255 erase_cnt=9 (vpc/ipc reset)
[EXP] [ERASE] ch=1 lun=4 pl=0 blk=17 pg=255 erase_cnt=9 (vpc/ipc reset)
[EXP] [ERASE] ch=1 lun=5 pl=0 blk=17 pg=255 erase_cnt=9 (vpc/ipc reset)
[EXP] [ERASE] ch=1 lun=6 pl=0 blk=17 pg=255 erase_cnt=9 (vpc/ipc reset)
[EXP] [ERASE] ch=1 lun=7 pl=0 blk=17 pg=255 erase_cnt=9 (vpc/ipc reset)
[EXP] [ERASE] ch=2 lun=0 pl=0 blk=17 pg=255 erase_cnt=9 (vpc/ipc reset)
[EXP] [ERASE] ch=2 lun=1 pl=0 blk=17 pg=255 erase_cnt=9 (vpc/ipc reset)
[EXP] [ERASE] ch=2 lun=2 pl=0 blk=17 pg=255 erase_cnt=9 (vpc/ipc reset)
[EXP] [ERASE] ch=2 lun=3 pl=0 blk=17 pg=255 erase_cnt=9 (vpc/ipc reset)
[EXP] [ERASE] ch=2 lun=4 pl=0 blk=17 pg=255 erase_cnt=9 (vpc/ipc reset)
[EXP] [ERASE] ch=2 lun=5 pl=0 blk=17 pg=255 erase_cnt=9 (vpc/ipc reset)
[EXP] [ERASE] ch=2 lun=6 pl=0 blk=17 pg=255 erase_cnt=9 (vpc/ipc reset)
[EXP] [ERASE] ch=2 lun=7 pl=0 blk=17 pg=255 erase_cnt=9 (vpc/ipc reset)
[EXP] [ERASE] ch=3 lun=0 pl=0 blk=17 pg=255 erase_cnt=9 (vpc/ipc reset)
[EXP] [ERASE] ch=3 lun=1 pl=0 blk=17 pg=255 erase_cnt=9 (vpc/ipc reset)
[EXP] [ERASE] ch=3 lun=2 pl=0 blk=17 pg=255 erase_cnt=9 (vpc/ipc reset)
[EXP] [ERASE] ch=3 lun=3 pl=0 blk=17 pg=255 erase_cnt=9 (vpc/ipc reset)
[EXP] [ERASE] ch=3 lun=4 pl=0 blk=17 pg=255 erase_cnt=9 (vpc/ipc reset)
[EXP] [ERASE] ch=3 lun=5 pl=0 blk=17 pg=255 erase_cnt=9 (vpc/ipc reset)
[EXP] [ERASE] ch=3 lun=6 pl=0 blk=17 pg=255 erase_cnt=9 (vpc/ipc reset)
[EXP] [ERASE] ch=3 lun=7 pl=0 blk=17 pg=255 erase_cnt=9 (vpc/ipc reset)
[EXP] [ERASE] ch=4 lun=0 pl=0 blk=17 pg=255 erase_cnt=9 (vpc/ipc reset)
[EXP] [ERASE] ch=4 lun=1 pl=0 blk=17 pg=255 erase_cnt=9 (vpc/ipc reset)
[EXP] [ERASE] ch=4 lun=2 pl=0 blk=17 pg=255 erase_cnt=9 (vpc/ipc reset)
[EXP] [ERASE] ch=4 lun=3 pl=0 blk=17 pg=255 erase_cnt=9 (vpc/ipc reset)
[EXP] [ERASE] ch=4 lun=4 pl=0 blk=17 pg=255 erase_cnt=9 (vpc/ipc reset)
[EXP] [ERASE] ch=4 lun=5 pl=0 blk=17 pg=255 erase_cnt=9 (vpc/ipc reset)
[EXP] [ERASE] ch=4 lun=6 pl=0 blk=17 pg=255 erase_cnt=9 (vpc/ipc reset)
[EXP] [ERASE] ch=4 lun=7 pl=0 blk=17 pg=255 erase_cnt=9 (vpc/ipc reset)
[EXP] [ERASE] ch=5 lun=0 pl=0 blk=17 pg=255 erase_cnt=9 (vpc/ipc reset)
[EXP] [ERASE] ch=5 lun=1 pl=0 blk=17 pg=255 erase_cnt=9 (vpc/ipc reset)
[EXP] [ERASE] ch=5 lun=2 pl=0 blk=17 pg=255 erase_cnt=9 (vpc/ipc reset)
[EXP] [ERASE] ch=5 lun=3 pl=0 blk=17 pg=255 erase_cnt=9 (vpc/ipc reset)
[EXP] [ERASE] ch=5 lun=4 pl=0 blk=17 pg=255 erase_cnt=9 (vpc/ipc reset)
[EXP] [ERASE] ch=5 lun=5 pl=0 blk=17 pg=255 erase_cnt=9 (vpc/ipc reset)
[EXP] [ERASE] ch=5 lun=6 pl=0 blk=17 pg=255 erase_cnt=9 (vpc/ipc reset)
[EXP] [ERASE] ch=5 lun=7 pl=0 blk=17 pg=255 erase_cnt=9 (vpc/ipc reset)
[EXP] [ERASE] ch=6 lun=0 pl=0 blk=17 pg=255 erase_cnt=9 (vpc/ipc reset)
[EXP] [ERASE] ch=6 lun=1 pl=0 blk=17 pg=255 erase_cnt=9 (vpc/ipc reset)
[EXP] [ERASE] ch=6 lun=2 pl=0 blk=17 pg=255 erase_cnt=9 (vpc/ipc reset)
[EXP] [ERASE] ch=6 lun=3 pl=0 blk=17 pg=255 erase_cnt=9 (vpc/ipc reset)
[EXP] [ERASE] ch=6 lun=4 pl=0 blk=17 pg=255 erase_cnt=9 (vpc/ipc reset)
[EXP] [ERASE] ch=6 lun=5 pl=0 blk=17 pg=255 erase_cnt=9 (vpc/ipc reset)
[EXP] [ERASE] ch=6 lun=6 pl=0 blk=17 pg=255 erase_cnt=9 (vpc/ipc reset)
[EXP] [ERASE] ch=6 lun=7 pl=0 blk=17 pg=255 erase_cnt=9 (vpc/ipc reset)
[EXP] [ERASE] ch=7 lun=0 pl=0 blk=17 pg=255 erase_cnt=9 (vpc/ipc reset)
[EXP] [ERASE] ch=7 lun=1 pl=0 blk=17 pg=255 erase_cnt=9 (vpc/ipc reset)
[EXP] [ERASE] ch=7 lun=2 pl=0 blk=17 pg=255 erase_cnt=9 (vpc/ipc reset)
[EXP] [ERASE] ch=7 lun=3 pl=0 blk=17 pg=255 erase_cnt=9 (vpc/ipc reset)
[EXP] [ERASE] ch=7 lun=4 pl=0 blk=17 pg=255 erase_cnt=9 (vpc/ipc reset)
[EXP] [ERASE] ch=7 lun=5 pl=0 blk=17 pg=255 erase_cnt=9 (vpc/ipc reset)
[EXP] [ERASE] ch=7 lun=6 pl=0 blk=17 pg=255 erase_cnt=9 (vpc/ipc reset)
[EXP] [ERASE] ch=7 lun=7 pl=0 blk=17 pg=255 erase_cnt=9 (vpc/ipc reset)
[EXP] [ERASE] ch=0 lun=0 pl=0 blk=97 pg=255 erase_cnt=16 (vpc/ipc reset)
[EXP] [ERASE] ch=0 lun=1 pl=0 blk=97 pg=255 erase_cnt=16 (vpc/ipc reset)
[EXP] [ERASE] ch=0 lun=2 pl=0 blk=97 pg=255 erase_cnt=16 (vpc/ipc reset)
[EXP] [ERASE] ch=0 lun=3 pl=0 blk=97 pg=255 erase_cnt=16 (vpc/ipc reset)
[EXP] [ERASE] ch=0 lun=4 pl=0 blk=97 pg=255 erase_cnt=16 (vpc/ipc reset)
[EXP] [ERASE] ch=0 lun=5 pl=0 blk=97 pg=255 erase_cnt=16 (vpc/ipc reset)
[EXP] [ERASE] ch=0 lun=6 pl=0 blk=97 pg=255 erase_cnt=16 (vpc/ipc reset)
[EXP] [ERASE] ch=0 lun=7 pl=0 blk=97 pg=255 erase_cnt=16 (vpc/ipc reset)
[EXP] [ERASE] ch=1 lun=0 pl=0 blk=97 pg=255 erase_cnt=16 (vpc/ipc reset)
[EXP] [ERASE] ch=1 lun=1 pl=0 blk=97 pg=255 erase_cnt=16 (vpc/ipc reset)
[EXP] [ERASE] ch=1 lun=2 pl=0 blk=97 pg=255 erase_cnt=16 (vpc/ipc reset)
[EXP] [ERASE] ch=1 lun=3 pl=0 blk=97 pg=255 erase_cnt=16 (vpc/ipc reset)
[EXP] [ERASE] ch=1 lun=4 pl=0 blk=97 pg=255 erase_cnt=16 (vpc/ipc reset)
[EXP] [ERASE] ch=1 lun=5 pl=0 blk=97 pg=255 erase_cnt=16 (vpc/ipc reset)
[EXP] [ERASE] ch=1 lun=6 pl=0 blk=97 pg=255 erase_cnt=16 (vpc/ipc reset)
[EXP] [ERASE] ch=1 lun=7 pl=0 blk=97 pg=255 erase_cnt=16 (vpc/ipc reset)
[EXP] [ERASE] ch=2 lun=0 pl=0 blk=97 pg=255 erase_cnt=16 (vpc/ipc reset)
[EXP] [ERASE] ch=2 lun=1 pl=0 blk=97 pg=255 erase_cnt=16 (vpc/ipc reset)
[EXP] [ERASE] ch=2 lun=2 pl=0 blk=97 pg=255 erase_cnt=16 (vpc/ipc reset)
[EXP] [ERASE] ch=2 lun=3 pl=0 blk=97 pg=255 erase_cnt=16 (vpc/ipc reset)
[EXP] [ERASE] ch=2 lun=4 pl=0 blk=97 pg=255 erase_cnt=16 (vpc/ipc reset)
[EXP] [ERASE] ch=2 lun=5 pl=0 blk=97 pg=255 erase_cnt=16 (vpc/ipc reset)
[EXP] [ERASE] ch=2 lun=6 pl=0 blk=97 pg=255 erase_cnt=16 (vpc/ipc reset)
[EXP] [ERASE] ch=2 lun=7 pl=0 blk=97 pg=255 erase_cnt=16 (vpc/ipc reset)
[EXP] [ERASE] ch=3 lun=0 pl=0 blk=97 pg=255 erase_cnt=16 (vpc/ipc reset)
[EXP] [ERASE] ch=3 lun=1 pl=0 blk=97 pg=255 erase_cnt=16 (vpc/ipc reset)
[EXP] [ERASE] ch=3 lun=2 pl=0 blk=97 pg=255 erase_cnt=16 (vpc/ipc reset)
[EXP] [ERASE] ch=3 lun=3 pl=0 blk=97 pg=255 erase_cnt=16 (vpc/ipc reset)
[EXP] [ERASE] ch=3 lun=4 pl=0 blk=97 pg=255 erase_cnt=16 (vpc/ipc reset)
[EXP] [ERASE] ch=3 lun=5 pl=0 blk=97 pg=255 erase_cnt=16 (vpc/ipc reset)
[EXP] [ERASE] ch=3 lun=6 pl=0 blk=97 pg=255 erase_cnt=16 (vpc/ipc reset)
[EXP] [ERASE] ch=3 lun=7 pl=0 blk=97 pg=255 erase_cnt=16 (vpc/ipc reset)
[EXP] [ERASE] ch=4 lun=0 pl=0 blk=97 pg=255 erase_cnt=16 (vpc/ipc reset)
[EXP] [ERASE] ch=4 lun=1 pl=0 blk=97 pg=255 erase_cnt=16 (vpc/ipc reset)
[EXP] [ERASE] ch=4 lun=2 pl=0 blk=97 pg=255 erase_cnt=16 (vpc/ipc reset)
[EXP] [ERASE] ch=4 lun=3 pl=0 blk=97 pg=255 erase_cnt=16 (vpc/ipc reset)
[EXP] [ERASE] ch=4 lun=4 pl=0 blk=97 pg=255 erase_cnt=16 (vpc/ipc reset)
[EXP] [ERASE] ch=4 lun=5 pl=0 blk=97 pg=255 erase_cnt=16 (vpc/ipc reset)
[EXP] [ERASE] ch=4 lun=6 pl=0 blk=97 pg=255 erase_cnt=16 (vpc/ipc reset)
[EXP] [ERASE] ch=4 lun=7 pl=0 blk=97 pg=255 erase_cnt=16 (vpc/ipc reset)
[EXP] [ERASE] ch=5 lun=0 pl=0 blk=97 pg=255 erase_cnt=16 (vpc/ipc reset)
[EXP] [ERASE] ch=5 lun=1 pl=0 blk=97 pg=255 erase_cnt=16 (vpc/ipc reset)
[EXP] [ERASE] ch=5 lun=2 pl=0 blk=97 pg=255 erase_cnt=16 (vpc/ipc reset)
[EXP] [ERASE] ch=5 lun=3 pl=0 blk=97 pg=255 erase_cnt=16 (vpc/ipc reset)
[EXP] [ERASE] ch=5 lun=4 pl=0 blk=97 pg=255 erase_cnt=16 (vpc/ipc reset)
[EXP] [ERASE] ch=5 lun=5 pl=0 blk=97 pg=255 erase_cnt=16 (vpc/ipc reset)
[EXP] [ERASE] ch=5 lun=6 pl=0 blk=97 pg=255 erase_cnt=16 (vpc/ipc reset)
[EXP] [ERASE] ch=5 lun=7 pl=0 blk=97 pg=255 erase_cnt=16 (vpc/ipc reset)
[EXP] [ERASE] ch=6 lun=0 pl=0 blk=97 pg=255 erase_cnt=16 (vpc/ipc reset)
[EXP] [ERASE] ch=6 lun=1 pl=0 blk=97 pg=255 erase_cnt=16 (vpc/ipc reset)
[EXP] [ERASE] ch=6 lun=2 pl=0 blk=97 pg=255 erase_cnt=16 (vpc/ipc reset)
[EXP] [ERASE] ch=6 lun=3 pl=0 blk=97 pg=255 erase_cnt=16 (vpc/ipc reset)
[EXP] [ERASE] ch=6 lun=4 pl=0 blk=97 pg=255 erase_cnt=16 (vpc/ipc reset)
[EXP] [ERASE] ch=6 lun=5 pl=0 blk=97 pg=255 erase_cnt=16 (vpc/ipc reset)
[EXP] [ERASE] ch=6 lun=6 pl=0 blk=97 pg=255 erase_cnt=16 (vpc/ipc reset)
[EXP] [ERASE] ch=6 lun=7 pl=0 blk=97 pg=255 erase_cnt=16 (vpc/ipc reset)
[EXP] [ERASE] ch=7 lun=0 pl=0 blk=97 pg=255 erase_cnt=16 (vpc/ipc reset)
[EXP] [ERASE] ch=7 lun=1 pl=0 blk=97 pg=255 erase_cnt=16 (vpc/ipc reset)
[EXP] [ERASE] ch=7 lun=2 pl=0 blk=97 pg=255 erase_cnt=16 (vpc/ipc reset)
[EXP] [ERASE] ch=7 lun=3 pl=0 blk=97 pg=255 erase_cnt=16 (vpc/ipc reset)
[EXP] [ERASE] ch=7 lun=4 pl=0 blk=97 pg=255 erase_cnt=16 (vpc/ipc reset)
[EXP] [ERASE] ch=7 lun=5 pl=0 blk=97 pg=255 erase_cnt=16 (vpc/ipc reset)
[EXP] [ERASE] ch=7 lun=6 pl=0 blk=97 pg=255 erase_cnt=16 (vpc/ipc reset)
[EXP] [ERASE] ch=7 lun=7 pl=0 blk=97 pg=255 erase_cnt=16 (vpc/ipc reset)
[EXP] [ERASE] ch=0 lun=0 pl=0 blk=17 pg=255 erase_cnt=10 (vpc/ipc reset)
[EXP] [ERASE] ch=0 lun=1 pl=0 blk=17 pg=255 erase_cnt=10 (vpc/ipc reset)
[EXP] [ERASE] ch=0 lun=2 pl=0 blk=17 pg=255 erase_cnt=10 (vpc/ipc reset)
[EXP] [ERASE] ch=0 lun=3 pl=0 blk=17 pg=255 erase_cnt=10 (vpc/ipc reset)
[EXP] [ERASE] ch=0 lun=4 pl=0 blk=17 pg=255 erase_cnt=10 (vpc/ipc reset)
[EXP] [ERASE] ch=0 lun=5 pl=0 blk=17 pg=255 erase_cnt=10 (vpc/ipc reset)
[EXP] [ERASE] ch=0 lun=6 pl=0 blk=17 pg=255 erase_cnt=10 (vpc/ipc reset)
[EXP] [ERASE] ch=0 lun=7 pl=0 blk=17 pg=255 erase_cnt=10 (vpc/ipc reset)
[EXP] [ERASE] ch=1 lun=0 pl=0 blk=17 pg=255 erase_cnt=10 (vpc/ipc reset)
[EXP] [ERASE] ch=1 lun=1 pl=0 blk=17 pg=255 erase_cnt=10 (vpc/ipc reset)
[EXP] [ERASE] ch=1 lun=2 pl=0 blk=17 pg=255 erase_cnt=10 (vpc/ipc reset)
[EXP] [ERASE] ch=1 lun=3 pl=0 blk=17 pg=255 erase_cnt=10 (vpc/ipc reset)
[EXP] [ERASE] ch=1 lun=4 pl=0 blk=17 pg=255 erase_cnt=10 (vpc/ipc reset)
[EXP] [ERASE] ch=1 lun=5 pl=0 blk=17 pg=255 erase_cnt=10 (vpc/ipc reset)
[EXP] [ERASE] ch=1 lun=6 pl=0 blk=17 pg=255 erase_cnt=10 (vpc/ipc reset)
[EXP] [ERASE] ch=1 lun=7 pl=0 blk=17 pg=255 erase_cnt=10 (vpc/ipc reset)
[EXP] [ERASE] ch=2 lun=0 pl=0 blk=17 pg=255 erase_cnt=10 (vpc/ipc reset)
[EXP] [ERASE] ch=2 lun=1 pl=0 blk=17 pg=255 erase_cnt=10 (vpc/ipc reset)
[EXP] [ERASE] ch=2 lun=2 pl=0 blk=17 pg=255 erase_cnt=10 (vpc/ipc reset)
[EXP] [ERASE] ch=2 lun=3 pl=0 blk=17 pg=255 erase_cnt=10 (vpc/ipc reset)
[EXP] [ERASE] ch=2 lun=4 pl=0 blk=17 pg=255 erase_cnt=10 (vpc/ipc reset)
[EXP] [ERASE] ch=2 lun=5 pl=0 blk=17 pg=255 erase_cnt=10 (vpc/ipc reset)
[EXP] [ERASE] ch=2 lun=6 pl=0 blk=17 pg=255 erase_cnt=10 (vpc/ipc reset)
[EXP] [ERASE] ch=2 lun=7 pl=0 blk=17 pg=255 erase_cnt=10 (vpc/ipc reset)
[EXP] [ERASE] ch=3 lun=0 pl=0 blk=17 pg=255 erase_cnt=10 (vpc/ipc reset)
[EXP] [ERASE] ch=3 lun=1 pl=0 blk=17 pg=255 erase_cnt=10 (vpc/ipc reset)
[EXP] [ERASE] ch=3 lun=2 pl=0 blk=17 pg=255 erase_cnt=10 (vpc/ipc reset)
[EXP] [ERASE] ch=3 lun=3 pl=0 blk=17 pg=255 erase_cnt=10 (vpc/ipc reset)
[EXP] [ERASE] ch=3 lun=4 pl=0 blk=17 pg=255 erase_cnt=10 (vpc/ipc reset)
[EXP] [ERASE] ch=3 lun=5 pl=0 blk=17 pg=255 erase_cnt=10 (vpc/ipc reset)
[EXP] [ERASE] ch=3 lun=6 pl=0 blk=17 pg=255 erase_cnt=10 (vpc/ipc reset)
[EXP] [ERASE] ch=3 lun=7 pl=0 blk=17 pg=255 erase_cnt=10 (vpc/ipc reset)
[EXP] [ERASE] ch=4 lun=0 pl=0 blk=17 pg=255 erase_cnt=10 (vpc/ipc reset)
[EXP] [ERASE] ch=4 lun=1 pl=0 blk=17 pg=255 erase_cnt=10 (vpc/ipc reset)
[EXP] [ERASE] ch=4 lun=2 pl=0 blk=17 pg=255 erase_cnt=10 (vpc/ipc reset)
[EXP] [ERASE] ch=4 lun=3 pl=0 blk=17 pg=255 erase_cnt=10 (vpc/ipc reset)
[EXP] [ERASE] ch=4 lun=4 pl=0 blk=17 pg=255 erase_cnt=10 (vpc/ipc reset)
[EXP] [ERASE] ch=4 lun=5 pl=0 blk=17 pg=255 erase_cnt=10 (vpc/ipc reset)
[EXP] [ERASE] ch=4 lun=6 pl=0 blk=17 pg=255 erase_cnt=10 (vpc/ipc reset)
[EXP] [ERASE] ch=4 lun=7 pl=0 blk=17 pg=255 erase_cnt=10 (vpc/ipc reset)
[EXP] [ERASE] ch=5 lun=0 pl=0 blk=17 pg=255 erase_cnt=10 (vpc/ipc reset)
[EXP] [ERASE] ch=5 lun=1 pl=0 blk=17 pg=255 erase_cnt=10 (vpc/ipc reset)
[EXP] [ERASE] ch=5 lun=2 pl=0 blk=17 pg=255 erase_cnt=10 (vpc/ipc reset)
[EXP] [ERASE] ch=5 lun=3 pl=0 blk=17 pg=255 erase_cnt=10 (vpc/ipc reset)
[EXP] [ERASE] ch=5 lun=4 pl=0 blk=17 pg=255 erase_cnt=10 (vpc/ipc reset)
[EXP] [ERASE] ch=5 lun=5 pl=0 blk=17 pg=255 erase_cnt=10 (vpc/ipc reset)
[EXP] [ERASE] ch=5 lun=6 pl=0 blk=17 pg=255 erase_cnt=10 (vpc/ipc reset)
[EXP] [ERASE] ch=5 lun=7 pl=0 blk=17 pg=255 erase_cnt=10 (vpc/ipc reset)
[EXP] [ERASE] ch=6 lun=0 pl=0 blk=17 pg=255 erase_cnt=10 (vpc/ipc reset)
[EXP] [ERASE] ch=6 lun=1 pl=0 blk=17 pg=255 erase_cnt=10 (vpc/ipc reset)
[EXP] [ERASE] ch=6 lun=2 pl=0 blk=17 pg=255 erase_cnt=10 (vpc/ipc reset)
[EXP] [ERASE] ch=6 lun=3 pl=0 blk=17 pg=255 erase_cnt=10 (vpc/ipc reset)
[EXP] [ERASE] ch=6 lun=4 pl=0 blk=17 pg=255 erase_cnt=10 (vpc/ipc reset)
[EXP] [ERASE] ch=6 lun=5 pl=0 blk=17 pg=255 erase_cnt=10 (vpc/ipc reset)
[EXP] [ERASE] ch=6 lun=6 pl=0 blk=17 pg=255 erase_cnt=10 (vpc/ipc reset)
[EXP] [ERASE] ch=6 lun=7 pl=0 blk=17 pg=255 erase_cnt=10 (vpc/ipc reset)
[EXP] [ERASE] ch=7 lun=0 pl=0 blk=17 pg=255 erase_cnt=10 (vpc/ipc reset)
[EXP] [ERASE] ch=7 lun=1 pl=0 blk=17 pg=255 erase_cnt=10 (vpc/ipc reset)
[EXP] [ERASE] ch=7 lun=2 pl=0 blk=17 pg=255 erase_cnt=10 (vpc/ipc reset)
[EXP] [ERASE] ch=7 lun=3 pl=0 blk=17 pg=255 erase_cnt=10 (vpc/ipc reset)
[EXP] [ERASE] ch=7 lun=4 pl=0 blk=17 pg=255 erase_cnt=10 (vpc/ipc reset)
[EXP] [ERASE] ch=7 lun=5 pl=0 blk=17 pg=255 erase_cnt=10 (vpc/ipc reset)
[EXP] [ERASE] ch=7 lun=6 pl=0 blk=17 pg=255 erase_cnt=10 (vpc/ipc reset)
[EXP] [ERASE] ch=7 lun=7 pl=0 blk=17 pg=255 erase_cnt=10 (vpc/ipc reset)
[EXP] [ERASE] ch=0 lun=0 pl=0 blk=100 pg=255 erase_cnt=15 (vpc/ipc reset)
[EXP] [ERASE] ch=0 lun=1 pl=0 blk=100 pg=255 erase_cnt=15 (vpc/ipc reset)
[EXP] [ERASE] ch=0 lun=2 pl=0 blk=100 pg=255 erase_cnt=15 (vpc/ipc reset)
[EXP] [ERASE] ch=0 lun=3 pl=0 blk=100 pg=255 erase_cnt=15 (vpc/ipc reset)
[EXP] [ERASE] ch=0 lun=4 pl=0 blk=100 pg=255 erase_cnt=15 (vpc/ipc reset)
[EXP] [ERASE] ch=0 lun=5 pl=0 blk=100 pg=255 erase_cnt=15 (vpc/ipc reset)
[EXP] [ERASE] ch=0 lun=6 pl=0 blk=100 pg=255 erase_cnt=15 (vpc/ipc reset)
[EXP] [ERASE] ch=0 lun=7 pl=0 blk=100 pg=255 erase_cnt=15 (vpc/ipc reset)
[EXP] [ERASE] ch=1 lun=0 pl=0 blk=100 pg=255 erase_cnt=15 (vpc/ipc reset)
[EXP] [ERASE] ch=1 lun=1 pl=0 blk=100 pg=255 erase_cnt=15 (vpc/ipc reset)
[EXP] [ERASE] ch=1 lun=2 pl=0 blk=100 pg=255 erase_cnt=15 (vpc/ipc reset)
[EXP] [ERASE] ch=1 lun=3 pl=0 blk=100 pg=255 erase_cnt=15 (vpc/ipc reset)
[EXP] [ERASE] ch=1 lun=4 pl=0 blk=100 pg=255 erase_cnt=15 (vpc/ipc reset)
[EXP] [ERASE] ch=1 lun=5 pl=0 blk=100 pg=255 erase_cnt=15 (vpc/ipc reset)
[EXP] [ERASE] ch=1 lun=6 pl=0 blk=100 pg=255 erase_cnt=15 (vpc/ipc reset)
[EXP] [ERASE] ch=1 lun=7 pl=0 blk=100 pg=255 erase_cnt=15 (vpc/ipc reset)
[EXP] [ERASE] ch=2 lun=0 pl=0 blk=100 pg=255 erase_cnt=15 (vpc/ipc reset)
[EXP] [ERASE] ch=2 lun=1 pl=0 blk=100 pg=255 erase_cnt=15 (vpc/ipc reset)
[EXP] [ERASE] ch=2 lun=2 pl=0 blk=100 pg=255 erase_cnt=15 (vpc/ipc reset)
[EXP] [ERASE] ch=2 lun=3 pl=0 blk=100 pg=255 erase_cnt=15 (vpc/ipc reset)
[EXP] [ERASE] ch=2 lun=4 pl=0 blk=100 pg=255 erase_cnt=15 (vpc/ipc reset)
[EXP] [ERASE] ch=2 lun=5 pl=0 blk=100 pg=255 erase_cnt=15 (vpc/ipc reset)
[EXP] [ERASE] ch=2 lun=6 pl=0 blk=100 pg=255 erase_cnt=15 (vpc/ipc reset)
[EXP] [ERASE] ch=2 lun=7 pl=0 blk=100 pg=255 erase_cnt=15 (vpc/ipc reset)
[EXP] [ERASE] ch=3 lun=0 pl=0 blk=100 pg=255 erase_cnt=15 (vpc/ipc reset)
[EXP] [ERASE] ch=3 lun=1 pl=0 blk=100 pg=255 erase_cnt=15 (vpc/ipc reset)
[EXP] [ERASE] ch=3 lun=2 pl=0 blk=100 pg=255 erase_cnt=15 (vpc/ipc reset)
[EXP] [ERASE] ch=3 lun=3 pl=0 blk=100 pg=255 erase_cnt=15 (vpc/ipc reset)
[EXP] [GC_MOVE] lpn=0 state=COLD access=1 short=0 last_seq=2566169 decay_epoch=320771 ch=3 lun=4 pl=0 blk=100 pg=4 -> ch=4 lun=3 pl=0 blk=28 pg=63
[EXP] [ERASE] ch=3 lun=4 pl=0 blk=100 pg=255 erase_cnt=15 (vpc/ipc reset)
[EXP] [ERASE] ch=3 lun=5 pl=0 blk=100 pg=255 erase_cnt=15 (vpc/ipc reset)
[EXP] [ERASE] ch=3 lun=6 pl=0 blk=100 pg=255 erase_cnt=15 (vpc/ipc reset)
[EXP] [ERASE] ch=3 lun=7 pl=0 blk=100 pg=255 erase_cnt=15 (vpc/ipc reset)
[EXP] [ERASE] ch=4 lun=0 pl=0 blk=100 pg=255 erase_cnt=15 (vpc/ipc reset)
[EXP] [ERASE] ch=4 lun=1 pl=0 blk=100 pg=255 erase_cnt=15 (vpc/ipc reset)
[EXP] [ERASE] ch=4 lun=2 pl=0 blk=100 pg=255 erase_cnt=15 (vpc/ipc reset)
[EXP] [ERASE] ch=4 lun=3 pl=0 blk=100 pg=255 erase_cnt=15 (vpc/ipc reset)
[EXP] [ERASE] ch=4 lun=4 pl=0 blk=100 pg=255 erase_cnt=15 (vpc/ipc reset)
[EXP] [ERASE] ch=4 lun=5 pl=0 blk=100 pg=255 erase_cnt=15 (vpc/ipc reset)
[EXP] [ERASE] ch=4 lun=6 pl=0 blk=100 pg=255 erase_cnt=15 (vpc/ipc reset)
[EXP] [ERASE] ch=4 lun=7 pl=0 blk=100 pg=255 erase_cnt=15 (vpc/ipc reset)
[EXP] [ERASE] ch=5 lun=0 pl=0 blk=100 pg=255 erase_cnt=15 (vpc/ipc reset)
[EXP] [ERASE] ch=5 lun=1 pl=0 blk=100 pg=255 erase_cnt=15 (vpc/ipc reset)
[EXP] [ERASE] ch=5 lun=2 pl=0 blk=100 pg=255 erase_cnt=15 (vpc/ipc reset)
[EXP] [ERASE] ch=5 lun=3 pl=0 blk=100 pg=255 erase_cnt=15 (vpc/ipc reset)
[EXP] [ERASE] ch=5 lun=4 pl=0 blk=100 pg=255 erase_cnt=15 (vpc/ipc reset)
[EXP] [ERASE] ch=5 lun=5 pl=0 blk=100 pg=255 erase_cnt=15 (vpc/ipc reset)
[EXP] [ERASE] ch=5 lun=6 pl=0 blk=100 pg=255 erase_cnt=15 (vpc/ipc reset)
[EXP] [ERASE] ch=5 lun=7 pl=0 blk=100 pg=255 erase_cnt=15 (vpc/ipc reset)
[EXP] [ERASE] ch=6 lun=0 pl=0 blk=100 pg=255 erase_cnt=15 (vpc/ipc reset)
[EXP] [ERASE] ch=6 lun=1 pl=0 blk=100 pg=255 erase_cnt=15 (vpc/ipc reset)
[EXP] [ERASE] ch=6 lun=2 pl=0 blk=100 pg=255 erase_cnt=15 (vpc/ipc reset)
[EXP] [ERASE] ch=6 lun=3 pl=0 blk=100 pg=255 erase_cnt=15 (vpc/ipc reset)
[EXP] [ERASE] ch=6 lun=4 pl=0 blk=100 pg=255 erase_cnt=15 (vpc/ipc reset)
[EXP] [ERASE] ch=6 lun=5 pl=0 blk=100 pg=255 erase_cnt=15 (vpc/ipc reset)
[EXP] [ERASE] ch=6 lun=6 pl=0 blk=100 pg=255 erase_cnt=15 (vpc/ipc reset)
[EXP] [ERASE] ch=6 lun=7 pl=0 blk=100 pg=255 erase_cnt=15 (vpc/ipc reset)
[EXP] [ERASE] ch=7 lun=0 pl=0 blk=100 pg=255 erase_cnt=15 (vpc/ipc reset)
[EXP] [ERASE] ch=7 lun=1 pl=0 blk=100 pg=255 erase_cnt=15 (vpc/ipc reset)
[EXP] [ERASE] ch=7 lun=2 pl=0 blk=100 pg=255 erase_cnt=15 (vpc/ipc reset)
[EXP] [ERASE] ch=7 lun=3 pl=0 blk=100 pg=255 erase_cnt=15 (vpc/ipc reset)
[EXP] [ERASE] ch=7 lun=4 pl=0 blk=100 pg=255 erase_cnt=15 (vpc/ipc reset)
[EXP] [ERASE] ch=7 lun=5 pl=0 blk=100 pg=255 erase_cnt=15 (vpc/ipc reset)
[EXP] [ERASE] ch=7 lun=6 pl=0 blk=100 pg=255 erase_cnt=15 (vpc/ipc reset)
[EXP] [ERASE] ch=7 lun=7 pl=0 blk=100 pg=255 erase_cnt=15 (vpc/ipc reset)
[EXP] [ERASE] ch=0 lun=0 pl=0 blk=97 pg=255 erase_cnt=17 (vpc/ipc reset)
[EXP] [ERASE] ch=0 lun=1 pl=0 blk=97 pg=255 erase_cnt=17 (vpc/ipc reset)
[EXP] [ERASE] ch=0 lun=2 pl=0 blk=97 pg=255 erase_cnt=17 (vpc/ipc reset)
[EXP] [ERASE] ch=0 lun=3 pl=0 blk=97 pg=255 erase_cnt=17 (vpc/ipc reset)
[EXP] [ERASE] ch=0 lun=4 pl=0 blk=97 pg=255 erase_cnt=17 (vpc/ipc reset)
[EXP] [ERASE] ch=0 lun=5 pl=0 blk=97 pg=255 erase_cnt=17 (vpc/ipc reset)
[EXP] [ERASE] ch=0 lun=6 pl=0 blk=97 pg=255 erase_cnt=17 (vpc/ipc reset)
[EXP] [ERASE] ch=0 lun=7 pl=0 blk=97 pg=255 erase_cnt=17 (vpc/ipc reset)
[EXP] [ERASE] ch=1 lun=0 pl=0 blk=97 pg=255 erase_cnt=17 (vpc/ipc reset)
[EXP] [ERASE] ch=1 lun=1 pl=0 blk=97 pg=255 erase_cnt=17 (vpc/ipc reset)
[EXP] [ERASE] ch=1 lun=2 pl=0 blk=97 pg=255 erase_cnt=17 (vpc/ipc reset)
[EXP] [ERASE] ch=1 lun=3 pl=0 blk=97 pg=255 erase_cnt=17 (vpc/ipc reset)
[EXP] [ERASE] ch=1 lun=4 pl=0 blk=97 pg=255 erase_cnt=17 (vpc/ipc reset)
[EXP] [ERASE] ch=1 lun=5 pl=0 blk=97 pg=255 erase_cnt=17 (vpc/ipc reset)
[EXP] [ERASE] ch=1 lun=6 pl=0 blk=97 pg=255 erase_cnt=17 (vpc/ipc reset)
[EXP] [ERASE] ch=1 lun=7 pl=0 blk=97 pg=255 erase_cnt=17 (vpc/ipc reset)
[EXP] [ERASE] ch=2 lun=0 pl=0 blk=97 pg=255 erase_cnt=17 (vpc/ipc reset)
[EXP] [ERASE] ch=2 lun=1 pl=0 blk=97 pg=255 erase_cnt=17 (vpc/ipc reset)
[EXP] [ERASE] ch=2 lun=2 pl=0 blk=97 pg=255 erase_cnt=17 (vpc/ipc reset)
[EXP] [ERASE] ch=2 lun=3 pl=0 blk=97 pg=255 erase_cnt=17 (vpc/ipc reset)
[EXP] [ERASE] ch=2 lun=4 pl=0 blk=97 pg=255 erase_cnt=17 (vpc/ipc reset)
[EXP] [ERASE] ch=2 lun=5 pl=0 blk=97 pg=255 erase_cnt=17 (vpc/ipc reset)
[EXP] [ERASE] ch=2 lun=6 pl=0 blk=97 pg=255 erase_cnt=17 (vpc/ipc reset)
[EXP] [ERASE] ch=2 lun=7 pl=0 blk=97 pg=255 erase_cnt=17 (vpc/ipc reset)
[EXP] [ERASE] ch=3 lun=0 pl=0 blk=97 pg=255 erase_cnt=17 (vpc/ipc reset)
[EXP] [ERASE] ch=3 lun=1 pl=0 blk=97 pg=255 erase_cnt=17 (vpc/ipc reset)
[EXP] [ERASE] ch=3 lun=2 pl=0 blk=97 pg=255 erase_cnt=17 (vpc/ipc reset)
[EXP] [ERASE] ch=3 lun=3 pl=0 blk=97 pg=255 erase_cnt=17 (vpc/ipc reset)
[EXP] [ERASE] ch=3 lun=4 pl=0 blk=97 pg=255 erase_cnt=17 (vpc/ipc reset)
[EXP] [ERASE] ch=3 lun=5 pl=0 blk=97 pg=255 erase_cnt=17 (vpc/ipc reset)
[EXP] [ERASE] ch=3 lun=6 pl=0 blk=97 pg=255 erase_cnt=17 (vpc/ipc reset)
[EXP] [ERASE] ch=3 lun=7 pl=0 blk=97 pg=255 erase_cnt=17 (vpc/ipc reset)
[EXP] [ERASE] ch=4 lun=0 pl=0 blk=97 pg=255 erase_cnt=17 (vpc/ipc reset)
[EXP] [ERASE] ch=4 lun=1 pl=0 blk=97 pg=255 erase_cnt=17 (vpc/ipc reset)
[EXP] [ERASE] ch=4 lun=2 pl=0 blk=97 pg=255 erase_cnt=17 (vpc/ipc reset)
[EXP] [ERASE] ch=4 lun=3 pl=0 blk=97 pg=255 erase_cnt=17 (vpc/ipc reset)
[EXP] [ERASE] ch=4 lun=4 pl=0 blk=97 pg=255 erase_cnt=17 (vpc/ipc reset)
[EXP] [ERASE] ch=4 lun=5 pl=0 blk=97 pg=255 erase_cnt=17 (vpc/ipc reset)
[EXP] [ERASE] ch=4 lun=6 pl=0 blk=97 pg=255 erase_cnt=17 (vpc/ipc reset)
[EXP] [ERASE] ch=4 lun=7 pl=0 blk=97 pg=255 erase_cnt=17 (vpc/ipc reset)
[EXP] [ERASE] ch=5 lun=0 pl=0 blk=97 pg=255 erase_cnt=17 (vpc/ipc reset)
[EXP] [ERASE] ch=5 lun=1 pl=0 blk=97 pg=255 erase_cnt=17 (vpc/ipc reset)
[EXP] [ERASE] ch=5 lun=2 pl=0 blk=97 pg=255 erase_cnt=17 (vpc/ipc reset)
[EXP] [ERASE] ch=5 lun=3 pl=0 blk=97 pg=255 erase_cnt=17 (vpc/ipc reset)
[EXP] [ERASE] ch=5 lun=4 pl=0 blk=97 pg=255 erase_cnt=17 (vpc/ipc reset)
[EXP] [ERASE] ch=5 lun=5 pl=0 blk=97 pg=255 erase_cnt=17 (vpc/ipc reset)
[EXP] [ERASE] ch=5 lun=6 pl=0 blk=97 pg=255 erase_cnt=17 (vpc/ipc reset)
[EXP] [ERASE] ch=5 lun=7 pl=0 blk=97 pg=255 erase_cnt=17 (vpc/ipc reset)
[EXP] [ERASE] ch=6 lun=0 pl=0 blk=97 pg=255 erase_cnt=17 (vpc/ipc reset)
[EXP] [ERASE] ch=6 lun=1 pl=0 blk=97 pg=255 erase_cnt=17 (vpc/ipc reset)
[EXP] [ERASE] ch=6 lun=2 pl=0 blk=97 pg=255 erase_cnt=17 (vpc/ipc reset)
[EXP] [ERASE] ch=6 lun=3 pl=0 blk=97 pg=255 erase_cnt=17 (vpc/ipc reset)
[EXP] [ERASE] ch=6 lun=4 pl=0 blk=97 pg=255 erase_cnt=17 (vpc/ipc reset)
[EXP] [ERASE] ch=6 lun=5 pl=0 blk=97 pg=255 erase_cnt=17 (vpc/ipc reset)
[EXP] [ERASE] ch=6 lun=6 pl=0 blk=97 pg=255 erase_cnt=17 (vpc/ipc reset)
[EXP] [ERASE] ch=6 lun=7 pl=0 blk=97 pg=255 erase_cnt=17 (vpc/ipc reset)
[EXP] [ERASE] ch=7 lun=0 pl=0 blk=97 pg=255 erase_cnt=17 (vpc/ipc reset)
[EXP] [ERASE] ch=7 lun=1 pl=0 blk=97 pg=255 erase_cnt=17 (vpc/ipc reset)
[EXP] [ERASE] ch=7 lun=2 pl=0 blk=97 pg=255 erase_cnt=17 (vpc/ipc reset)
[EXP] [ERASE] ch=7 lun=3 pl=0 blk=97 pg=255 erase_cnt=17 (vpc/ipc reset)
[EXP] [ERASE] ch=7 lun=4 pl=0 blk=97 pg=255 erase_cnt=17 (vpc/ipc reset)
[EXP] [ERASE] ch=7 lun=5 pl=0 blk=97 pg=255 erase_cnt=17 (vpc/ipc reset)
[EXP] [ERASE] ch=7 lun=6 pl=0 blk=97 pg=255 erase_cnt=17 (vpc/ipc reset)
[EXP] [ERASE] ch=7 lun=7 pl=0 blk=97 pg=255 erase_cnt=17 (vpc/ipc reset)
[EXP] [ERASE] ch=0 lun=0 pl=0 blk=100 pg=255 erase_cnt=16 (vpc/ipc reset)
[EXP] [ERASE] ch=0 lun=1 pl=0 blk=100 pg=255 erase_cnt=16 (vpc/ipc reset)
[EXP] [ERASE] ch=0 lun=2 pl=0 blk=100 pg=255 erase_cnt=16 (vpc/ipc reset)
[EXP] [ERASE] ch=0 lun=3 pl=0 blk=100 pg=255 erase_cnt=16 (vpc/ipc reset)
[EXP] [ERASE] ch=0 lun=4 pl=0 blk=100 pg=255 erase_cnt=16 (vpc/ipc reset)
[EXP] [ERASE] ch=0 lun=5 pl=0 blk=100 pg=255 erase_cnt=16 (vpc/ipc reset)
[EXP] [ERASE] ch=0 lun=6 pl=0 blk=100 pg=255 erase_cnt=16 (vpc/ipc reset)
[EXP] [ERASE] ch=0 lun=7 pl=0 blk=100 pg=255 erase_cnt=16 (vpc/ipc reset)
[EXP] [ERASE] ch=1 lun=0 pl=0 blk=100 pg=255 erase_cnt=16 (vpc/ipc reset)
[EXP] [ERASE] ch=1 lun=1 pl=0 blk=100 pg=255 erase_cnt=16 (vpc/ipc reset)
[EXP] [ERASE] ch=1 lun=2 pl=0 blk=100 pg=255 erase_cnt=16 (vpc/ipc reset)
[EXP] [ERASE] ch=1 lun=3 pl=0 blk=100 pg=255 erase_cnt=16 (vpc/ipc reset)
[EXP] [ERASE] ch=1 lun=4 pl=0 blk=100 pg=255 erase_cnt=16 (vpc/ipc reset)
[EXP] [ERASE] ch=1 lun=5 pl=0 blk=100 pg=255 erase_cnt=16 (vpc/ipc reset)
[EXP] [ERASE] ch=1 lun=6 pl=0 blk=100 pg=255 erase_cnt=16 (vpc/ipc reset)
[EXP] [ERASE] ch=1 lun=7 pl=0 blk=100 pg=255 erase_cnt=16 (vpc/ipc reset)
[EXP] [ERASE] ch=2 lun=0 pl=0 blk=100 pg=255 erase_cnt=16 (vpc/ipc reset)
[EXP] [ERASE] ch=2 lun=1 pl=0 blk=100 pg=255 erase_cnt=16 (vpc/ipc reset)
[EXP] [ERASE] ch=2 lun=2 pl=0 blk=100 pg=255 erase_cnt=16 (vpc/ipc reset)
[EXP] [ERASE] ch=2 lun=3 pl=0 blk=100 pg=255 erase_cnt=16 (vpc/ipc reset)
[EXP] [ERASE] ch=2 lun=4 pl=0 blk=100 pg=255 erase_cnt=16 (vpc/ipc reset)
[EXP] [ERASE] ch=2 lun=5 pl=0 blk=100 pg=255 erase_cnt=16 (vpc/ipc reset)
[EXP] [ERASE] ch=2 lun=6 pl=0 blk=100 pg=255 erase_cnt=16 (vpc/ipc reset)
[EXP] [ERASE] ch=2 lun=7 pl=0 blk=100 pg=255 erase_cnt=16 (vpc/ipc reset)
[EXP] [ERASE] ch=3 lun=0 pl=0 blk=100 pg=255 erase_cnt=16 (vpc/ipc reset)
[EXP] [ERASE] ch=3 lun=1 pl=0 blk=100 pg=255 erase_cnt=16 (vpc/ipc reset)
[EXP] [ERASE] ch=3 lun=2 pl=0 blk=100 pg=255 erase_cnt=16 (vpc/ipc reset)
[EXP] [ERASE] ch=3 lun=3 pl=0 blk=100 pg=255 erase_cnt=16 (vpc/ipc reset)
[EXP] [ERASE] ch=3 lun=4 pl=0 blk=100 pg=255 erase_cnt=16 (vpc/ipc reset)
[EXP] [ERASE] ch=3 lun=5 pl=0 blk=100 pg=255 erase_cnt=16 (vpc/ipc reset)
[EXP] [ERASE] ch=3 lun=6 pl=0 blk=100 pg=255 erase_cnt=16 (vpc/ipc reset)
[EXP] [ERASE] ch=3 lun=7 pl=0 blk=100 pg=255 erase_cnt=16 (vpc/ipc reset)
[EXP] [ERASE] ch=4 lun=0 pl=0 blk=100 pg=255 erase_cnt=16 (vpc/ipc reset)
[EXP] [ERASE] ch=4 lun=1 pl=0 blk=100 pg=255 erase_cnt=16 (vpc/ipc reset)
[EXP] [ERASE] ch=4 lun=2 pl=0 blk=100 pg=255 erase_cnt=16 (vpc/ipc reset)
[EXP] [ERASE] ch=4 lun=3 pl=0 blk=100 pg=255 erase_cnt=16 (vpc/ipc reset)
[EXP] [ERASE] ch=4 lun=4 pl=0 blk=100 pg=255 erase_cnt=16 (vpc/ipc reset)
[EXP] [ERASE] ch=4 lun=5 pl=0 blk=100 pg=255 erase_cnt=16 (vpc/ipc reset)
[EXP] [ERASE] ch=4 lun=6 pl=0 blk=100 pg=255 erase_cnt=16 (vpc/ipc reset)
[EXP] [ERASE] ch=4 lun=7 pl=0 blk=100 pg=255 erase_cnt=16 (vpc/ipc reset)
[EXP] [ERASE] ch=5 lun=0 pl=0 blk=100 pg=255 erase_cnt=16 (vpc/ipc reset)
[EXP] [ERASE] ch=5 lun=1 pl=0 blk=100 pg=255 erase_cnt=16 (vpc/ipc reset)
[EXP] [ERASE] ch=5 lun=2 pl=0 blk=100 pg=255 erase_cnt=16 (vpc/ipc reset)
[EXP] [ERASE] ch=5 lun=3 pl=0 blk=100 pg=255 erase_cnt=16 (vpc/ipc reset)
[EXP] [ERASE] ch=5 lun=4 pl=0 blk=100 pg=255 erase_cnt=16 (vpc/ipc reset)
[EXP] [ERASE] ch=5 lun=5 pl=0 blk=100 pg=255 erase_cnt=16 (vpc/ipc reset)
[EXP] [ERASE] ch=5 lun=6 pl=0 blk=100 pg=255 erase_cnt=16 (vpc/ipc reset)
[EXP] [ERASE] ch=5 lun=7 pl=0 blk=100 pg=255 erase_cnt=16 (vpc/ipc reset)
[EXP] [ERASE] ch=6 lun=0 pl=0 blk=100 pg=255 erase_cnt=16 (vpc/ipc reset)
[EXP] [ERASE] ch=6 lun=1 pl=0 blk=100 pg=255 erase_cnt=16 (vpc/ipc reset)
[EXP] [ERASE] ch=6 lun=2 pl=0 blk=100 pg=255 erase_cnt=16 (vpc/ipc reset)
[EXP] [ERASE] ch=6 lun=3 pl=0 blk=100 pg=255 erase_cnt=16 (vpc/ipc reset)
[EXP] [ERASE] ch=6 lun=4 pl=0 blk=100 pg=255 erase_cnt=16 (vpc/ipc reset)
[EXP] [ERASE] ch=6 lun=5 pl=0 blk=100 pg=255 erase_cnt=16 (vpc/ipc reset)
[EXP] [ERASE] ch=6 lun=6 pl=0 blk=100 pg=255 erase_cnt=16 (vpc/ipc reset)
[EXP] [ERASE] ch=6 lun=7 pl=0 blk=100 pg=255 erase_cnt=16 (vpc/ipc reset)
[EXP] [ERASE] ch=7 lun=0 pl=0 blk=100 pg=255 erase_cnt=16 (vpc/ipc reset)
[EXP] [ERASE] ch=7 lun=1 pl=0 blk=100 pg=255 erase_cnt=16 (vpc/ipc reset)
[EXP] [ERASE] ch=7 lun=2 pl=0 blk=100 pg=255 erase_cnt=16 (vpc/ipc reset)
[EXP] [ERASE] ch=7 lun=3 pl=0 blk=100 pg=255 erase_cnt=16 (vpc/ipc reset)
[EXP] [ERASE] ch=7 lun=4 pl=0 blk=100 pg=255 erase_cnt=16 (vpc/ipc reset)
[EXP] [ERASE] ch=7 lun=5 pl=0 blk=100 pg=255 erase_cnt=16 (vpc/ipc reset)
[EXP] [ERASE] ch=7 lun=6 pl=0 blk=100 pg=255 erase_cnt=16 (vpc/ipc reset)
[EXP] [ERASE] ch=7 lun=7 pl=0 blk=100 pg=255 erase_cnt=16 (vpc/ipc reset)
[EXP] [ERASE] ch=0 lun=0 pl=0 blk=97 pg=255 erase_cnt=18 (vpc/ipc reset)
[EXP] [ERASE] ch=0 lun=1 pl=0 blk=97 pg=255 erase_cnt=18 (vpc/ipc reset)
[EXP] [ERASE] ch=0 lun=2 pl=0 blk=97 pg=255 erase_cnt=18 (vpc/ipc reset)
[EXP] [ERASE] ch=0 lun=3 pl=0 blk=97 pg=255 erase_cnt=18 (vpc/ipc reset)
[EXP] [ERASE] ch=0 lun=4 pl=0 blk=97 pg=255 erase_cnt=18 (vpc/ipc reset)
[EXP] [ERASE] ch=0 lun=5 pl=0 blk=97 pg=255 erase_cnt=18 (vpc/ipc reset)
[EXP] [ERASE] ch=0 lun=6 pl=0 blk=97 pg=255 erase_cnt=18 (vpc/ipc reset)
[EXP] [ERASE] ch=0 lun=7 pl=0 blk=97 pg=255 erase_cnt=18 (vpc/ipc reset)
[EXP] [ERASE] ch=1 lun=0 pl=0 blk=97 pg=255 erase_cnt=18 (vpc/ipc reset)
[EXP] [ERASE] ch=1 lun=1 pl=0 blk=97 pg=255 erase_cnt=18 (vpc/ipc reset)
[EXP] [ERASE] ch=1 lun=2 pl=0 blk=97 pg=255 erase_cnt=18 (vpc/ipc reset)
[EXP] [ERASE] ch=1 lun=3 pl=0 blk=97 pg=255 erase_cnt=18 (vpc/ipc reset)
[EXP] [ERASE] ch=1 lun=4 pl=0 blk=97 pg=255 erase_cnt=18 (vpc/ipc reset)
[EXP] [ERASE] ch=1 lun=5 pl=0 blk=97 pg=255 erase_cnt=18 (vpc/ipc reset)
[EXP] [ERASE] ch=1 lun=6 pl=0 blk=97 pg=255 erase_cnt=18 (vpc/ipc reset)
[EXP] [ERASE] ch=1 lun=7 pl=0 blk=97 pg=255 erase_cnt=18 (vpc/ipc reset)
[EXP] [ERASE] ch=2 lun=0 pl=0 blk=97 pg=255 erase_cnt=18 (vpc/ipc reset)
[EXP] [ERASE] ch=2 lun=1 pl=0 blk=97 pg=255 erase_cnt=18 (vpc/ipc reset)
[EXP] [ERASE] ch=2 lun=2 pl=0 blk=97 pg=255 erase_cnt=18 (vpc/ipc reset)
[EXP] [ERASE] ch=2 lun=3 pl=0 blk=97 pg=255 erase_cnt=18 (vpc/ipc reset)
[EXP] [ERASE] ch=2 lun=4 pl=0 blk=97 pg=255 erase_cnt=18 (vpc/ipc reset)
[EXP] [ERASE] ch=2 lun=5 pl=0 blk=97 pg=255 erase_cnt=18 (vpc/ipc reset)
[EXP] [ERASE] ch=2 lun=6 pl=0 blk=97 pg=255 erase_cnt=18 (vpc/ipc reset)
[EXP] [ERASE] ch=2 lun=7 pl=0 blk=97 pg=255 erase_cnt=18 (vpc/ipc reset)
[EXP] [ERASE] ch=3 lun=0 pl=0 blk=97 pg=255 erase_cnt=18 (vpc/ipc reset)
[EXP] [ERASE] ch=3 lun=1 pl=0 blk=97 pg=255 erase_cnt=18 (vpc/ipc reset)
[EXP] [ERASE] ch=3 lun=2 pl=0 blk=97 pg=255 erase_cnt=18 (vpc/ipc reset)
[EXP] [ERASE] ch=3 lun=3 pl=0 blk=97 pg=255 erase_cnt=18 (vpc/ipc reset)
[EXP] [ERASE] ch=3 lun=4 pl=0 blk=97 pg=255 erase_cnt=18 (vpc/ipc reset)
[EXP] [ERASE] ch=3 lun=5 pl=0 blk=97 pg=255 erase_cnt=18 (vpc/ipc reset)
[EXP] [ERASE] ch=3 lun=6 pl=0 blk=97 pg=255 erase_cnt=18 (vpc/ipc reset)
[EXP] [ERASE] ch=3 lun=7 pl=0 blk=97 pg=255 erase_cnt=18 (vpc/ipc reset)
[EXP] [ERASE] ch=4 lun=0 pl=0 blk=97 pg=255 erase_cnt=18 (vpc/ipc reset)
[EXP] [ERASE] ch=4 lun=1 pl=0 blk=97 pg=255 erase_cnt=18 (vpc/ipc reset)
[EXP] [ERASE] ch=4 lun=2 pl=0 blk=97 pg=255 erase_cnt=18 (vpc/ipc reset)
[EXP] [ERASE] ch=4 lun=3 pl=0 blk=97 pg=255 erase_cnt=18 (vpc/ipc reset)
[EXP] [ERASE] ch=4 lun=4 pl=0 blk=97 pg=255 erase_cnt=18 (vpc/ipc reset)
[EXP] [ERASE] ch=4 lun=5 pl=0 blk=97 pg=255 erase_cnt=18 (vpc/ipc reset)
[EXP] [ERASE] ch=4 lun=6 pl=0 blk=97 pg=255 erase_cnt=18 (vpc/ipc reset)
[EXP] [ERASE] ch=4 lun=7 pl=0 blk=97 pg=255 erase_cnt=18 (vpc/ipc reset)
[EXP] [ERASE] ch=5 lun=0 pl=0 blk=97 pg=255 erase_cnt=18 (vpc/ipc reset)
[EXP] [ERASE] ch=5 lun=1 pl=0 blk=97 pg=255 erase_cnt=18 (vpc/ipc reset)
[EXP] [ERASE] ch=5 lun=2 pl=0 blk=97 pg=255 erase_cnt=18 (vpc/ipc reset)
[EXP] [ERASE] ch=5 lun=3 pl=0 blk=97 pg=255 erase_cnt=18 (vpc/ipc reset)
[EXP] [ERASE] ch=5 lun=4 pl=0 blk=97 pg=255 erase_cnt=18 (vpc/ipc reset)
[EXP] [ERASE] ch=5 lun=5 pl=0 blk=97 pg=255 erase_cnt=18 (vpc/ipc reset)
[EXP] [ERASE] ch=5 lun=6 pl=0 blk=97 pg=255 erase_cnt=18 (vpc/ipc reset)
[EXP] [ERASE] ch=5 lun=7 pl=0 blk=97 pg=255 erase_cnt=18 (vpc/ipc reset)
[EXP] [ERASE] ch=6 lun=0 pl=0 blk=97 pg=255 erase_cnt=18 (vpc/ipc reset)
[EXP] [ERASE] ch=6 lun=1 pl=0 blk=97 pg=255 erase_cnt=18 (vpc/ipc reset)
[EXP] [ERASE] ch=6 lun=2 pl=0 blk=97 pg=255 erase_cnt=18 (vpc/ipc reset)
[EXP] [ERASE] ch=6 lun=3 pl=0 blk=97 pg=255 erase_cnt=18 (vpc/ipc reset)
[EXP] [ERASE] ch=6 lun=4 pl=0 blk=97 pg=255 erase_cnt=18 (vpc/ipc reset)
[EXP] [ERASE] ch=6 lun=5 pl=0 blk=97 pg=255 erase_cnt=18 (vpc/ipc reset)
[EXP] [ERASE] ch=6 lun=6 pl=0 blk=97 pg=255 erase_cnt=18 (vpc/ipc reset)
[EXP] [ERASE] ch=6 lun=7 pl=0 blk=97 pg=255 erase_cnt=18 (vpc/ipc reset)
[EXP] [ERASE] ch=7 lun=0 pl=0 blk=97 pg=255 erase_cnt=18 (vpc/ipc reset)
[EXP] [ERASE] ch=7 lun=1 pl=0 blk=97 pg=255 erase_cnt=18 (vpc/ipc reset)
[EXP] [ERASE] ch=7 lun=2 pl=0 blk=97 pg=255 erase_cnt=18 (vpc/ipc reset)
[EXP] [ERASE] ch=7 lun=3 pl=0 blk=97 pg=255 erase_cnt=18 (vpc/ipc reset)
[EXP] [ERASE] ch=7 lun=4 pl=0 blk=97 pg=255 erase_cnt=18 (vpc/ipc reset)
[EXP] [ERASE] ch=7 lun=5 pl=0 blk=97 pg=255 erase_cnt=18 (vpc/ipc reset)
[EXP] [ERASE] ch=7 lun=6 pl=0 blk=97 pg=255 erase_cnt=18 (vpc/ipc reset)
[EXP] [ERASE] ch=7 lun=7 pl=0 blk=97 pg=255 erase_cnt=18 (vpc/ipc reset)
[EXP] [ERASE] ch=0 lun=0 pl=0 blk=17 pg=255 erase_cnt=11 (vpc/ipc reset)
[EXP] [ERASE] ch=0 lun=1 pl=0 blk=17 pg=255 erase_cnt=11 (vpc/ipc reset)
[EXP] [ERASE] ch=0 lun=2 pl=0 blk=17 pg=255 erase_cnt=11 (vpc/ipc reset)
[EXP] [ERASE] ch=0 lun=3 pl=0 blk=17 pg=255 erase_cnt=11 (vpc/ipc reset)
[EXP] [ERASE] ch=0 lun=4 pl=0 blk=17 pg=255 erase_cnt=11 (vpc/ipc reset)
[EXP] [ERASE] ch=0 lun=5 pl=0 blk=17 pg=255 erase_cnt=11 (vpc/ipc reset)
[EXP] [ERASE] ch=0 lun=6 pl=0 blk=17 pg=255 erase_cnt=11 (vpc/ipc reset)
[EXP] [ERASE] ch=0 lun=7 pl=0 blk=17 pg=255 erase_cnt=11 (vpc/ipc reset)
[EXP] [ERASE] ch=1 lun=0 pl=0 blk=17 pg=255 erase_cnt=11 (vpc/ipc reset)
[EXP] [ERASE] ch=1 lun=1 pl=0 blk=17 pg=255 erase_cnt=11 (vpc/ipc reset)
[EXP] [ERASE] ch=1 lun=2 pl=0 blk=17 pg=255 erase_cnt=11 (vpc/ipc reset)
[EXP] [ERASE] ch=1 lun=3 pl=0 blk=17 pg=255 erase_cnt=11 (vpc/ipc reset)
[EXP] [ERASE] ch=1 lun=4 pl=0 blk=17 pg=255 erase_cnt=11 (vpc/ipc reset)
[EXP] [ERASE] ch=1 lun=5 pl=0 blk=17 pg=255 erase_cnt=11 (vpc/ipc reset)
[EXP] [ERASE] ch=1 lun=6 pl=0 blk=17 pg=255 erase_cnt=11 (vpc/ipc reset)
[EXP] [ERASE] ch=1 lun=7 pl=0 blk=17 pg=255 erase_cnt=11 (vpc/ipc reset)
[EXP] [ERASE] ch=2 lun=0 pl=0 blk=17 pg=255 erase_cnt=11 (vpc/ipc reset)
[EXP] [ERASE] ch=2 lun=1 pl=0 blk=17 pg=255 erase_cnt=11 (vpc/ipc reset)
[EXP] [ERASE] ch=2 lun=2 pl=0 blk=17 pg=255 erase_cnt=11 (vpc/ipc reset)
[EXP] [ERASE] ch=2 lun=3 pl=0 blk=17 pg=255 erase_cnt=11 (vpc/ipc reset)
[EXP] [ERASE] ch=2 lun=4 pl=0 blk=17 pg=255 erase_cnt=11 (vpc/ipc reset)
[EXP] [ERASE] ch=2 lun=5 pl=0 blk=17 pg=255 erase_cnt=11 (vpc/ipc reset)
[EXP] [ERASE] ch=2 lun=6 pl=0 blk=17 pg=255 erase_cnt=11 (vpc/ipc reset)
[EXP] [ERASE] ch=2 lun=7 pl=0 blk=17 pg=255 erase_cnt=11 (vpc/ipc reset)
[EXP] [ERASE] ch=3 lun=0 pl=0 blk=17 pg=255 erase_cnt=11 (vpc/ipc reset)
[EXP] [ERASE] ch=3 lun=1 pl=0 blk=17 pg=255 erase_cnt=11 (vpc/ipc reset)
[EXP] [ERASE] ch=3 lun=2 pl=0 blk=17 pg=255 erase_cnt=11 (vpc/ipc reset)
[EXP] [ERASE] ch=3 lun=3 pl=0 blk=17 pg=255 erase_cnt=11 (vpc/ipc reset)
[EXP] [ERASE] ch=3 lun=4 pl=0 blk=17 pg=255 erase_cnt=11 (vpc/ipc reset)
[EXP] [ERASE] ch=3 lun=5 pl=0 blk=17 pg=255 erase_cnt=11 (vpc/ipc reset)
[EXP] [ERASE] ch=3 lun=6 pl=0 blk=17 pg=255 erase_cnt=11 (vpc/ipc reset)
[EXP] [ERASE] ch=3 lun=7 pl=0 blk=17 pg=255 erase_cnt=11 (vpc/ipc reset)
[EXP] [ERASE] ch=4 lun=0 pl=0 blk=17 pg=255 erase_cnt=11 (vpc/ipc reset)
[EXP] [ERASE] ch=4 lun=1 pl=0 blk=17 pg=255 erase_cnt=11 (vpc/ipc reset)
[EXP] [ERASE] ch=4 lun=2 pl=0 blk=17 pg=255 erase_cnt=11 (vpc/ipc reset)
[EXP] [ERASE] ch=4 lun=3 pl=0 blk=17 pg=255 erase_cnt=11 (vpc/ipc reset)
[EXP] [ERASE] ch=4 lun=4 pl=0 blk=17 pg=255 erase_cnt=11 (vpc/ipc reset)
[EXP] [ERASE] ch=4 lun=5 pl=0 blk=17 pg=255 erase_cnt=11 (vpc/ipc reset)
[EXP] [ERASE] ch=4 lun=6 pl=0 blk=17 pg=255 erase_cnt=11 (vpc/ipc reset)
[EXP] [ERASE] ch=4 lun=7 pl=0 blk=17 pg=255 erase_cnt=11 (vpc/ipc reset)
[EXP] [ERASE] ch=5 lun=0 pl=0 blk=17 pg=255 erase_cnt=11 (vpc/ipc reset)
[EXP] [ERASE] ch=5 lun=1 pl=0 blk=17 pg=255 erase_cnt=11 (vpc/ipc reset)
[EXP] [ERASE] ch=5 lun=2 pl=0 blk=17 pg=255 erase_cnt=11 (vpc/ipc reset)
[EXP] [ERASE] ch=5 lun=3 pl=0 blk=17 pg=255 erase_cnt=11 (vpc/ipc reset)
[EXP] [ERASE] ch=5 lun=4 pl=0 blk=17 pg=255 erase_cnt=11 (vpc/ipc reset)
[EXP] [ERASE] ch=5 lun=5 pl=0 blk=17 pg=255 erase_cnt=11 (vpc/ipc reset)
[EXP] [ERASE] ch=5 lun=6 pl=0 blk=17 pg=255 erase_cnt=11 (vpc/ipc reset)
[EXP] [ERASE] ch=5 lun=7 pl=0 blk=17 pg=255 erase_cnt=11 (vpc/ipc reset)
[EXP] [ERASE] ch=6 lun=0 pl=0 blk=17 pg=255 erase_cnt=11 (vpc/ipc reset)
[EXP] [ERASE] ch=6 lun=1 pl=0 blk=17 pg=255 erase_cnt=11 (vpc/ipc reset)
[EXP] [ERASE] ch=6 lun=2 pl=0 blk=17 pg=255 erase_cnt=11 (vpc/ipc reset)
[EXP] [ERASE] ch=6 lun=3 pl=0 blk=17 pg=255 erase_cnt=11 (vpc/ipc reset)
[EXP] [ERASE] ch=6 lun=4 pl=0 blk=17 pg=255 erase_cnt=11 (vpc/ipc reset)
[EXP] [ERASE] ch=6 lun=5 pl=0 blk=17 pg=255 erase_cnt=11 (vpc/ipc reset)
[EXP] [ERASE] ch=6 lun=6 pl=0 blk=17 pg=255 erase_cnt=11 (vpc/ipc reset)
[EXP] [ERASE] ch=6 lun=7 pl=0 blk=17 pg=255 erase_cnt=11 (vpc/ipc reset)
[EXP] [ERASE] ch=7 lun=0 pl=0 blk=17 pg=255 erase_cnt=11 (vpc/ipc reset)
[EXP] [ERASE] ch=7 lun=1 pl=0 blk=17 pg=255 erase_cnt=11 (vpc/ipc reset)
[EXP] [ERASE] ch=7 lun=2 pl=0 blk=17 pg=255 erase_cnt=11 (vpc/ipc reset)
[EXP] [ERASE] ch=7 lun=3 pl=0 blk=17 pg=255 erase_cnt=11 (vpc/ipc reset)
[EXP] [ERASE] ch=7 lun=4 pl=0 blk=17 pg=255 erase_cnt=11 (vpc/ipc reset)
[EXP] [ERASE] ch=7 lun=5 pl=0 blk=17 pg=255 erase_cnt=11 (vpc/ipc reset)
[EXP] [ERASE] ch=7 lun=6 pl=0 blk=17 pg=255 erase_cnt=11 (vpc/ipc reset)
[EXP] [ERASE] ch=7 lun=7 pl=0 blk=17 pg=255 erase_cnt=11 (vpc/ipc reset)
[EXP] [ERASE] ch=0 lun=0 pl=0 blk=17 pg=255 erase_cnt=12 (vpc/ipc reset)
[EXP] [ERASE] ch=0 lun=1 pl=0 blk=17 pg=255 erase_cnt=12 (vpc/ipc reset)
[EXP] [ERASE] ch=0 lun=2 pl=0 blk=17 pg=255 erase_cnt=12 (vpc/ipc reset)
[EXP] [ERASE] ch=0 lun=3 pl=0 blk=17 pg=255 erase_cnt=12 (vpc/ipc reset)
[EXP] [ERASE] ch=0 lun=4 pl=0 blk=17 pg=255 erase_cnt=12 (vpc/ipc reset)
[EXP] [ERASE] ch=0 lun=5 pl=0 blk=17 pg=255 erase_cnt=12 (vpc/ipc reset)
[EXP] [ERASE] ch=0 lun=6 pl=0 blk=17 pg=255 erase_cnt=12 (vpc/ipc reset)
[EXP] [ERASE] ch=0 lun=7 pl=0 blk=17 pg=255 erase_cnt=12 (vpc/ipc reset)
[EXP] [ERASE] ch=1 lun=0 pl=0 blk=17 pg=255 erase_cnt=12 (vpc/ipc reset)
[EXP] [ERASE] ch=1 lun=1 pl=0 blk=17 pg=255 erase_cnt=12 (vpc/ipc reset)
[EXP] [ERASE] ch=1 lun=2 pl=0 blk=17 pg=255 erase_cnt=12 (vpc/ipc reset)
[EXP] [ERASE] ch=1 lun=3 pl=0 blk=17 pg=255 erase_cnt=12 (vpc/ipc reset)
[EXP] [ERASE] ch=1 lun=4 pl=0 blk=17 pg=255 erase_cnt=12 (vpc/ipc reset)
[EXP] [ERASE] ch=1 lun=5 pl=0 blk=17 pg=255 erase_cnt=12 (vpc/ipc reset)
[EXP] [ERASE] ch=1 lun=6 pl=0 blk=17 pg=255 erase_cnt=12 (vpc/ipc reset)
[EXP] [ERASE] ch=1 lun=7 pl=0 blk=17 pg=255 erase_cnt=12 (vpc/ipc reset)
[EXP] [ERASE] ch=2 lun=0 pl=0 blk=17 pg=255 erase_cnt=12 (vpc/ipc reset)
[EXP] [ERASE] ch=2 lun=1 pl=0 blk=17 pg=255 erase_cnt=12 (vpc/ipc reset)
[EXP] [ERASE] ch=2 lun=2 pl=0 blk=17 pg=255 erase_cnt=12 (vpc/ipc reset)
[EXP] [ERASE] ch=2 lun=3 pl=0 blk=17 pg=255 erase_cnt=12 (vpc/ipc reset)
[EXP] [ERASE] ch=2 lun=4 pl=0 blk=17 pg=255 erase_cnt=12 (vpc/ipc reset)
[EXP] [ERASE] ch=2 lun=5 pl=0 blk=17 pg=255 erase_cnt=12 (vpc/ipc reset)
[EXP] [ERASE] ch=2 lun=6 pl=0 blk=17 pg=255 erase_cnt=12 (vpc/ipc reset)
[EXP] [ERASE] ch=2 lun=7 pl=0 blk=17 pg=255 erase_cnt=12 (vpc/ipc reset)
[EXP] [ERASE] ch=3 lun=0 pl=0 blk=17 pg=255 erase_cnt=12 (vpc/ipc reset)
[EXP] [ERASE] ch=3 lun=1 pl=0 blk=17 pg=255 erase_cnt=12 (vpc/ipc reset)
[EXP] [ERASE] ch=3 lun=2 pl=0 blk=17 pg=255 erase_cnt=12 (vpc/ipc reset)
[EXP] [ERASE] ch=3 lun=3 pl=0 blk=17 pg=255 erase_cnt=12 (vpc/ipc reset)
[EXP] [ERASE] ch=3 lun=4 pl=0 blk=17 pg=255 erase_cnt=12 (vpc/ipc reset)
[EXP] [ERASE] ch=3 lun=5 pl=0 blk=17 pg=255 erase_cnt=12 (vpc/ipc reset)
[EXP] [ERASE] ch=3 lun=6 pl=0 blk=17 pg=255 erase_cnt=12 (vpc/ipc reset)
[EXP] [ERASE] ch=3 lun=7 pl=0 blk=17 pg=255 erase_cnt=12 (vpc/ipc reset)
[EXP] [ERASE] ch=4 lun=0 pl=0 blk=17 pg=255 erase_cnt=12 (vpc/ipc reset)
[EXP] [ERASE] ch=4 lun=1 pl=0 blk=17 pg=255 erase_cnt=12 (vpc/ipc reset)
[EXP] [ERASE] ch=4 lun=2 pl=0 blk=17 pg=255 erase_cnt=12 (vpc/ipc reset)
[EXP] [ERASE] ch=4 lun=3 pl=0 blk=17 pg=255 erase_cnt=12 (vpc/ipc reset)
[EXP] [ERASE] ch=4 lun=4 pl=0 blk=17 pg=255 erase_cnt=12 (vpc/ipc reset)
[EXP] [ERASE] ch=4 lun=5 pl=0 blk=17 pg=255 erase_cnt=12 (vpc/ipc reset)
[EXP] [ERASE] ch=4 lun=6 pl=0 blk=17 pg=255 erase_cnt=12 (vpc/ipc reset)
[EXP] [ERASE] ch=4 lun=7 pl=0 blk=17 pg=255 erase_cnt=12 (vpc/ipc reset)
[EXP] [ERASE] ch=5 lun=0 pl=0 blk=17 pg=255 erase_cnt=12 (vpc/ipc reset)
[EXP] [ERASE] ch=5 lun=1 pl=0 blk=17 pg=255 erase_cnt=12 (vpc/ipc reset)
[EXP] [ERASE] ch=5 lun=2 pl=0 blk=17 pg=255 erase_cnt=12 (vpc/ipc reset)
[EXP] [ERASE] ch=5 lun=3 pl=0 blk=17 pg=255 erase_cnt=12 (vpc/ipc reset)
[EXP] [ERASE] ch=5 lun=4 pl=0 blk=17 pg=255 erase_cnt=12 (vpc/ipc reset)
[EXP] [ERASE] ch=5 lun=5 pl=0 blk=17 pg=255 erase_cnt=12 (vpc/ipc reset)
[EXP] [ERASE] ch=5 lun=6 pl=0 blk=17 pg=255 erase_cnt=12 (vpc/ipc reset)
[EXP] [ERASE] ch=5 lun=7 pl=0 blk=17 pg=255 erase_cnt=12 (vpc/ipc reset)
[EXP] [ERASE] ch=6 lun=0 pl=0 blk=17 pg=255 erase_cnt=12 (vpc/ipc reset)
[EXP] [ERASE] ch=6 lun=1 pl=0 blk=17 pg=255 erase_cnt=12 (vpc/ipc reset)
[EXP] [ERASE] ch=6 lun=2 pl=0 blk=17 pg=255 erase_cnt=12 (vpc/ipc reset)
[EXP] [ERASE] ch=6 lun=3 pl=0 blk=17 pg=255 erase_cnt=12 (vpc/ipc reset)
[EXP] [ERASE] ch=6 lun=4 pl=0 blk=17 pg=255 erase_cnt=12 (vpc/ipc reset)
[EXP] [ERASE] ch=6 lun=5 pl=0 blk=17 pg=255 erase_cnt=12 (vpc/ipc reset)
[EXP] [ERASE] ch=6 lun=6 pl=0 blk=17 pg=255 erase_cnt=12 (vpc/ipc reset)
[EXP] [ERASE] ch=6 lun=7 pl=0 blk=17 pg=255 erase_cnt=12 (vpc/ipc reset)
[EXP] [ERASE] ch=7 lun=0 pl=0 blk=17 pg=255 erase_cnt=12 (vpc/ipc reset)
[EXP] [ERASE] ch=7 lun=1 pl=0 blk=17 pg=255 erase_cnt=12 (vpc/ipc reset)
[EXP] [ERASE] ch=7 lun=2 pl=0 blk=17 pg=255 erase_cnt=12 (vpc/ipc reset)
[EXP] [ERASE] ch=7 lun=3 pl=0 blk=17 pg=255 erase_cnt=12 (vpc/ipc reset)
[EXP] [ERASE] ch=7 lun=4 pl=0 blk=17 pg=255 erase_cnt=12 (vpc/ipc reset)
[EXP] [ERASE] ch=7 lun=5 pl=0 blk=17 pg=255 erase_cnt=12 (vpc/ipc reset)
[EXP] [ERASE] ch=7 lun=6 pl=0 blk=17 pg=255 erase_cnt=12 (vpc/ipc reset)
[EXP] [ERASE] ch=7 lun=7 pl=0 blk=17 pg=255 erase_cnt=12 (vpc/ipc reset)
[EXP] [ERASE] ch=0 lun=0 pl=0 blk=100 pg=255 erase_cnt=17 (vpc/ipc reset)
[EXP] [ERASE] ch=0 lun=1 pl=0 blk=100 pg=255 erase_cnt=17 (vpc/ipc reset)
[EXP] [ERASE] ch=0 lun=2 pl=0 blk=100 pg=255 erase_cnt=17 (vpc/ipc reset)
[EXP] [ERASE] ch=0 lun=3 pl=0 blk=100 pg=255 erase_cnt=17 (vpc/ipc reset)
[EXP] [ERASE] ch=0 lun=4 pl=0 blk=100 pg=255 erase_cnt=17 (vpc/ipc reset)
[EXP] [ERASE] ch=0 lun=5 pl=0 blk=100 pg=255 erase_cnt=17 (vpc/ipc reset)
[EXP] [ERASE] ch=0 lun=6 pl=0 blk=100 pg=255 erase_cnt=17 (vpc/ipc reset)
[EXP] [ERASE] ch=0 lun=7 pl=0 blk=100 pg=255 erase_cnt=17 (vpc/ipc reset)
[EXP] [ERASE] ch=1 lun=0 pl=0 blk=100 pg=255 erase_cnt=17 (vpc/ipc reset)
[EXP] [ERASE] ch=1 lun=1 pl=0 blk=100 pg=255 erase_cnt=17 (vpc/ipc reset)
[EXP] [ERASE] ch=1 lun=2 pl=0 blk=100 pg=255 erase_cnt=17 (vpc/ipc reset)
[EXP] [ERASE] ch=1 lun=3 pl=0 blk=100 pg=255 erase_cnt=17 (vpc/ipc reset)
[EXP] [ERASE] ch=1 lun=4 pl=0 blk=100 pg=255 erase_cnt=17 (vpc/ipc reset)
[EXP] [ERASE] ch=1 lun=5 pl=0 blk=100 pg=255 erase_cnt=17 (vpc/ipc reset)
[EXP] [ERASE] ch=1 lun=6 pl=0 blk=100 pg=255 erase_cnt=17 (vpc/ipc reset)
[EXP] [ERASE] ch=1 lun=7 pl=0 blk=100 pg=255 erase_cnt=17 (vpc/ipc reset)
[EXP] [ERASE] ch=2 lun=0 pl=0 blk=100 pg=255 erase_cnt=17 (vpc/ipc reset)
[EXP] [ERASE] ch=2 lun=1 pl=0 blk=100 pg=255 erase_cnt=17 (vpc/ipc reset)
[EXP] [ERASE] ch=2 lun=2 pl=0 blk=100 pg=255 erase_cnt=17 (vpc/ipc reset)
[EXP] [ERASE] ch=2 lun=3 pl=0 blk=100 pg=255 erase_cnt=17 (vpc/ipc reset)
[EXP] [ERASE] ch=2 lun=4 pl=0 blk=100 pg=255 erase_cnt=17 (vpc/ipc reset)
[EXP] [ERASE] ch=2 lun=5 pl=0 blk=100 pg=255 erase_cnt=17 (vpc/ipc reset)
[EXP] [ERASE] ch=2 lun=6 pl=0 blk=100 pg=255 erase_cnt=17 (vpc/ipc reset)
[EXP] [ERASE] ch=2 lun=7 pl=0 blk=100 pg=255 erase_cnt=17 (vpc/ipc reset)
[EXP] [ERASE] ch=3 lun=0 pl=0 blk=100 pg=255 erase_cnt=17 (vpc/ipc reset)
[EXP] [ERASE] ch=3 lun=1 pl=0 blk=100 pg=255 erase_cnt=17 (vpc/ipc reset)
[EXP] [ERASE] ch=3 lun=2 pl=0 blk=100 pg=255 erase_cnt=17 (vpc/ipc reset)
[EXP] [ERASE] ch=3 lun=3 pl=0 blk=100 pg=255 erase_cnt=17 (vpc/ipc reset)
[EXP] [ERASE] ch=3 lun=4 pl=0 blk=100 pg=255 erase_cnt=17 (vpc/ipc reset)
[EXP] [ERASE] ch=3 lun=5 pl=0 blk=100 pg=255 erase_cnt=17 (vpc/ipc reset)
[EXP] [ERASE] ch=3 lun=6 pl=0 blk=100 pg=255 erase_cnt=17 (vpc/ipc reset)
[EXP] [ERASE] ch=3 lun=7 pl=0 blk=100 pg=255 erase_cnt=17 (vpc/ipc reset)
[EXP] [ERASE] ch=4 lun=0 pl=0 blk=100 pg=255 erase_cnt=17 (vpc/ipc reset)
[EXP] [ERASE] ch=4 lun=1 pl=0 blk=100 pg=255 erase_cnt=17 (vpc/ipc reset)
[EXP] [ERASE] ch=4 lun=2 pl=0 blk=100 pg=255 erase_cnt=17 (vpc/ipc reset)
[EXP] [ERASE] ch=4 lun=3 pl=0 blk=100 pg=255 erase_cnt=17 (vpc/ipc reset)
[EXP] [ERASE] ch=4 lun=4 pl=0 blk=100 pg=255 erase_cnt=17 (vpc/ipc reset)
[EXP] [ERASE] ch=4 lun=5 pl=0 blk=100 pg=255 erase_cnt=17 (vpc/ipc reset)
[EXP] [ERASE] ch=4 lun=6 pl=0 blk=100 pg=255 erase_cnt=17 (vpc/ipc reset)
[EXP] [ERASE] ch=4 lun=7 pl=0 blk=100 pg=255 erase_cnt=17 (vpc/ipc reset)
[EXP] [ERASE] ch=5 lun=0 pl=0 blk=100 pg=255 erase_cnt=17 (vpc/ipc reset)
[EXP] [ERASE] ch=5 lun=1 pl=0 blk=100 pg=255 erase_cnt=17 (vpc/ipc reset)
[EXP] [ERASE] ch=5 lun=2 pl=0 blk=100 pg=255 erase_cnt=17 (vpc/ipc reset)
[EXP] [ERASE] ch=5 lun=3 pl=0 blk=100 pg=255 erase_cnt=17 (vpc/ipc reset)
[EXP] [ERASE] ch=5 lun=4 pl=0 blk=100 pg=255 erase_cnt=17 (vpc/ipc reset)
[EXP] [ERASE] ch=5 lun=5 pl=0 blk=100 pg=255 erase_cnt=17 (vpc/ipc reset)
[EXP] [ERASE] ch=5 lun=6 pl=0 blk=100 pg=255 erase_cnt=17 (vpc/ipc reset)
[EXP] [ERASE] ch=5 lun=7 pl=0 blk=100 pg=255 erase_cnt=17 (vpc/ipc reset)
[EXP] [ERASE] ch=6 lun=0 pl=0 blk=100 pg=255 erase_cnt=17 (vpc/ipc reset)
[EXP] [ERASE] ch=6 lun=1 pl=0 blk=100 pg=255 erase_cnt=17 (vpc/ipc reset)
[EXP] [ERASE] ch=6 lun=2 pl=0 blk=100 pg=255 erase_cnt=17 (vpc/ipc reset)
[EXP] [ERASE] ch=6 lun=3 pl=0 blk=100 pg=255 erase_cnt=17 (vpc/ipc reset)
[EXP] [ERASE] ch=6 lun=4 pl=0 blk=100 pg=255 erase_cnt=17 (vpc/ipc reset)
[EXP] [ERASE] ch=6 lun=5 pl=0 blk=100 pg=255 erase_cnt=17 (vpc/ipc reset)
[EXP] [ERASE] ch=6 lun=6 pl=0 blk=100 pg=255 erase_cnt=17 (vpc/ipc reset)
[EXP] [ERASE] ch=6 lun=7 pl=0 blk=100 pg=255 erase_cnt=17 (vpc/ipc reset)
[EXP] [ERASE] ch=7 lun=0 pl=0 blk=100 pg=255 erase_cnt=17 (vpc/ipc reset)
[EXP] [ERASE] ch=7 lun=1 pl=0 blk=100 pg=255 erase_cnt=17 (vpc/ipc reset)
[EXP] [ERASE] ch=7 lun=2 pl=0 blk=100 pg=255 erase_cnt=17 (vpc/ipc reset)
[EXP] [ERASE] ch=7 lun=3 pl=0 blk=100 pg=255 erase_cnt=17 (vpc/ipc reset)
[EXP] [ERASE] ch=7 lun=4 pl=0 blk=100 pg=255 erase_cnt=17 (vpc/ipc reset)
[EXP] [ERASE] ch=7 lun=5 pl=0 blk=100 pg=255 erase_cnt=17 (vpc/ipc reset)
[EXP] [ERASE] ch=7 lun=6 pl=0 blk=100 pg=255 erase_cnt=17 (vpc/ipc reset)
[EXP] [ERASE] ch=7 lun=7 pl=0 blk=100 pg=255 erase_cnt=17 (vpc/ipc reset)
[EXP] [ERASE] ch=0 lun=0 pl=0 blk=28 pg=255 erase_cnt=13 (vpc/ipc reset)
[EXP] [ERASE] ch=0 lun=1 pl=0 blk=28 pg=255 erase_cnt=13 (vpc/ipc reset)
[EXP] [ERASE] ch=0 lun=2 pl=0 blk=28 pg=255 erase_cnt=13 (vpc/ipc reset)
[EXP] [ERASE] ch=0 lun=3 pl=0 blk=28 pg=255 erase_cnt=13 (vpc/ipc reset)
[EXP] [ERASE] ch=0 lun=4 pl=0 blk=28 pg=255 erase_cnt=13 (vpc/ipc reset)
[EXP] [ERASE] ch=0 lun=5 pl=0 blk=28 pg=255 erase_cnt=13 (vpc/ipc reset)
[EXP] [ERASE] ch=0 lun=6 pl=0 blk=28 pg=255 erase_cnt=13 (vpc/ipc reset)
[EXP] [ERASE] ch=0 lun=7 pl=0 blk=28 pg=255 erase_cnt=13 (vpc/ipc reset)
[EXP] [ERASE] ch=1 lun=0 pl=0 blk=28 pg=255 erase_cnt=13 (vpc/ipc reset)
[EXP] [ERASE] ch=1 lun=1 pl=0 blk=28 pg=255 erase_cnt=13 (vpc/ipc reset)
[EXP] [ERASE] ch=1 lun=2 pl=0 blk=28 pg=255 erase_cnt=13 (vpc/ipc reset)
[EXP] [ERASE] ch=1 lun=3 pl=0 blk=28 pg=255 erase_cnt=13 (vpc/ipc reset)
[EXP] [ERASE] ch=1 lun=4 pl=0 blk=28 pg=255 erase_cnt=13 (vpc/ipc reset)
[EXP] [ERASE] ch=1 lun=5 pl=0 blk=28 pg=255 erase_cnt=13 (vpc/ipc reset)
[EXP] [ERASE] ch=1 lun=6 pl=0 blk=28 pg=255 erase_cnt=13 (vpc/ipc reset)
[EXP] [ERASE] ch=1 lun=7 pl=0 blk=28 pg=255 erase_cnt=13 (vpc/ipc reset)
[EXP] [ERASE] ch=2 lun=0 pl=0 blk=28 pg=255 erase_cnt=13 (vpc/ipc reset)
[EXP] [ERASE] ch=2 lun=1 pl=0 blk=28 pg=255 erase_cnt=13 (vpc/ipc reset)
[EXP] [ERASE] ch=2 lun=2 pl=0 blk=28 pg=255 erase_cnt=13 (vpc/ipc reset)
[EXP] [ERASE] ch=2 lun=3 pl=0 blk=28 pg=255 erase_cnt=13 (vpc/ipc reset)
[EXP] [ERASE] ch=2 lun=4 pl=0 blk=28 pg=255 erase_cnt=13 (vpc/ipc reset)
[EXP] [ERASE] ch=2 lun=5 pl=0 blk=28 pg=255 erase_cnt=13 (vpc/ipc reset)
[EXP] [ERASE] ch=2 lun=6 pl=0 blk=28 pg=255 erase_cnt=13 (vpc/ipc reset)
[EXP] [ERASE] ch=2 lun=7 pl=0 blk=28 pg=255 erase_cnt=13 (vpc/ipc reset)
[EXP] [ERASE] ch=3 lun=0 pl=0 blk=28 pg=255 erase_cnt=13 (vpc/ipc reset)
[EXP] [ERASE] ch=3 lun=1 pl=0 blk=28 pg=255 erase_cnt=13 (vpc/ipc reset)
[EXP] [ERASE] ch=3 lun=2 pl=0 blk=28 pg=255 erase_cnt=13 (vpc/ipc reset)
[EXP] [ERASE] ch=3 lun=3 pl=0 blk=28 pg=255 erase_cnt=13 (vpc/ipc reset)
[EXP] [ERASE] ch=3 lun=4 pl=0 blk=28 pg=255 erase_cnt=13 (vpc/ipc reset)
[EXP] [ERASE] ch=3 lun=5 pl=0 blk=28 pg=255 erase_cnt=13 (vpc/ipc reset)
[EXP] [ERASE] ch=3 lun=6 pl=0 blk=28 pg=255 erase_cnt=13 (vpc/ipc reset)
[EXP] [ERASE] ch=3 lun=7 pl=0 blk=28 pg=255 erase_cnt=13 (vpc/ipc reset)
[EXP] [ERASE] ch=4 lun=0 pl=0 blk=28 pg=255 erase_cnt=13 (vpc/ipc reset)
[EXP] [ERASE] ch=4 lun=1 pl=0 blk=28 pg=255 erase_cnt=13 (vpc/ipc reset)
[EXP] [ERASE] ch=4 lun=2 pl=0 blk=28 pg=255 erase_cnt=13 (vpc/ipc reset)
[EXP] [GC_MOVE] lpn=0 state=COLD access=1 short=0 last_seq=2566169 decay_epoch=320771 ch=4 lun=3 pl=0 blk=28 pg=63 -> ch=5 lun=0 pl=0 blk=47 pg=100
[EXP] [ERASE] ch=4 lun=3 pl=0 blk=28 pg=255 erase_cnt=13 (vpc/ipc reset)
[EXP] [ERASE] ch=4 lun=4 pl=0 blk=28 pg=255 erase_cnt=13 (vpc/ipc reset)
[EXP] [ERASE] ch=4 lun=5 pl=0 blk=28 pg=255 erase_cnt=13 (vpc/ipc reset)
[EXP] [ERASE] ch=4 lun=6 pl=0 blk=28 pg=255 erase_cnt=13 (vpc/ipc reset)
[EXP] [ERASE] ch=4 lun=7 pl=0 blk=28 pg=255 erase_cnt=13 (vpc/ipc reset)
[EXP] [ERASE] ch=5 lun=0 pl=0 blk=28 pg=255 erase_cnt=13 (vpc/ipc reset)
[EXP] [ERASE] ch=5 lun=1 pl=0 blk=28 pg=255 erase_cnt=13 (vpc/ipc reset)
[EXP] [ERASE] ch=5 lun=2 pl=0 blk=28 pg=255 erase_cnt=13 (vpc/ipc reset)
[EXP] [ERASE] ch=5 lun=3 pl=0 blk=28 pg=255 erase_cnt=13 (vpc/ipc reset)
[EXP] [ERASE] ch=5 lun=4 pl=0 blk=28 pg=255 erase_cnt=13 (vpc/ipc reset)
[EXP] [ERASE] ch=5 lun=5 pl=0 blk=28 pg=255 erase_cnt=13 (vpc/ipc reset)
[EXP] [ERASE] ch=5 lun=6 pl=0 blk=28 pg=255 erase_cnt=13 (vpc/ipc reset)
[EXP] [ERASE] ch=5 lun=7 pl=0 blk=28 pg=255 erase_cnt=13 (vpc/ipc reset)
[EXP] [ERASE] ch=6 lun=0 pl=0 blk=28 pg=255 erase_cnt=13 (vpc/ipc reset)
[EXP] [ERASE] ch=6 lun=1 pl=0 blk=28 pg=255 erase_cnt=13 (vpc/ipc reset)
[EXP] [ERASE] ch=6 lun=2 pl=0 blk=28 pg=255 erase_cnt=13 (vpc/ipc reset)
[EXP] [ERASE] ch=6 lun=3 pl=0 blk=28 pg=255 erase_cnt=13 (vpc/ipc reset)
[EXP] [ERASE] ch=6 lun=4 pl=0 blk=28 pg=255 erase_cnt=13 (vpc/ipc reset)
[EXP] [ERASE] ch=6 lun=5 pl=0 blk=28 pg=255 erase_cnt=13 (vpc/ipc reset)
[EXP] [ERASE] ch=6 lun=6 pl=0 blk=28 pg=255 erase_cnt=13 (vpc/ipc reset)
[EXP] [ERASE] ch=6 lun=7 pl=0 blk=28 pg=255 erase_cnt=13 (vpc/ipc reset)
[EXP] [ERASE] ch=7 lun=0 pl=0 blk=28 pg=255 erase_cnt=13 (vpc/ipc reset)
[EXP] [ERASE] ch=7 lun=1 pl=0 blk=28 pg=255 erase_cnt=13 (vpc/ipc reset)
[EXP] [ERASE] ch=7 lun=2 pl=0 blk=28 pg=255 erase_cnt=13 (vpc/ipc reset)
[EXP] [ERASE] ch=7 lun=3 pl=0 blk=28 pg=255 erase_cnt=13 (vpc/ipc reset)
[EXP] [ERASE] ch=7 lun=4 pl=0 blk=28 pg=255 erase_cnt=13 (vpc/ipc reset)
[EXP] [ERASE] ch=7 lun=5 pl=0 blk=28 pg=255 erase_cnt=13 (vpc/ipc reset)
[EXP] [ERASE] ch=7 lun=6 pl=0 blk=28 pg=255 erase_cnt=13 (vpc/ipc reset)
[EXP] [ERASE] ch=7 lun=7 pl=0 blk=28 pg=255 erase_cnt=13 (vpc/ipc reset)
[EXP] [ERASE] ch=0 lun=0 pl=0 blk=17 pg=255 erase_cnt=13 (vpc/ipc reset)
[EXP] [ERASE] ch=0 lun=1 pl=0 blk=17 pg=255 erase_cnt=13 (vpc/ipc reset)
[EXP] [ERASE] ch=0 lun=2 pl=0 blk=17 pg=255 erase_cnt=13 (vpc/ipc reset)
[EXP] [ERASE] ch=0 lun=3 pl=0 blk=17 pg=255 erase_cnt=13 (vpc/ipc reset)
[EXP] [ERASE] ch=0 lun=4 pl=0 blk=17 pg=255 erase_cnt=13 (vpc/ipc reset)
[EXP] [ERASE] ch=0 lun=5 pl=0 blk=17 pg=255 erase_cnt=13 (vpc/ipc reset)
[EXP] [ERASE] ch=0 lun=6 pl=0 blk=17 pg=255 erase_cnt=13 (vpc/ipc reset)
[EXP] [ERASE] ch=0 lun=7 pl=0 blk=17 pg=255 erase_cnt=13 (vpc/ipc reset)
[EXP] [ERASE] ch=1 lun=0 pl=0 blk=17 pg=255 erase_cnt=13 (vpc/ipc reset)
[EXP] [ERASE] ch=1 lun=1 pl=0 blk=17 pg=255 erase_cnt=13 (vpc/ipc reset)
[EXP] [ERASE] ch=1 lun=2 pl=0 blk=17 pg=255 erase_cnt=13 (vpc/ipc reset)
[EXP] [ERASE] ch=1 lun=3 pl=0 blk=17 pg=255 erase_cnt=13 (vpc/ipc reset)
[EXP] [ERASE] ch=1 lun=4 pl=0 blk=17 pg=255 erase_cnt=13 (vpc/ipc reset)
[EXP] [ERASE] ch=1 lun=5 pl=0 blk=17 pg=255 erase_cnt=13 (vpc/ipc reset)
[EXP] [ERASE] ch=1 lun=6 pl=0 blk=17 pg=255 erase_cnt=13 (vpc/ipc reset)
[EXP] [ERASE] ch=1 lun=7 pl=0 blk=17 pg=255 erase_cnt=13 (vpc/ipc reset)
[EXP] [ERASE] ch=2 lun=0 pl=0 blk=17 pg=255 erase_cnt=13 (vpc/ipc reset)
[EXP] [ERASE] ch=2 lun=1 pl=0 blk=17 pg=255 erase_cnt=13 (vpc/ipc reset)
[EXP] [ERASE] ch=2 lun=2 pl=0 blk=17 pg=255 erase_cnt=13 (vpc/ipc reset)
[EXP] [ERASE] ch=2 lun=3 pl=0 blk=17 pg=255 erase_cnt=13 (vpc/ipc reset)
[EXP] [ERASE] ch=2 lun=4 pl=0 blk=17 pg=255 erase_cnt=13 (vpc/ipc reset)
[EXP] [ERASE] ch=2 lun=5 pl=0 blk=17 pg=255 erase_cnt=13 (vpc/ipc reset)
[EXP] [ERASE] ch=2 lun=6 pl=0 blk=17 pg=255 erase_cnt=13 (vpc/ipc reset)
[EXP] [ERASE] ch=2 lun=7 pl=0 blk=17 pg=255 erase_cnt=13 (vpc/ipc reset)
[EXP] [ERASE] ch=3 lun=0 pl=0 blk=17 pg=255 erase_cnt=13 (vpc/ipc reset)
[EXP] [ERASE] ch=3 lun=1 pl=0 blk=17 pg=255 erase_cnt=13 (vpc/ipc reset)
[EXP] [ERASE] ch=3 lun=2 pl=0 blk=17 pg=255 erase_cnt=13 (vpc/ipc reset)
[EXP] [ERASE] ch=3 lun=3 pl=0 blk=17 pg=255 erase_cnt=13 (vpc/ipc reset)
[EXP] [ERASE] ch=3 lun=4 pl=0 blk=17 pg=255 erase_cnt=13 (vpc/ipc reset)
[EXP] [ERASE] ch=3 lun=5 pl=0 blk=17 pg=255 erase_cnt=13 (vpc/ipc reset)
[EXP] [ERASE] ch=3 lun=6 pl=0 blk=17 pg=255 erase_cnt=13 (vpc/ipc reset)
[EXP] [ERASE] ch=3 lun=7 pl=0 blk=17 pg=255 erase_cnt=13 (vpc/ipc reset)
[EXP] [ERASE] ch=4 lun=0 pl=0 blk=17 pg=255 erase_cnt=13 (vpc/ipc reset)
[EXP] [ERASE] ch=4 lun=1 pl=0 blk=17 pg=255 erase_cnt=13 (vpc/ipc reset)
[EXP] [ERASE] ch=4 lun=2 pl=0 blk=17 pg=255 erase_cnt=13 (vpc/ipc reset)
[EXP] [ERASE] ch=4 lun=3 pl=0 blk=17 pg=255 erase_cnt=13 (vpc/ipc reset)
[EXP] [ERASE] ch=4 lun=4 pl=0 blk=17 pg=255 erase_cnt=13 (vpc/ipc reset)
[EXP] [ERASE] ch=4 lun=5 pl=0 blk=17 pg=255 erase_cnt=13 (vpc/ipc reset)
[EXP] [ERASE] ch=4 lun=6 pl=0 blk=17 pg=255 erase_cnt=13 (vpc/ipc reset)
[EXP] [ERASE] ch=4 lun=7 pl=0 blk=17 pg=255 erase_cnt=13 (vpc/ipc reset)
[EXP] [ERASE] ch=5 lun=0 pl=0 blk=17 pg=255 erase_cnt=13 (vpc/ipc reset)
[EXP] [ERASE] ch=5 lun=1 pl=0 blk=17 pg=255 erase_cnt=13 (vpc/ipc reset)
[EXP] [ERASE] ch=5 lun=2 pl=0 blk=17 pg=255 erase_cnt=13 (vpc/ipc reset)
[EXP] [ERASE] ch=5 lun=3 pl=0 blk=17 pg=255 erase_cnt=13 (vpc/ipc reset)
[EXP] [ERASE] ch=5 lun=4 pl=0 blk=17 pg=255 erase_cnt=13 (vpc/ipc reset)
[EXP] [ERASE] ch=5 lun=5 pl=0 blk=17 pg=255 erase_cnt=13 (vpc/ipc reset)
[EXP] [ERASE] ch=5 lun=6 pl=0 blk=17 pg=255 erase_cnt=13 (vpc/ipc reset)
[EXP] [ERASE] ch=5 lun=7 pl=0 blk=17 pg=255 erase_cnt=13 (vpc/ipc reset)
[EXP] [ERASE] ch=6 lun=0 pl=0 blk=17 pg=255 erase_cnt=13 (vpc/ipc reset)
[EXP] [ERASE] ch=6 lun=1 pl=0 blk=17 pg=255 erase_cnt=13 (vpc/ipc reset)
[EXP] [ERASE] ch=6 lun=2 pl=0 blk=17 pg=255 erase_cnt=13 (vpc/ipc reset)
[EXP] [ERASE] ch=6 lun=3 pl=0 blk=17 pg=255 erase_cnt=13 (vpc/ipc reset)
[EXP] [ERASE] ch=6 lun=4 pl=0 blk=17 pg=255 erase_cnt=13 (vpc/ipc reset)
[EXP] [ERASE] ch=6 lun=5 pl=0 blk=17 pg=255 erase_cnt=13 (vpc/ipc reset)
[EXP] [ERASE] ch=6 lun=6 pl=0 blk=17 pg=255 erase_cnt=13 (vpc/ipc reset)
[EXP] [ERASE] ch=6 lun=7 pl=0 blk=17 pg=255 erase_cnt=13 (vpc/ipc reset)
[EXP] [ERASE] ch=7 lun=0 pl=0 blk=17 pg=255 erase_cnt=13 (vpc/ipc reset)
[EXP] [ERASE] ch=7 lun=1 pl=0 blk=17 pg=255 erase_cnt=13 (vpc/ipc reset)
[EXP] [ERASE] ch=7 lun=2 pl=0 blk=17 pg=255 erase_cnt=13 (vpc/ipc reset)
[EXP] [ERASE] ch=7 lun=3 pl=0 blk=17 pg=255 erase_cnt=13 (vpc/ipc reset)
[EXP] [ERASE] ch=7 lun=4 pl=0 blk=17 pg=255 erase_cnt=13 (vpc/ipc reset)
[EXP] [ERASE] ch=7 lun=5 pl=0 blk=17 pg=255 erase_cnt=13 (vpc/ipc reset)
[EXP] [ERASE] ch=7 lun=6 pl=0 blk=17 pg=255 erase_cnt=13 (vpc/ipc reset)
[EXP] [ERASE] ch=7 lun=7 pl=0 blk=17 pg=255 erase_cnt=13 (vpc/ipc reset)
[EXP] [ERASE] ch=0 lun=0 pl=0 blk=97 pg=255 erase_cnt=19 (vpc/ipc reset)
[EXP] [ERASE] ch=0 lun=1 pl=0 blk=97 pg=255 erase_cnt=19 (vpc/ipc reset)
[EXP] [ERASE] ch=0 lun=2 pl=0 blk=97 pg=255 erase_cnt=19 (vpc/ipc reset)
[EXP] [ERASE] ch=0 lun=3 pl=0 blk=97 pg=255 erase_cnt=19 (vpc/ipc reset)
[EXP] [ERASE] ch=0 lun=4 pl=0 blk=97 pg=255 erase_cnt=19 (vpc/ipc reset)
[EXP] [ERASE] ch=0 lun=5 pl=0 blk=97 pg=255 erase_cnt=19 (vpc/ipc reset)
[EXP] [ERASE] ch=0 lun=6 pl=0 blk=97 pg=255 erase_cnt=19 (vpc/ipc reset)
[EXP] [ERASE] ch=0 lun=7 pl=0 blk=97 pg=255 erase_cnt=19 (vpc/ipc reset)
[EXP] [ERASE] ch=1 lun=0 pl=0 blk=97 pg=255 erase_cnt=19 (vpc/ipc reset)
[EXP] [ERASE] ch=1 lun=1 pl=0 blk=97 pg=255 erase_cnt=19 (vpc/ipc reset)
[EXP] [ERASE] ch=1 lun=2 pl=0 blk=97 pg=255 erase_cnt=19 (vpc/ipc reset)
[EXP] [ERASE] ch=1 lun=3 pl=0 blk=97 pg=255 erase_cnt=19 (vpc/ipc reset)
[EXP] [ERASE] ch=1 lun=4 pl=0 blk=97 pg=255 erase_cnt=19 (vpc/ipc reset)
[EXP] [ERASE] ch=1 lun=5 pl=0 blk=97 pg=255 erase_cnt=19 (vpc/ipc reset)
[EXP] [ERASE] ch=1 lun=6 pl=0 blk=97 pg=255 erase_cnt=19 (vpc/ipc reset)
[EXP] [ERASE] ch=1 lun=7 pl=0 blk=97 pg=255 erase_cnt=19 (vpc/ipc reset)
[EXP] [ERASE] ch=2 lun=0 pl=0 blk=97 pg=255 erase_cnt=19 (vpc/ipc reset)
[EXP] [ERASE] ch=2 lun=1 pl=0 blk=97 pg=255 erase_cnt=19 (vpc/ipc reset)
[EXP] [ERASE] ch=2 lun=2 pl=0 blk=97 pg=255 erase_cnt=19 (vpc/ipc reset)
[EXP] [ERASE] ch=2 lun=3 pl=0 blk=97 pg=255 erase_cnt=19 (vpc/ipc reset)
[EXP] [ERASE] ch=2 lun=4 pl=0 blk=97 pg=255 erase_cnt=19 (vpc/ipc reset)
[EXP] [ERASE] ch=2 lun=5 pl=0 blk=97 pg=255 erase_cnt=19 (vpc/ipc reset)
[EXP] [ERASE] ch=2 lun=6 pl=0 blk=97 pg=255 erase_cnt=19 (vpc/ipc reset)
[EXP] [ERASE] ch=2 lun=7 pl=0 blk=97 pg=255 erase_cnt=19 (vpc/ipc reset)
[EXP] [ERASE] ch=3 lun=0 pl=0 blk=97 pg=255 erase_cnt=19 (vpc/ipc reset)
[EXP] [ERASE] ch=3 lun=1 pl=0 blk=97 pg=255 erase_cnt=19 (vpc/ipc reset)
[EXP] [ERASE] ch=3 lun=2 pl=0 blk=97 pg=255 erase_cnt=19 (vpc/ipc reset)
[EXP] [ERASE] ch=3 lun=3 pl=0 blk=97 pg=255 erase_cnt=19 (vpc/ipc reset)
[EXP] [ERASE] ch=3 lun=4 pl=0 blk=97 pg=255 erase_cnt=19 (vpc/ipc reset)
[EXP] [ERASE] ch=3 lun=5 pl=0 blk=97 pg=255 erase_cnt=19 (vpc/ipc reset)
[EXP] [ERASE] ch=3 lun=6 pl=0 blk=97 pg=255 erase_cnt=19 (vpc/ipc reset)
[EXP] [ERASE] ch=3 lun=7 pl=0 blk=97 pg=255 erase_cnt=19 (vpc/ipc reset)
[EXP] [ERASE] ch=4 lun=0 pl=0 blk=97 pg=255 erase_cnt=19 (vpc/ipc reset)
[EXP] [ERASE] ch=4 lun=1 pl=0 blk=97 pg=255 erase_cnt=19 (vpc/ipc reset)
[EXP] [ERASE] ch=4 lun=2 pl=0 blk=97 pg=255 erase_cnt=19 (vpc/ipc reset)
[EXP] [ERASE] ch=4 lun=3 pl=0 blk=97 pg=255 erase_cnt=19 (vpc/ipc reset)
[EXP] [ERASE] ch=4 lun=4 pl=0 blk=97 pg=255 erase_cnt=19 (vpc/ipc reset)
[EXP] [ERASE] ch=4 lun=5 pl=0 blk=97 pg=255 erase_cnt=19 (vpc/ipc reset)
[EXP] [ERASE] ch=4 lun=6 pl=0 blk=97 pg=255 erase_cnt=19 (vpc/ipc reset)
[EXP] [ERASE] ch=4 lun=7 pl=0 blk=97 pg=255 erase_cnt=19 (vpc/ipc reset)
[EXP] [ERASE] ch=5 lun=0 pl=0 blk=97 pg=255 erase_cnt=19 (vpc/ipc reset)
[EXP] [ERASE] ch=5 lun=1 pl=0 blk=97 pg=255 erase_cnt=19 (vpc/ipc reset)
[EXP] [ERASE] ch=5 lun=2 pl=0 blk=97 pg=255 erase_cnt=19 (vpc/ipc reset)
[EXP] [ERASE] ch=5 lun=3 pl=0 blk=97 pg=255 erase_cnt=19 (vpc/ipc reset)
[EXP] [ERASE] ch=5 lun=4 pl=0 blk=97 pg=255 erase_cnt=19 (vpc/ipc reset)
[EXP] [ERASE] ch=5 lun=5 pl=0 blk=97 pg=255 erase_cnt=19 (vpc/ipc reset)
[EXP] [ERASE] ch=5 lun=6 pl=0 blk=97 pg=255 erase_cnt=19 (vpc/ipc reset)
[EXP] [ERASE] ch=5 lun=7 pl=0 blk=97 pg=255 erase_cnt=19 (vpc/ipc reset)
[EXP] [ERASE] ch=6 lun=0 pl=0 blk=97 pg=255 erase_cnt=19 (vpc/ipc reset)
[EXP] [ERASE] ch=6 lun=1 pl=0 blk=97 pg=255 erase_cnt=19 (vpc/ipc reset)
[EXP] [ERASE] ch=6 lun=2 pl=0 blk=97 pg=255 erase_cnt=19 (vpc/ipc reset)
[EXP] [ERASE] ch=6 lun=3 pl=0 blk=97 pg=255 erase_cnt=19 (vpc/ipc reset)
[EXP] [ERASE] ch=6 lun=4 pl=0 blk=97 pg=255 erase_cnt=19 (vpc/ipc reset)
[EXP] [ERASE] ch=6 lun=5 pl=0 blk=97 pg=255 erase_cnt=19 (vpc/ipc reset)
[EXP] [ERASE] ch=6 lun=6 pl=0 blk=97 pg=255 erase_cnt=19 (vpc/ipc reset)
[EXP] [ERASE] ch=6 lun=7 pl=0 blk=97 pg=255 erase_cnt=19 (vpc/ipc reset)
[EXP] [ERASE] ch=7 lun=0 pl=0 blk=97 pg=255 erase_cnt=19 (vpc/ipc reset)
[EXP] [ERASE] ch=7 lun=1 pl=0 blk=97 pg=255 erase_cnt=19 (vpc/ipc reset)
[EXP] [ERASE] ch=7 lun=2 pl=0 blk=97 pg=255 erase_cnt=19 (vpc/ipc reset)
[EXP] [ERASE] ch=7 lun=3 pl=0 blk=97 pg=255 erase_cnt=19 (vpc/ipc reset)
[EXP] [ERASE] ch=7 lun=4 pl=0 blk=97 pg=255 erase_cnt=19 (vpc/ipc reset)
[EXP] [ERASE] ch=7 lun=5 pl=0 blk=97 pg=255 erase_cnt=19 (vpc/ipc reset)
[EXP] [ERASE] ch=7 lun=6 pl=0 blk=97 pg=255 erase_cnt=19 (vpc/ipc reset)
[EXP] [ERASE] ch=7 lun=7 pl=0 blk=97 pg=255 erase_cnt=19 (vpc/ipc reset)
[EXP] [ERASE] ch=0 lun=0 pl=0 blk=28 pg=255 erase_cnt=14 (vpc/ipc reset)
[EXP] [ERASE] ch=0 lun=1 pl=0 blk=28 pg=255 erase_cnt=14 (vpc/ipc reset)
[EXP] [ERASE] ch=0 lun=2 pl=0 blk=28 pg=255 erase_cnt=14 (vpc/ipc reset)
[EXP] [ERASE] ch=0 lun=3 pl=0 blk=28 pg=255 erase_cnt=14 (vpc/ipc reset)
[EXP] [ERASE] ch=0 lun=4 pl=0 blk=28 pg=255 erase_cnt=14 (vpc/ipc reset)
[EXP] [ERASE] ch=0 lun=5 pl=0 blk=28 pg=255 erase_cnt=14 (vpc/ipc reset)
[EXP] [ERASE] ch=0 lun=6 pl=0 blk=28 pg=255 erase_cnt=14 (vpc/ipc reset)
[EXP] [ERASE] ch=0 lun=7 pl=0 blk=28 pg=255 erase_cnt=14 (vpc/ipc reset)
[EXP] [ERASE] ch=1 lun=0 pl=0 blk=28 pg=255 erase_cnt=14 (vpc/ipc reset)
[EXP] [ERASE] ch=1 lun=1 pl=0 blk=28 pg=255 erase_cnt=14 (vpc/ipc reset)
[EXP] [ERASE] ch=1 lun=2 pl=0 blk=28 pg=255 erase_cnt=14 (vpc/ipc reset)
[EXP] [ERASE] ch=1 lun=3 pl=0 blk=28 pg=255 erase_cnt=14 (vpc/ipc reset)
[EXP] [ERASE] ch=1 lun=4 pl=0 blk=28 pg=255 erase_cnt=14 (vpc/ipc reset)
[EXP] [ERASE] ch=1 lun=5 pl=0 blk=28 pg=255 erase_cnt=14 (vpc/ipc reset)
[EXP] [ERASE] ch=1 lun=6 pl=0 blk=28 pg=255 erase_cnt=14 (vpc/ipc reset)
[EXP] [ERASE] ch=1 lun=7 pl=0 blk=28 pg=255 erase_cnt=14 (vpc/ipc reset)
[EXP] [ERASE] ch=2 lun=0 pl=0 blk=28 pg=255 erase_cnt=14 (vpc/ipc reset)
[EXP] [ERASE] ch=2 lun=1 pl=0 blk=28 pg=255 erase_cnt=14 (vpc/ipc reset)
[EXP] [ERASE] ch=2 lun=2 pl=0 blk=28 pg=255 erase_cnt=14 (vpc/ipc reset)
[EXP] [ERASE] ch=2 lun=3 pl=0 blk=28 pg=255 erase_cnt=14 (vpc/ipc reset)
[EXP] [ERASE] ch=2 lun=4 pl=0 blk=28 pg=255 erase_cnt=14 (vpc/ipc reset)
[EXP] [ERASE] ch=2 lun=5 pl=0 blk=28 pg=255 erase_cnt=14 (vpc/ipc reset)
[EXP] [ERASE] ch=2 lun=6 pl=0 blk=28 pg=255 erase_cnt=14 (vpc/ipc reset)
[EXP] [ERASE] ch=2 lun=7 pl=0 blk=28 pg=255 erase_cnt=14 (vpc/ipc reset)
[EXP] [ERASE] ch=3 lun=0 pl=0 blk=28 pg=255 erase_cnt=14 (vpc/ipc reset)
[EXP] [ERASE] ch=3 lun=1 pl=0 blk=28 pg=255 erase_cnt=14 (vpc/ipc reset)
[EXP] [ERASE] ch=3 lun=2 pl=0 blk=28 pg=255 erase_cnt=14 (vpc/ipc reset)
[EXP] [ERASE] ch=3 lun=3 pl=0 blk=28 pg=255 erase_cnt=14 (vpc/ipc reset)
[EXP] [ERASE] ch=3 lun=4 pl=0 blk=28 pg=255 erase_cnt=14 (vpc/ipc reset)
[EXP] [ERASE] ch=3 lun=5 pl=0 blk=28 pg=255 erase_cnt=14 (vpc/ipc reset)
[EXP] [ERASE] ch=3 lun=6 pl=0 blk=28 pg=255 erase_cnt=14 (vpc/ipc reset)
[EXP] [ERASE] ch=3 lun=7 pl=0 blk=28 pg=255 erase_cnt=14 (vpc/ipc reset)
[EXP] [ERASE] ch=4 lun=0 pl=0 blk=28 pg=255 erase_cnt=14 (vpc/ipc reset)
[EXP] [ERASE] ch=4 lun=1 pl=0 blk=28 pg=255 erase_cnt=14 (vpc/ipc reset)
[EXP] [ERASE] ch=4 lun=2 pl=0 blk=28 pg=255 erase_cnt=14 (vpc/ipc reset)
[EXP] [ERASE] ch=4 lun=3 pl=0 blk=28 pg=255 erase_cnt=14 (vpc/ipc reset)
[EXP] [ERASE] ch=4 lun=4 pl=0 blk=28 pg=255 erase_cnt=14 (vpc/ipc reset)
[EXP] [ERASE] ch=4 lun=5 pl=0 blk=28 pg=255 erase_cnt=14 (vpc/ipc reset)
[EXP] [ERASE] ch=4 lun=6 pl=0 blk=28 pg=255 erase_cnt=14 (vpc/ipc reset)
[EXP] [ERASE] ch=4 lun=7 pl=0 blk=28 pg=255 erase_cnt=14 (vpc/ipc reset)
[EXP] [ERASE] ch=5 lun=0 pl=0 blk=28 pg=255 erase_cnt=14 (vpc/ipc reset)
[EXP] [ERASE] ch=5 lun=1 pl=0 blk=28 pg=255 erase_cnt=14 (vpc/ipc reset)
[EXP] [ERASE] ch=5 lun=2 pl=0 blk=28 pg=255 erase_cnt=14 (vpc/ipc reset)
[EXP] [ERASE] ch=5 lun=3 pl=0 blk=28 pg=255 erase_cnt=14 (vpc/ipc reset)
[EXP] [ERASE] ch=5 lun=4 pl=0 blk=28 pg=255 erase_cnt=14 (vpc/ipc reset)
[EXP] [ERASE] ch=5 lun=5 pl=0 blk=28 pg=255 erase_cnt=14 (vpc/ipc reset)
[EXP] [ERASE] ch=5 lun=6 pl=0 blk=28 pg=255 erase_cnt=14 (vpc/ipc reset)
[EXP] [ERASE] ch=5 lun=7 pl=0 blk=28 pg=255 erase_cnt=14 (vpc/ipc reset)
[EXP] [ERASE] ch=6 lun=0 pl=0 blk=28 pg=255 erase_cnt=14 (vpc/ipc reset)
[EXP] [ERASE] ch=6 lun=1 pl=0 blk=28 pg=255 erase_cnt=14 (vpc/ipc reset)
[EXP] [ERASE] ch=6 lun=2 pl=0 blk=28 pg=255 erase_cnt=14 (vpc/ipc reset)
[EXP] [ERASE] ch=6 lun=3 pl=0 blk=28 pg=255 erase_cnt=14 (vpc/ipc reset)
[EXP] [ERASE] ch=6 lun=4 pl=0 blk=28 pg=255 erase_cnt=14 (vpc/ipc reset)
[EXP] [ERASE] ch=6 lun=5 pl=0 blk=28 pg=255 erase_cnt=14 (vpc/ipc reset)
[EXP] [ERASE] ch=6 lun=6 pl=0 blk=28 pg=255 erase_cnt=14 (vpc/ipc reset)
[EXP] [ERASE] ch=6 lun=7 pl=0 blk=28 pg=255 erase_cnt=14 (vpc/ipc reset)
[EXP] [ERASE] ch=7 lun=0 pl=0 blk=28 pg=255 erase_cnt=14 (vpc/ipc reset)
[EXP] [ERASE] ch=7 lun=1 pl=0 blk=28 pg=255 erase_cnt=14 (vpc/ipc reset)
[EXP] [ERASE] ch=7 lun=2 pl=0 blk=28 pg=255 erase_cnt=14 (vpc/ipc reset)
[EXP] [ERASE] ch=7 lun=3 pl=0 blk=28 pg=255 erase_cnt=14 (vpc/ipc reset)
[EXP] [ERASE] ch=7 lun=4 pl=0 blk=28 pg=255 erase_cnt=14 (vpc/ipc reset)
[EXP] [ERASE] ch=7 lun=5 pl=0 blk=28 pg=255 erase_cnt=14 (vpc/ipc reset)
[EXP] [ERASE] ch=7 lun=6 pl=0 blk=28 pg=255 erase_cnt=14 (vpc/ipc reset)
[EXP] [ERASE] ch=7 lun=7 pl=0 blk=28 pg=255 erase_cnt=14 (vpc/ipc reset)
[EXP] [ERASE] ch=0 lun=0 pl=0 blk=17 pg=255 erase_cnt=14 (vpc/ipc reset)
[EXP] [ERASE] ch=0 lun=1 pl=0 blk=17 pg=255 erase_cnt=14 (vpc/ipc reset)
[EXP] [ERASE] ch=0 lun=2 pl=0 blk=17 pg=255 erase_cnt=14 (vpc/ipc reset)
[EXP] [ERASE] ch=0 lun=3 pl=0 blk=17 pg=255 erase_cnt=14 (vpc/ipc reset)
[EXP] [ERASE] ch=0 lun=4 pl=0 blk=17 pg=255 erase_cnt=14 (vpc/ipc reset)
[EXP] [ERASE] ch=0 lun=5 pl=0 blk=17 pg=255 erase_cnt=14 (vpc/ipc reset)
[EXP] [ERASE] ch=0 lun=6 pl=0 blk=17 pg=255 erase_cnt=14 (vpc/ipc reset)
[EXP] [ERASE] ch=0 lun=7 pl=0 blk=17 pg=255 erase_cnt=14 (vpc/ipc reset)
[EXP] [ERASE] ch=1 lun=0 pl=0 blk=17 pg=255 erase_cnt=14 (vpc/ipc reset)
[EXP] [ERASE] ch=1 lun=1 pl=0 blk=17 pg=255 erase_cnt=14 (vpc/ipc reset)
[EXP] [ERASE] ch=1 lun=2 pl=0 blk=17 pg=255 erase_cnt=14 (vpc/ipc reset)
[EXP] [ERASE] ch=1 lun=3 pl=0 blk=17 pg=255 erase_cnt=14 (vpc/ipc reset)
[EXP] [ERASE] ch=1 lun=4 pl=0 blk=17 pg=255 erase_cnt=14 (vpc/ipc reset)
[EXP] [ERASE] ch=1 lun=5 pl=0 blk=17 pg=255 erase_cnt=14 (vpc/ipc reset)
[EXP] [ERASE] ch=1 lun=6 pl=0 blk=17 pg=255 erase_cnt=14 (vpc/ipc reset)
[EXP] [ERASE] ch=1 lun=7 pl=0 blk=17 pg=255 erase_cnt=14 (vpc/ipc reset)
[EXP] [ERASE] ch=2 lun=0 pl=0 blk=17 pg=255 erase_cnt=14 (vpc/ipc reset)
[EXP] [ERASE] ch=2 lun=1 pl=0 blk=17 pg=255 erase_cnt=14 (vpc/ipc reset)
[EXP] [ERASE] ch=2 lun=2 pl=0 blk=17 pg=255 erase_cnt=14 (vpc/ipc reset)
[EXP] [ERASE] ch=2 lun=3 pl=0 blk=17 pg=255 erase_cnt=14 (vpc/ipc reset)
[EXP] [ERASE] ch=2 lun=4 pl=0 blk=17 pg=255 erase_cnt=14 (vpc/ipc reset)
[EXP] [ERASE] ch=2 lun=5 pl=0 blk=17 pg=255 erase_cnt=14 (vpc/ipc reset)
[EXP] [ERASE] ch=2 lun=6 pl=0 blk=17 pg=255 erase_cnt=14 (vpc/ipc reset)
[EXP] [ERASE] ch=2 lun=7 pl=0 blk=17 pg=255 erase_cnt=14 (vpc/ipc reset)
[EXP] [ERASE] ch=3 lun=0 pl=0 blk=17 pg=255 erase_cnt=14 (vpc/ipc reset)
[EXP] [ERASE] ch=3 lun=1 pl=0 blk=17 pg=255 erase_cnt=14 (vpc/ipc reset)
[EXP] [ERASE] ch=3 lun=2 pl=0 blk=17 pg=255 erase_cnt=14 (vpc/ipc reset)
[EXP] [ERASE] ch=3 lun=3 pl=0 blk=17 pg=255 erase_cnt=14 (vpc/ipc reset)
[EXP] [ERASE] ch=3 lun=4 pl=0 blk=17 pg=255 erase_cnt=14 (vpc/ipc reset)
[EXP] [ERASE] ch=3 lun=5 pl=0 blk=17 pg=255 erase_cnt=14 (vpc/ipc reset)
[EXP] [ERASE] ch=3 lun=6 pl=0 blk=17 pg=255 erase_cnt=14 (vpc/ipc reset)
[EXP] [ERASE] ch=3 lun=7 pl=0 blk=17 pg=255 erase_cnt=14 (vpc/ipc reset)
[EXP] [ERASE] ch=4 lun=0 pl=0 blk=17 pg=255 erase_cnt=14 (vpc/ipc reset)
[EXP] [ERASE] ch=4 lun=1 pl=0 blk=17 pg=255 erase_cnt=14 (vpc/ipc reset)
[EXP] [ERASE] ch=4 lun=2 pl=0 blk=17 pg=255 erase_cnt=14 (vpc/ipc reset)
[EXP] [ERASE] ch=4 lun=3 pl=0 blk=17 pg=255 erase_cnt=14 (vpc/ipc reset)
[EXP] [ERASE] ch=4 lun=4 pl=0 blk=17 pg=255 erase_cnt=14 (vpc/ipc reset)
[EXP] [ERASE] ch=4 lun=5 pl=0 blk=17 pg=255 erase_cnt=14 (vpc/ipc reset)
[EXP] [ERASE] ch=4 lun=6 pl=0 blk=17 pg=255 erase_cnt=14 (vpc/ipc reset)
[EXP] [ERASE] ch=4 lun=7 pl=0 blk=17 pg=255 erase_cnt=14 (vpc/ipc reset)
[EXP] [ERASE] ch=5 lun=0 pl=0 blk=17 pg=255 erase_cnt=14 (vpc/ipc reset)
[EXP] [ERASE] ch=5 lun=1 pl=0 blk=17 pg=255 erase_cnt=14 (vpc/ipc reset)
[EXP] [ERASE] ch=5 lun=2 pl=0 blk=17 pg=255 erase_cnt=14 (vpc/ipc reset)
[EXP] [ERASE] ch=5 lun=3 pl=0 blk=17 pg=255 erase_cnt=14 (vpc/ipc reset)
[EXP] [ERASE] ch=5 lun=4 pl=0 blk=17 pg=255 erase_cnt=14 (vpc/ipc reset)
[EXP] [ERASE] ch=5 lun=5 pl=0 blk=17 pg=255 erase_cnt=14 (vpc/ipc reset)
[EXP] [ERASE] ch=5 lun=6 pl=0 blk=17 pg=255 erase_cnt=14 (vpc/ipc reset)
[EXP] [ERASE] ch=5 lun=7 pl=0 blk=17 pg=255 erase_cnt=14 (vpc/ipc reset)
[EXP] [ERASE] ch=6 lun=0 pl=0 blk=17 pg=255 erase_cnt=14 (vpc/ipc reset)
[EXP] [ERASE] ch=6 lun=1 pl=0 blk=17 pg=255 erase_cnt=14 (vpc/ipc reset)
[EXP] [ERASE] ch=6 lun=2 pl=0 blk=17 pg=255 erase_cnt=14 (vpc/ipc reset)
[EXP] [ERASE] ch=6 lun=3 pl=0 blk=17 pg=255 erase_cnt=14 (vpc/ipc reset)
[EXP] [ERASE] ch=6 lun=4 pl=0 blk=17 pg=255 erase_cnt=14 (vpc/ipc reset)
[EXP] [ERASE] ch=6 lun=5 pl=0 blk=17 pg=255 erase_cnt=14 (vpc/ipc reset)
[EXP] [ERASE] ch=6 lun=6 pl=0 blk=17 pg=255 erase_cnt=14 (vpc/ipc reset)
[EXP] [ERASE] ch=6 lun=7 pl=0 blk=17 pg=255 erase_cnt=14 (vpc/ipc reset)
[EXP] [ERASE] ch=7 lun=0 pl=0 blk=17 pg=255 erase_cnt=14 (vpc/ipc reset)
[EXP] [ERASE] ch=7 lun=1 pl=0 blk=17 pg=255 erase_cnt=14 (vpc/ipc reset)
[EXP] [ERASE] ch=7 lun=2 pl=0 blk=17 pg=255 erase_cnt=14 (vpc/ipc reset)
[EXP] [ERASE] ch=7 lun=3 pl=0 blk=17 pg=255 erase_cnt=14 (vpc/ipc reset)
[EXP] [ERASE] ch=7 lun=4 pl=0 blk=17 pg=255 erase_cnt=14 (vpc/ipc reset)
[EXP] [ERASE] ch=7 lun=5 pl=0 blk=17 pg=255 erase_cnt=14 (vpc/ipc reset)
[EXP] [ERASE] ch=7 lun=6 pl=0 blk=17 pg=255 erase_cnt=14 (vpc/ipc reset)
[EXP] [ERASE] ch=7 lun=7 pl=0 blk=17 pg=255 erase_cnt=14 (vpc/ipc reset)
[EXP] [ERASE] ch=0 lun=0 pl=0 blk=100 pg=255 erase_cnt=18 (vpc/ipc reset)
[EXP] [ERASE] ch=0 lun=1 pl=0 blk=100 pg=255 erase_cnt=18 (vpc/ipc reset)
[EXP] [ERASE] ch=0 lun=2 pl=0 blk=100 pg=255 erase_cnt=18 (vpc/ipc reset)
[EXP] [ERASE] ch=0 lun=3 pl=0 blk=100 pg=255 erase_cnt=18 (vpc/ipc reset)
[EXP] [ERASE] ch=0 lun=4 pl=0 blk=100 pg=255 erase_cnt=18 (vpc/ipc reset)
[EXP] [ERASE] ch=0 lun=5 pl=0 blk=100 pg=255 erase_cnt=18 (vpc/ipc reset)
[EXP] [ERASE] ch=0 lun=6 pl=0 blk=100 pg=255 erase_cnt=18 (vpc/ipc reset)
[EXP] [ERASE] ch=0 lun=7 pl=0 blk=100 pg=255 erase_cnt=18 (vpc/ipc reset)
[EXP] [ERASE] ch=1 lun=0 pl=0 blk=100 pg=255 erase_cnt=18 (vpc/ipc reset)
[EXP] [ERASE] ch=1 lun=1 pl=0 blk=100 pg=255 erase_cnt=18 (vpc/ipc reset)
[EXP] [ERASE] ch=1 lun=2 pl=0 blk=100 pg=255 erase_cnt=18 (vpc/ipc reset)
[EXP] [ERASE] ch=1 lun=3 pl=0 blk=100 pg=255 erase_cnt=18 (vpc/ipc reset)
[EXP] [ERASE] ch=1 lun=4 pl=0 blk=100 pg=255 erase_cnt=18 (vpc/ipc reset)
[EXP] [ERASE] ch=1 lun=5 pl=0 blk=100 pg=255 erase_cnt=18 (vpc/ipc reset)
[EXP] [ERASE] ch=1 lun=6 pl=0 blk=100 pg=255 erase_cnt=18 (vpc/ipc reset)
[EXP] [ERASE] ch=1 lun=7 pl=0 blk=100 pg=255 erase_cnt=18 (vpc/ipc reset)
[EXP] [ERASE] ch=2 lun=0 pl=0 blk=100 pg=255 erase_cnt=18 (vpc/ipc reset)
[EXP] [ERASE] ch=2 lun=1 pl=0 blk=100 pg=255 erase_cnt=18 (vpc/ipc reset)
[EXP] [ERASE] ch=2 lun=2 pl=0 blk=100 pg=255 erase_cnt=18 (vpc/ipc reset)
[EXP] [ERASE] ch=2 lun=3 pl=0 blk=100 pg=255 erase_cnt=18 (vpc/ipc reset)
[EXP] [ERASE] ch=2 lun=4 pl=0 blk=100 pg=255 erase_cnt=18 (vpc/ipc reset)
[EXP] [ERASE] ch=2 lun=5 pl=0 blk=100 pg=255 erase_cnt=18 (vpc/ipc reset)
[EXP] [ERASE] ch=2 lun=6 pl=0 blk=100 pg=255 erase_cnt=18 (vpc/ipc reset)
[EXP] [ERASE] ch=2 lun=7 pl=0 blk=100 pg=255 erase_cnt=18 (vpc/ipc reset)
[EXP] [ERASE] ch=3 lun=0 pl=0 blk=100 pg=255 erase_cnt=18 (vpc/ipc reset)
[EXP] [ERASE] ch=3 lun=1 pl=0 blk=100 pg=255 erase_cnt=18 (vpc/ipc reset)
[EXP] [ERASE] ch=3 lun=2 pl=0 blk=100 pg=255 erase_cnt=18 (vpc/ipc reset)
[EXP] [ERASE] ch=3 lun=3 pl=0 blk=100 pg=255 erase_cnt=18 (vpc/ipc reset)
[EXP] [ERASE] ch=3 lun=4 pl=0 blk=100 pg=255 erase_cnt=18 (vpc/ipc reset)
[EXP] [ERASE] ch=3 lun=5 pl=0 blk=100 pg=255 erase_cnt=18 (vpc/ipc reset)
[EXP] [ERASE] ch=3 lun=6 pl=0 blk=100 pg=255 erase_cnt=18 (vpc/ipc reset)
[EXP] [ERASE] ch=3 lun=7 pl=0 blk=100 pg=255 erase_cnt=18 (vpc/ipc reset)
[EXP] [ERASE] ch=4 lun=0 pl=0 blk=100 pg=255 erase_cnt=18 (vpc/ipc reset)
[EXP] [ERASE] ch=4 lun=1 pl=0 blk=100 pg=255 erase_cnt=18 (vpc/ipc reset)
[EXP] [ERASE] ch=4 lun=2 pl=0 blk=100 pg=255 erase_cnt=18 (vpc/ipc reset)
[EXP] [ERASE] ch=4 lun=3 pl=0 blk=100 pg=255 erase_cnt=18 (vpc/ipc reset)
[EXP] [ERASE] ch=4 lun=4 pl=0 blk=100 pg=255 erase_cnt=18 (vpc/ipc reset)
[EXP] [ERASE] ch=4 lun=5 pl=0 blk=100 pg=255 erase_cnt=18 (vpc/ipc reset)
[EXP] [ERASE] ch=4 lun=6 pl=0 blk=100 pg=255 erase_cnt=18 (vpc/ipc reset)
[EXP] [ERASE] ch=4 lun=7 pl=0 blk=100 pg=255 erase_cnt=18 (vpc/ipc reset)
[EXP] [ERASE] ch=5 lun=0 pl=0 blk=100 pg=255 erase_cnt=18 (vpc/ipc reset)
[EXP] [ERASE] ch=5 lun=1 pl=0 blk=100 pg=255 erase_cnt=18 (vpc/ipc reset)
[EXP] [ERASE] ch=5 lun=2 pl=0 blk=100 pg=255 erase_cnt=18 (vpc/ipc reset)
[EXP] [ERASE] ch=5 lun=3 pl=0 blk=100 pg=255 erase_cnt=18 (vpc/ipc reset)
[EXP] [ERASE] ch=5 lun=4 pl=0 blk=100 pg=255 erase_cnt=18 (vpc/ipc reset)
[EXP] [ERASE] ch=5 lun=5 pl=0 blk=100 pg=255 erase_cnt=18 (vpc/ipc reset)
[EXP] [ERASE] ch=5 lun=6 pl=0 blk=100 pg=255 erase_cnt=18 (vpc/ipc reset)
[EXP] [ERASE] ch=5 lun=7 pl=0 blk=100 pg=255 erase_cnt=18 (vpc/ipc reset)
[EXP] [ERASE] ch=6 lun=0 pl=0 blk=100 pg=255 erase_cnt=18 (vpc/ipc reset)
[EXP] [ERASE] ch=6 lun=1 pl=0 blk=100 pg=255 erase_cnt=18 (vpc/ipc reset)
[EXP] [ERASE] ch=6 lun=2 pl=0 blk=100 pg=255 erase_cnt=18 (vpc/ipc reset)
[EXP] [ERASE] ch=6 lun=3 pl=0 blk=100 pg=255 erase_cnt=18 (vpc/ipc reset)
[EXP] [ERASE] ch=6 lun=4 pl=0 blk=100 pg=255 erase_cnt=18 (vpc/ipc reset)
[EXP] [ERASE] ch=6 lun=5 pl=0 blk=100 pg=255 erase_cnt=18 (vpc/ipc reset)
[EXP] [ERASE] ch=6 lun=6 pl=0 blk=100 pg=255 erase_cnt=18 (vpc/ipc reset)
[EXP] [ERASE] ch=6 lun=7 pl=0 blk=100 pg=255 erase_cnt=18 (vpc/ipc reset)
[EXP] [ERASE] ch=7 lun=0 pl=0 blk=100 pg=255 erase_cnt=18 (vpc/ipc reset)
[EXP] [ERASE] ch=7 lun=1 pl=0 blk=100 pg=255 erase_cnt=18 (vpc/ipc reset)
[EXP] [ERASE] ch=7 lun=2 pl=0 blk=100 pg=255 erase_cnt=18 (vpc/ipc reset)
[EXP] [ERASE] ch=7 lun=3 pl=0 blk=100 pg=255 erase_cnt=18 (vpc/ipc reset)
[EXP] [ERASE] ch=7 lun=4 pl=0 blk=100 pg=255 erase_cnt=18 (vpc/ipc reset)
[EXP] [ERASE] ch=7 lun=5 pl=0 blk=100 pg=255 erase_cnt=18 (vpc/ipc reset)
[EXP] [ERASE] ch=7 lun=6 pl=0 blk=100 pg=255 erase_cnt=18 (vpc/ipc reset)
[EXP] [ERASE] ch=7 lun=7 pl=0 blk=100 pg=255 erase_cnt=18 (vpc/ipc reset)
[EXP] [ERASE] ch=0 lun=0 pl=0 blk=47 pg=255 erase_cnt=16 (vpc/ipc reset)
[EXP] [ERASE] ch=0 lun=1 pl=0 blk=47 pg=255 erase_cnt=16 (vpc/ipc reset)
[EXP] [ERASE] ch=0 lun=2 pl=0 blk=47 pg=255 erase_cnt=16 (vpc/ipc reset)
[EXP] [ERASE] ch=0 lun=3 pl=0 blk=47 pg=255 erase_cnt=16 (vpc/ipc reset)
[EXP] [ERASE] ch=0 lun=4 pl=0 blk=47 pg=255 erase_cnt=16 (vpc/ipc reset)
[EXP] [ERASE] ch=0 lun=5 pl=0 blk=47 pg=255 erase_cnt=16 (vpc/ipc reset)
[EXP] [ERASE] ch=0 lun=6 pl=0 blk=47 pg=255 erase_cnt=16 (vpc/ipc reset)
[EXP] [ERASE] ch=0 lun=7 pl=0 blk=47 pg=255 erase_cnt=16 (vpc/ipc reset)
[EXP] [ERASE] ch=1 lun=0 pl=0 blk=47 pg=255 erase_cnt=16 (vpc/ipc reset)
[EXP] [ERASE] ch=1 lun=1 pl=0 blk=47 pg=255 erase_cnt=16 (vpc/ipc reset)
[EXP] [ERASE] ch=1 lun=2 pl=0 blk=47 pg=255 erase_cnt=16 (vpc/ipc reset)
[EXP] [ERASE] ch=1 lun=3 pl=0 blk=47 pg=255 erase_cnt=16 (vpc/ipc reset)
[EXP] [ERASE] ch=1 lun=4 pl=0 blk=47 pg=255 erase_cnt=16 (vpc/ipc reset)
[EXP] [ERASE] ch=1 lun=5 pl=0 blk=47 pg=255 erase_cnt=16 (vpc/ipc reset)
[EXP] [ERASE] ch=1 lun=6 pl=0 blk=47 pg=255 erase_cnt=16 (vpc/ipc reset)
[EXP] [ERASE] ch=1 lun=7 pl=0 blk=47 pg=255 erase_cnt=16 (vpc/ipc reset)
[EXP] [ERASE] ch=2 lun=0 pl=0 blk=47 pg=255 erase_cnt=16 (vpc/ipc reset)
[EXP] [ERASE] ch=2 lun=1 pl=0 blk=47 pg=255 erase_cnt=16 (vpc/ipc reset)
[EXP] [ERASE] ch=2 lun=2 pl=0 blk=47 pg=255 erase_cnt=16 (vpc/ipc reset)
[EXP] [ERASE] ch=2 lun=3 pl=0 blk=47 pg=255 erase_cnt=16 (vpc/ipc reset)
[EXP] [ERASE] ch=2 lun=4 pl=0 blk=47 pg=255 erase_cnt=16 (vpc/ipc reset)
[EXP] [ERASE] ch=2 lun=5 pl=0 blk=47 pg=255 erase_cnt=16 (vpc/ipc reset)
[EXP] [ERASE] ch=2 lun=6 pl=0 blk=47 pg=255 erase_cnt=16 (vpc/ipc reset)
[EXP] [ERASE] ch=2 lun=7 pl=0 blk=47 pg=255 erase_cnt=16 (vpc/ipc reset)
[EXP] [ERASE] ch=3 lun=0 pl=0 blk=47 pg=255 erase_cnt=16 (vpc/ipc reset)
[EXP] [ERASE] ch=3 lun=1 pl=0 blk=47 pg=255 erase_cnt=16 (vpc/ipc reset)
[EXP] [ERASE] ch=3 lun=2 pl=0 blk=47 pg=255 erase_cnt=16 (vpc/ipc reset)
[EXP] [ERASE] ch=3 lun=3 pl=0 blk=47 pg=255 erase_cnt=16 (vpc/ipc reset)
[EXP] [ERASE] ch=3 lun=4 pl=0 blk=47 pg=255 erase_cnt=16 (vpc/ipc reset)
[EXP] [ERASE] ch=3 lun=5 pl=0 blk=47 pg=255 erase_cnt=16 (vpc/ipc reset)
[EXP] [ERASE] ch=3 lun=6 pl=0 blk=47 pg=255 erase_cnt=16 (vpc/ipc reset)
[EXP] [ERASE] ch=3 lun=7 pl=0 blk=47 pg=255 erase_cnt=16 (vpc/ipc reset)
[EXP] [ERASE] ch=4 lun=0 pl=0 blk=47 pg=255 erase_cnt=16 (vpc/ipc reset)
[EXP] [ERASE] ch=4 lun=1 pl=0 blk=47 pg=255 erase_cnt=16 (vpc/ipc reset)
[EXP] [ERASE] ch=4 lun=2 pl=0 blk=47 pg=255 erase_cnt=16 (vpc/ipc reset)
[EXP] [ERASE] ch=4 lun=3 pl=0 blk=47 pg=255 erase_cnt=16 (vpc/ipc reset)
[EXP] [ERASE] ch=4 lun=4 pl=0 blk=47 pg=255 erase_cnt=16 (vpc/ipc reset)
[EXP] [ERASE] ch=4 lun=5 pl=0 blk=47 pg=255 erase_cnt=16 (vpc/ipc reset)
[EXP] [ERASE] ch=4 lun=6 pl=0 blk=47 pg=255 erase_cnt=16 (vpc/ipc reset)
[EXP] [ERASE] ch=4 lun=7 pl=0 blk=47 pg=255 erase_cnt=16 (vpc/ipc reset)
[EXP] [GC_MOVE] lpn=0 state=COLD access=1 short=0 last_seq=2566169 decay_epoch=320771 ch=5 lun=0 pl=0 blk=47 pg=100 -> ch=4 lun=5 pl=0 blk=101 pg=7
[EXP] [ERASE] ch=5 lun=0 pl=0 blk=47 pg=255 erase_cnt=16 (vpc/ipc reset)
[EXP] [ERASE] ch=5 lun=1 pl=0 blk=47 pg=255 erase_cnt=16 (vpc/ipc reset)
[EXP] [ERASE] ch=5 lun=2 pl=0 blk=47 pg=255 erase_cnt=16 (vpc/ipc reset)
[EXP] [ERASE] ch=5 lun=3 pl=0 blk=47 pg=255 erase_cnt=16 (vpc/ipc reset)
[EXP] [ERASE] ch=5 lun=4 pl=0 blk=47 pg=255 erase_cnt=16 (vpc/ipc reset)
[EXP] [ERASE] ch=5 lun=5 pl=0 blk=47 pg=255 erase_cnt=16 (vpc/ipc reset)
[EXP] [ERASE] ch=5 lun=6 pl=0 blk=47 pg=255 erase_cnt=16 (vpc/ipc reset)
[EXP] [ERASE] ch=5 lun=7 pl=0 blk=47 pg=255 erase_cnt=16 (vpc/ipc reset)
[EXP] [ERASE] ch=6 lun=0 pl=0 blk=47 pg=255 erase_cnt=16 (vpc/ipc reset)
[EXP] [ERASE] ch=6 lun=1 pl=0 blk=47 pg=255 erase_cnt=16 (vpc/ipc reset)
[EXP] [ERASE] ch=6 lun=2 pl=0 blk=47 pg=255 erase_cnt=16 (vpc/ipc reset)
[EXP] [ERASE] ch=6 lun=3 pl=0 blk=47 pg=255 erase_cnt=16 (vpc/ipc reset)
[EXP] [ERASE] ch=6 lun=4 pl=0 blk=47 pg=255 erase_cnt=16 (vpc/ipc reset)
[EXP] [ERASE] ch=6 lun=5 pl=0 blk=47 pg=255 erase_cnt=16 (vpc/ipc reset)
[EXP] [ERASE] ch=6 lun=6 pl=0 blk=47 pg=255 erase_cnt=16 (vpc/ipc reset)
[EXP] [ERASE] ch=6 lun=7 pl=0 blk=47 pg=255 erase_cnt=16 (vpc/ipc reset)
[EXP] [ERASE] ch=7 lun=0 pl=0 blk=47 pg=255 erase_cnt=16 (vpc/ipc reset)
[EXP] [ERASE] ch=7 lun=1 pl=0 blk=47 pg=255 erase_cnt=16 (vpc/ipc reset)
[EXP] [ERASE] ch=7 lun=2 pl=0 blk=47 pg=255 erase_cnt=16 (vpc/ipc reset)
[EXP] [ERASE] ch=7 lun=3 pl=0 blk=47 pg=255 erase_cnt=16 (vpc/ipc reset)
[EXP] [ERASE] ch=7 lun=4 pl=0 blk=47 pg=255 erase_cnt=16 (vpc/ipc reset)
[EXP] [ERASE] ch=7 lun=5 pl=0 blk=47 pg=255 erase_cnt=16 (vpc/ipc reset)
[EXP] [ERASE] ch=7 lun=6 pl=0 blk=47 pg=255 erase_cnt=16 (vpc/ipc reset)
[EXP] [ERASE] ch=7 lun=7 pl=0 blk=47 pg=255 erase_cnt=16 (vpc/ipc reset)
[EXP] [ERASE] ch=0 lun=0 pl=0 blk=97 pg=255 erase_cnt=20 (vpc/ipc reset)
[EXP] [ERASE] ch=0 lun=1 pl=0 blk=97 pg=255 erase_cnt=20 (vpc/ipc reset)
[EXP] [ERASE] ch=0 lun=2 pl=0 blk=97 pg=255 erase_cnt=20 (vpc/ipc reset)
[EXP] [ERASE] ch=0 lun=3 pl=0 blk=97 pg=255 erase_cnt=20 (vpc/ipc reset)
[EXP] [ERASE] ch=0 lun=4 pl=0 blk=97 pg=255 erase_cnt=20 (vpc/ipc reset)
[EXP] [ERASE] ch=0 lun=5 pl=0 blk=97 pg=255 erase_cnt=20 (vpc/ipc reset)
[EXP] [ERASE] ch=0 lun=6 pl=0 blk=97 pg=255 erase_cnt=20 (vpc/ipc reset)
[EXP] [ERASE] ch=0 lun=7 pl=0 blk=97 pg=255 erase_cnt=20 (vpc/ipc reset)
[EXP] [ERASE] ch=1 lun=0 pl=0 blk=97 pg=255 erase_cnt=20 (vpc/ipc reset)
[EXP] [ERASE] ch=1 lun=1 pl=0 blk=97 pg=255 erase_cnt=20 (vpc/ipc reset)
[EXP] [ERASE] ch=1 lun=2 pl=0 blk=97 pg=255 erase_cnt=20 (vpc/ipc reset)
[EXP] [ERASE] ch=1 lun=3 pl=0 blk=97 pg=255 erase_cnt=20 (vpc/ipc reset)
[EXP] [ERASE] ch=1 lun=4 pl=0 blk=97 pg=255 erase_cnt=20 (vpc/ipc reset)
[EXP] [ERASE] ch=1 lun=5 pl=0 blk=97 pg=255 erase_cnt=20 (vpc/ipc reset)
[EXP] [ERASE] ch=1 lun=6 pl=0 blk=97 pg=255 erase_cnt=20 (vpc/ipc reset)
[EXP] [ERASE] ch=1 lun=7 pl=0 blk=97 pg=255 erase_cnt=20 (vpc/ipc reset)
[EXP] [ERASE] ch=2 lun=0 pl=0 blk=97 pg=255 erase_cnt=20 (vpc/ipc reset)
[EXP] [ERASE] ch=2 lun=1 pl=0 blk=97 pg=255 erase_cnt=20 (vpc/ipc reset)
[EXP] [ERASE] ch=2 lun=2 pl=0 blk=97 pg=255 erase_cnt=20 (vpc/ipc reset)
[EXP] [ERASE] ch=2 lun=3 pl=0 blk=97 pg=255 erase_cnt=20 (vpc/ipc reset)
[EXP] [ERASE] ch=2 lun=4 pl=0 blk=97 pg=255 erase_cnt=20 (vpc/ipc reset)
[EXP] [ERASE] ch=2 lun=5 pl=0 blk=97 pg=255 erase_cnt=20 (vpc/ipc reset)
[EXP] [ERASE] ch=2 lun=6 pl=0 blk=97 pg=255 erase_cnt=20 (vpc/ipc reset)
[EXP] [ERASE] ch=2 lun=7 pl=0 blk=97 pg=255 erase_cnt=20 (vpc/ipc reset)
[EXP] [ERASE] ch=3 lun=0 pl=0 blk=97 pg=255 erase_cnt=20 (vpc/ipc reset)
[EXP] [ERASE] ch=3 lun=1 pl=0 blk=97 pg=255 erase_cnt=20 (vpc/ipc reset)
[EXP] [ERASE] ch=3 lun=2 pl=0 blk=97 pg=255 erase_cnt=20 (vpc/ipc reset)
[EXP] [ERASE] ch=3 lun=3 pl=0 blk=97 pg=255 erase_cnt=20 (vpc/ipc reset)
[EXP] [ERASE] ch=3 lun=4 pl=0 blk=97 pg=255 erase_cnt=20 (vpc/ipc reset)
[EXP] [ERASE] ch=3 lun=5 pl=0 blk=97 pg=255 erase_cnt=20 (vpc/ipc reset)
[EXP] [ERASE] ch=3 lun=6 pl=0 blk=97 pg=255 erase_cnt=20 (vpc/ipc reset)
[EXP] [ERASE] ch=3 lun=7 pl=0 blk=97 pg=255 erase_cnt=20 (vpc/ipc reset)
[EXP] [ERASE] ch=4 lun=0 pl=0 blk=97 pg=255 erase_cnt=20 (vpc/ipc reset)
[EXP] [ERASE] ch=4 lun=1 pl=0 blk=97 pg=255 erase_cnt=20 (vpc/ipc reset)
[EXP] [ERASE] ch=4 lun=2 pl=0 blk=97 pg=255 erase_cnt=20 (vpc/ipc reset)
[EXP] [ERASE] ch=4 lun=3 pl=0 blk=97 pg=255 erase_cnt=20 (vpc/ipc reset)
[EXP] [ERASE] ch=4 lun=4 pl=0 blk=97 pg=255 erase_cnt=20 (vpc/ipc reset)
[EXP] [ERASE] ch=4 lun=5 pl=0 blk=97 pg=255 erase_cnt=20 (vpc/ipc reset)
[EXP] [ERASE] ch=4 lun=6 pl=0 blk=97 pg=255 erase_cnt=20 (vpc/ipc reset)
[EXP] [ERASE] ch=4 lun=7 pl=0 blk=97 pg=255 erase_cnt=20 (vpc/ipc reset)
[EXP] [ERASE] ch=5 lun=0 pl=0 blk=97 pg=255 erase_cnt=20 (vpc/ipc reset)
[EXP] [ERASE] ch=5 lun=1 pl=0 blk=97 pg=255 erase_cnt=20 (vpc/ipc reset)
[EXP] [ERASE] ch=5 lun=2 pl=0 blk=97 pg=255 erase_cnt=20 (vpc/ipc reset)
[EXP] [ERASE] ch=5 lun=3 pl=0 blk=97 pg=255 erase_cnt=20 (vpc/ipc reset)
[EXP] [ERASE] ch=5 lun=4 pl=0 blk=97 pg=255 erase_cnt=20 (vpc/ipc reset)
[EXP] [ERASE] ch=5 lun=5 pl=0 blk=97 pg=255 erase_cnt=20 (vpc/ipc reset)
[EXP] [ERASE] ch=5 lun=6 pl=0 blk=97 pg=255 erase_cnt=20 (vpc/ipc reset)
[EXP] [ERASE] ch=5 lun=7 pl=0 blk=97 pg=255 erase_cnt=20 (vpc/ipc reset)
[EXP] [ERASE] ch=6 lun=0 pl=0 blk=97 pg=255 erase_cnt=20 (vpc/ipc reset)
[EXP] [ERASE] ch=6 lun=1 pl=0 blk=97 pg=255 erase_cnt=20 (vpc/ipc reset)
[EXP] [ERASE] ch=6 lun=2 pl=0 blk=97 pg=255 erase_cnt=20 (vpc/ipc reset)
[EXP] [ERASE] ch=6 lun=3 pl=0 blk=97 pg=255 erase_cnt=20 (vpc/ipc reset)
[EXP] [ERASE] ch=6 lun=4 pl=0 blk=97 pg=255 erase_cnt=20 (vpc/ipc reset)
[EXP] [ERASE] ch=6 lun=5 pl=0 blk=97 pg=255 erase_cnt=20 (vpc/ipc reset)
[EXP] [ERASE] ch=6 lun=6 pl=0 blk=97 pg=255 erase_cnt=20 (vpc/ipc reset)
[EXP] [ERASE] ch=6 lun=7 pl=0 blk=97 pg=255 erase_cnt=20 (vpc/ipc reset)
[EXP] [ERASE] ch=7 lun=0 pl=0 blk=97 pg=255 erase_cnt=20 (vpc/ipc reset)
[EXP] [ERASE] ch=7 lun=1 pl=0 blk=97 pg=255 erase_cnt=20 (vpc/ipc reset)
[EXP] [ERASE] ch=7 lun=2 pl=0 blk=97 pg=255 erase_cnt=20 (vpc/ipc reset)
[EXP] [ERASE] ch=7 lun=3 pl=0 blk=97 pg=255 erase_cnt=20 (vpc/ipc reset)
[EXP] [ERASE] ch=7 lun=4 pl=0 blk=97 pg=255 erase_cnt=20 (vpc/ipc reset)
[EXP] [ERASE] ch=7 lun=5 pl=0 blk=97 pg=255 erase_cnt=20 (vpc/ipc reset)
[EXP] [ERASE] ch=7 lun=6 pl=0 blk=97 pg=255 erase_cnt=20 (vpc/ipc reset)
[EXP] [ERASE] ch=7 lun=7 pl=0 blk=97 pg=255 erase_cnt=20 (vpc/ipc reset)
[EXP] [ERASE] ch=0 lun=0 pl=0 blk=17 pg=255 erase_cnt=15 (vpc/ipc reset)
[EXP] [ERASE] ch=0 lun=1 pl=0 blk=17 pg=255 erase_cnt=15 (vpc/ipc reset)
[EXP] [ERASE] ch=0 lun=2 pl=0 blk=17 pg=255 erase_cnt=15 (vpc/ipc reset)
[EXP] [ERASE] ch=0 lun=3 pl=0 blk=17 pg=255 erase_cnt=15 (vpc/ipc reset)
[EXP] [ERASE] ch=0 lun=4 pl=0 blk=17 pg=255 erase_cnt=15 (vpc/ipc reset)
[EXP] [ERASE] ch=0 lun=5 pl=0 blk=17 pg=255 erase_cnt=15 (vpc/ipc reset)
[EXP] [ERASE] ch=0 lun=6 pl=0 blk=17 pg=255 erase_cnt=15 (vpc/ipc reset)
[EXP] [ERASE] ch=0 lun=7 pl=0 blk=17 pg=255 erase_cnt=15 (vpc/ipc reset)
[EXP] [ERASE] ch=1 lun=0 pl=0 blk=17 pg=255 erase_cnt=15 (vpc/ipc reset)
[EXP] [ERASE] ch=1 lun=1 pl=0 blk=17 pg=255 erase_cnt=15 (vpc/ipc reset)
[EXP] [ERASE] ch=1 lun=2 pl=0 blk=17 pg=255 erase_cnt=15 (vpc/ipc reset)
[EXP] [ERASE] ch=1 lun=3 pl=0 blk=17 pg=255 erase_cnt=15 (vpc/ipc reset)
[EXP] [ERASE] ch=1 lun=4 pl=0 blk=17 pg=255 erase_cnt=15 (vpc/ipc reset)
[EXP] [ERASE] ch=1 lun=5 pl=0 blk=17 pg=255 erase_cnt=15 (vpc/ipc reset)
[EXP] [ERASE] ch=1 lun=6 pl=0 blk=17 pg=255 erase_cnt=15 (vpc/ipc reset)
[EXP] [ERASE] ch=1 lun=7 pl=0 blk=17 pg=255 erase_cnt=15 (vpc/ipc reset)
[EXP] [ERASE] ch=2 lun=0 pl=0 blk=17 pg=255 erase_cnt=15 (vpc/ipc reset)
[EXP] [ERASE] ch=2 lun=1 pl=0 blk=17 pg=255 erase_cnt=15 (vpc/ipc reset)
[EXP] [ERASE] ch=2 lun=2 pl=0 blk=17 pg=255 erase_cnt=15 (vpc/ipc reset)
[EXP] [ERASE] ch=2 lun=3 pl=0 blk=17 pg=255 erase_cnt=15 (vpc/ipc reset)
[EXP] [ERASE] ch=2 lun=4 pl=0 blk=17 pg=255 erase_cnt=15 (vpc/ipc reset)
[EXP] [ERASE] ch=2 lun=5 pl=0 blk=17 pg=255 erase_cnt=15 (vpc/ipc reset)
[EXP] [ERASE] ch=2 lun=6 pl=0 blk=17 pg=255 erase_cnt=15 (vpc/ipc reset)
[EXP] [ERASE] ch=2 lun=7 pl=0 blk=17 pg=255 erase_cnt=15 (vpc/ipc reset)
[EXP] [ERASE] ch=3 lun=0 pl=0 blk=17 pg=255 erase_cnt=15 (vpc/ipc reset)
[EXP] [ERASE] ch=3 lun=1 pl=0 blk=17 pg=255 erase_cnt=15 (vpc/ipc reset)
[EXP] [ERASE] ch=3 lun=2 pl=0 blk=17 pg=255 erase_cnt=15 (vpc/ipc reset)
[EXP] [ERASE] ch=3 lun=3 pl=0 blk=17 pg=255 erase_cnt=15 (vpc/ipc reset)
[EXP] [ERASE] ch=3 lun=4 pl=0 blk=17 pg=255 erase_cnt=15 (vpc/ipc reset)
[EXP] [ERASE] ch=3 lun=5 pl=0 blk=17 pg=255 erase_cnt=15 (vpc/ipc reset)
[EXP] [ERASE] ch=3 lun=6 pl=0 blk=17 pg=255 erase_cnt=15 (vpc/ipc reset)
[EXP] [ERASE] ch=3 lun=7 pl=0 blk=17 pg=255 erase_cnt=15 (vpc/ipc reset)
[EXP] [ERASE] ch=4 lun=0 pl=0 blk=17 pg=255 erase_cnt=15 (vpc/ipc reset)
[EXP] [ERASE] ch=4 lun=1 pl=0 blk=17 pg=255 erase_cnt=15 (vpc/ipc reset)
[EXP] [ERASE] ch=4 lun=2 pl=0 blk=17 pg=255 erase_cnt=15 (vpc/ipc reset)
[EXP] [ERASE] ch=4 lun=3 pl=0 blk=17 pg=255 erase_cnt=15 (vpc/ipc reset)
[EXP] [ERASE] ch=4 lun=4 pl=0 blk=17 pg=255 erase_cnt=15 (vpc/ipc reset)
[EXP] [ERASE] ch=4 lun=5 pl=0 blk=17 pg=255 erase_cnt=15 (vpc/ipc reset)
[EXP] [ERASE] ch=4 lun=6 pl=0 blk=17 pg=255 erase_cnt=15 (vpc/ipc reset)
[EXP] [ERASE] ch=4 lun=7 pl=0 blk=17 pg=255 erase_cnt=15 (vpc/ipc reset)
[EXP] [ERASE] ch=5 lun=0 pl=0 blk=17 pg=255 erase_cnt=15 (vpc/ipc reset)
[EXP] [ERASE] ch=5 lun=1 pl=0 blk=17 pg=255 erase_cnt=15 (vpc/ipc reset)
[EXP] [ERASE] ch=5 lun=2 pl=0 blk=17 pg=255 erase_cnt=15 (vpc/ipc reset)
[EXP] [ERASE] ch=5 lun=3 pl=0 blk=17 pg=255 erase_cnt=15 (vpc/ipc reset)
[EXP] [ERASE] ch=5 lun=4 pl=0 blk=17 pg=255 erase_cnt=15 (vpc/ipc reset)
[EXP] [ERASE] ch=5 lun=5 pl=0 blk=17 pg=255 erase_cnt=15 (vpc/ipc reset)
[EXP] [ERASE] ch=5 lun=6 pl=0 blk=17 pg=255 erase_cnt=15 (vpc/ipc reset)
[EXP] [ERASE] ch=5 lun=7 pl=0 blk=17 pg=255 erase_cnt=15 (vpc/ipc reset)
[EXP] [ERASE] ch=6 lun=0 pl=0 blk=17 pg=255 erase_cnt=15 (vpc/ipc reset)
[EXP] [ERASE] ch=6 lun=1 pl=0 blk=17 pg=255 erase_cnt=15 (vpc/ipc reset)
[EXP] [ERASE] ch=6 lun=2 pl=0 blk=17 pg=255 erase_cnt=15 (vpc/ipc reset)
[EXP] [ERASE] ch=6 lun=3 pl=0 blk=17 pg=255 erase_cnt=15 (vpc/ipc reset)
[EXP] [ERASE] ch=6 lun=4 pl=0 blk=17 pg=255 erase_cnt=15 (vpc/ipc reset)
[EXP] [ERASE] ch=6 lun=5 pl=0 blk=17 pg=255 erase_cnt=15 (vpc/ipc reset)
[EXP] [ERASE] ch=6 lun=6 pl=0 blk=17 pg=255 erase_cnt=15 (vpc/ipc reset)
[EXP] [ERASE] ch=6 lun=7 pl=0 blk=17 pg=255 erase_cnt=15 (vpc/ipc reset)
[EXP] [ERASE] ch=7 lun=0 pl=0 blk=17 pg=255 erase_cnt=15 (vpc/ipc reset)
[EXP] [ERASE] ch=7 lun=1 pl=0 blk=17 pg=255 erase_cnt=15 (vpc/ipc reset)
[EXP] [ERASE] ch=7 lun=2 pl=0 blk=17 pg=255 erase_cnt=15 (vpc/ipc reset)
[EXP] [ERASE] ch=7 lun=3 pl=0 blk=17 pg=255 erase_cnt=15 (vpc/ipc reset)
[EXP] [ERASE] ch=7 lun=4 pl=0 blk=17 pg=255 erase_cnt=15 (vpc/ipc reset)
[EXP] [ERASE] ch=7 lun=5 pl=0 blk=17 pg=255 erase_cnt=15 (vpc/ipc reset)
[EXP] [ERASE] ch=7 lun=6 pl=0 blk=17 pg=255 erase_cnt=15 (vpc/ipc reset)
[EXP] [ERASE] ch=7 lun=7 pl=0 blk=17 pg=255 erase_cnt=15 (vpc/ipc reset)
[EXP] [ERASE] ch=0 lun=0 pl=0 blk=100 pg=255 erase_cnt=19 (vpc/ipc reset)
[EXP] [ERASE] ch=0 lun=1 pl=0 blk=100 pg=255 erase_cnt=19 (vpc/ipc reset)
[EXP] [ERASE] ch=0 lun=2 pl=0 blk=100 pg=255 erase_cnt=19 (vpc/ipc reset)
[EXP] [ERASE] ch=0 lun=3 pl=0 blk=100 pg=255 erase_cnt=19 (vpc/ipc reset)
[EXP] [ERASE] ch=0 lun=4 pl=0 blk=100 pg=255 erase_cnt=19 (vpc/ipc reset)
[EXP] [ERASE] ch=0 lun=5 pl=0 blk=100 pg=255 erase_cnt=19 (vpc/ipc reset)
[EXP] [ERASE] ch=0 lun=6 pl=0 blk=100 pg=255 erase_cnt=19 (vpc/ipc reset)
[EXP] [ERASE] ch=0 lun=7 pl=0 blk=100 pg=255 erase_cnt=19 (vpc/ipc reset)
[EXP] [ERASE] ch=1 lun=0 pl=0 blk=100 pg=255 erase_cnt=19 (vpc/ipc reset)
[EXP] [ERASE] ch=1 lun=1 pl=0 blk=100 pg=255 erase_cnt=19 (vpc/ipc reset)
[EXP] [ERASE] ch=1 lun=2 pl=0 blk=100 pg=255 erase_cnt=19 (vpc/ipc reset)
[EXP] [ERASE] ch=1 lun=3 pl=0 blk=100 pg=255 erase_cnt=19 (vpc/ipc reset)
[EXP] [ERASE] ch=1 lun=4 pl=0 blk=100 pg=255 erase_cnt=19 (vpc/ipc reset)
[EXP] [ERASE] ch=1 lun=5 pl=0 blk=100 pg=255 erase_cnt=19 (vpc/ipc reset)
[EXP] [ERASE] ch=1 lun=6 pl=0 blk=100 pg=255 erase_cnt=19 (vpc/ipc reset)
[EXP] [ERASE] ch=1 lun=7 pl=0 blk=100 pg=255 erase_cnt=19 (vpc/ipc reset)
[EXP] [ERASE] ch=2 lun=0 pl=0 blk=100 pg=255 erase_cnt=19 (vpc/ipc reset)
[EXP] [ERASE] ch=2 lun=1 pl=0 blk=100 pg=255 erase_cnt=19 (vpc/ipc reset)
[EXP] [ERASE] ch=2 lun=2 pl=0 blk=100 pg=255 erase_cnt=19 (vpc/ipc reset)
[EXP] [ERASE] ch=2 lun=3 pl=0 blk=100 pg=255 erase_cnt=19 (vpc/ipc reset)
[EXP] [ERASE] ch=2 lun=4 pl=0 blk=100 pg=255 erase_cnt=19 (vpc/ipc reset)
[EXP] [ERASE] ch=2 lun=5 pl=0 blk=100 pg=255 erase_cnt=19 (vpc/ipc reset)
[EXP] [ERASE] ch=2 lun=6 pl=0 blk=100 pg=255 erase_cnt=19 (vpc/ipc reset)
[EXP] [ERASE] ch=2 lun=7 pl=0 blk=100 pg=255 erase_cnt=19 (vpc/ipc reset)
[EXP] [ERASE] ch=3 lun=0 pl=0 blk=100 pg=255 erase_cnt=19 (vpc/ipc reset)
[EXP] [ERASE] ch=3 lun=1 pl=0 blk=100 pg=255 erase_cnt=19 (vpc/ipc reset)
[EXP] [ERASE] ch=3 lun=2 pl=0 blk=100 pg=255 erase_cnt=19 (vpc/ipc reset)
[EXP] [ERASE] ch=3 lun=3 pl=0 blk=100 pg=255 erase_cnt=19 (vpc/ipc reset)
[EXP] [ERASE] ch=3 lun=4 pl=0 blk=100 pg=255 erase_cnt=19 (vpc/ipc reset)
[EXP] [ERASE] ch=3 lun=5 pl=0 blk=100 pg=255 erase_cnt=19 (vpc/ipc reset)
[EXP] [ERASE] ch=3 lun=6 pl=0 blk=100 pg=255 erase_cnt=19 (vpc/ipc reset)
[EXP] [ERASE] ch=3 lun=7 pl=0 blk=100 pg=255 erase_cnt=19 (vpc/ipc reset)
[EXP] [ERASE] ch=4 lun=0 pl=0 blk=100 pg=255 erase_cnt=19 (vpc/ipc reset)
[EXP] [ERASE] ch=4 lun=1 pl=0 blk=100 pg=255 erase_cnt=19 (vpc/ipc reset)
[EXP] [ERASE] ch=4 lun=2 pl=0 blk=100 pg=255 erase_cnt=19 (vpc/ipc reset)
[EXP] [ERASE] ch=4 lun=3 pl=0 blk=100 pg=255 erase_cnt=19 (vpc/ipc reset)
[EXP] [ERASE] ch=4 lun=4 pl=0 blk=100 pg=255 erase_cnt=19 (vpc/ipc reset)
[EXP] [ERASE] ch=4 lun=5 pl=0 blk=100 pg=255 erase_cnt=19 (vpc/ipc reset)
[EXP] [ERASE] ch=4 lun=6 pl=0 blk=100 pg=255 erase_cnt=19 (vpc/ipc reset)
[EXP] [ERASE] ch=4 lun=7 pl=0 blk=100 pg=255 erase_cnt=19 (vpc/ipc reset)
[EXP] [ERASE] ch=5 lun=0 pl=0 blk=100 pg=255 erase_cnt=19 (vpc/ipc reset)
[EXP] [ERASE] ch=5 lun=1 pl=0 blk=100 pg=255 erase_cnt=19 (vpc/ipc reset)
[EXP] [ERASE] ch=5 lun=2 pl=0 blk=100 pg=255 erase_cnt=19 (vpc/ipc reset)
[EXP] [ERASE] ch=5 lun=3 pl=0 blk=100 pg=255 erase_cnt=19 (vpc/ipc reset)
[EXP] [ERASE] ch=5 lun=4 pl=0 blk=100 pg=255 erase_cnt=19 (vpc/ipc reset)
[EXP] [ERASE] ch=5 lun=5 pl=0 blk=100 pg=255 erase_cnt=19 (vpc/ipc reset)
[EXP] [ERASE] ch=5 lun=6 pl=0 blk=100 pg=255 erase_cnt=19 (vpc/ipc reset)
[EXP] [ERASE] ch=5 lun=7 pl=0 blk=100 pg=255 erase_cnt=19 (vpc/ipc reset)
[EXP] [ERASE] ch=6 lun=0 pl=0 blk=100 pg=255 erase_cnt=19 (vpc/ipc reset)
[EXP] [ERASE] ch=6 lun=1 pl=0 blk=100 pg=255 erase_cnt=19 (vpc/ipc reset)
[EXP] [ERASE] ch=6 lun=2 pl=0 blk=100 pg=255 erase_cnt=19 (vpc/ipc reset)
[EXP] [ERASE] ch=6 lun=3 pl=0 blk=100 pg=255 erase_cnt=19 (vpc/ipc reset)
[EXP] [ERASE] ch=6 lun=4 pl=0 blk=100 pg=255 erase_cnt=19 (vpc/ipc reset)
[EXP] [ERASE] ch=6 lun=5 pl=0 blk=100 pg=255 erase_cnt=19 (vpc/ipc reset)
[EXP] [ERASE] ch=6 lun=6 pl=0 blk=100 pg=255 erase_cnt=19 (vpc/ipc reset)
[EXP] [ERASE] ch=6 lun=7 pl=0 blk=100 pg=255 erase_cnt=19 (vpc/ipc reset)
[EXP] [ERASE] ch=7 lun=0 pl=0 blk=100 pg=255 erase_cnt=19 (vpc/ipc reset)
[EXP] [ERASE] ch=7 lun=1 pl=0 blk=100 pg=255 erase_cnt=19 (vpc/ipc reset)
[EXP] [ERASE] ch=7 lun=2 pl=0 blk=100 pg=255 erase_cnt=19 (vpc/ipc reset)
[EXP] [ERASE] ch=7 lun=3 pl=0 blk=100 pg=255 erase_cnt=19 (vpc/ipc reset)
[EXP] [ERASE] ch=7 lun=4 pl=0 blk=100 pg=255 erase_cnt=19 (vpc/ipc reset)
[EXP] [ERASE] ch=7 lun=5 pl=0 blk=100 pg=255 erase_cnt=19 (vpc/ipc reset)
[EXP] [ERASE] ch=7 lun=6 pl=0 blk=100 pg=255 erase_cnt=19 (vpc/ipc reset)
[EXP] [ERASE] ch=7 lun=7 pl=0 blk=100 pg=255 erase_cnt=19 (vpc/ipc reset)
[EXP] [ERASE] ch=0 lun=0 pl=0 blk=28 pg=255 erase_cnt=15 (vpc/ipc reset)
[EXP] [ERASE] ch=0 lun=1 pl=0 blk=28 pg=255 erase_cnt=15 (vpc/ipc reset)
[EXP] [ERASE] ch=0 lun=2 pl=0 blk=28 pg=255 erase_cnt=15 (vpc/ipc reset)
[EXP] [ERASE] ch=0 lun=3 pl=0 blk=28 pg=255 erase_cnt=15 (vpc/ipc reset)
[EXP] [ERASE] ch=0 lun=4 pl=0 blk=28 pg=255 erase_cnt=15 (vpc/ipc reset)
[EXP] [ERASE] ch=0 lun=5 pl=0 blk=28 pg=255 erase_cnt=15 (vpc/ipc reset)
[EXP] [ERASE] ch=0 lun=6 pl=0 blk=28 pg=255 erase_cnt=15 (vpc/ipc reset)
[EXP] [ERASE] ch=0 lun=7 pl=0 blk=28 pg=255 erase_cnt=15 (vpc/ipc reset)
[EXP] [ERASE] ch=1 lun=0 pl=0 blk=28 pg=255 erase_cnt=15 (vpc/ipc reset)
[EXP] [ERASE] ch=1 lun=1 pl=0 blk=28 pg=255 erase_cnt=15 (vpc/ipc reset)
[EXP] [ERASE] ch=1 lun=2 pl=0 blk=28 pg=255 erase_cnt=15 (vpc/ipc reset)
[EXP] [ERASE] ch=1 lun=3 pl=0 blk=28 pg=255 erase_cnt=15 (vpc/ipc reset)
[EXP] [ERASE] ch=1 lun=4 pl=0 blk=28 pg=255 erase_cnt=15 (vpc/ipc reset)
[EXP] [ERASE] ch=1 lun=5 pl=0 blk=28 pg=255 erase_cnt=15 (vpc/ipc reset)
[EXP] [ERASE] ch=1 lun=6 pl=0 blk=28 pg=255 erase_cnt=15 (vpc/ipc reset)
[EXP] [ERASE] ch=1 lun=7 pl=0 blk=28 pg=255 erase_cnt=15 (vpc/ipc reset)
[EXP] [ERASE] ch=2 lun=0 pl=0 blk=28 pg=255 erase_cnt=15 (vpc/ipc reset)
[EXP] [ERASE] ch=2 lun=1 pl=0 blk=28 pg=255 erase_cnt=15 (vpc/ipc reset)
[EXP] [ERASE] ch=2 lun=2 pl=0 blk=28 pg=255 erase_cnt=15 (vpc/ipc reset)
[EXP] [ERASE] ch=2 lun=3 pl=0 blk=28 pg=255 erase_cnt=15 (vpc/ipc reset)
[EXP] [ERASE] ch=2 lun=4 pl=0 blk=28 pg=255 erase_cnt=15 (vpc/ipc reset)
[EXP] [ERASE] ch=2 lun=5 pl=0 blk=28 pg=255 erase_cnt=15 (vpc/ipc reset)
[EXP] [ERASE] ch=2 lun=6 pl=0 blk=28 pg=255 erase_cnt=15 (vpc/ipc reset)
[EXP] [ERASE] ch=2 lun=7 pl=0 blk=28 pg=255 erase_cnt=15 (vpc/ipc reset)
[EXP] [ERASE] ch=3 lun=0 pl=0 blk=28 pg=255 erase_cnt=15 (vpc/ipc reset)
[EXP] [ERASE] ch=3 lun=1 pl=0 blk=28 pg=255 erase_cnt=15 (vpc/ipc reset)
[EXP] [ERASE] ch=3 lun=2 pl=0 blk=28 pg=255 erase_cnt=15 (vpc/ipc reset)
[EXP] [ERASE] ch=3 lun=3 pl=0 blk=28 pg=255 erase_cnt=15 (vpc/ipc reset)
[EXP] [ERASE] ch=3 lun=4 pl=0 blk=28 pg=255 erase_cnt=15 (vpc/ipc reset)
[EXP] [ERASE] ch=3 lun=5 pl=0 blk=28 pg=255 erase_cnt=15 (vpc/ipc reset)
[EXP] [ERASE] ch=3 lun=6 pl=0 blk=28 pg=255 erase_cnt=15 (vpc/ipc reset)
[EXP] [ERASE] ch=3 lun=7 pl=0 blk=28 pg=255 erase_cnt=15 (vpc/ipc reset)
[EXP] [ERASE] ch=4 lun=0 pl=0 blk=28 pg=255 erase_cnt=15 (vpc/ipc reset)
[EXP] [ERASE] ch=4 lun=1 pl=0 blk=28 pg=255 erase_cnt=15 (vpc/ipc reset)
[EXP] [ERASE] ch=4 lun=2 pl=0 blk=28 pg=255 erase_cnt=15 (vpc/ipc reset)
[EXP] [ERASE] ch=4 lun=3 pl=0 blk=28 pg=255 erase_cnt=15 (vpc/ipc reset)
[EXP] [ERASE] ch=4 lun=4 pl=0 blk=28 pg=255 erase_cnt=15 (vpc/ipc reset)
[EXP] [ERASE] ch=4 lun=5 pl=0 blk=28 pg=255 erase_cnt=15 (vpc/ipc reset)
[EXP] [ERASE] ch=4 lun=6 pl=0 blk=28 pg=255 erase_cnt=15 (vpc/ipc reset)
[EXP] [ERASE] ch=4 lun=7 pl=0 blk=28 pg=255 erase_cnt=15 (vpc/ipc reset)
[EXP] [ERASE] ch=5 lun=0 pl=0 blk=28 pg=255 erase_cnt=15 (vpc/ipc reset)
[EXP] [ERASE] ch=5 lun=1 pl=0 blk=28 pg=255 erase_cnt=15 (vpc/ipc reset)
[EXP] [ERASE] ch=5 lun=2 pl=0 blk=28 pg=255 erase_cnt=15 (vpc/ipc reset)
[EXP] [ERASE] ch=5 lun=3 pl=0 blk=28 pg=255 erase_cnt=15 (vpc/ipc reset)
[EXP] [ERASE] ch=5 lun=4 pl=0 blk=28 pg=255 erase_cnt=15 (vpc/ipc reset)
[EXP] [ERASE] ch=5 lun=5 pl=0 blk=28 pg=255 erase_cnt=15 (vpc/ipc reset)
[EXP] [ERASE] ch=5 lun=6 pl=0 blk=28 pg=255 erase_cnt=15 (vpc/ipc reset)
[EXP] [ERASE] ch=5 lun=7 pl=0 blk=28 pg=255 erase_cnt=15 (vpc/ipc reset)
[EXP] [ERASE] ch=6 lun=0 pl=0 blk=28 pg=255 erase_cnt=15 (vpc/ipc reset)
[EXP] [ERASE] ch=6 lun=1 pl=0 blk=28 pg=255 erase_cnt=15 (vpc/ipc reset)
[EXP] [ERASE] ch=6 lun=2 pl=0 blk=28 pg=255 erase_cnt=15 (vpc/ipc reset)
[EXP] [ERASE] ch=6 lun=3 pl=0 blk=28 pg=255 erase_cnt=15 (vpc/ipc reset)
[EXP] [ERASE] ch=6 lun=4 pl=0 blk=28 pg=255 erase_cnt=15 (vpc/ipc reset)
[EXP] [ERASE] ch=6 lun=5 pl=0 blk=28 pg=255 erase_cnt=15 (vpc/ipc reset)
[EXP] [ERASE] ch=6 lun=6 pl=0 blk=28 pg=255 erase_cnt=15 (vpc/ipc reset)
[EXP] [ERASE] ch=6 lun=7 pl=0 blk=28 pg=255 erase_cnt=15 (vpc/ipc reset)
[EXP] [ERASE] ch=7 lun=0 pl=0 blk=28 pg=255 erase_cnt=15 (vpc/ipc reset)
[EXP] [ERASE] ch=7 lun=1 pl=0 blk=28 pg=255 erase_cnt=15 (vpc/ipc reset)
[EXP] [ERASE] ch=7 lun=2 pl=0 blk=28 pg=255 erase_cnt=15 (vpc/ipc reset)
[EXP] [ERASE] ch=7 lun=3 pl=0 blk=28 pg=255 erase_cnt=15 (vpc/ipc reset)
[EXP] [ERASE] ch=7 lun=4 pl=0 blk=28 pg=255 erase_cnt=15 (vpc/ipc reset)
[EXP] [ERASE] ch=7 lun=5 pl=0 blk=28 pg=255 erase_cnt=15 (vpc/ipc reset)
[EXP] [ERASE] ch=7 lun=6 pl=0 blk=28 pg=255 erase_cnt=15 (vpc/ipc reset)
[EXP] [ERASE] ch=7 lun=7 pl=0 blk=28 pg=255 erase_cnt=15 (vpc/ipc reset)
[EXP] [ERASE] ch=0 lun=0 pl=0 blk=47 pg=255 erase_cnt=17 (vpc/ipc reset)
[EXP] [ERASE] ch=0 lun=1 pl=0 blk=47 pg=255 erase_cnt=17 (vpc/ipc reset)
[EXP] [ERASE] ch=0 lun=2 pl=0 blk=47 pg=255 erase_cnt=17 (vpc/ipc reset)
[EXP] [ERASE] ch=0 lun=3 pl=0 blk=47 pg=255 erase_cnt=17 (vpc/ipc reset)
[EXP] [ERASE] ch=0 lun=4 pl=0 blk=47 pg=255 erase_cnt=17 (vpc/ipc reset)
[EXP] [ERASE] ch=0 lun=5 pl=0 blk=47 pg=255 erase_cnt=17 (vpc/ipc reset)
[EXP] [ERASE] ch=0 lun=6 pl=0 blk=47 pg=255 erase_cnt=17 (vpc/ipc reset)
[EXP] [ERASE] ch=0 lun=7 pl=0 blk=47 pg=255 erase_cnt=17 (vpc/ipc reset)
[EXP] [ERASE] ch=1 lun=0 pl=0 blk=47 pg=255 erase_cnt=17 (vpc/ipc reset)
[EXP] [ERASE] ch=1 lun=1 pl=0 blk=47 pg=255 erase_cnt=17 (vpc/ipc reset)
[EXP] [ERASE] ch=1 lun=2 pl=0 blk=47 pg=255 erase_cnt=17 (vpc/ipc reset)
[EXP] [ERASE] ch=1 lun=3 pl=0 blk=47 pg=255 erase_cnt=17 (vpc/ipc reset)
[EXP] [ERASE] ch=1 lun=4 pl=0 blk=47 pg=255 erase_cnt=17 (vpc/ipc reset)
[EXP] [ERASE] ch=1 lun=5 pl=0 blk=47 pg=255 erase_cnt=17 (vpc/ipc reset)
[EXP] [ERASE] ch=1 lun=6 pl=0 blk=47 pg=255 erase_cnt=17 (vpc/ipc reset)
[EXP] [ERASE] ch=1 lun=7 pl=0 blk=47 pg=255 erase_cnt=17 (vpc/ipc reset)
[EXP] [ERASE] ch=2 lun=0 pl=0 blk=47 pg=255 erase_cnt=17 (vpc/ipc reset)
[EXP] [ERASE] ch=2 lun=1 pl=0 blk=47 pg=255 erase_cnt=17 (vpc/ipc reset)
[EXP] [ERASE] ch=2 lun=2 pl=0 blk=47 pg=255 erase_cnt=17 (vpc/ipc reset)
[EXP] [ERASE] ch=2 lun=3 pl=0 blk=47 pg=255 erase_cnt=17 (vpc/ipc reset)
[EXP] [ERASE] ch=2 lun=4 pl=0 blk=47 pg=255 erase_cnt=17 (vpc/ipc reset)
[EXP] [ERASE] ch=2 lun=5 pl=0 blk=47 pg=255 erase_cnt=17 (vpc/ipc reset)
[EXP] [ERASE] ch=2 lun=6 pl=0 blk=47 pg=255 erase_cnt=17 (vpc/ipc reset)
[EXP] [ERASE] ch=2 lun=7 pl=0 blk=47 pg=255 erase_cnt=17 (vpc/ipc reset)
[EXP] [ERASE] ch=3 lun=0 pl=0 blk=47 pg=255 erase_cnt=17 (vpc/ipc reset)
[EXP] [ERASE] ch=3 lun=1 pl=0 blk=47 pg=255 erase_cnt=17 (vpc/ipc reset)
[EXP] [ERASE] ch=3 lun=2 pl=0 blk=47 pg=255 erase_cnt=17 (vpc/ipc reset)
[EXP] [ERASE] ch=3 lun=3 pl=0 blk=47 pg=255 erase_cnt=17 (vpc/ipc reset)
[EXP] [ERASE] ch=3 lun=4 pl=0 blk=47 pg=255 erase_cnt=17 (vpc/ipc reset)
[EXP] [ERASE] ch=3 lun=5 pl=0 blk=47 pg=255 erase_cnt=17 (vpc/ipc reset)
[EXP] [ERASE] ch=3 lun=6 pl=0 blk=47 pg=255 erase_cnt=17 (vpc/ipc reset)
[EXP] [ERASE] ch=3 lun=7 pl=0 blk=47 pg=255 erase_cnt=17 (vpc/ipc reset)
[EXP] [ERASE] ch=4 lun=0 pl=0 blk=47 pg=255 erase_cnt=17 (vpc/ipc reset)
[EXP] [ERASE] ch=4 lun=1 pl=0 blk=47 pg=255 erase_cnt=17 (vpc/ipc reset)
[EXP] [ERASE] ch=4 lun=2 pl=0 blk=47 pg=255 erase_cnt=17 (vpc/ipc reset)
[EXP] [ERASE] ch=4 lun=3 pl=0 blk=47 pg=255 erase_cnt=17 (vpc/ipc reset)
[EXP] [ERASE] ch=4 lun=4 pl=0 blk=47 pg=255 erase_cnt=17 (vpc/ipc reset)
[EXP] [ERASE] ch=4 lun=5 pl=0 blk=47 pg=255 erase_cnt=17 (vpc/ipc reset)
[EXP] [ERASE] ch=4 lun=6 pl=0 blk=47 pg=255 erase_cnt=17 (vpc/ipc reset)
[EXP] [ERASE] ch=4 lun=7 pl=0 blk=47 pg=255 erase_cnt=17 (vpc/ipc reset)
[EXP] [ERASE] ch=5 lun=0 pl=0 blk=47 pg=255 erase_cnt=17 (vpc/ipc reset)
[EXP] [ERASE] ch=5 lun=1 pl=0 blk=47 pg=255 erase_cnt=17 (vpc/ipc reset)
[EXP] [ERASE] ch=5 lun=2 pl=0 blk=47 pg=255 erase_cnt=17 (vpc/ipc reset)
[EXP] [ERASE] ch=5 lun=3 pl=0 blk=47 pg=255 erase_cnt=17 (vpc/ipc reset)
[EXP] [ERASE] ch=5 lun=4 pl=0 blk=47 pg=255 erase_cnt=17 (vpc/ipc reset)
[EXP] [ERASE] ch=5 lun=5 pl=0 blk=47 pg=255 erase_cnt=17 (vpc/ipc reset)
[EXP] [ERASE] ch=5 lun=6 pl=0 blk=47 pg=255 erase_cnt=17 (vpc/ipc reset)
[EXP] [ERASE] ch=5 lun=7 pl=0 blk=47 pg=255 erase_cnt=17 (vpc/ipc reset)
[EXP] [ERASE] ch=6 lun=0 pl=0 blk=47 pg=255 erase_cnt=17 (vpc/ipc reset)
[EXP] [ERASE] ch=6 lun=1 pl=0 blk=47 pg=255 erase_cnt=17 (vpc/ipc reset)
[EXP] [ERASE] ch=6 lun=2 pl=0 blk=47 pg=255 erase_cnt=17 (vpc/ipc reset)
[EXP] [ERASE] ch=6 lun=3 pl=0 blk=47 pg=255 erase_cnt=17 (vpc/ipc reset)
[EXP] [ERASE] ch=6 lun=4 pl=0 blk=47 pg=255 erase_cnt=17 (vpc/ipc reset)
[EXP] [ERASE] ch=6 lun=5 pl=0 blk=47 pg=255 erase_cnt=17 (vpc/ipc reset)
[EXP] [ERASE] ch=6 lun=6 pl=0 blk=47 pg=255 erase_cnt=17 (vpc/ipc reset)
[EXP] [ERASE] ch=6 lun=7 pl=0 blk=47 pg=255 erase_cnt=17 (vpc/ipc reset)
[EXP] [ERASE] ch=7 lun=0 pl=0 blk=47 pg=255 erase_cnt=17 (vpc/ipc reset)
[EXP] [ERASE] ch=7 lun=1 pl=0 blk=47 pg=255 erase_cnt=17 (vpc/ipc reset)
[EXP] [ERASE] ch=7 lun=2 pl=0 blk=47 pg=255 erase_cnt=17 (vpc/ipc reset)
[EXP] [ERASE] ch=7 lun=3 pl=0 blk=47 pg=255 erase_cnt=17 (vpc/ipc reset)
[EXP] [ERASE] ch=7 lun=4 pl=0 blk=47 pg=255 erase_cnt=17 (vpc/ipc reset)
[EXP] [ERASE] ch=7 lun=5 pl=0 blk=47 pg=255 erase_cnt=17 (vpc/ipc reset)
[EXP] [ERASE] ch=7 lun=6 pl=0 blk=47 pg=255 erase_cnt=17 (vpc/ipc reset)
[EXP] [ERASE] ch=7 lun=7 pl=0 blk=47 pg=255 erase_cnt=17 (vpc/ipc reset)
[EXP] [ERASE] ch=0 lun=0 pl=0 blk=101 pg=255 erase_cnt=18 (vpc/ipc reset)
[EXP] [ERASE] ch=0 lun=1 pl=0 blk=101 pg=255 erase_cnt=18 (vpc/ipc reset)
[EXP] [ERASE] ch=0 lun=2 pl=0 blk=101 pg=255 erase_cnt=18 (vpc/ipc reset)
[EXP] [ERASE] ch=0 lun=3 pl=0 blk=101 pg=255 erase_cnt=18 (vpc/ipc reset)
[EXP] [ERASE] ch=0 lun=4 pl=0 blk=101 pg=255 erase_cnt=18 (vpc/ipc reset)
[EXP] [ERASE] ch=0 lun=5 pl=0 blk=101 pg=255 erase_cnt=18 (vpc/ipc reset)
[EXP] [ERASE] ch=0 lun=6 pl=0 blk=101 pg=255 erase_cnt=18 (vpc/ipc reset)
[EXP] [ERASE] ch=0 lun=7 pl=0 blk=101 pg=255 erase_cnt=18 (vpc/ipc reset)
[EXP] [ERASE] ch=1 lun=0 pl=0 blk=101 pg=255 erase_cnt=18 (vpc/ipc reset)
[EXP] [ERASE] ch=1 lun=1 pl=0 blk=101 pg=255 erase_cnt=18 (vpc/ipc reset)
[EXP] [ERASE] ch=1 lun=2 pl=0 blk=101 pg=255 erase_cnt=18 (vpc/ipc reset)
[EXP] [ERASE] ch=1 lun=3 pl=0 blk=101 pg=255 erase_cnt=18 (vpc/ipc reset)
[EXP] [ERASE] ch=1 lun=4 pl=0 blk=101 pg=255 erase_cnt=18 (vpc/ipc reset)
[EXP] [ERASE] ch=1 lun=5 pl=0 blk=101 pg=255 erase_cnt=18 (vpc/ipc reset)
[EXP] [ERASE] ch=1 lun=6 pl=0 blk=101 pg=255 erase_cnt=18 (vpc/ipc reset)
[EXP] [ERASE] ch=1 lun=7 pl=0 blk=101 pg=255 erase_cnt=18 (vpc/ipc reset)
[EXP] [ERASE] ch=2 lun=0 pl=0 blk=101 pg=255 erase_cnt=18 (vpc/ipc reset)
[EXP] [ERASE] ch=2 lun=1 pl=0 blk=101 pg=255 erase_cnt=18 (vpc/ipc reset)
[EXP] [ERASE] ch=2 lun=2 pl=0 blk=101 pg=255 erase_cnt=18 (vpc/ipc reset)
[EXP] [ERASE] ch=2 lun=3 pl=0 blk=101 pg=255 erase_cnt=18 (vpc/ipc reset)
[EXP] [ERASE] ch=2 lun=4 pl=0 blk=101 pg=255 erase_cnt=18 (vpc/ipc reset)
[EXP] [ERASE] ch=2 lun=5 pl=0 blk=101 pg=255 erase_cnt=18 (vpc/ipc reset)
[EXP] [ERASE] ch=2 lun=6 pl=0 blk=101 pg=255 erase_cnt=18 (vpc/ipc reset)
[EXP] [ERASE] ch=2 lun=7 pl=0 blk=101 pg=255 erase_cnt=18 (vpc/ipc reset)
[EXP] [ERASE] ch=3 lun=0 pl=0 blk=101 pg=255 erase_cnt=18 (vpc/ipc reset)
[EXP] [ERASE] ch=3 lun=1 pl=0 blk=101 pg=255 erase_cnt=18 (vpc/ipc reset)
[EXP] [ERASE] ch=3 lun=2 pl=0 blk=101 pg=255 erase_cnt=18 (vpc/ipc reset)
[EXP] [ERASE] ch=3 lun=3 pl=0 blk=101 pg=255 erase_cnt=18 (vpc/ipc reset)
[EXP] [ERASE] ch=3 lun=4 pl=0 blk=101 pg=255 erase_cnt=18 (vpc/ipc reset)
[EXP] [ERASE] ch=3 lun=5 pl=0 blk=101 pg=255 erase_cnt=18 (vpc/ipc reset)
[EXP] [ERASE] ch=3 lun=6 pl=0 blk=101 pg=255 erase_cnt=18 (vpc/ipc reset)
[EXP] [ERASE] ch=3 lun=7 pl=0 blk=101 pg=255 erase_cnt=18 (vpc/ipc reset)
[EXP] [ERASE] ch=4 lun=0 pl=0 blk=101 pg=255 erase_cnt=18 (vpc/ipc reset)
[EXP] [ERASE] ch=4 lun=1 pl=0 blk=101 pg=255 erase_cnt=18 (vpc/ipc reset)
[EXP] [ERASE] ch=4 lun=2 pl=0 blk=101 pg=255 erase_cnt=18 (vpc/ipc reset)
[EXP] [ERASE] ch=4 lun=3 pl=0 blk=101 pg=255 erase_cnt=18 (vpc/ipc reset)
[EXP] [ERASE] ch=4 lun=4 pl=0 blk=101 pg=255 erase_cnt=18 (vpc/ipc reset)
[EXP] [GC_MOVE] lpn=0 state=COLD access=1 short=0 last_seq=2566169 decay_epoch=320771 ch=4 lun=5 pl=0 blk=101 pg=7 -> ch=3 lun=1 pl=0 blk=42 pg=77
[EXP] [ERASE] ch=4 lun=5 pl=0 blk=101 pg=255 erase_cnt=18 (vpc/ipc reset)
[EXP] [ERASE] ch=4 lun=6 pl=0 blk=101 pg=255 erase_cnt=18 (vpc/ipc reset)
[EXP] [ERASE] ch=4 lun=7 pl=0 blk=101 pg=255 erase_cnt=18 (vpc/ipc reset)
[EXP] [ERASE] ch=5 lun=0 pl=0 blk=101 pg=255 erase_cnt=18 (vpc/ipc reset)
[EXP] [ERASE] ch=5 lun=1 pl=0 blk=101 pg=255 erase_cnt=18 (vpc/ipc reset)
[EXP] [ERASE] ch=5 lun=2 pl=0 blk=101 pg=255 erase_cnt=18 (vpc/ipc reset)
[EXP] [ERASE] ch=5 lun=3 pl=0 blk=101 pg=255 erase_cnt=18 (vpc/ipc reset)
[EXP] [ERASE] ch=5 lun=4 pl=0 blk=101 pg=255 erase_cnt=18 (vpc/ipc reset)
[EXP] [ERASE] ch=5 lun=5 pl=0 blk=101 pg=255 erase_cnt=18 (vpc/ipc reset)
[EXP] [ERASE] ch=5 lun=6 pl=0 blk=101 pg=255 erase_cnt=18 (vpc/ipc reset)
[EXP] [ERASE] ch=5 lun=7 pl=0 blk=101 pg=255 erase_cnt=18 (vpc/ipc reset)
[EXP] [ERASE] ch=6 lun=0 pl=0 blk=101 pg=255 erase_cnt=18 (vpc/ipc reset)
[EXP] [ERASE] ch=6 lun=1 pl=0 blk=101 pg=255 erase_cnt=18 (vpc/ipc reset)
[EXP] [ERASE] ch=6 lun=2 pl=0 blk=101 pg=255 erase_cnt=18 (vpc/ipc reset)
[EXP] [ERASE] ch=6 lun=3 pl=0 blk=101 pg=255 erase_cnt=18 (vpc/ipc reset)
[EXP] [ERASE] ch=6 lun=4 pl=0 blk=101 pg=255 erase_cnt=18 (vpc/ipc reset)
[EXP] [ERASE] ch=6 lun=5 pl=0 blk=101 pg=255 erase_cnt=18 (vpc/ipc reset)
[EXP] [ERASE] ch=6 lun=6 pl=0 blk=101 pg=255 erase_cnt=18 (vpc/ipc reset)
[EXP] [ERASE] ch=6 lun=7 pl=0 blk=101 pg=255 erase_cnt=18 (vpc/ipc reset)
[EXP] [ERASE] ch=7 lun=0 pl=0 blk=101 pg=255 erase_cnt=18 (vpc/ipc reset)
[EXP] [ERASE] ch=7 lun=1 pl=0 blk=101 pg=255 erase_cnt=18 (vpc/ipc reset)
[EXP] [ERASE] ch=7 lun=2 pl=0 blk=101 pg=255 erase_cnt=18 (vpc/ipc reset)
[EXP] [ERASE] ch=7 lun=3 pl=0 blk=101 pg=255 erase_cnt=18 (vpc/ipc reset)
[EXP] [ERASE] ch=7 lun=4 pl=0 blk=101 pg=255 erase_cnt=18 (vpc/ipc reset)
[EXP] [ERASE] ch=7 lun=5 pl=0 blk=101 pg=255 erase_cnt=18 (vpc/ipc reset)
[EXP] [ERASE] ch=7 lun=6 pl=0 blk=101 pg=255 erase_cnt=18 (vpc/ipc reset)
[EXP] [ERASE] ch=7 lun=7 pl=0 blk=101 pg=255 erase_cnt=18 (vpc/ipc reset)
[EXP] [ERASE] ch=0 lun=0 pl=0 blk=97 pg=255 erase_cnt=21 (vpc/ipc reset)
[EXP] [ERASE] ch=0 lun=1 pl=0 blk=97 pg=255 erase_cnt=21 (vpc/ipc reset)
[EXP] [ERASE] ch=0 lun=2 pl=0 blk=97 pg=255 erase_cnt=21 (vpc/ipc reset)
[EXP] [ERASE] ch=0 lun=3 pl=0 blk=97 pg=255 erase_cnt=21 (vpc/ipc reset)
[EXP] [ERASE] ch=0 lun=4 pl=0 blk=97 pg=255 erase_cnt=21 (vpc/ipc reset)
[EXP] [ERASE] ch=0 lun=5 pl=0 blk=97 pg=255 erase_cnt=21 (vpc/ipc reset)
[EXP] [ERASE] ch=0 lun=6 pl=0 blk=97 pg=255 erase_cnt=21 (vpc/ipc reset)
[EXP] [ERASE] ch=0 lun=7 pl=0 blk=97 pg=255 erase_cnt=21 (vpc/ipc reset)
[EXP] [ERASE] ch=1 lun=0 pl=0 blk=97 pg=255 erase_cnt=21 (vpc/ipc reset)
[EXP] [ERASE] ch=1 lun=1 pl=0 blk=97 pg=255 erase_cnt=21 (vpc/ipc reset)
[EXP] [ERASE] ch=1 lun=2 pl=0 blk=97 pg=255 erase_cnt=21 (vpc/ipc reset)
[EXP] [ERASE] ch=1 lun=3 pl=0 blk=97 pg=255 erase_cnt=21 (vpc/ipc reset)
[EXP] [ERASE] ch=1 lun=4 pl=0 blk=97 pg=255 erase_cnt=21 (vpc/ipc reset)
[EXP] [ERASE] ch=1 lun=5 pl=0 blk=97 pg=255 erase_cnt=21 (vpc/ipc reset)
[EXP] [ERASE] ch=1 lun=6 pl=0 blk=97 pg=255 erase_cnt=21 (vpc/ipc reset)
[EXP] [ERASE] ch=1 lun=7 pl=0 blk=97 pg=255 erase_cnt=21 (vpc/ipc reset)
[EXP] [ERASE] ch=2 lun=0 pl=0 blk=97 pg=255 erase_cnt=21 (vpc/ipc reset)
[EXP] [ERASE] ch=2 lun=1 pl=0 blk=97 pg=255 erase_cnt=21 (vpc/ipc reset)
[EXP] [ERASE] ch=2 lun=2 pl=0 blk=97 pg=255 erase_cnt=21 (vpc/ipc reset)
[EXP] [ERASE] ch=2 lun=3 pl=0 blk=97 pg=255 erase_cnt=21 (vpc/ipc reset)
[EXP] [ERASE] ch=2 lun=4 pl=0 blk=97 pg=255 erase_cnt=21 (vpc/ipc reset)
[EXP] [ERASE] ch=2 lun=5 pl=0 blk=97 pg=255 erase_cnt=21 (vpc/ipc reset)
[EXP] [ERASE] ch=2 lun=6 pl=0 blk=97 pg=255 erase_cnt=21 (vpc/ipc reset)
[EXP] [ERASE] ch=2 lun=7 pl=0 blk=97 pg=255 erase_cnt=21 (vpc/ipc reset)
[EXP] [ERASE] ch=3 lun=0 pl=0 blk=97 pg=255 erase_cnt=21 (vpc/ipc reset)
[EXP] [ERASE] ch=3 lun=1 pl=0 blk=97 pg=255 erase_cnt=21 (vpc/ipc reset)
[EXP] [ERASE] ch=3 lun=2 pl=0 blk=97 pg=255 erase_cnt=21 (vpc/ipc reset)
[EXP] [ERASE] ch=3 lun=3 pl=0 blk=97 pg=255 erase_cnt=21 (vpc/ipc reset)
[EXP] [ERASE] ch=3 lun=4 pl=0 blk=97 pg=255 erase_cnt=21 (vpc/ipc reset)
[EXP] [ERASE] ch=3 lun=5 pl=0 blk=97 pg=255 erase_cnt=21 (vpc/ipc reset)
[EXP] [ERASE] ch=3 lun=6 pl=0 blk=97 pg=255 erase_cnt=21 (vpc/ipc reset)
[EXP] [ERASE] ch=3 lun=7 pl=0 blk=97 pg=255 erase_cnt=21 (vpc/ipc reset)
[EXP] [ERASE] ch=4 lun=0 pl=0 blk=97 pg=255 erase_cnt=21 (vpc/ipc reset)
[EXP] [ERASE] ch=4 lun=1 pl=0 blk=97 pg=255 erase_cnt=21 (vpc/ipc reset)
[EXP] [ERASE] ch=4 lun=2 pl=0 blk=97 pg=255 erase_cnt=21 (vpc/ipc reset)
[EXP] [ERASE] ch=4 lun=3 pl=0 blk=97 pg=255 erase_cnt=21 (vpc/ipc reset)
[EXP] [ERASE] ch=4 lun=4 pl=0 blk=97 pg=255 erase_cnt=21 (vpc/ipc reset)
[EXP] [ERASE] ch=4 lun=5 pl=0 blk=97 pg=255 erase_cnt=21 (vpc/ipc reset)
[EXP] [ERASE] ch=4 lun=6 pl=0 blk=97 pg=255 erase_cnt=21 (vpc/ipc reset)
[EXP] [ERASE] ch=4 lun=7 pl=0 blk=97 pg=255 erase_cnt=21 (vpc/ipc reset)
[EXP] [ERASE] ch=5 lun=0 pl=0 blk=97 pg=255 erase_cnt=21 (vpc/ipc reset)
[EXP] [ERASE] ch=5 lun=1 pl=0 blk=97 pg=255 erase_cnt=21 (vpc/ipc reset)
[EXP] [ERASE] ch=5 lun=2 pl=0 blk=97 pg=255 erase_cnt=21 (vpc/ipc reset)
[EXP] [ERASE] ch=5 lun=3 pl=0 blk=97 pg=255 erase_cnt=21 (vpc/ipc reset)
[EXP] [ERASE] ch=5 lun=4 pl=0 blk=97 pg=255 erase_cnt=21 (vpc/ipc reset)
[EXP] [ERASE] ch=5 lun=5 pl=0 blk=97 pg=255 erase_cnt=21 (vpc/ipc reset)
[EXP] [ERASE] ch=5 lun=6 pl=0 blk=97 pg=255 erase_cnt=21 (vpc/ipc reset)
[EXP] [ERASE] ch=5 lun=7 pl=0 blk=97 pg=255 erase_cnt=21 (vpc/ipc reset)
[EXP] [ERASE] ch=6 lun=0 pl=0 blk=97 pg=255 erase_cnt=21 (vpc/ipc reset)
[EXP] [ERASE] ch=6 lun=1 pl=0 blk=97 pg=255 erase_cnt=21 (vpc/ipc reset)
[EXP] [ERASE] ch=6 lun=2 pl=0 blk=97 pg=255 erase_cnt=21 (vpc/ipc reset)
[EXP] [ERASE] ch=6 lun=3 pl=0 blk=97 pg=255 erase_cnt=21 (vpc/ipc reset)
[EXP] [ERASE] ch=6 lun=4 pl=0 blk=97 pg=255 erase_cnt=21 (vpc/ipc reset)
[EXP] [ERASE] ch=6 lun=5 pl=0 blk=97 pg=255 erase_cnt=21 (vpc/ipc reset)
[EXP] [ERASE] ch=6 lun=6 pl=0 blk=97 pg=255 erase_cnt=21 (vpc/ipc reset)
[EXP] [ERASE] ch=6 lun=7 pl=0 blk=97 pg=255 erase_cnt=21 (vpc/ipc reset)
[EXP] [ERASE] ch=7 lun=0 pl=0 blk=97 pg=255 erase_cnt=21 (vpc/ipc reset)
[EXP] [ERASE] ch=7 lun=1 pl=0 blk=97 pg=255 erase_cnt=21 (vpc/ipc reset)
[EXP] [ERASE] ch=7 lun=2 pl=0 blk=97 pg=255 erase_cnt=21 (vpc/ipc reset)
[EXP] [ERASE] ch=7 lun=3 pl=0 blk=97 pg=255 erase_cnt=21 (vpc/ipc reset)
[EXP] [ERASE] ch=7 lun=4 pl=0 blk=97 pg=255 erase_cnt=21 (vpc/ipc reset)
[EXP] [ERASE] ch=7 lun=5 pl=0 blk=97 pg=255 erase_cnt=21 (vpc/ipc reset)
[EXP] [ERASE] ch=7 lun=6 pl=0 blk=97 pg=255 erase_cnt=21 (vpc/ipc reset)
[EXP] [ERASE] ch=7 lun=7 pl=0 blk=97 pg=255 erase_cnt=21 (vpc/ipc reset)
[EXP] [ERASE] ch=0 lun=0 pl=0 blk=101 pg=255 erase_cnt=19 (vpc/ipc reset)
[EXP] [ERASE] ch=0 lun=1 pl=0 blk=101 pg=255 erase_cnt=19 (vpc/ipc reset)
[EXP] [ERASE] ch=0 lun=2 pl=0 blk=101 pg=255 erase_cnt=19 (vpc/ipc reset)
[EXP] [ERASE] ch=0 lun=3 pl=0 blk=101 pg=255 erase_cnt=19 (vpc/ipc reset)
[EXP] [ERASE] ch=0 lun=4 pl=0 blk=101 pg=255 erase_cnt=19 (vpc/ipc reset)
[EXP] [ERASE] ch=0 lun=5 pl=0 blk=101 pg=255 erase_cnt=19 (vpc/ipc reset)
[EXP] [ERASE] ch=0 lun=6 pl=0 blk=101 pg=255 erase_cnt=19 (vpc/ipc reset)
[EXP] [ERASE] ch=0 lun=7 pl=0 blk=101 pg=255 erase_cnt=19 (vpc/ipc reset)
[EXP] [ERASE] ch=1 lun=0 pl=0 blk=101 pg=255 erase_cnt=19 (vpc/ipc reset)
[EXP] [ERASE] ch=1 lun=1 pl=0 blk=101 pg=255 erase_cnt=19 (vpc/ipc reset)
[EXP] [ERASE] ch=1 lun=2 pl=0 blk=101 pg=255 erase_cnt=19 (vpc/ipc reset)
[EXP] [ERASE] ch=1 lun=3 pl=0 blk=101 pg=255 erase_cnt=19 (vpc/ipc reset)
[EXP] [ERASE] ch=1 lun=4 pl=0 blk=101 pg=255 erase_cnt=19 (vpc/ipc reset)
[EXP] [ERASE] ch=1 lun=5 pl=0 blk=101 pg=255 erase_cnt=19 (vpc/ipc reset)
[EXP] [ERASE] ch=1 lun=6 pl=0 blk=101 pg=255 erase_cnt=19 (vpc/ipc reset)
[EXP] [ERASE] ch=1 lun=7 pl=0 blk=101 pg=255 erase_cnt=19 (vpc/ipc reset)
[EXP] [ERASE] ch=2 lun=0 pl=0 blk=101 pg=255 erase_cnt=19 (vpc/ipc reset)
[EXP] [ERASE] ch=2 lun=1 pl=0 blk=101 pg=255 erase_cnt=19 (vpc/ipc reset)
[EXP] [ERASE] ch=2 lun=2 pl=0 blk=101 pg=255 erase_cnt=19 (vpc/ipc reset)
[EXP] [ERASE] ch=2 lun=3 pl=0 blk=101 pg=255 erase_cnt=19 (vpc/ipc reset)
[EXP] [ERASE] ch=2 lun=4 pl=0 blk=101 pg=255 erase_cnt=19 (vpc/ipc reset)
[EXP] [ERASE] ch=2 lun=5 pl=0 blk=101 pg=255 erase_cnt=19 (vpc/ipc reset)
[EXP] [ERASE] ch=2 lun=6 pl=0 blk=101 pg=255 erase_cnt=19 (vpc/ipc reset)
[EXP] [ERASE] ch=2 lun=7 pl=0 blk=101 pg=255 erase_cnt=19 (vpc/ipc reset)
[EXP] [ERASE] ch=3 lun=0 pl=0 blk=101 pg=255 erase_cnt=19 (vpc/ipc reset)
[EXP] [ERASE] ch=3 lun=1 pl=0 blk=101 pg=255 erase_cnt=19 (vpc/ipc reset)
[EXP] [ERASE] ch=3 lun=2 pl=0 blk=101 pg=255 erase_cnt=19 (vpc/ipc reset)
[EXP] [ERASE] ch=3 lun=3 pl=0 blk=101 pg=255 erase_cnt=19 (vpc/ipc reset)
[EXP] [ERASE] ch=3 lun=4 pl=0 blk=101 pg=255 erase_cnt=19 (vpc/ipc reset)
[EXP] [ERASE] ch=3 lun=5 pl=0 blk=101 pg=255 erase_cnt=19 (vpc/ipc reset)
[EXP] [ERASE] ch=3 lun=6 pl=0 blk=101 pg=255 erase_cnt=19 (vpc/ipc reset)
[EXP] [ERASE] ch=3 lun=7 pl=0 blk=101 pg=255 erase_cnt=19 (vpc/ipc reset)
[EXP] [ERASE] ch=4 lun=0 pl=0 blk=101 pg=255 erase_cnt=19 (vpc/ipc reset)
[EXP] [ERASE] ch=4 lun=1 pl=0 blk=101 pg=255 erase_cnt=19 (vpc/ipc reset)
[EXP] [ERASE] ch=4 lun=2 pl=0 blk=101 pg=255 erase_cnt=19 (vpc/ipc reset)
[EXP] [ERASE] ch=4 lun=3 pl=0 blk=101 pg=255 erase_cnt=19 (vpc/ipc reset)
[EXP] [ERASE] ch=4 lun=4 pl=0 blk=101 pg=255 erase_cnt=19 (vpc/ipc reset)
[EXP] [ERASE] ch=4 lun=5 pl=0 blk=101 pg=255 erase_cnt=19 (vpc/ipc reset)
[EXP] [ERASE] ch=4 lun=6 pl=0 blk=101 pg=255 erase_cnt=19 (vpc/ipc reset)
[EXP] [ERASE] ch=4 lun=7 pl=0 blk=101 pg=255 erase_cnt=19 (vpc/ipc reset)
[EXP] [ERASE] ch=5 lun=0 pl=0 blk=101 pg=255 erase_cnt=19 (vpc/ipc reset)
[EXP] [ERASE] ch=5 lun=1 pl=0 blk=101 pg=255 erase_cnt=19 (vpc/ipc reset)
[EXP] [ERASE] ch=5 lun=2 pl=0 blk=101 pg=255 erase_cnt=19 (vpc/ipc reset)
[EXP] [ERASE] ch=5 lun=3 pl=0 blk=101 pg=255 erase_cnt=19 (vpc/ipc reset)
[EXP] [ERASE] ch=5 lun=4 pl=0 blk=101 pg=255 erase_cnt=19 (vpc/ipc reset)
[EXP] [ERASE] ch=5 lun=5 pl=0 blk=101 pg=255 erase_cnt=19 (vpc/ipc reset)
[EXP] [ERASE] ch=5 lun=6 pl=0 blk=101 pg=255 erase_cnt=19 (vpc/ipc reset)
[EXP] [ERASE] ch=5 lun=7 pl=0 blk=101 pg=255 erase_cnt=19 (vpc/ipc reset)
[EXP] [ERASE] ch=6 lun=0 pl=0 blk=101 pg=255 erase_cnt=19 (vpc/ipc reset)
[EXP] [ERASE] ch=6 lun=1 pl=0 blk=101 pg=255 erase_cnt=19 (vpc/ipc reset)
[EXP] [ERASE] ch=6 lun=2 pl=0 blk=101 pg=255 erase_cnt=19 (vpc/ipc reset)
[EXP] [ERASE] ch=6 lun=3 pl=0 blk=101 pg=255 erase_cnt=19 (vpc/ipc reset)
[EXP] [ERASE] ch=6 lun=4 pl=0 blk=101 pg=255 erase_cnt=19 (vpc/ipc reset)
[EXP] [ERASE] ch=6 lun=5 pl=0 blk=101 pg=255 erase_cnt=19 (vpc/ipc reset)
[EXP] [ERASE] ch=6 lun=6 pl=0 blk=101 pg=255 erase_cnt=19 (vpc/ipc reset)
[EXP] [ERASE] ch=6 lun=7 pl=0 blk=101 pg=255 erase_cnt=19 (vpc/ipc reset)
[EXP] [ERASE] ch=7 lun=0 pl=0 blk=101 pg=255 erase_cnt=19 (vpc/ipc reset)
[EXP] [ERASE] ch=7 lun=1 pl=0 blk=101 pg=255 erase_cnt=19 (vpc/ipc reset)
[EXP] [ERASE] ch=7 lun=2 pl=0 blk=101 pg=255 erase_cnt=19 (vpc/ipc reset)
[EXP] [ERASE] ch=7 lun=3 pl=0 blk=101 pg=255 erase_cnt=19 (vpc/ipc reset)
[EXP] [ERASE] ch=7 lun=4 pl=0 blk=101 pg=255 erase_cnt=19 (vpc/ipc reset)
[EXP] [ERASE] ch=7 lun=5 pl=0 blk=101 pg=255 erase_cnt=19 (vpc/ipc reset)
[EXP] [ERASE] ch=7 lun=6 pl=0 blk=101 pg=255 erase_cnt=19 (vpc/ipc reset)
[EXP] [ERASE] ch=7 lun=7 pl=0 blk=101 pg=255 erase_cnt=19 (vpc/ipc reset)
[EXP] [ERASE] ch=0 lun=0 pl=0 blk=17 pg=255 erase_cnt=16 (vpc/ipc reset)
[EXP] [ERASE] ch=0 lun=1 pl=0 blk=17 pg=255 erase_cnt=16 (vpc/ipc reset)
[EXP] [ERASE] ch=0 lun=2 pl=0 blk=17 pg=255 erase_cnt=16 (vpc/ipc reset)
[EXP] [ERASE] ch=0 lun=3 pl=0 blk=17 pg=255 erase_cnt=16 (vpc/ipc reset)
[EXP] [ERASE] ch=0 lun=4 pl=0 blk=17 pg=255 erase_cnt=16 (vpc/ipc reset)
[EXP] [ERASE] ch=0 lun=5 pl=0 blk=17 pg=255 erase_cnt=16 (vpc/ipc reset)
[EXP] [ERASE] ch=0 lun=6 pl=0 blk=17 pg=255 erase_cnt=16 (vpc/ipc reset)
[EXP] [ERASE] ch=0 lun=7 pl=0 blk=17 pg=255 erase_cnt=16 (vpc/ipc reset)
[EXP] [ERASE] ch=1 lun=0 pl=0 blk=17 pg=255 erase_cnt=16 (vpc/ipc reset)
[EXP] [ERASE] ch=1 lun=1 pl=0 blk=17 pg=255 erase_cnt=16 (vpc/ipc reset)
[EXP] [ERASE] ch=1 lun=2 pl=0 blk=17 pg=255 erase_cnt=16 (vpc/ipc reset)
[EXP] [ERASE] ch=1 lun=3 pl=0 blk=17 pg=255 erase_cnt=16 (vpc/ipc reset)
[EXP] [ERASE] ch=1 lun=4 pl=0 blk=17 pg=255 erase_cnt=16 (vpc/ipc reset)
[EXP] [ERASE] ch=1 lun=5 pl=0 blk=17 pg=255 erase_cnt=16 (vpc/ipc reset)
[EXP] [ERASE] ch=1 lun=6 pl=0 blk=17 pg=255 erase_cnt=16 (vpc/ipc reset)
[EXP] [ERASE] ch=1 lun=7 pl=0 blk=17 pg=255 erase_cnt=16 (vpc/ipc reset)
[EXP] [ERASE] ch=2 lun=0 pl=0 blk=17 pg=255 erase_cnt=16 (vpc/ipc reset)
[EXP] [ERASE] ch=2 lun=1 pl=0 blk=17 pg=255 erase_cnt=16 (vpc/ipc reset)
[EXP] [ERASE] ch=2 lun=2 pl=0 blk=17 pg=255 erase_cnt=16 (vpc/ipc reset)
[EXP] [ERASE] ch=2 lun=3 pl=0 blk=17 pg=255 erase_cnt=16 (vpc/ipc reset)
[EXP] [ERASE] ch=2 lun=4 pl=0 blk=17 pg=255 erase_cnt=16 (vpc/ipc reset)
[EXP] [ERASE] ch=2 lun=5 pl=0 blk=17 pg=255 erase_cnt=16 (vpc/ipc reset)
[EXP] [ERASE] ch=2 lun=6 pl=0 blk=17 pg=255 erase_cnt=16 (vpc/ipc reset)
[EXP] [ERASE] ch=2 lun=7 pl=0 blk=17 pg=255 erase_cnt=16 (vpc/ipc reset)
[EXP] [ERASE] ch=3 lun=0 pl=0 blk=17 pg=255 erase_cnt=16 (vpc/ipc reset)
[EXP] [ERASE] ch=3 lun=1 pl=0 blk=17 pg=255 erase_cnt=16 (vpc/ipc reset)
[EXP] [ERASE] ch=3 lun=2 pl=0 blk=17 pg=255 erase_cnt=16 (vpc/ipc reset)
[EXP] [ERASE] ch=3 lun=3 pl=0 blk=17 pg=255 erase_cnt=16 (vpc/ipc reset)
[EXP] [ERASE] ch=3 lun=4 pl=0 blk=17 pg=255 erase_cnt=16 (vpc/ipc reset)
[EXP] [ERASE] ch=3 lun=5 pl=0 blk=17 pg=255 erase_cnt=16 (vpc/ipc reset)
[EXP] [ERASE] ch=3 lun=6 pl=0 blk=17 pg=255 erase_cnt=16 (vpc/ipc reset)
[EXP] [ERASE] ch=3 lun=7 pl=0 blk=17 pg=255 erase_cnt=16 (vpc/ipc reset)
[EXP] [ERASE] ch=4 lun=0 pl=0 blk=17 pg=255 erase_cnt=16 (vpc/ipc reset)
[EXP] [ERASE] ch=4 lun=1 pl=0 blk=17 pg=255 erase_cnt=16 (vpc/ipc reset)
[EXP] [ERASE] ch=4 lun=2 pl=0 blk=17 pg=255 erase_cnt=16 (vpc/ipc reset)
[EXP] [ERASE] ch=4 lun=3 pl=0 blk=17 pg=255 erase_cnt=16 (vpc/ipc reset)
[EXP] [ERASE] ch=4 lun=4 pl=0 blk=17 pg=255 erase_cnt=16 (vpc/ipc reset)
[EXP] [ERASE] ch=4 lun=5 pl=0 blk=17 pg=255 erase_cnt=16 (vpc/ipc reset)
[EXP] [ERASE] ch=4 lun=6 pl=0 blk=17 pg=255 erase_cnt=16 (vpc/ipc reset)
[EXP] [ERASE] ch=4 lun=7 pl=0 blk=17 pg=255 erase_cnt=16 (vpc/ipc reset)
[EXP] [ERASE] ch=5 lun=0 pl=0 blk=17 pg=255 erase_cnt=16 (vpc/ipc reset)
[EXP] [ERASE] ch=5 lun=1 pl=0 blk=17 pg=255 erase_cnt=16 (vpc/ipc reset)
[EXP] [ERASE] ch=5 lun=2 pl=0 blk=17 pg=255 erase_cnt=16 (vpc/ipc reset)
[EXP] [ERASE] ch=5 lun=3 pl=0 blk=17 pg=255 erase_cnt=16 (vpc/ipc reset)
[EXP] [ERASE] ch=5 lun=4 pl=0 blk=17 pg=255 erase_cnt=16 (vpc/ipc reset)
[EXP] [ERASE] ch=5 lun=5 pl=0 blk=17 pg=255 erase_cnt=16 (vpc/ipc reset)
[EXP] [ERASE] ch=5 lun=6 pl=0 blk=17 pg=255 erase_cnt=16 (vpc/ipc reset)
[EXP] [ERASE] ch=5 lun=7 pl=0 blk=17 pg=255 erase_cnt=16 (vpc/ipc reset)
[EXP] [ERASE] ch=6 lun=0 pl=0 blk=17 pg=255 erase_cnt=16 (vpc/ipc reset)
[EXP] [ERASE] ch=6 lun=1 pl=0 blk=17 pg=255 erase_cnt=16 (vpc/ipc reset)
[EXP] [ERASE] ch=6 lun=2 pl=0 blk=17 pg=255 erase_cnt=16 (vpc/ipc reset)
[EXP] [ERASE] ch=6 lun=3 pl=0 blk=17 pg=255 erase_cnt=16 (vpc/ipc reset)
[EXP] [ERASE] ch=6 lun=4 pl=0 blk=17 pg=255 erase_cnt=16 (vpc/ipc reset)
[EXP] [ERASE] ch=6 lun=5 pl=0 blk=17 pg=255 erase_cnt=16 (vpc/ipc reset)
[EXP] [ERASE] ch=6 lun=6 pl=0 blk=17 pg=255 erase_cnt=16 (vpc/ipc reset)
[EXP] [ERASE] ch=6 lun=7 pl=0 blk=17 pg=255 erase_cnt=16 (vpc/ipc reset)
[EXP] [ERASE] ch=7 lun=0 pl=0 blk=17 pg=255 erase_cnt=16 (vpc/ipc reset)
[EXP] [ERASE] ch=7 lun=1 pl=0 blk=17 pg=255 erase_cnt=16 (vpc/ipc reset)
[EXP] [ERASE] ch=7 lun=2 pl=0 blk=17 pg=255 erase_cnt=16 (vpc/ipc reset)
[EXP] [ERASE] ch=7 lun=3 pl=0 blk=17 pg=255 erase_cnt=16 (vpc/ipc reset)
[EXP] [ERASE] ch=7 lun=4 pl=0 blk=17 pg=255 erase_cnt=16 (vpc/ipc reset)
[EXP] [ERASE] ch=7 lun=5 pl=0 blk=17 pg=255 erase_cnt=16 (vpc/ipc reset)
[EXP] [ERASE] ch=7 lun=6 pl=0 blk=17 pg=255 erase_cnt=16 (vpc/ipc reset)
[EXP] [ERASE] ch=7 lun=7 pl=0 blk=17 pg=255 erase_cnt=16 (vpc/ipc reset)
[EXP] [ERASE] ch=0 lun=0 pl=0 blk=28 pg=255 erase_cnt=16 (vpc/ipc reset)
[EXP] [ERASE] ch=0 lun=1 pl=0 blk=28 pg=255 erase_cnt=16 (vpc/ipc reset)
[EXP] [ERASE] ch=0 lun=2 pl=0 blk=28 pg=255 erase_cnt=16 (vpc/ipc reset)
[EXP] [ERASE] ch=0 lun=3 pl=0 blk=28 pg=255 erase_cnt=16 (vpc/ipc reset)
[EXP] [ERASE] ch=0 lun=4 pl=0 blk=28 pg=255 erase_cnt=16 (vpc/ipc reset)
[EXP] [ERASE] ch=0 lun=5 pl=0 blk=28 pg=255 erase_cnt=16 (vpc/ipc reset)
[EXP] [ERASE] ch=0 lun=6 pl=0 blk=28 pg=255 erase_cnt=16 (vpc/ipc reset)
[EXP] [ERASE] ch=0 lun=7 pl=0 blk=28 pg=255 erase_cnt=16 (vpc/ipc reset)
[EXP] [ERASE] ch=1 lun=0 pl=0 blk=28 pg=255 erase_cnt=16 (vpc/ipc reset)
[EXP] [ERASE] ch=1 lun=1 pl=0 blk=28 pg=255 erase_cnt=16 (vpc/ipc reset)
[EXP] [ERASE] ch=1 lun=2 pl=0 blk=28 pg=255 erase_cnt=16 (vpc/ipc reset)
[EXP] [ERASE] ch=1 lun=3 pl=0 blk=28 pg=255 erase_cnt=16 (vpc/ipc reset)
[EXP] [ERASE] ch=1 lun=4 pl=0 blk=28 pg=255 erase_cnt=16 (vpc/ipc reset)
[EXP] [ERASE] ch=1 lun=5 pl=0 blk=28 pg=255 erase_cnt=16 (vpc/ipc reset)
[EXP] [ERASE] ch=1 lun=6 pl=0 blk=28 pg=255 erase_cnt=16 (vpc/ipc reset)
[EXP] [ERASE] ch=1 lun=7 pl=0 blk=28 pg=255 erase_cnt=16 (vpc/ipc reset)
[EXP] [ERASE] ch=2 lun=0 pl=0 blk=28 pg=255 erase_cnt=16 (vpc/ipc reset)
[EXP] [ERASE] ch=2 lun=1 pl=0 blk=28 pg=255 erase_cnt=16 (vpc/ipc reset)
[EXP] [ERASE] ch=2 lun=2 pl=0 blk=28 pg=255 erase_cnt=16 (vpc/ipc reset)
[EXP] [ERASE] ch=2 lun=3 pl=0 blk=28 pg=255 erase_cnt=16 (vpc/ipc reset)
[EXP] [ERASE] ch=2 lun=4 pl=0 blk=28 pg=255 erase_cnt=16 (vpc/ipc reset)
[EXP] [ERASE] ch=2 lun=5 pl=0 blk=28 pg=255 erase_cnt=16 (vpc/ipc reset)
[EXP] [ERASE] ch=2 lun=6 pl=0 blk=28 pg=255 erase_cnt=16 (vpc/ipc reset)
[EXP] [ERASE] ch=2 lun=7 pl=0 blk=28 pg=255 erase_cnt=16 (vpc/ipc reset)
[EXP] [ERASE] ch=3 lun=0 pl=0 blk=28 pg=255 erase_cnt=16 (vpc/ipc reset)
[EXP] [ERASE] ch=3 lun=1 pl=0 blk=28 pg=255 erase_cnt=16 (vpc/ipc reset)
[EXP] [ERASE] ch=3 lun=2 pl=0 blk=28 pg=255 erase_cnt=16 (vpc/ipc reset)
[EXP] [ERASE] ch=3 lun=3 pl=0 blk=28 pg=255 erase_cnt=16 (vpc/ipc reset)
[EXP] [ERASE] ch=3 lun=4 pl=0 blk=28 pg=255 erase_cnt=16 (vpc/ipc reset)
[EXP] [ERASE] ch=3 lun=5 pl=0 blk=28 pg=255 erase_cnt=16 (vpc/ipc reset)
[EXP] [ERASE] ch=3 lun=6 pl=0 blk=28 pg=255 erase_cnt=16 (vpc/ipc reset)
[EXP] [ERASE] ch=3 lun=7 pl=0 blk=28 pg=255 erase_cnt=16 (vpc/ipc reset)
[EXP] [ERASE] ch=4 lun=0 pl=0 blk=28 pg=255 erase_cnt=16 (vpc/ipc reset)
[EXP] [ERASE] ch=4 lun=1 pl=0 blk=28 pg=255 erase_cnt=16 (vpc/ipc reset)
[EXP] [ERASE] ch=4 lun=2 pl=0 blk=28 pg=255 erase_cnt=16 (vpc/ipc reset)
[EXP] [ERASE] ch=4 lun=3 pl=0 blk=28 pg=255 erase_cnt=16 (vpc/ipc reset)
[EXP] [ERASE] ch=4 lun=4 pl=0 blk=28 pg=255 erase_cnt=16 (vpc/ipc reset)
[EXP] [ERASE] ch=4 lun=5 pl=0 blk=28 pg=255 erase_cnt=16 (vpc/ipc reset)
[EXP] [ERASE] ch=4 lun=6 pl=0 blk=28 pg=255 erase_cnt=16 (vpc/ipc reset)
[EXP] [ERASE] ch=4 lun=7 pl=0 blk=28 pg=255 erase_cnt=16 (vpc/ipc reset)
[EXP] [ERASE] ch=5 lun=0 pl=0 blk=28 pg=255 erase_cnt=16 (vpc/ipc reset)
[EXP] [ERASE] ch=5 lun=1 pl=0 blk=28 pg=255 erase_cnt=16 (vpc/ipc reset)
[EXP] [ERASE] ch=5 lun=2 pl=0 blk=28 pg=255 erase_cnt=16 (vpc/ipc reset)
[EXP] [ERASE] ch=5 lun=3 pl=0 blk=28 pg=255 erase_cnt=16 (vpc/ipc reset)
[EXP] [ERASE] ch=5 lun=4 pl=0 blk=28 pg=255 erase_cnt=16 (vpc/ipc reset)
[EXP] [ERASE] ch=5 lun=5 pl=0 blk=28 pg=255 erase_cnt=16 (vpc/ipc reset)
[EXP] [ERASE] ch=5 lun=6 pl=0 blk=28 pg=255 erase_cnt=16 (vpc/ipc reset)
[EXP] [ERASE] ch=5 lun=7 pl=0 blk=28 pg=255 erase_cnt=16 (vpc/ipc reset)
[EXP] [ERASE] ch=6 lun=0 pl=0 blk=28 pg=255 erase_cnt=16 (vpc/ipc reset)
[EXP] [ERASE] ch=6 lun=1 pl=0 blk=28 pg=255 erase_cnt=16 (vpc/ipc reset)
[EXP] [ERASE] ch=6 lun=2 pl=0 blk=28 pg=255 erase_cnt=16 (vpc/ipc reset)
[EXP] [ERASE] ch=6 lun=3 pl=0 blk=28 pg=255 erase_cnt=16 (vpc/ipc reset)
[EXP] [ERASE] ch=6 lun=4 pl=0 blk=28 pg=255 erase_cnt=16 (vpc/ipc reset)
[EXP] [ERASE] ch=6 lun=5 pl=0 blk=28 pg=255 erase_cnt=16 (vpc/ipc reset)
[EXP] [ERASE] ch=6 lun=6 pl=0 blk=28 pg=255 erase_cnt=16 (vpc/ipc reset)
[EXP] [ERASE] ch=6 lun=7 pl=0 blk=28 pg=255 erase_cnt=16 (vpc/ipc reset)
[EXP] [ERASE] ch=7 lun=0 pl=0 blk=28 pg=255 erase_cnt=16 (vpc/ipc reset)
[EXP] [ERASE] ch=7 lun=1 pl=0 blk=28 pg=255 erase_cnt=16 (vpc/ipc reset)
[EXP] [ERASE] ch=7 lun=2 pl=0 blk=28 pg=255 erase_cnt=16 (vpc/ipc reset)
[EXP] [ERASE] ch=7 lun=3 pl=0 blk=28 pg=255 erase_cnt=16 (vpc/ipc reset)
[EXP] [ERASE] ch=7 lun=4 pl=0 blk=28 pg=255 erase_cnt=16 (vpc/ipc reset)
[EXP] [ERASE] ch=7 lun=5 pl=0 blk=28 pg=255 erase_cnt=16 (vpc/ipc reset)
[EXP] [ERASE] ch=7 lun=6 pl=0 blk=28 pg=255 erase_cnt=16 (vpc/ipc reset)
[EXP] [ERASE] ch=7 lun=7 pl=0 blk=28 pg=255 erase_cnt=16 (vpc/ipc reset)
[EXP] [ERASE] ch=0 lun=0 pl=0 blk=100 pg=255 erase_cnt=20 (vpc/ipc reset)
[EXP] [ERASE] ch=0 lun=1 pl=0 blk=100 pg=255 erase_cnt=20 (vpc/ipc reset)
[EXP] [ERASE] ch=0 lun=2 pl=0 blk=100 pg=255 erase_cnt=20 (vpc/ipc reset)
[EXP] [ERASE] ch=0 lun=3 pl=0 blk=100 pg=255 erase_cnt=20 (vpc/ipc reset)
[EXP] [ERASE] ch=0 lun=4 pl=0 blk=100 pg=255 erase_cnt=20 (vpc/ipc reset)
[EXP] [ERASE] ch=0 lun=5 pl=0 blk=100 pg=255 erase_cnt=20 (vpc/ipc reset)
[EXP] [ERASE] ch=0 lun=6 pl=0 blk=100 pg=255 erase_cnt=20 (vpc/ipc reset)
[EXP] [ERASE] ch=0 lun=7 pl=0 blk=100 pg=255 erase_cnt=20 (vpc/ipc reset)
[EXP] [ERASE] ch=1 lun=0 pl=0 blk=100 pg=255 erase_cnt=20 (vpc/ipc reset)
[EXP] [ERASE] ch=1 lun=1 pl=0 blk=100 pg=255 erase_cnt=20 (vpc/ipc reset)
[EXP] [ERASE] ch=1 lun=2 pl=0 blk=100 pg=255 erase_cnt=20 (vpc/ipc reset)
[EXP] [ERASE] ch=1 lun=3 pl=0 blk=100 pg=255 erase_cnt=20 (vpc/ipc reset)
[EXP] [ERASE] ch=1 lun=4 pl=0 blk=100 pg=255 erase_cnt=20 (vpc/ipc reset)
[EXP] [ERASE] ch=1 lun=5 pl=0 blk=100 pg=255 erase_cnt=20 (vpc/ipc reset)
[EXP] [ERASE] ch=1 lun=6 pl=0 blk=100 pg=255 erase_cnt=20 (vpc/ipc reset)
[EXP] [ERASE] ch=1 lun=7 pl=0 blk=100 pg=255 erase_cnt=20 (vpc/ipc reset)
[EXP] [ERASE] ch=2 lun=0 pl=0 blk=100 pg=255 erase_cnt=20 (vpc/ipc reset)
[EXP] [ERASE] ch=2 lun=1 pl=0 blk=100 pg=255 erase_cnt=20 (vpc/ipc reset)
[EXP] [ERASE] ch=2 lun=2 pl=0 blk=100 pg=255 erase_cnt=20 (vpc/ipc reset)
[EXP] [ERASE] ch=2 lun=3 pl=0 blk=100 pg=255 erase_cnt=20 (vpc/ipc reset)
[EXP] [ERASE] ch=2 lun=4 pl=0 blk=100 pg=255 erase_cnt=20 (vpc/ipc reset)
[EXP] [ERASE] ch=2 lun=5 pl=0 blk=100 pg=255 erase_cnt=20 (vpc/ipc reset)
[EXP] [ERASE] ch=2 lun=6 pl=0 blk=100 pg=255 erase_cnt=20 (vpc/ipc reset)
[EXP] [ERASE] ch=2 lun=7 pl=0 blk=100 pg=255 erase_cnt=20 (vpc/ipc reset)
[EXP] [ERASE] ch=3 lun=0 pl=0 blk=100 pg=255 erase_cnt=20 (vpc/ipc reset)
[EXP] [ERASE] ch=3 lun=1 pl=0 blk=100 pg=255 erase_cnt=20 (vpc/ipc reset)
[EXP] [ERASE] ch=3 lun=2 pl=0 blk=100 pg=255 erase_cnt=20 (vpc/ipc reset)
[EXP] [ERASE] ch=3 lun=3 pl=0 blk=100 pg=255 erase_cnt=20 (vpc/ipc reset)
[EXP] [ERASE] ch=3 lun=4 pl=0 blk=100 pg=255 erase_cnt=20 (vpc/ipc reset)
[EXP] [ERASE] ch=3 lun=5 pl=0 blk=100 pg=255 erase_cnt=20 (vpc/ipc reset)
[EXP] [ERASE] ch=3 lun=6 pl=0 blk=100 pg=255 erase_cnt=20 (vpc/ipc reset)
[EXP] [ERASE] ch=3 lun=7 pl=0 blk=100 pg=255 erase_cnt=20 (vpc/ipc reset)
[EXP] [ERASE] ch=4 lun=0 pl=0 blk=100 pg=255 erase_cnt=20 (vpc/ipc reset)
[EXP] [ERASE] ch=4 lun=1 pl=0 blk=100 pg=255 erase_cnt=20 (vpc/ipc reset)
[EXP] [ERASE] ch=4 lun=2 pl=0 blk=100 pg=255 erase_cnt=20 (vpc/ipc reset)
[EXP] [ERASE] ch=4 lun=3 pl=0 blk=100 pg=255 erase_cnt=20 (vpc/ipc reset)
[EXP] [ERASE] ch=4 lun=4 pl=0 blk=100 pg=255 erase_cnt=20 (vpc/ipc reset)
[EXP] [ERASE] ch=4 lun=5 pl=0 blk=100 pg=255 erase_cnt=20 (vpc/ipc reset)
[EXP] [ERASE] ch=4 lun=6 pl=0 blk=100 pg=255 erase_cnt=20 (vpc/ipc reset)
[EXP] [ERASE] ch=4 lun=7 pl=0 blk=100 pg=255 erase_cnt=20 (vpc/ipc reset)
[EXP] [ERASE] ch=5 lun=0 pl=0 blk=100 pg=255 erase_cnt=20 (vpc/ipc reset)
[EXP] [ERASE] ch=5 lun=1 pl=0 blk=100 pg=255 erase_cnt=20 (vpc/ipc reset)
[EXP] [ERASE] ch=5 lun=2 pl=0 blk=100 pg=255 erase_cnt=20 (vpc/ipc reset)
[EXP] [ERASE] ch=5 lun=3 pl=0 blk=100 pg=255 erase_cnt=20 (vpc/ipc reset)
[EXP] [ERASE] ch=5 lun=4 pl=0 blk=100 pg=255 erase_cnt=20 (vpc/ipc reset)
[EXP] [ERASE] ch=5 lun=5 pl=0 blk=100 pg=255 erase_cnt=20 (vpc/ipc reset)
[EXP] [ERASE] ch=5 lun=6 pl=0 blk=100 pg=255 erase_cnt=20 (vpc/ipc reset)
[EXP] [ERASE] ch=5 lun=7 pl=0 blk=100 pg=255 erase_cnt=20 (vpc/ipc reset)
[EXP] [ERASE] ch=6 lun=0 pl=0 blk=100 pg=255 erase_cnt=20 (vpc/ipc reset)
[EXP] [ERASE] ch=6 lun=1 pl=0 blk=100 pg=255 erase_cnt=20 (vpc/ipc reset)
[EXP] [ERASE] ch=6 lun=2 pl=0 blk=100 pg=255 erase_cnt=20 (vpc/ipc reset)
[EXP] [ERASE] ch=6 lun=3 pl=0 blk=100 pg=255 erase_cnt=20 (vpc/ipc reset)
[EXP] [ERASE] ch=6 lun=4 pl=0 blk=100 pg=255 erase_cnt=20 (vpc/ipc reset)
[EXP] [ERASE] ch=6 lun=5 pl=0 blk=100 pg=255 erase_cnt=20 (vpc/ipc reset)
[EXP] [ERASE] ch=6 lun=6 pl=0 blk=100 pg=255 erase_cnt=20 (vpc/ipc reset)
[EXP] [ERASE] ch=6 lun=7 pl=0 blk=100 pg=255 erase_cnt=20 (vpc/ipc reset)
[EXP] [ERASE] ch=7 lun=0 pl=0 blk=100 pg=255 erase_cnt=20 (vpc/ipc reset)
[EXP] [ERASE] ch=7 lun=1 pl=0 blk=100 pg=255 erase_cnt=20 (vpc/ipc reset)
[EXP] [ERASE] ch=7 lun=2 pl=0 blk=100 pg=255 erase_cnt=20 (vpc/ipc reset)
[EXP] [ERASE] ch=7 lun=3 pl=0 blk=100 pg=255 erase_cnt=20 (vpc/ipc reset)
[EXP] [ERASE] ch=7 lun=4 pl=0 blk=100 pg=255 erase_cnt=20 (vpc/ipc reset)
[EXP] [ERASE] ch=7 lun=5 pl=0 blk=100 pg=255 erase_cnt=20 (vpc/ipc reset)
[EXP] [ERASE] ch=7 lun=6 pl=0 blk=100 pg=255 erase_cnt=20 (vpc/ipc reset)
[EXP] [ERASE] ch=7 lun=7 pl=0 blk=100 pg=255 erase_cnt=20 (vpc/ipc reset)
[FEMU] FTL-Log: BBSSD-STATS version=V2 hot_rewrite_window=1024 hot_access_threshold=3 hot_confirmation_threshold=2 hot_decay_window=8 hot_decay_enabled=on host_page_writes=942952 nand_page_writes=7551575 gc_page_writes=6608623 block_erases=29504 waf=8.008441 gc_count=461 average_gc_copy=14335.407809 host_hot_writes=6 host_cold_writes=942946 hot_write_ratio=0.000006 gc_hot_writes=0 gc_cold_writes=6608623 cold_to_hot_count=6 hot_to_cold_count=6 hot_pool_empty_count=0 cold_pool_empty_count=0 borrow_count=0 emergency_gc_count=0 decay_application_count=939956 counter_invariant=PASS
[FEMU] Log: vSSD0,Reset tt_late_ios/tt_ios,66247/236007
         Stopping [0;1;39mSession 1 of user femu[0m.
         Stopping [0;1;39mSession 34 of user femu[0m.
[[0;32m  OK  [0m] Removed slice [0;1;39msystem-modprobe.slice[0m.
[[0;32m  OK  [0m] Stopped target [0;1;39mGraphical Interface[0m.
[[0;32m  OK  [0m] Stopped target [0;1;39mMulti-User System[0m.
[[0;32m  OK  [0m] Stopped target [0;1;39mLogin Prompts[0m.
[[0;32m  OK  [0m] Stopped target [0;1;39mNetwork is Online[0m.
[[0;32m  OK  [0m] Stopped target [0;1;39mHost and Network Name Lookups[0m.
[[0;32m  OK  [0m] Stopped target [0;1;39mTimers[0m.
[[0;32m  OK  [0m] Stopped [0;1;39mDaily apt upgrade and clean activities[0m.
[[0;32m  OK  [0m] Stopped [0;1;39mDaily apt download activities[0m.
[[0;32m  OK  [0m] Stopped [0;1;39mPeriodic ext4 Onli…ata Check for All Filesystems[0m.
[[0;32m  OK  [0m] Stopped [0;1;39mDiscard unused blocks once a week[0m.
[[0;32m  OK  [0m] Stopped [0;1;39mRefresh fwupd metadata regularly[0m.
[[0;32m  OK  [0m] Stopped [0;1;39mDaily rotation of log files[0m.
[[0;32m  OK  [0m] Stopped [0;1;39mDaily man-db regeneration[0m.
[[0;32m  OK  [0m] Stopped [0;1;39mMessage of the Day[0m.
[[0;32m  OK  [0m] Stopped [0;1;39mDaily Cleanup of Temporary Directories[0m.
[[0;32m  OK  [0m] Stopped target [0;1;39mSystem Time Synchronized[0m.
[[0;32m  OK  [0m] Stopped target [0;1;39mSystem Time Set[0m.
[[0;32m  OK  [0m] Closed [0;1;39mLVM2 poll daemon socket[0m.
[[0;32m  OK  [0m] Closed [0;1;39mLoad/Save RF Kill Switch Status /dev/rfkill Watch[0m.
         Stopping [0;1;39mAccounts Service[0m...
         Stopping [0;1;39mLSB: automatic crash report generation[0m...
         Stopping [0;1;39mDeferred execution scheduler[0m...
         Stopping [0;1;39mAvailability of block devices[0m...
         Stopping [0;1;39mRegular background program processing daemon[0m...
         Stopping [0;1;39mCreate final runt…dir for shutdown pivot root[0m...
         Stopping [0;1;39mGetty on tty1[0m...
         Stopping [0;1;39mLSB: Record successful boot for GRUB[0m...
         Stopping [0;1;39mirqbalance daemon[0m...
         Stopping [0;1;39mDispatcher daemon for systemd-networkd[0m...
         Stopping [0;1;39mAuthorization Manager[0m...
         Stopping [0;1;39mSystem Logging Service[0m...
         Stopping [0;1;39mSerial Getty on ttyS0[0m...
[[0;32m  OK  [0m] Stopped [0;1;39mWait until snapd is fully seeded[0m.
         Stopping [0;1;39mSnap Daemon[0m...
         Stopping [0;1;39mOpenBSD Secure Shell server[0m...
[[0;32m  OK  [0m] Stopped [0;1;39mWait for Network to be Configured[0m.
         Stopping [0;1;39mLoad/Save Random Seed[0m...
         Stopping [0;1;39mUnattended Upgrades Shutdown[0m...
[[0;32m  OK  [0m] Stopped [0;1;39mAccounts Service[0m.
[[0;32m  OK  [0m] Stopped [0;1;39mirqbalance daemon[0m.
[[0;32m  OK  [0m] Stopped [0;1;39mDispatcher daemon for systemd-networkd[0m.
[[0;32m  OK  [0m] Stopped [0;1;39mRegular background program processing daemon[0m.
[[0;32m  OK  [0m] Stopped [0;1;39mSystem Logging Service[0m.
[[0;32m  OK  [0m] Stopped [0;1;39mSnap Daemon[0m.
[[0;32m  OK  [0m] Stopped [0;1;39mDeferred execution scheduler[0m.
[[0;32m  OK  [0m] Stopped [0;1;39mOpenBSD Secure Shell server[0m.
[[0;32m  OK  [0m] Stopped [0;1;39mSerial Getty on ttyS0[0m.
[[0;32m  OK  [0m] Stopped [0;1;39mGetty on tty1[0m.
[[0;32m  OK  [0m] Stopped [0;1;39mAuthorization Manager[0m.
[[0;32m  OK  [0m] Stopped [0;1;39mUnattended Upgrades Shutdown[0m.
[[0;32m  OK  [0m] Stopped [0;1;39mAvailability of block devices[0m.
[[0;32m  OK  [0m] Stopped [0;1;39mLoad/Save Random Seed[0m.
[[0;32m  OK  [0m] Stopped [0;1;39mSession 1 of user femu[0m.
[[0;32m  OK  [0m] Stopped [0;1;39mSession 34 of user femu[0m.
[[0;32m  OK  [0m] Removed slice [0;1;39msystem-getty.slice[0m.
[[0;32m  OK  [0m] Removed slice [0;1;39msystem-serial\x2dgetty.slice[0m.
         Stopping [0;1;39mLogin Service[0m...
         Stopping [0;1;39mUser Manager for UID 1000[0m...
[[0;32m  OK  [0m] Stopped [0;1;39mLSB: automatic crash report generation[0m.
[[0;32m  OK  [0m] Stopped [0;1;39mLSB: Record successful boot for GRUB[0m.
[[0;32m  OK  [0m] Stopped [0;1;39mUser Manager for UID 1000[0m.
         Stopping [0;1;39mUser Runtime Directory /run/user/1000[0m...
[[0;32m  OK  [0m] Unmounted [0;1;39m/run/user/1000[0m.
[[0;32m  OK  [0m] Stopped [0;1;39mUser Runtime Directory /run/user/1000[0m.
[[0;32m  OK  [0m] Removed slice [0;1;39mUser Slice of UID 1000[0m.
         Stopping [0;1;39mD-Bus System Message Bus[0m...
         Stopping [0;1;39mPermit User Sessions[0m...
[[0;32m  OK  [0m] Stopped [0;1;39mD-Bus System Message Bus[0m.
[[0;32m  OK  [0m] Stopped [0;1;39mPermit User Sessions[0m.
[[0;32m  OK  [0m] Stopped target [0;1;39mNetwork[0m.
[[0;32m  OK  [0m] Stopped target [0;1;39mRemote File Systems[0m.
[[0;32m  OK  [0m] Stopped target [0;1;39mRemote File Systems (Pre)[0m.
         Stopping [0;1;39mNetwork Name Resolution[0m...
[[0;32m  OK  [0m] Stopped [0;1;39mNetwork Name Resolution[0m.
         Stopping [0;1;39mNetwork Service[0m...
[[0;32m  OK  [0m] Stopped [0;1;39mLogin Service[0m.
[[0;32m  OK  [0m] Stopped [0;1;39mNetwork Service[0m.
[[0;32m  OK  [0m] Stopped target [0;1;39mBasic System[0m.
[[0;32m  OK  [0m] Stopped target [0;1;39mUser and Group Name Lookups[0m.
[[0;32m  OK  [0m] Stopped target [0;1;39mPaths[0m.
[[0;32m  OK  [0m] Stopped target [0;1;39mSlices[0m.
[[0;32m  OK  [0m] Removed slice [0;1;39mUser and Session Slice[0m.
[[0;32m  OK  [0m] Stopped target [0;1;39mSockets[0m.
[[0;32m  OK  [0m] Closed [0;1;39mD-Bus System Message Bus Socket[0m.
[[0;32m  OK  [0m] Closed [0;1;39mOpen-iSCSI iscsid Socket[0m.
[[0;32m  OK  [0m] Closed [0;1;39mSocket unix for snap application lxd.daemon[0m.
[[0;32m  OK  [0m] Closed [0;1;39mSocket activation for snappy daemon[0m.
[[0;32m  OK  [0m] Closed [0;1;39mSyslog Socket[0m.
[[0;32m  OK  [0m] Closed [0;1;39mUUID daemon activation socket[0m.
[[0;32m  OK  [0m] Stopped target [0;1;39mSystem Initialization[0m.
[[0;32m  OK  [0m] Stopped target [0;1;39mLocal Encrypted Volumes[0m.
[[0;32m  OK  [0m] Stopped [0;1;39mDispatch Password …ts to Console Directory Watch[0m.
[[0;32m  OK  [0m] Stopped [0;1;39mForward Password R…uests to Wall Directory Watch[0m.
[[0;32m  OK  [0m] Stopped [0;1;39mApply Kernel Variables[0m.
[[0;32m  OK  [0m] Stopped [0;1;39mLoad Kernel Modules[0m.
         Stopping [0;1;39mNetwork Time Synchronization[0m...
         Stopping [0;1;39mUpdate UTMP about System Boot/Shutdown[0m...
[[0;32m  OK  [0m] Stopped [0;1;39mNetwork Time Synchronization[0m.
[[0;32m  OK  [0m] Stopped [0;1;39mUpdate UTMP about System Boot/Shutdown[0m.
[[0;32m  OK  [0m] Stopped [0;1;39mCreate Volatile Files and Directories[0m.
[[0;32m  OK  [0m] Stopped [0;1;39mCreate final runtime dir for shutdown pivot root[0m.
[[0;32m  OK  [0m] Stopped target [0;1;39mLocal File Systems[0m.
         Unmounting [0;1;39m/run/snapd/ns/lxd.mnt[0m...
         Unmounting [0;1;39mMount unit for core18, revision 1880[0m...
         Unmounting [0;1;39mMount unit for lxd, revision 16099[0m...
         Unmounting [0;1;39mMount unit for snapd, revision 8542[0m...
[[0;32m  OK  [0m] Unmounted [0;1;39m/run/snapd/ns/lxd.mnt[0m.
         Unmounting [0;1;39m/run/snapd/ns[0m...
[[0;32m  OK  [0m] Unmounted [0;1;39m/run/snapd/ns[0m.
[[0;32m  OK  [0m] Stopped target [0;1;39mSwap[0m.
         Deactivating swap [0;1;39m/swap.img[0m...
[[0;32m  OK  [0m] Unmounted [0;1;39mMount unit for lxd, revision 16099[0m.
[[0;32m  OK  [0m] Deactivated swap [0;1;39m/swap.img[0m.
[[0;32m  OK  [0m] Unmounted [0;1;39mMount unit for core18, revision 1880[0m.
[[0;32m  OK  [0m] Unmounted [0;1;39mMount unit for snapd, revision 8542[0m.
[[0;32m  OK  [0m] Stopped target [0;1;39mLocal File Systems (Pre)[0m.
[[0;32m  OK  [0m] Reached target [0;1;39mUnmount All Filesystems[0m.
         Stopping [0;1;39mMonitoring of LVM…meventd or progress polling[0m...
         Stopping [0;1;39mDevice-Mapper Multipath Device Controller[0m...
[[0;32m  OK  [0m] Stopped [0;1;39mCreate Static Device Nodes in /dev[0m.
[[0;32m  OK  [0m] Stopped [0;1;39mCreate System Users[0m.
[[0;32m  OK  [0m] Stopped [0;1;39mRemount Root and Kernel File Systems[0m.
[[0;32m  OK  [0m] Stopped [0;1;39mDevice-Mapper Multipath Device Controller[0m.
[[0;32m  OK  [0m] Stopped [0;1;39mMonitoring of LVM2… dmeventd or progress polling[0m.
[[0;32m  OK  [0m] Reached target [0;1;39mShutdown[0m.
[[0;32m  OK  [0m] Reached target [0;1;39mFinal Step[0m.
[[0;32m  OK  [0m] Finished [0;1;39mPower-Off[0m.
[[0;32m  OK  [0m] Reached target [0;1;39mPower-Off[0m.
[  503.696136] reboot: Power down
