[FEMU] FTL-Log: LPN metadata: entries=2097152 entry_size=40 total=80 MiB T=1024 A=3 C=2 D=65536 decay=on E=4096
[FEMU] FTL-Log: Write pointers: hot_line=64 cold_line=0 free=126 hot_free=63 cold_free=63
c[?7l[2J[0mSeaBIOS (version rel-1.17.0-0-gb52ca86e094d-prebuilt.qemu.org)


iPXE (http://ipxe.org) 00:03.0 CA00 PCI2.10 PnP PMM+BEFD1D20+BEF31D20 CA00
Press Ctrl-B to configure iPXE (PCI 00:03.0)...                                                                               


Booting from Hard Disk...
[H[J[1;1H[?25l[m[H[J[1;1H[2;30HGNU GRUB  version 2.04

[m[4;2H+----------------------------------------------------------------------------+[5;2H|[5;79H|[6;2H|[6;79H|[7;2H|[7;79H|[8;2H|[8;79H|[9;2H|[9;79H|[10;2H|[10;79H|[11;2H|[11;79H|[12;2H|[12;79H|[13;2H|[13;79H|[14;2H|[14;79H|[15;2H|[15;79H|[16;2H|[16;79H|[17;2H+----------------------------------------------------------------------------+[m[18;2H[19;2H[m     Use the ^ and v keys to select which entry is highlighted.          
      Press enter to boot the selected OS, `e' to edit the commands       
      before booting or `c' for a command-line.                           [5;80H [7m[5;3H*Ubuntu, with Linux 5.4.0-64-generic                                        [m[5;78H[m[m[6;3H                                                                            [m[6;78H[m[m[7;3H                                                                            [m[7;78H[m[m[8;3H                                                                            [m[8;78H[m[m[9;3H                                                                            [m[9;78H[m[m[10;3H                                                                            [m[10;78H[m[m[11;3H                                                                            [m[11;78H[m[m[12;3H                                                                            [m[12;78H[m[m[13;3H                                                                            [m[13;78H[m[m[14;3H                                                                            [m[14;78H[m[m[15;3H                                                                            [m[15;78H[m[m[16;3H                                                                            [m[16;78H[m[16;80H [5;78H[22;1H   The highlighted entry will be executed automatically in 3s.                 [5;78H[22;1H   The highlighted entry will be executed automatically in 2s.                 [5;78H[22;1H   The highlighted entry will be executed automatically in 1s.                 [5;78H[22;1H   The highlighted entry will be executed automatically in 0s.                 [5;78H[?25h[H[J[1;1H[H[J[1;1HLoading Linux 5.4.0-64-generic ...
Loading initial ramdisk ...
[    0.000000] Linux version 5.4.0-64-generic (buildd@lcy01-amd64-021) (gcc version 9.3.0 (Ubuntu 9.3.0-17ubuntu1~20.04)) #72-Ubuntu SMP Fri Jan 15 10:27:54 UTC 2021 (Ubuntu 5.4.0-64.72-generic 5.4.78)
[    0.000000] Command line: BOOT_IMAGE=/boot/vmlinuz-5.4.0-64-generic root=UUID=66add23f-3d34-46f1-a540-ebfdd268827e ro ip=dhcp console=ttyS0,115200 console=tty console=ttyS0 text
[    0.000000] KERNEL supported cpus:
[    0.000000]   Intel GenuineIntel
[    0.000000]   AMD AuthenticAMD
[    0.000000]   Hygon HygonGenuine
[    0.000000]   Centaur CentaurHauls
[    0.000000]   zhaoxin   Shanghai  
[    0.000000] x86/fpu: Supporting XSAVE feature 0x001: 'x87 floating point registers'
[    0.000000] x86/fpu: Supporting XSAVE feature 0x002: 'SSE registers'
[    0.000000] x86/fpu: Supporting XSAVE feature 0x004: 'AVX registers'
[    0.000000] x86/fpu: xstate_offset[2]:  576, xstate_sizes[2]:  256
[    0.000000] x86/fpu: Enabled xstate features 0x7, context size is 832 bytes, using 'compacted' format.
[    0.000000] BIOS-provided physical RAM map:
[    0.000000] BIOS-e820: [mem 0x0000000000000000-0x000000000009fbff] usable
[    0.000000] BIOS-e820: [mem 0x000000000009fc00-0x000000000009ffff] reserved
[    0.000000] BIOS-e820: [mem 0x00000000000f0000-0x00000000000fffff] reserved
[    0.000000] BIOS-e820: [mem 0x0000000000100000-0x00000000bffdcfff] usable
[    0.000000] BIOS-e820: [mem 0x00000000bffdd000-0x00000000bfffffff] reserved
[    0.000000] BIOS-e820: [mem 0x00000000feffc000-0x00000000feffffff] reserved
[    0.000000] BIOS-e820: [mem 0x00000000fffc0000-0x00000000ffffffff] reserved
[    0.000000] BIOS-e820: [mem 0x0000000100000000-0x000000013fffffff] usable
[    0.000000] NX (Execute Disable) protection: active
[    0.000000] SMBIOS 2.8 present.
[    0.000000] DMI: QEMU Standard PC (i440FX + PIIX, 1996), BIOS rel-1.17.0-0-gb52ca86e094d-prebuilt.qemu.org 04/01/2014
[    0.000000] Hypervisor detected: KVM
[    0.000000] kvm-clock: Using msrs 4b564d01 and 4b564d00
[    0.000000] kvm-clock: cpu 0, msr 127a01001, primary cpu clock
[    0.000000] kvm-clock: using sched offset of 8779761383 cycles
[    0.000002] clocksource: kvm-clock: mask: 0xffffffffffffffff max_cycles: 0x1cd42e4dffb, max_idle_ns: 881590591483 ns
[    0.000005] tsc: Detected 2995.202 MHz processor
[    0.001598] last_pfn = 0x140000 max_arch_pfn = 0x400000000
[    0.001753] x86/PAT: Configuration [0-7]: WB  WC  UC- UC  WB  WP  UC- WT  
[    0.001775] last_pfn = 0xbffdd max_arch_pfn = 0x400000000
[    0.007430] found SMP MP-table at [mem 0x000f54b0-0x000f54bf]
[    0.007666] check: Scanning 1 areas for low memory corruption
[    0.007869] Using GB pages for direct mapping
[    0.008070] RAMDISK: [mem 0x2d173000-0x328b0fff]
[    0.008126] ACPI: Early table checksum verification disabled
[    0.008155] ACPI: RSDP 0x00000000000F52B0 000014 (v00 BOCHS )
[    0.008180] ACPI: RSDT 0x00000000BFFE2458 000034 (v01 BOCHS  BXPC     00000001 BXPC 00000001)
[    0.008185] ACPI: FACP 0x00000000BFFE22F4 000074 (v01 BOCHS  BXPC     00000001 BXPC 00000001)
[    0.008199] ACPI: DSDT 0x00000000BFFE0040 0022B4 (v01 BOCHS  BXPC     00000001 BXPC 00000001)
[    0.008202] ACPI: FACS 0x00000000BFFE0000 000040
[    0.008204] ACPI: APIC 0x00000000BFFE2368 000090 (v03 BOCHS  BXPC     00000001 BXPC 00000001)
[    0.008206] ACPI: HPET 0x00000000BFFE23F8 000038 (v01 BOCHS  BXPC     00000001 BXPC 00000001)
[    0.008208] ACPI: WAET 0x00000000BFFE2430 000028 (v01 BOCHS  BXPC     00000001 BXPC 00000001)
[    0.008913] No NUMA configuration found
[    0.008914] Faking a node at [mem 0x0000000000000000-0x000000013fffffff]
[    0.008920] NODE_DATA(0) allocated [mem 0x13ffd5000-0x13fffffff]
[    0.011212] Zone ranges:
[    0.011215]   DMA      [mem 0x0000000000001000-0x0000000000ffffff]
[    0.011216]   DMA32    [mem 0x0000000001000000-0x00000000ffffffff]
[    0.011217]   Normal   [mem 0x0000000100000000-0x000000013fffffff]
[    0.011218]   Device   empty
[    0.011218] Movable zone start for each node
[    0.011220] Early memory node ranges
[    0.011220]   node   0: [mem 0x0000000000001000-0x000000000009efff]
[    0.011221]   node   0: [mem 0x0000000000100000-0x00000000bffdcfff]
[    0.011222]   node   0: [mem 0x0000000100000000-0x000000013fffffff]
[    0.011915] Zeroed struct page in unavailable ranges: 133 pages
[    0.011917] Initmem setup node 0 [mem 0x0000000000001000-0x000000013fffffff]
[    0.141190] ACPI: PM-Timer IO Port: 0x608
[    0.141213] ACPI: LAPIC_NMI (acpi_id[0xff] dfl dfl lint[0x1])
[    0.141280] IOAPIC[0]: apic_id 0, version 17, address 0xfec00000, GSI 0-23
[    0.141282] ACPI: INT_SRC_OVR (bus 0 bus_irq 0 global_irq 2 dfl dfl)
[    0.141284] ACPI: INT_SRC_OVR (bus 0 bus_irq 5 global_irq 5 high level)
[    0.141284] ACPI: INT_SRC_OVR (bus 0 bus_irq 9 global_irq 9 high level)
[    0.141285] ACPI: INT_SRC_OVR (bus 0 bus_irq 10 global_irq 10 high level)
[    0.141285] ACPI: INT_SRC_OVR (bus 0 bus_irq 11 global_irq 11 high level)
[    0.141289] Using ACPI (MADT) for SMP configuration information
[    0.141290] ACPI: HPET id: 0x8086a201 base: 0xfed00000
[    0.141295] TSC deadline timer available
[    0.141302] smpboot: Allowing 4 CPUs, 0 hotplug CPUs
[    0.141485] KVM setup pv sched yield
[    0.141495] PM: Registered nosave memory: [mem 0x00000000-0x00000fff]
[    0.141496] PM: Registered nosave memory: [mem 0x0009f000-0x0009ffff]
[    0.141496] PM: Registered nosave memory: [mem 0x000a0000-0x000effff]
[    0.141497] PM: Registered nosave memory: [mem 0x000f0000-0x000fffff]
[    0.141498] PM: Registered nosave memory: [mem 0xbffdd000-0xbfffffff]
[    0.141498] PM: Registered nosave memory: [mem 0xc0000000-0xfeffbfff]
[    0.141498] PM: Registered nosave memory: [mem 0xfeffc000-0xfeffffff]
[    0.141499] PM: Registered nosave memory: [mem 0xff000000-0xfffbffff]
[    0.141499] PM: Registered nosave memory: [mem 0xfffc0000-0xffffffff]
[    0.141501] [mem 0xc0000000-0xfeffbfff] available for PCI devices
[    0.141502] Booting paravirtualized kernel on KVM
[    0.141505] clocksource: refined-jiffies: mask: 0xffffffff max_cycles: 0xffffffff, max_idle_ns: 7645519600211568 ns
[    0.141508] setup_percpu: NR_CPUS:8192 nr_cpumask_bits:4 nr_cpu_ids:4 nr_node_ids:1
[    0.144474] percpu: Embedded 55 pages/cpu s188416 r8192 d28672 u524288
[    0.144523] KVM setup async PF for cpu 0
[    0.144537] kvm-stealtime: cpu 0, msr 13ba2d040
[    0.144548] PV qspinlock hash table entries: 256 (order: 0, 4096 bytes, linear)
[    0.144556] Built 1 zonelists, mobility grouping on.  Total pages: 1032038
[    0.144557] Policy zone: Normal
[    0.144558] Kernel command line: BOOT_IMAGE=/boot/vmlinuz-5.4.0-64-generic root=UUID=66add23f-3d34-46f1-a540-ebfdd268827e ro ip=dhcp console=ttyS0,115200 console=tty console=ttyS0 text
[    0.150547] Dentry cache hash table entries: 524288 (order: 10, 4194304 bytes, linear)
[    0.154657] Inode-cache hash table entries: 262144 (order: 9, 2097152 bytes, linear)
[    0.154820] mem auto-init: stack:off, heap alloc:on, heap free:off
[    0.258465] Memory: 3932824K/4193772K available (14339K kernel code, 2399K rwdata, 4960K rodata, 2724K init, 4980K bss, 260948K reserved, 0K cma-reserved)
[    0.258476] random: get_random_u64 called from kmem_cache_open+0x2d/0x410 with crng_init=0
[    0.259356] SLUB: HWalign=64, Order=0-3, MinObjects=0, CPUs=4, Nodes=1
[    0.259392] ftrace: allocating 44555 entries in 175 pages
[    0.275373] rcu: Hierarchical RCU implementation.
[    0.275376] rcu: 	RCU restricting CPUs from NR_CPUS=8192 to nr_cpu_ids=4.
[    0.275377] 	Tasks RCU enabled.
[    0.275378] rcu: RCU calculated value of scheduler-enlistment delay is 25 jiffies.
[    0.275378] rcu: Adjusting geometry for rcu_fanout_leaf=16, nr_cpu_ids=4
[    0.277697] NR_IRQS: 524544, nr_irqs: 456, preallocated irqs: 16
[    0.278000] random: crng done (trusting CPU's manufacturer)
[    0.306119] Console: colour VGA+ 80x25
[    0.372417] printk: console [tty0] enabled
[    0.601512] printk: console [ttyS0] enabled
[    0.603372] ACPI: Core revision 20190816
[    0.605157] clocksource: hpet: mask: 0xffffffff max_cycles: 0xffffffff, max_idle_ns: 19112604467 ns
[    0.610975] APIC: Switch to symmetric I/O mode setup
[    0.615955] x2apic enabled
[    0.618134] Switched APIC routing to physical x2apic.
[    0.620155] KVM setup pv IPIs
[    0.624294] ..TIMER: vector=0x30 apic1=0 pin1=2 apic2=-1 pin2=-1
[    0.626294] clocksource: tsc-early: mask: 0xffffffffffffffff max_cycles: 0x2b2c909a7c7, max_idle_ns: 440795208498 ns
[    0.630774] Calibrating delay loop (skipped) preset value.. 5990.40 BogoMIPS (lpj=11980808)
[    0.634774] pid_max: default: 32768 minimum: 301
[    0.638894] LSM: Security Framework initializing
[    0.642851] Yama: becoming mindful.
[    0.646925] AppArmor: AppArmor initialized
[    0.648648] Mount-cache hash table entries: 8192 (order: 4, 65536 bytes, linear)
[    0.650926] Mountpoint-cache hash table entries: 8192 (order: 4, 65536 bytes, linear)
[    0.654845] *** VALIDATE tmpfs ***
[    0.656579] *** VALIDATE proc ***
[    0.658863] *** VALIDATE cgroup1 ***
[    0.660204] *** VALIDATE cgroup2 ***
[    0.663284] x86/cpu: User Mode Instruction Prevention (UMIP) activated
[    0.665881] Last level iTLB entries: 4KB 0, 2MB 0, 4MB 0
[    0.666773] Last level dTLB entries: 4KB 0, 2MB 0, 4MB 0, 1GB 0
[    0.670804] Spectre V1 : Mitigation: usercopy/swapgs barriers and __user pointer sanitization
[    0.674775] Spectre V2 : Mitigation: Enhanced IBRS
[    0.676360] Spectre V2 : Spectre v2 / SpectreRSB mitigation: Filling RSB on context switch
[    0.678775] Spectre V2 : mitigation: Enabling conditional Indirect Branch Prediction Barrier
[    0.682767] Speculative Store Bypass: Mitigation: Speculative Store Bypass disabled via prctl and seccomp
[    0.687111] Freeing SMP alternatives memory: 40K
[    0.693669] smpboot: CPU0: Intel(R) Core(TM) Ultra 5 125H (family: 0x6, model: 0xaa, stepping: 0x4)
[    0.694834] Performance Events: unsupported p6 CPU model 170 no PMU driver, software events only.
[    0.700415] rcu: Hierarchical SRCU implementation.
[    0.703325] NMI watchdog: Perf NMI watchdog permanently disabled
[    0.705835] smp: Bringing up secondary CPUs ...
[    0.707453] x86: Booting SMP configuration:
[    0.709187] .... node  #0, CPUs:      #1
[    0.340839] kvm-clock: cpu 1, msr 127a01041, secondary cpu clock
[    0.711357] KVM setup async PF for cpu 1
[    0.714761] kvm-stealtime: cpu 1, msr 13baad040
[    0.715271]  #2
[    0.340839] kvm-clock: cpu 2, msr 127a01081, secondary cpu clock
[    0.719967] KVM setup async PF for cpu 2
[    0.722269] kvm-stealtime: cpu 2, msr 13bb2d040
[    0.723634]  #3
[    0.340839] kvm-clock: cpu 3, msr 127a010c1, secondary cpu clock
[    0.727951] KVM setup async PF for cpu 3
[    0.730337] kvm-stealtime: cpu 3, msr 13bbad040
[    0.731303] smp: Brought up 1 node, 4 CPUs
[    0.734787] smpboot: Max logical packages: 1
[    0.736774] smpboot: Total of 4 processors activated (23961.61 BogoMIPS)
[    0.744152] devtmpfs: initialized
[    0.747360] x86/mm: Memory block size: 128MB
[    0.749416] clocksource: jiffies: mask: 0xffffffff max_cycles: 0xffffffff, max_idle_ns: 7645041785100000 ns
[    0.751168] futex hash table entries: 1024 (order: 4, 65536 bytes, linear)
[    0.753646] pinctrl core: initialized pinctrl subsystem
[    0.753646] PM: RTC time: 18:03:42, date: 2026-08-22
[    0.756044] NET: Registered protocol family 16
[    0.757778] audit: initializing netlink subsys (disabled)
[    0.763001] audit: type=2000 audit(1787421822.810:1): state=initialized audit_enabled=0 res=1
[    0.763072] EISA bus registered
[    0.771988] cpuidle: using governor ladder
[    0.772286] cpuidle: using governor menu
[    0.775227] KVM setup pv remote TLB flush
[    0.779249] ACPI: bus type PCI registered
[    0.781703] acpiphp: ACPI Hot Plug PCI Controller Driver version: 0.5
[    0.787318] PCI: Using configuration type 1 for base access
[    0.795087] HugeTLB registered 1.00 GiB page size, pre-allocated 0 pages
[    0.798841] HugeTLB registered 2.00 MiB page size, pre-allocated 0 pages
[    0.806970] ACPI: Added _OSI(Module Device)
[    0.810776] ACPI: Added _OSI(Processor Device)
[    0.812978] ACPI: Added _OSI(3.0 _SCP Extensions)
[    0.814671] ACPI: Added _OSI(Processor Aggregator Device)
[    0.818855] ACPI: Added _OSI(Linux-Dell-Video)
[    0.820476] ACPI: Added _OSI(Linux-Lenovo-NV-HDMI-Audio)
[    0.822326] ACPI: Added _OSI(Linux-HPI-Hybrid-Graphics)
[    0.823762] ACPI: 1 ACPI AML tables successfully acquired and loaded
[    0.836678] ACPI: Interpreter enabled
[    0.838266] ACPI: (supports S0 S3 S4 S5)
[    0.838849] ACPI: Using IOAPIC for interrupt routing
[    0.840644] PCI: Using host bridge windows from ACPI; if necessary, use "pci=nocrs" and report a bug
[    0.851208] ACPI: Enabled 2 GPEs in block 00 to 0F
[    0.855065] ACPI: PCI Root Bridge [PCI0] (domain 0000 [bus 00-ff])
[    0.857335] acpi PNP0A03:00: _OSC: OS supports [ASPM ClockPM Segments MSI HPX-Type3]
[    0.862807] acpi PNP0A03:00: fail to add MMCONFIG information, can't access extended PCI configuration space under this bridge.
[    0.875097] acpiphp: Slot [3] registered
[    0.876505] acpiphp: Slot [4] registered
[    0.877817] acpiphp: Slot [5] registered
[    0.879166] acpiphp: Slot [6] registered
[    0.882198] acpiphp: Slot [7] registered
[    0.882844] acpiphp: Slot [8] registered
[    0.886036] acpiphp: Slot [9] registered
[    0.891132] acpiphp: Slot [10] registered
[    0.892691] acpiphp: Slot [11] registered
[    0.894423] acpiphp: Slot [12] registered
[    0.894809] acpiphp: Slot [13] registered
[    0.896502] acpiphp: Slot [14] registered
[    0.897974] acpiphp: Slot [15] registered
[    0.898805] acpiphp: Slot [16] registered
[    0.910847] acpiphp: Slot [17] registered
[    0.912178] acpiphp: Slot [18] registered
[    0.913649] acpiphp: Slot [19] registered
[    0.914850] acpiphp: Slot [20] registered
[    0.916355] acpiphp: Slot [21] registered
[    0.918259] acpiphp: Slot [22] registered
[    0.918818] acpiphp: Slot [23] registered
[    0.920283] acpiphp: Slot [24] registered
[    0.923024] acpiphp: Slot [25] registered
[    0.925370] acpiphp: Slot [26] registered
[    0.926836] acpiphp: Slot [27] registered
[    0.929013] acpiphp: Slot [28] registered
[    0.930328] acpiphp: Slot [29] registered
[    0.930806] acpiphp: Slot [30] registered
[    0.932381] acpiphp: Slot [31] registered
[    0.933730] PCI host bridge to bus 0000:00
[    0.934806] pci_bus 0000:00: root bus resource [io  0x0000-0x0cf7 window]
[    0.937272] pci_bus 0000:00: root bus resource [io  0x0d00-0xffff window]
[    0.942858] pci_bus 0000:00: root bus resource [mem 0x000a0000-0x000bffff window]
[    0.945628] pci_bus 0000:00: root bus resource [mem 0xc0000000-0xfebfffff window]
[    0.946775] pci_bus 0000:00: root bus resource [mem 0xe0000000000-0xe007fffffff window]
[    0.949418] pci_bus 0000:00: root bus resource [bus 00-ff]
[    0.954963] pci 0000:00:00.0: [8086:1237] type 00 class 0x060000
[    0.959008] pci 0000:00:01.0: [8086:7000] type 00 class 0x060100
[    0.964653] pci 0000:00:01.1: [8086:7010] type 00 class 0x010180
[    0.969993] pci 0000:00:01.1: reg 0x20: [io  0xc060-0xc06f]
[    0.971919] pci 0000:00:01.1: legacy IDE quirk: reg 0x10: [io  0x01f0-0x01f7]
[    0.978845] pci 0000:00:01.1: legacy IDE quirk: reg 0x14: [io  0x03f6]
[    0.978845] pci 0000:00:01.1: legacy IDE quirk: reg 0x18: [io  0x0170-0x0177]
[    0.981242] pci 0000:00:01.1: legacy IDE quirk: reg 0x1c: [io  0x0376]
[    0.982761] pci 0000:00:01.3: [8086:7113] type 00 class 0x068000
[    0.987353] pci 0000:00:01.3: quirk: [io  0x0600-0x063f] claimed by PIIX4 ACPI
[    0.998971] pci 0000:00:01.3: quirk: [io  0x0700-0x070f] claimed by PIIX4 SMB
[    1.001648] pci 0000:00:01.3: quirk_piix4_acpi+0x0/0x170 took 15625 usecs
[    1.008630] pci 0000:00:02.0: [1234:1111] type 00 class 0x030000
[    1.022893] pci 0000:00:02.0: reg 0x10: [mem 0xfd000000-0xfdffffff pref]
[    1.029095] pci 0000:00:02.0: reg 0x18: [mem 0xfebd0000-0xfebd0fff]
[    1.047910] pci 0000:00:02.0: reg 0x30: [mem 0xfebc0000-0xfebcffff pref]
[    1.057351] pci 0000:00:03.0: [1af4:1000] type 00 class 0x020000
[    1.059947] pci 0000:00:03.0: reg 0x10: [io  0xc040-0xc05f]
[    1.066792] pci 0000:00:03.0: reg 0x14: [mem 0xfebd1000-0xfebd1fff]
[    1.078538] pci 0000:00:03.0: reg 0x20: [mem 0xe0040000000-0xe0040003fff 64bit pref]
[    1.082799] pci 0000:00:03.0: reg 0x30: [mem 0xfeb80000-0xfebbffff pref]
[    1.090061] pci 0000:00:04.0: [1af4:1004] type 00 class 0x010000
[    1.096131] pci 0000:00:04.0: reg 0x10: [io  0xc000-0xc03f]
[    1.100049] pci 0000:00:04.0: reg 0x14: [mem 0xfebd2000-0xfebd2fff]
[    1.116196] pci 0000:00:04.0: reg 0x20: [mem 0xe0040004000-0xe0040007fff 64bit pref]
[    1.128108] pci 0000:00:05.0: [1d1d:1f1f] type 00 class 0x010802
[    1.130798] pci 0000:00:05.0: reg 0x10: [mem 0xe0000000000-0xe0000001fff 64bit]
[    1.135701] pci 0000:00:05.0: reg 0x20: [mem 0xfebd3000-0xfebd3fff]
[    1.139762] pci 0000:00:05.0: enabling Extended Tags
[    1.181278] ACPI: PCI Interrupt Link [LNKA] (IRQs 5 *10 11)
[    1.182937] ACPI: PCI Interrupt Link [LNKB] (IRQs 5 *10 11)
[    1.185099] ACPI: PCI Interrupt Link [LNKC] (IRQs 5 10 *11)
[    1.187103] ACPI: PCI Interrupt Link [LNKD] (IRQs 5 10 *11)
[    1.190901] ACPI: PCI Interrupt Link [LNKS] (IRQs *9)
[    1.194920] iommu: Default domain type: Translated 
[    1.198676] SCSI subsystem initialized
[    1.199329] pci 0000:00:02.0: vgaarb: setting as boot VGA device
[    1.202181] pci 0000:00:02.0: vgaarb: VGA device added: decodes=io+mem,owns=io+mem,locks=none
[    1.202810] pci 0000:00:02.0: vgaarb: bridge control possible
[    1.205452] vgaarb: loaded
[    1.206907] ACPI: bus type USB registered
[    1.210949] usbcore: registered new interface driver usbfs
[    1.214809] usbcore: registered new interface driver hub
[    1.216640] usbcore: registered new device driver usb
[    1.218543] pps_core: LinuxPPS API ver. 1 registered
[    1.218794] pps_core: Software ver. 5.3.6 - Copyright 2005-2007 Rodolfo Giometti <giometti@linux.it>
[    1.222914] PTP clock support registered
[    1.225573] EDAC MC: Ver: 3.0.0
[    1.227301] PCI: Using ACPI for IRQ routing
[    1.229028] NetLabel: Initializing
[    1.230771] NetLabel:  domain hash size = 128
[    1.232668] NetLabel:  protocols = UNLABELED CIPSOv4 CALIPSO
[    1.234814] NetLabel:  unlabeled traffic allowed by default
[    1.236924] hpet0: at MMIO 0xfed00000, IRQs 2, 8, 0
[    1.238773] hpet0: 3 comparators, 64-bit 100.000000 MHz counter
[    1.249114] clocksource: Switched to clocksource kvm-clock
[    1.279956] *** VALIDATE bpf ***
[    1.281699] VFS: Disk quotas dquot_6.6.0
[    1.283199] VFS: Dquot-cache hash table entries: 512 (order 0, 4096 bytes)
[    1.286704] *** VALIDATE ramfs ***
[    1.288476] *** VALIDATE hugetlbfs ***
[    1.290874] AppArmor: AppArmor Filesystem Enabled
[    1.293011] pnp: PnP ACPI init
[    1.294708] pnp: PnP ACPI: found 6 devices
[    1.300127] thermal_sys: Registered thermal governor 'fair_share'
[    1.300127] thermal_sys: Registered thermal governor 'bang_bang'
[    1.302963] thermal_sys: Registered thermal governor 'step_wise'
[    1.305832] thermal_sys: Registered thermal governor 'user_space'
[    1.308855] thermal_sys: Registered thermal governor 'power_allocator'
[    1.315914] clocksource: acpi_pm: mask: 0xffffff max_cycles: 0xffffff, max_idle_ns: 2085701024 ns
[    1.324990] pci_bus 0000:00: resource 4 [io  0x0000-0x0cf7 window]
[    1.327653] pci_bus 0000:00: resource 5 [io  0x0d00-0xffff window]
[    1.329692] pci_bus 0000:00: resource 6 [mem 0x000a0000-0x000bffff window]
[    1.332058] pci_bus 0000:00: resource 7 [mem 0xc0000000-0xfebfffff window]
[    1.336952] pci_bus 0000:00: resource 8 [mem 0xe0000000000-0xe007fffffff window]
[    1.340874] NET: Registered protocol family 2
[    1.344820] tcp_listen_portaddr_hash hash table entries: 2048 (order: 3, 32768 bytes, linear)
[    1.348253] TCP established hash table entries: 32768 (order: 6, 262144 bytes, linear)
[    1.358079] TCP bind hash table entries: 32768 (order: 7, 524288 bytes, linear)
[    1.362836] TCP: Hash tables configured (established 32768 bind 32768)
[    1.366060] UDP hash table entries: 2048 (order: 4, 65536 bytes, linear)
[    1.368468] UDP-Lite hash table entries: 2048 (order: 4, 65536 bytes, linear)
[    1.372607] NET: Registered protocol family 1
[    1.374759] NET: Registered protocol family 44
[    1.378615] pci 0000:00:01.0: PIIX3: Enabling Passive Release
[    1.381151] pci 0000:00:00.0: Limiting direct PCI/PCI transfers
[    1.383195] pci 0000:00:01.0: Activating ISA DMA hang workarounds
[    1.385855] pci 0000:00:02.0: Video device with shadowed ROM at [mem 0x000c0000-0x000dffff]
[    1.389054] PCI: CLS 0 bytes, default 64
[    1.390821] Trying to unpack rootfs image as initramfs...
[    2.633061] Freeing initrd memory: 89336K
[    2.634591] PCI-DMA: Using software bounce buffering for IO (SWIOTLB)
[    2.637311] software IO TLB: mapped [mem 0xbbfdd000-0xbffdd000] (64MB)
[    2.640902] clocksource: tsc: mask: 0xffffffffffffffff max_cycles: 0x2b2c909a7c7, max_idle_ns: 440795208498 ns
[    2.647406] check: Scanning for low memory corruption every 60 seconds
[    2.656730] Initialise system trusted keyrings
[    2.659154] Key type blacklist registered
[    2.661434] workingset: timestamp_bits=36 max_order=20 bucket_order=0
[    2.667899] zbud: loaded
[    2.671242] squashfs: version 4.0 (2009/01/31) Phillip Lougher
[    2.681545] fuse: init (API version 7.31)
[    2.683676] *** VALIDATE fuse ***
[    2.685297] *** VALIDATE fuse ***
[    2.687929] Platform Keyring initialized
[    2.693422] Key type asymmetric registered
[    2.695281] Asymmetric key parser 'x509' registered
[    2.697782] Block layer SCSI generic (bsg) driver version 0.4 loaded (major 244)
[    2.701426] io scheduler mq-deadline registered
[    2.704840] shpchp: Standard Hot Plug PCI Controller Driver version: 0.4
[    2.708095] input: Power Button as /devices/LNXSYSTM:00/LNXPWRBN:00/input/input0
[    2.715724] ACPI: Power Button [PWRF]
[    2.720710] PCI Interrupt Link [LNKC] enabled at IRQ 11
[    2.727383] PCI Interrupt Link [LNKD] enabled at IRQ 10
[    2.733319] Serial: 8250/16550 driver, 32 ports, IRQ sharing enabled
[    2.765177] 00:04: ttyS0 at I/O 0x3f8 (irq = 4, base_baud = 115200) is a 16550A
[    2.773945] Linux agpgart interface v0.103
[    2.785851] loop: module loaded
[    2.791512] scsi host0: ata_piix
[    2.795425] scsi host1: ata_piix
[    2.797673] ata1: PATA max MWDMA2 cmd 0x1f0 ctl 0x3f6 bmdma 0xc060 irq 14
[    2.800054] ata2: PATA max MWDMA2 cmd 0x170 ctl 0x376 bmdma 0xc068 irq 15
[    2.803020] libphy: Fixed MDIO Bus: probed
[    2.804858] tun: Universal TUN/TAP device driver, 1.6
[    2.811825] PPP generic driver version 2.4.2
[    2.817352] VFIO - User Level meta-driver version: 0.3
[    2.820037] ehci_hcd: USB 2.0 'Enhanced' Host Controller (EHCI) Driver
[    2.822798] ehci-pci: EHCI PCI platform driver
[    2.825113] ehci-platform: EHCI generic platform driver
[    2.829979] ohci_hcd: USB 1.1 'Open' Host Controller (OHCI) Driver
[    2.835283] ohci-pci: OHCI PCI platform driver
[    2.837756] ohci-platform: OHCI generic platform driver
[    2.840425] uhci_hcd: USB Universal Host Controller Interface driver
[    2.847237] i8042: PNP: PS/2 Controller [PNP0303:KBD,PNP0f13:MOU] at 0x60,0x64 irq 1,12
[    2.854985] serio: i8042 KBD port at 0x60,0x64 irq 1
[    2.856910] serio: i8042 AUX port at 0x60,0x64 irq 12
[    2.861699] mousedev: PS/2 mouse device common for all mice
[    2.868158] rtc_cmos 00:05: RTC can wake from S4
[    2.870291] input: AT Translated Set 2 keyboard as /devices/platform/i8042/serio0/input/input1
[    2.872812] rtc_cmos 00:05: registered as rtc0
[    2.876951] rtc_cmos 00:05: alarms up to one day, y3k, 242 bytes nvram, hpet irqs
[    2.883287] i2c /dev entries driver
[    2.887658] device-mapper: uevent: version 1.0.3
[    2.890449] device-mapper: ioctl: 4.41.0-ioctl (2019-09-16) initialised: dm-devel@redhat.com
[    2.894747] platform eisa.0: Probing EISA bus 0
[    2.899608] platform eisa.0: EISA: Cannot allocate resource for mainboard
[    2.904654] platform eisa.0: Cannot allocate resource for EISA slot 1
[    2.907525] platform eisa.0: Cannot allocate resource for EISA slot 2
[    2.910875] platform eisa.0: Cannot allocate resource for EISA slot 3
[    2.916238] platform eisa.0: Cannot allocate resource for EISA slot 4
[    2.922854] platform eisa.0: Cannot allocate resource for EISA slot 5
[    2.925642] platform eisa.0: Cannot allocate resource for EISA slot 6
[    2.928305] platform eisa.0: Cannot allocate resource for EISA slot 7
[    2.934658] platform eisa.0: Cannot allocate resource for EISA slot 8
[    2.940696] platform eisa.0: EISA: Detected 0 cards
[    2.942959] intel_pstate: CPU model not supported
[    2.945883] ledtrig-cpu: registered to indicate activity on CPUs
[    2.954720] drop_monitor: Initializing network drop monitor service
[    2.959466] NET: Registered protocol family 10
[    2.977556] Segment Routing with IPv6
[    2.980725] NET: Registered protocol family 17
[    2.984802] Key type dns_resolver registered
[    2.989604] RAS: Correctable Errors collector initialized.
[    2.993265] IPI shorthand broadcast: enabled
[    2.999707] sched_clock: Marking stable (2662525257, 336839662)->(3105868079, -106503160)
[    3.005544] registered taskstats version 1
[    3.010283] Loading compiled-in X.509 certificates
[    3.020135] Loaded X.509 cert 'Build time autogenerated kernel key: 7f1af841edfbf04e4b72462ffb6202c30b2da0bb'
[    3.026209] zswap: loaded using pool lzo/zbud
[    3.034566] Key type ._fscrypt registered
[    3.040018] Key type .fscrypt registered
[    3.053594] Key type big_key registered
[    3.062470] Key type encrypted registered
[    3.065034] AppArmor: AppArmor sha1 policy hashing enabled
[    3.068692] ima: No TPM chip found, activating TPM-bypass!
[    3.072832] ima: Allocated hash algorithm: sha1
[    3.076693] ima: No architecture policies found
[    3.079998] evm: Initialising EVM extended attributes:
[    3.083203] evm: security.selinux
[    3.085168] evm: security.SMACK64
[    3.087393] evm: security.SMACK64EXEC
[    3.089808] evm: security.SMACK64TRANSMUTE
[    3.097984] evm: security.SMACK64MMAP
[    3.100123] evm: security.apparmor
[    3.102778] evm: security.ima
[    3.105240] evm: security.capability
[    3.108936] evm: HMAC attrs: 0x1
[    3.116264] PM:   Magic number: 6:90:90
[    3.118632]  edac: hash matches
[    3.121596] rtc_cmos 00:05: setting system clock to 2026-08-22T18:03:44 UTC (1787421824)
[    3.138685] Freeing unused decrypted memory: 2040K
[    3.149823] Freeing unused kernel image memory: 2724K
[    3.166901] Write protecting the kernel read-only data: 22528k
[    3.177488] Freeing unused kernel image memory: 2008K
[    3.185834] Freeing unused kernel image memory: 1184K
[    3.198180] x86/mm: Checked W+X mappings: passed, no W+X pages found.
[    3.201798] Run /init as init process
Loading, please wait...
Starting version 245.4-4ubuntu3.2
[    3.288076] Floppy drive(s): fd0 is 2.88M AMI BIOS
[    3.297221] piix4_smbus 0000:00:01.3: SMBus Host Controller at 0x700, revision 0
[    3.313725] scsi host2: Virtio SCSI HBA
[    3.328978] nvme nvme0: pci function 0000:00:05.0
[    3.329184] input: VirtualPS/2 VMware VMMouse as /devices/platform/i8042/serio1/input/input4
[    3.330485] FDC 0 is a S82078B
[    3.335766] scsi 2:0:0:0: Direct-Access     QEMU     QEMU HARDDISK    2.5+ PQ: 0 ANSI: 5
[    3.339790] PCI Interrupt Link [LNKA] enabled at IRQ 10
[    3.366828] input: VirtualPS/2 VMware VMMouse as /devices/platform/i8042/serio1/input/input3
[    3.384108] bochs-drm 0000:00:02.0: remove_conflicting_pci_framebuffers: bar 0: 0xfd000000 -> 0xfdffffff
[    3.402222] bochs-drm 0000:00:02.0: remove_conflicting_pci_framebuffers: bar 2: 0xfebd0000 -> 0xfebd0fff
[    3.413925] nvme nvme0: 4/0/0 default/read/poll queues
[    3.420164] bochs-drm 0000:00:02.0: vgaarb: deactivate vga console
[    3.459505] Console: switching to colour dummy device 80x25
[    3.462579] cryptd: max_cpu_qlen set to 1000
[    3.466272] [drm] Found bochs VGA, ID 0xb0c5.
[    3.480581] [drm] Framebuffer size 16384 kB @ 0xfd000000, mmio @ 0xfebd0000.
[    3.498440] [TTM] Zone  kernel: Available graphics memory: 2015078 KiB
[    3.503058] [TTM] Initializing pool allocator
[    3.520539] [TTM] Initializing DMA pool allocator
[    3.527157] AVX2 version of gcm_enc/dec engaged.
[    3.533941] AES CTR mode by8 optimization enabled
[    3.539364] scsi 2:0:0:0: Attached scsi generic sg0 type 0
[    3.542520] sd 2:0:0:0: Power-on or device reset occurred
[    3.552626] virtio_net virtio0 ens3: renamed from eth0
[    3.555119] sd 2:0:0:0: [sda] 167772160 512-byte logical blocks: (85.9 GB/80.0 GiB)
[    3.557380] [drm] Found EDID data blob.
[    3.563544] [drm] Initialized bochs-drm 1.0.0 20130925 for 0000:00:02.0 on minor 0
[    3.571610] sd 2:0:0:0: [sda] Write Protect is off
[    3.595996] sd 2:0:0:0: [sda] Write cache: enabled, read cache: enabled, supports DPO and FUA
[    3.609357] fbcon: bochs-drmdrmfb (fb0) is primary device
[    3.639184] Console: switching 
[    3.639189]  sda: sda1 sda2
[    3.639197] to colour frame buffer device 160x50
[    3.644644] sd 2:0:0:0: [sda] Attached SCSI disk
[    3.656677] bochs-drm 0000:00:02.0: fb0: bochs-drmdrmfb frame buffer device
Begin: Loading essential drivers ... [    4.027054] raid6: avx2x4   gen() 14250 MB/s
[    4.088494] raid6: avx2x4   xor()  3990 MB/s
[    4.147614] raid6: avx2x2   gen() 12141 MB/s
[    4.198993] raid6: avx2x2   xor()  8811 MB/s
[    4.251005] raid6: avx2x1   gen() 15001 MB/s
[    4.302967] raid6: avx2x1   xor()  8495 MB/s
[    4.351030] raid6: sse2x4   gen()  9643 MB/s
[    4.399112] raid6: sse2x4   xor()  4717 MB/s
[    4.450961] raid6: sse2x2   gen()  9191 MB/s
[    4.511228] raid6: sse2x2   xor()  3549 MB/s
[    4.563539] raid6: sse2x1   gen()  6221 MB/s
[    4.610980] raid6: sse2x1   xor()  4737 MB/s
[    4.616647] raid6: using algorithm avx2x1 gen() 15001 MB/s
[    4.623027] raid6: .... xor() 8495 MB/s, rmw enabled
[    4.628002] raid6: using avx2x2 recovery algorithm
[    4.639956] xor: automatically using best checksumming function   avx       
[    4.657697] async_tx: api initialized (async)
done.
Begin: Running /scripts/init-premount ... done.
Begin: Mounting root file system ... Begin: Running /scripts/local-top ... done.
Begin: Running /scripts/local-premount ... [    4.812553] Btrfs loaded, crc32c=crc32c-intel
Scanning for Btrfs filesystems
[    4.923379] blk_update_request: I/O error, dev fd0, sector 0 op 0x0:(READ) flags 0x0 phys_seg 1 prio class 0
[    4.935247] floppy: error 10 while reading block 0
done.
Warning: fsck not present, so skipping root file system
[    5.057618] EXT4-fs (sda2): mounted filesystem with ordered data mode. Opts: (null)
done.
Begin: Running /scripts/local-bottom ... done.
Begin: Running /scripts/init-bottom ... Internet Systems Consortium DHCP Client 4.4.1
Copyright 2004-2018 Internet Systems Consortium.
All rights reserved.
For info, please visit https://www.isc.org/software/dhcp/

Listening on LPF/ens3/52:54:00:12:34:56
Sending on   LPF/ens3/52:54:00:12:34:56
Sending on   Socket/fallback
DHCPDISCOVER on ens3 to 255.255.255.255 port 67 interval 3 (xid=0x87951c77)
DHCPOFFER of 10.0.2.15 from 10.0.2.2
DHCPREQUEST for 10.0.2.15 on ens3 to 255.255.255.255 port 67 (xid=0x771c9587)
DHCPACK of 10.0.2.15 from 10.0.2.2 (xid=0x87951c77)
bound to 10.0.2.15 -- renewal in 33442 seconds.
done.
[    6.435170] systemd[1]: Inserted module 'autofs4'
[    6.514337] systemd[1]: systemd 245.4-4ubuntu3.2 running in system mode. (+PAM +AUDIT +SELINUX +IMA +APPARMOR +SMACK +SYSVINIT +UTMP +LIBCRYPTSETUP +GCRYPT +GNUTLS +ACL +XZ +LZ4 +SECCOMP +BLKID +ELFUTILS +KMOD +IDN2 -IDN +PCRE2 default-hierarchy=hybrid)
[    6.550253] systemd[1]: Detected virtualization kvm.
[    6.556418] systemd[1]: Detected architecture x86-64.

Welcome to [1mUbuntu 20.04.1 LTS[0m!

[    6.608656] systemd[1]: Set hostname to <fvm>.
[    6.938152] systemd[1]: /lib/systemd/system/dbus.socket:5: ListenStream= references a path below legacy directory /var/run/, updating /var/run/dbus/system_bus_socket → /run/dbus/system_bus_socket; please update the unit file accordingly.
[    7.113946] systemd[1]: Created slice system-modprobe.slice.
[[0;32m  OK  [0m] Created slice [0;1;39msystem-modprobe.slice[0m.
[    7.123578] systemd[1]: Created slice system-serial\x2dgetty.slice.
[[0;32m  OK  [0m] Created slice [0;1;39msystem-serial\x2dgetty.slice[0m.
[    7.135179] systemd[1]: Created slice User and Session Slice.
[[0;32m  OK  [0m] Created slice [0;1;39mUser and Session Slice[0m.
[    7.146229] systemd[1]: Started Forward Password Requests to Wall Directory Watch.
[[0;32m  OK  [0m] Started [0;1;39mForward Password R…uests to Wall Directory Watch[0m.
[    7.159986] systemd[1]: Set up automount Arbitrary Executable File Formats File System Automount Point.
[[0;32m  OK  [0m] Set up automount [0;1;39mArbitrary…s File System Automount Point[0m.
[    7.173160] systemd[1]: Reached target User and Group Name Lookups.
[[0;32m  OK  [0m] Reached target [0;1;39mUser and Group Name Lookups[0m.
[    7.182407] systemd[1]: Reached target Slices.
[[0;32m  OK  [0m] Reached target [0;1;39mSlices[0m.
[    7.191357] systemd[1]: Listening on Device-mapper event daemon FIFOs.
[[0;32m  OK  [0m] Listening on [0;1;39mDevice-mapper event daemon FIFOs[0m.
[    7.202450] systemd[1]: Listening on LVM2 poll daemon socket.
[[0;32m  OK  [0m] Listening on [0;1;39mLVM2 poll daemon socket[0m.
[    7.211344] systemd[1]: Listening on multipathd control socket.
[[0;32m  OK  [0m] Listening on [0;1;39mmultipathd control socket[0m.
[    7.218801] systemd[1]: Listening on Syslog Socket.
[[0;32m  OK  [0m] Listening on [0;1;39mSyslog Socket[0m.
[    7.227201] systemd[1]: Listening on initctl Compatibility Named Pipe.
[[0;32m  OK  [0m] Listening on [0;1;39minitctl Compatibility Named Pipe[0m.
[    7.238944] systemd[1]: Listening on Journal Audit Socket.
[[0;32m  OK  [0m] Listening on [0;1;39mJournal Audit Socket[0m.
[    7.248147] systemd[1]: Listening on Journal Socket (/dev/log).
[[0;32m  OK  [0m] Listening on [0;1;39mJournal Socket (/dev/log)[0m.
[    7.259407] systemd[1]: Listening on Journal Socket.
[[0;32m  OK  [0m] Listening on [0;1;39mJournal Socket[0m.
[    7.269939] systemd[1]: Listening on Network Service Netlink Socket.
[[0;32m  OK  [0m] Listening on [0;1;39mNetwork Service Netlink Socket[0m.
[    7.281090] systemd[1]: Listening on udev Control Socket.
[[0;32m  OK  [0m] Listening on [0;1;39mudev Control Socket[0m.
[    7.306657] systemd[1]: Listening on udev Kernel Socket.
[[0;32m  OK  [0m] Listening on [0;1;39mudev Kernel Socket[0m.
[    7.323430] systemd[1]: Mounting Huge Pages File System...
         Mounting [0;1;39mHuge Pages File System[0m...
[    7.340455] systemd[1]: Mounting POSIX Message Queue File System...
         Mounting [0;1;39mPOSIX Message Queue File System[0m...
[    7.356383] systemd[1]: Mounting Kernel Debug File System...
         Mounting [0;1;39mKernel Debug File System[0m...
[    7.372654] systemd[1]: Mounting Kernel Trace File System...
         Mounting [0;1;39mKernel Trace File System[0m...
[    7.390413] systemd[1]: Starting Journal Service...
         Starting [0;1;39mJournal Service[0m...
[    7.404661] systemd[1]: Starting Set the console keyboard layout...
         Starting [0;1;39mSet the console keyboard layout[0m...
[    7.421573] systemd[1]: Starting Create list of static device nodes for the current kernel...
         Starting [0;1;39mCreate list of st…odes for the current kernel[0m...
[    7.443641] systemd[1]: Starting Monitoring of LVM2 mirrors, snapshots etc. using dmeventd or progress polling...
         Starting [0;1;39mMonitoring of LVM…meventd or progress polling[0m...
[    7.469108] systemd[1]: Condition check resulted in Load Kernel Module drm being skipped.
[    7.481365] systemd[1]: Condition check resulted in Set Up Additional Binary Formats being skipped.
[    7.497917] systemd[1]: Starting Load Kernel Modules...
         Starting [0;1;39mLoad Kernel Modules[0m...
[    7.518665] systemd[1]: Starting Remount Root and Kernel File Systems...
         Starting [0;1;39mRemount Root and Kernel File Systems[0m...
[    7.544657] systemd[1]: Starting udev Coldplug all Devices...
[    7.544687] EXT4-fs (sda2): re-mounted. Opts: (null)
         Starting [0;1;39mudev Coldplug all Devices[0m...
[    7.568586] systemd[1]: Starting Uncomplicated firewall...
         Starting [0;1;39mUncomplicated firewall[0m...
[    7.588838] systemd[1]: Mounted Huge Pages File System.
[[0;32m  OK  [0m] Mounted [0;1;39mHuge Pages File System[0m.
[    7.607496] systemd[1]: Mounted POSIX Message Queue File System.
[[0;32m  OK  [0m] Mounted [0;1;39mPOSIX Message Queue File System[0m.
[    7.618658] systemd[1]: Mounted Kernel Debug File System.
[[0;32m  OK  [0m] Mounted [0;1;39mKernel Debug File System[0m.
[    7.633468] systemd[1]: Mounted Kernel Trace File System.
[[0;32m  OK  [0m] Mounted [0;1;39mKernel Trace File System[0m.
[    7.644202] systemd[1]: Started Journal Service.
[[0;32m  OK  [0m] Started [0;1;39mJournal Service[0m.
[[0;32m  OK  [0m] Finished [0;1;39mSet the console keyboard layout[0m.
[[0;32m  OK  [0m] Finished [0;1;39mCreate list of st… nodes for the current kernel[0m.
[[0;32m  OK  [0m] Finished [0;1;39mMonitoring of LVM… dmeventd or progress polling[0m.
[[0;32m  OK  [0m] Finished [0;1;39mLoad Kernel Modules[0m.
[[0;32m  OK  [0m] Finished [0;1;39mRemount Root and Kernel File Systems[0m.
[[0;32m  OK  [0m] Finished [0;1;39mUncomplicated firewall[0m.
         Activating swap [0;1;39m/swap.img[0m...
         Mounting [0;1;39mFUSE Control File System[0m...
         Mounting [0;1;39mKernel Configuration File System[0m...
         Starting [0;1;39mFlush Journal to Persistent Storage[0m...
         Starting [0;1;39mLoad/Save Random Seed[0m...
         Starting [0;1;39mApply Kernel Variables[0m...
         Starting [0;1;39mCreate System Users[0m...
[    7.759868] systemd-journald[376]: Received client request to flush runtime journal.
[[0;32m  OK  [0m] Finished [0;1;39mudev Coldplug all Devices[0m.
[[0;32m  OK  [0m] Mounted [0;1;39mFUSE Control File System[0m.
[[0;32m  OK  [0m] Mounted [0;1;39mKernel Configuration File System[0m.
         Starting [0;1;39mudev Wait for Complete Device Initialization[0m...
[[0;32m  OK  [0m] Finished [0;1;39mLoad/Save Random Seed[0m.
[[0;32m  OK  [0m] Finished [0;1;39mApply Kernel Variables[0m.
[[0;32m  OK  [0m] Finished [0;1;39mCreate System Users[0m.
         Starting [0;1;39mCreate Static Device Nodes in /dev[0m...
[[0;32m  OK  [0m] Finished [0;1;39mCreate Static Device Nodes in /dev[0m.
         Starting [0;1;39mudev Kernel Device Manager[0m...
[[0;32m  OK  [0m] Activated swap [0;1;39m/swap.img[0m.
[[0;32m  OK  [0m] Reached target [0;1;39mSwap[0m.
[[0;32m  OK  [0m] Finished [0;1;39mFlush Journal to Persistent Storage[0m.
[[0;32m  OK  [0m] Started [0;1;39mudev Kernel Device Manager[0m.
[[0;32m  OK  [0m] Started [0;1;39mDispatch Password …ts to Console Directory Watch[0m.
[[0;32m  OK  [0m] Reached target [0;1;39mLocal Encrypted Volumes[0m.
         Starting [0;1;39mNetwork Service[0m...
[[0m[0;31m*     [0m] (1 of 3) A start job is running for… Device Initialization (3s / 3min)
M[K[[0;1;31m*[0m[0;31m*    [0m] (1 of 3) A start job is running for… Device Initialization (3s / 3min)
M[K[[0;32m  OK  [0m] Started [0;1;39mNetwork Service[0m.
[K         Starting [0;1;39mWait for Network to be Configured[0m...
[[0;32m  OK  [0m] Finished [0;1;39mWait for Network to be Configured[0m.
[[0;32m  OK  [0m] Found device [0;1;39m/dev/ttyS0[0m.
[[0;32m  OK  [0m] Listening on [0;1;39mLoad/Save RF …itch Status /dev/rfkill Watch[0m.
[[0;32m  OK  [0m] Finished [0;1;39mudev Wait for Complete Device Initialization[0m.
         Starting [0;1;39mDevice-Mapper Multipath Device Controller[0m...
[[0;32m  OK  [0m] Started [0;1;39mDevice-Mapper Multipath Device Controller[0m.
[[0;32m  OK  [0m] Reached target [0;1;39mLocal File Systems (Pre)[0m.
         Mounting [0;1;39mMount unit for core18, revision 1880[0m...
         Mounting [0;1;39mMount unit for lxd, revision 16099[0m...
         Mounting [0;1;39mMount unit for snapd, revision 8542[0m...
[[0;32m  OK  [0m] Mounted [0;1;39mMount unit for core18, revision 1880[0m.
[[0;32m  OK  [0m] Mounted [0;1;39mMount unit for lxd, revision 16099[0m.
[[0;32m  OK  [0m] Mounted [0;1;39mMount unit for snapd, revision 8542[0m.
[[0;32m  OK  [0m] Reached target [0;1;39mLocal File Systems[0m.
         Starting [0;1;39mLoad AppArmor profiles[0m...
         Starting [0;1;39mSet console font and keymap[0m...
         Starting [0;1;39mCreate final runt…dir for shutdown pivot root[0m...
         Starting [0;1;39mTell Plymouth To Write Out Runtime Data[0m...
         Starting [0;1;39mCreate Volatile Files and Directories[0m...
[[0;32m  OK  [0m] Finished [0;1;39mCreate final runt…e dir for shutdown pivot root[0m.
[[0;32m  OK  [0m] Finished [0;1;39mSet console font and keymap[0m.
[[0;32m  OK  [0m] Finished [0;1;39mTell Plymouth To Write Out Runtime Data[0m.
[[0;32m  OK  [0m] Finished [0;1;39mCreate Volatile Files and Directories[0m.
         Starting [0;1;39mNetwork Name Resolution[0m...
         Starting [0;1;39mNetwork Time Synchronization[0m...
         Starting [0;1;39mUpdate UTMP about System Boot/Shutdown[0m...
[[0;32m  OK  [0m] Finished [0;1;39mUpdate UTMP about System Boot/Shutdown[0m.
[[0;32m  OK  [0m] Finished [0;1;39mLoad AppArmor profiles[0m.
         Starting [0;1;39mLoad AppArmor pro…managed internally by snapd[0m...
[[0;32m  OK  [0m] Started [0;1;39mNetwork Time Synchronization[0m.
[[0;32m  OK  [0m] Reached target [0;1;39mSystem Time Set[0m.
[[0;32m  OK  [0m] Reached target [0;1;39mSystem Time Synchronized[0m.
[[0;32m  OK  [0m] Started [0;1;39mNetwork Name Resolution[0m.
[[0;32m  OK  [0m] Reached target [0;1;39mNetwork[0m.
[[0;32m  OK  [0m] Reached target [0;1;39mNetwork is Online[0m.
[[0;32m  OK  [0m] Reached target [0;1;39mHost and Network Name Lookups[0m.
[[0;32m  OK  [0m] Reached target [0;1;39mRemote File Systems (Pre)[0m.
[[0;32m  OK  [0m] Reached target [0;1;39mRemote File Systems[0m.
         Starting [0;1;39mAvailability of block devices[0m...
[[0;32m  OK  [0m] Finished [0;1;39mAvailability of block devices[0m.
[[0;32m  OK  [0m] Finished [0;1;39mLoad AppArmor pro…s managed internally by snapd[0m.
[[0;32m  OK  [0m] Reached target [0;1;39mSystem Initialization[0m.
[[0;32m  OK  [0m] Started [0;1;39mDaily apt download activities[0m.
[[0;32m  OK  [0m] Started [0;1;39mDaily apt upgrade and clean activities[0m.
[[0;32m  OK  [0m] Started [0;1;39mPeriodic ext4 Onli…ata Check for All Filesystems[0m.
[[0;32m  OK  [0m] Started [0;1;39mDiscard unused blocks once a week[0m.
[[0;32m  OK  [0m] Started [0;1;39mRefresh fwupd metadata regularly[0m.
[[0;32m  OK  [0m] Started [0;1;39mDaily rotation of log files[0m.
[[0;32m  OK  [0m] Started [0;1;39mDaily man-db regeneration[0m.
[[0;32m  OK  [0m] Started [0;1;39mMessage of the Day[0m.
[[0;32m  OK  [0m] Started [0;1;39mDaily Cleanup of Temporary Directories[0m.
[[0;32m  OK  [0m] Reached target [0;1;39mPaths[0m.
[[0;32m  OK  [0m] Reached target [0;1;39mTimers[0m.
[[0;32m  OK  [0m] Listening on [0;1;39mD-Bus System Message Bus Socket[0m.
[[0;32m  OK  [0m] Listening on [0;1;39mOpen-iSCSI iscsid Socket[0m.
[[0;32m  OK  [0m] Listening on [0;1;39mSocket unix for snap application lxd.daemon[0m.
         Starting [0;1;39mSocket activation for snappy daemon[0m.
[[0;32m  OK  [0m] Listening on [0;1;39mUUID daemon activation socket[0m.
[[0;32m  OK  [0m] Listening on [0;1;39mSocket activation for snappy daemon[0m.
[[0;32m  OK  [0m] Reached target [0;1;39mSockets[0m.
[[0;32m  OK  [0m] Reached target [0;1;39mBasic System[0m.
         Starting [0;1;39mAccounts Service[0m...
         Starting [0;1;39mLSB: automatic crash report generation[0m...
         Starting [0;1;39mDeferred execution scheduler[0m...
[[0;32m  OK  [0m] Started [0;1;39mRegular background program processing daemon[0m.
[[0;32m  OK  [0m] Started [0;1;39mD-Bus System Message Bus[0m.
[[0;32m  OK  [0m] Started [0;1;39mSave initial kernel messages after boot[0m.
         Starting [0;1;39mRemove Stale Onli…t4 Metadata Check Snapshots[0m...
         Starting [0;1;39mLSB: Record successful boot for GRUB[0m...
         Starting [0;1;39mGRUB failed boot detection[0m...
[[0;32m  OK  [0m] Started [0;1;39mirqbalance daemon[0m.
         Starting [0;1;39mDispatcher daemon for systemd-networkd[0m...
         Starting [0;1;39mSystem Logging Service[0m...
         Starting [0;1;39mService for snap application lxd.activate[0m...
         Starting [0;1;39mSnap Daemon[0m...
         Starting [0;1;39mOpenBSD Secure Shell server[0m...
         Starting [0;1;39mLogin Service[0m...
         Starting [0;1;39mPermit User Sessions[0m...
         Starting [0;1;39mThermal Daemon Service[0m...
[[0;32m  OK  [0m] Started [0;1;39mDeferred execution scheduler[0m.
[[0;32m  OK  [0m] Finished [0;1;39mRemove Stale Onli…ext4 Metadata Check Snapshots[0m.
[[0;32m  OK  [0m] Finished [0;1;39mPermit User Sessions[0m.
[[0;32m  OK  [0m] Started [0;1;39mSystem Logging Service[0m.
[[0;32m  OK  [0m] Finished [0;1;39mGRUB failed boot detection[0m.
[[0;32m  OK  [0m] Started [0;1;39mOpenBSD Secure Shell server[0m.
         Starting [0;1;39mHold until boot process finishes up[0m...
         Starting [0;1;39mTerminate Plymouth Boot Screen[0m...
[[0;32m  OK  [0m] Finished [0;1;39mHold until boot process finishes up[0m.
[[0;32m  OK  [0m] Started [0;1;39mLSB: automatic crash report generation[0m.
[[0;32m  OK  [0m] Started [0;1;39mLSB: Record successful boot for GRUB[0m.
[[0;32m  OK  [0m] Finished [0;1;39mTerminate Plymouth Boot Screen[0m.
[[0;32m  OK  [0m] Started [0;1;39mSerial Getty on ttyS0[0m.
         Starting [0;1;39mSet console scheme[0m...
[[0;32m  OK  [0m] Started [0;1;39mThermal Daemon Service[0m.
[[0;32m  OK  [0m] Finished [0;1;39mSet console scheme[0m.
[[0;32m  OK  [0m] Started [0;1;39mLogin Service[0m.
[[0;32m  OK  [0m] Created slice [0;1;39msystem-getty.slice[0m.
[[0;32m  OK  [0m] Started [0;1;39mGetty on tty1[0m.
[[0;32m  OK  [0m] Reached target [0;1;39mLogin Prompts[0m.
[[0;32m  OK  [0m] Started [0;1;39mUnattended Upgrades Shutdown[0m.
         Starting [0;1;39mAuthorization Manager[0m...
[[0;32m  OK  [0m] Started [0;1;39mDispatcher daemon for systemd-networkd[0m.
[[0;32m  OK  [0m] Started [0;1;39mAuthorization Manager[0m.
[[0;32m  OK  [0m] Started [0;1;39mAccounts Service[0m.
[[0;32m  OK  [0m] Started [0;1;39mSnap Daemon[0m.
         Starting [0;1;39mWait until snapd is fully seeded[0m...

Ubuntu 20.04.1 LTS fvm ttyS0

fvm login: [EXP] [CLASSIFY] lpn=0 state=COLD access=1 short=0 interval=1572864 seq=1572865 decay_epoch=24
[EXP] [WRITE] lpn=0 -> ch=0 lun=0 pl=0 blk=97 pg=0 (secret)
[EXP] [INVALIDATE:overwrite] lpn=0 old ch=0 lun=0 pl=0 blk=97 pg=0
[EXP] [CLASSIFY] lpn=0 state=COLD access=2 short=1 interval=1 seq=1572866 decay_epoch=24
[EXP] [WRITE] lpn=0 -> ch=1 lun=0 pl=0 blk=97 pg=0 (secret)
[EXP] [INVALIDATE:overwrite] lpn=0 old ch=1 lun=0 pl=0 blk=97 pg=0
[EXP] [CLASSIFY] lpn=0 state=HOT access=3 short=2 interval=1 seq=1572867 decay_epoch=24
[EXP] [WRITE] lpn=0 -> ch=0 lun=0 pl=0 blk=64 pg=0 (secret)
[EXP] [INVALIDATE:trim] lpn=0 old ch=0 lun=0 pl=0 blk=64 pg=0
[SCAN:after_trim] 'V25C' NOT present in backend
[EXP] [CLASSIFY] lpn=0 state=COLD access=1 short=0 interval=0 seq=1572868 decay_epoch=24
[EXP] [WRITE] lpn=0 -> ch=2 lun=0 pl=0 blk=97 pg=0 (secret)
[EXP] [INVALIDATE:overwrite] lpn=0 old ch=2 lun=0 pl=0 blk=97 pg=0
[EXP] [CLASSIFY] lpn=0 state=COLD access=2 short=1 interval=1 seq=1572869 decay_epoch=24
[EXP] [WRITE] lpn=0 -> ch=3 lun=0 pl=0 blk=97 pg=0 (secret)
[EXP] [INVALIDATE:overwrite] lpn=0 old ch=3 lun=0 pl=0 blk=97 pg=0
[EXP] [CLASSIFY] lpn=0 state=HOT access=3 short=2 interval=1 seq=1572870 decay_epoch=24
[EXP] [WRITE] lpn=0 -> ch=1 lun=0 pl=0 blk=64 pg=0 (secret)
[FEMU] FTL-Log: BBSSD-STATS version=V2.5 hot_rewrite_window=1024 hot_access_threshold=3 hot_confirmation_threshold=2 hot_decay_window=65536 hot_decay_enabled=on hot_idle_expiration_window=4096 host_page_writes=1572870 nand_page_writes=1572870 gc_page_writes=0 block_erases=0 waf=1.000000 gc_count=0 average_gc_copy=N/A host_hot_writes=2 host_cold_writes=1572868 hot_write_ratio=0.000001 gc_hot_writes=0 gc_cold_writes=0 stale_hot_gc_candidates_gt_t=0 stale_hot_gc_candidates_gt_2t=0 stale_hot_gc_candidates_gt_4t=0 stale_hot_gc_candidates_gt_8t=0 stale_hot_gc_demotions=0 cold_to_hot_count=2 hot_to_cold_count=0 hot_pool_empty_count=0 cold_pool_empty_count=33 borrow_count=33 emergency_gc_count=0 decay_application_count=1 counter_invariant=PASS
[FEMU] Log: vSSD0,Reset tt_late_ios/tt_ios,6253/6609
[EXP] [ERASE] ch=0 lun=0 pl=0 blk=97 pg=255 erase_cnt=1 (vpc/ipc reset)
[EXP] [ERASE] ch=0 lun=1 pl=0 blk=97 pg=255 erase_cnt=1 (vpc/ipc reset)
[EXP] [ERASE] ch=0 lun=2 pl=0 blk=97 pg=255 erase_cnt=1 (vpc/ipc reset)
[EXP] [ERASE] ch=0 lun=3 pl=0 blk=97 pg=255 erase_cnt=1 (vpc/ipc reset)
[EXP] [ERASE] ch=0 lun=4 pl=0 blk=97 pg=255 erase_cnt=1 (vpc/ipc reset)
[EXP] [ERASE] ch=0 lun=5 pl=0 blk=97 pg=255 erase_cnt=1 (vpc/ipc reset)
[EXP] [ERASE] ch=0 lun=6 pl=0 blk=97 pg=255 erase_cnt=1 (vpc/ipc reset)
[EXP] [ERASE] ch=0 lun=7 pl=0 blk=97 pg=255 erase_cnt=1 (vpc/ipc reset)
[EXP] [ERASE] ch=1 lun=0 pl=0 blk=97 pg=255 erase_cnt=1 (vpc/ipc reset)
[EXP] [ERASE] ch=1 lun=1 pl=0 blk=97 pg=255 erase_cnt=1 (vpc/ipc reset)
[EXP] [ERASE] ch=1 lun=2 pl=0 blk=97 pg=255 erase_cnt=1 (vpc/ipc reset)
[EXP] [ERASE] ch=1 lun=3 pl=0 blk=97 pg=255 erase_cnt=1 (vpc/ipc reset)
[EXP] [ERASE] ch=1 lun=4 pl=0 blk=97 pg=255 erase_cnt=1 (vpc/ipc reset)
[EXP] [ERASE] ch=1 lun=5 pl=0 blk=97 pg=255 erase_cnt=1 (vpc/ipc reset)
[EXP] [ERASE] ch=1 lun=6 pl=0 blk=97 pg=255 erase_cnt=1 (vpc/ipc reset)
[EXP] [ERASE] ch=1 lun=7 pl=0 blk=97 pg=255 erase_cnt=1 (vpc/ipc reset)
[EXP] [ERASE] ch=2 lun=0 pl=0 blk=97 pg=255 erase_cnt=1 (vpc/ipc reset)
[EXP] [ERASE] ch=2 lun=1 pl=0 blk=97 pg=255 erase_cnt=1 (vpc/ipc reset)
[EXP] [ERASE] ch=2 lun=2 pl=0 blk=97 pg=255 erase_cnt=1 (vpc/ipc reset)
[EXP] [ERASE] ch=2 lun=3 pl=0 blk=97 pg=255 erase_cnt=1 (vpc/ipc reset)
[EXP] [ERASE] ch=2 lun=4 pl=0 blk=97 pg=255 erase_cnt=1 (vpc/ipc reset)
[EXP] [ERASE] ch=2 lun=5 pl=0 blk=97 pg=255 erase_cnt=1 (vpc/ipc reset)
[EXP] [ERASE] ch=2 lun=6 pl=0 blk=97 pg=255 erase_cnt=1 (vpc/ipc reset)
[EXP] [ERASE] ch=2 lun=7 pl=0 blk=97 pg=255 erase_cnt=1 (vpc/ipc reset)
[EXP] [ERASE] ch=3 lun=0 pl=0 blk=97 pg=255 erase_cnt=1 (vpc/ipc reset)
[EXP] [ERASE] ch=3 lun=1 pl=0 blk=97 pg=255 erase_cnt=1 (vpc/ipc reset)
[EXP] [ERASE] ch=3 lun=2 pl=0 blk=97 pg=255 erase_cnt=1 (vpc/ipc reset)
[EXP] [ERASE] ch=3 lun=3 pl=0 blk=97 pg=255 erase_cnt=1 (vpc/ipc reset)
[EXP] [ERASE] ch=3 lun=4 pl=0 blk=97 pg=255 erase_cnt=1 (vpc/ipc reset)
[EXP] [ERASE] ch=3 lun=5 pl=0 blk=97 pg=255 erase_cnt=1 (vpc/ipc reset)
[EXP] [ERASE] ch=3 lun=6 pl=0 blk=97 pg=255 erase_cnt=1 (vpc/ipc reset)
[EXP] [ERASE] ch=3 lun=7 pl=0 blk=97 pg=255 erase_cnt=1 (vpc/ipc reset)
[EXP] [ERASE] ch=4 lun=0 pl=0 blk=97 pg=255 erase_cnt=1 (vpc/ipc reset)
[EXP] [ERASE] ch=4 lun=1 pl=0 blk=97 pg=255 erase_cnt=1 (vpc/ipc reset)
[EXP] [ERASE] ch=4 lun=2 pl=0 blk=97 pg=255 erase_cnt=1 (vpc/ipc reset)
[EXP] [ERASE] ch=4 lun=3 pl=0 blk=97 pg=255 erase_cnt=1 (vpc/ipc reset)
[EXP] [ERASE] ch=4 lun=4 pl=0 blk=97 pg=255 erase_cnt=1 (vpc/ipc reset)
[EXP] [ERASE] ch=4 lun=5 pl=0 blk=97 pg=255 erase_cnt=1 (vpc/ipc reset)
[EXP] [ERASE] ch=4 lun=6 pl=0 blk=97 pg=255 erase_cnt=1 (vpc/ipc reset)
[EXP] [ERASE] ch=4 lun=7 pl=0 blk=97 pg=255 erase_cnt=1 (vpc/ipc reset)
[EXP] [ERASE] ch=5 lun=0 pl=0 blk=97 pg=255 erase_cnt=1 (vpc/ipc reset)
[EXP] [ERASE] ch=5 lun=1 pl=0 blk=97 pg=255 erase_cnt=1 (vpc/ipc reset)
[EXP] [ERASE] ch=5 lun=2 pl=0 blk=97 pg=255 erase_cnt=1 (vpc/ipc reset)
[EXP] [ERASE] ch=5 lun=3 pl=0 blk=97 pg=255 erase_cnt=1 (vpc/ipc reset)
[EXP] [ERASE] ch=5 lun=4 pl=0 blk=97 pg=255 erase_cnt=1 (vpc/ipc reset)
[EXP] [ERASE] ch=5 lun=5 pl=0 blk=97 pg=255 erase_cnt=1 (vpc/ipc reset)
[EXP] [ERASE] ch=5 lun=6 pl=0 blk=97 pg=255 erase_cnt=1 (vpc/ipc reset)
[EXP] [ERASE] ch=5 lun=7 pl=0 blk=97 pg=255 erase_cnt=1 (vpc/ipc reset)
[EXP] [ERASE] ch=6 lun=0 pl=0 blk=97 pg=255 erase_cnt=1 (vpc/ipc reset)
[EXP] [ERASE] ch=6 lun=1 pl=0 blk=97 pg=255 erase_cnt=1 (vpc/ipc reset)
[EXP] [ERASE] ch=6 lun=2 pl=0 blk=97 pg=255 erase_cnt=1 (vpc/ipc reset)
[EXP] [ERASE] ch=6 lun=3 pl=0 blk=97 pg=255 erase_cnt=1 (vpc/ipc reset)
[EXP] [ERASE] ch=6 lun=4 pl=0 blk=97 pg=255 erase_cnt=1 (vpc/ipc reset)
[EXP] [ERASE] ch=6 lun=5 pl=0 blk=97 pg=255 erase_cnt=1 (vpc/ipc reset)
[EXP] [ERASE] ch=6 lun=6 pl=0 blk=97 pg=255 erase_cnt=1 (vpc/ipc reset)
[EXP] [ERASE] ch=6 lun=7 pl=0 blk=97 pg=255 erase_cnt=1 (vpc/ipc reset)
[EXP] [ERASE] ch=7 lun=0 pl=0 blk=97 pg=255 erase_cnt=1 (vpc/ipc reset)
[EXP] [ERASE] ch=7 lun=1 pl=0 blk=97 pg=255 erase_cnt=1 (vpc/ipc reset)
[EXP] [ERASE] ch=7 lun=2 pl=0 blk=97 pg=255 erase_cnt=1 (vpc/ipc reset)
[EXP] [ERASE] ch=7 lun=3 pl=0 blk=97 pg=255 erase_cnt=1 (vpc/ipc reset)
[EXP] [ERASE] ch=7 lun=4 pl=0 blk=97 pg=255 erase_cnt=1 (vpc/ipc reset)
[EXP] [ERASE] ch=7 lun=5 pl=0 blk=97 pg=255 erase_cnt=1 (vpc/ipc reset)
[EXP] [ERASE] ch=7 lun=6 pl=0 blk=97 pg=255 erase_cnt=1 (vpc/ipc reset)
[EXP] [ERASE] ch=7 lun=7 pl=0 blk=97 pg=255 erase_cnt=1 (vpc/ipc reset)
[EXP] [ERASE] ch=0 lun=0 pl=0 blk=97 pg=255 erase_cnt=2 (vpc/ipc reset)
[EXP] [ERASE] ch=0 lun=1 pl=0 blk=97 pg=255 erase_cnt=2 (vpc/ipc reset)
[EXP] [ERASE] ch=0 lun=2 pl=0 blk=97 pg=255 erase_cnt=2 (vpc/ipc reset)
[EXP] [ERASE] ch=0 lun=3 pl=0 blk=97 pg=255 erase_cnt=2 (vpc/ipc reset)
[EXP] [ERASE] ch=0 lun=4 pl=0 blk=97 pg=255 erase_cnt=2 (vpc/ipc reset)
[EXP] [ERASE] ch=0 lun=5 pl=0 blk=97 pg=255 erase_cnt=2 (vpc/ipc reset)
[EXP] [ERASE] ch=0 lun=6 pl=0 blk=97 pg=255 erase_cnt=2 (vpc/ipc reset)
[EXP] [ERASE] ch=0 lun=7 pl=0 blk=97 pg=255 erase_cnt=2 (vpc/ipc reset)
[EXP] [ERASE] ch=1 lun=0 pl=0 blk=97 pg=255 erase_cnt=2 (vpc/ipc reset)
[EXP] [ERASE] ch=1 lun=1 pl=0 blk=97 pg=255 erase_cnt=2 (vpc/ipc reset)
[EXP] [ERASE] ch=1 lun=2 pl=0 blk=97 pg=255 erase_cnt=2 (vpc/ipc reset)
[EXP] [ERASE] ch=1 lun=3 pl=0 blk=97 pg=255 erase_cnt=2 (vpc/ipc reset)
[EXP] [ERASE] ch=1 lun=4 pl=0 blk=97 pg=255 erase_cnt=2 (vpc/ipc reset)
[EXP] [ERASE] ch=1 lun=5 pl=0 blk=97 pg=255 erase_cnt=2 (vpc/ipc reset)
[EXP] [ERASE] ch=1 lun=6 pl=0 blk=97 pg=255 erase_cnt=2 (vpc/ipc reset)
[EXP] [ERASE] ch=1 lun=7 pl=0 blk=97 pg=255 erase_cnt=2 (vpc/ipc reset)
[EXP] [ERASE] ch=2 lun=0 pl=0 blk=97 pg=255 erase_cnt=2 (vpc/ipc reset)
[EXP] [ERASE] ch=2 lun=1 pl=0 blk=97 pg=255 erase_cnt=2 (vpc/ipc reset)
[EXP] [ERASE] ch=2 lun=2 pl=0 blk=97 pg=255 erase_cnt=2 (vpc/ipc reset)
[EXP] [ERASE] ch=2 lun=3 pl=0 blk=97 pg=255 erase_cnt=2 (vpc/ipc reset)
[EXP] [ERASE] ch=2 lun=4 pl=0 blk=97 pg=255 erase_cnt=2 (vpc/ipc reset)
[EXP] [ERASE] ch=2 lun=5 pl=0 blk=97 pg=255 erase_cnt=2 (vpc/ipc reset)
[EXP] [ERASE] ch=2 lun=6 pl=0 blk=97 pg=255 erase_cnt=2 (vpc/ipc reset)
[EXP] [ERASE] ch=2 lun=7 pl=0 blk=97 pg=255 erase_cnt=2 (vpc/ipc reset)
[EXP] [ERASE] ch=3 lun=0 pl=0 blk=97 pg=255 erase_cnt=2 (vpc/ipc reset)
[EXP] [ERASE] ch=3 lun=1 pl=0 blk=97 pg=255 erase_cnt=2 (vpc/ipc reset)
[EXP] [ERASE] ch=3 lun=2 pl=0 blk=97 pg=255 erase_cnt=2 (vpc/ipc reset)
[EXP] [ERASE] ch=3 lun=3 pl=0 blk=97 pg=255 erase_cnt=2 (vpc/ipc reset)
[EXP] [ERASE] ch=3 lun=4 pl=0 blk=97 pg=255 erase_cnt=2 (vpc/ipc reset)
[EXP] [ERASE] ch=3 lun=5 pl=0 blk=97 pg=255 erase_cnt=2 (vpc/ipc reset)
[EXP] [ERASE] ch=3 lun=6 pl=0 blk=97 pg=255 erase_cnt=2 (vpc/ipc reset)
[EXP] [ERASE] ch=3 lun=7 pl=0 blk=97 pg=255 erase_cnt=2 (vpc/ipc reset)
[EXP] [ERASE] ch=4 lun=0 pl=0 blk=97 pg=255 erase_cnt=2 (vpc/ipc reset)
[EXP] [ERASE] ch=4 lun=1 pl=0 blk=97 pg=255 erase_cnt=2 (vpc/ipc reset)
[EXP] [ERASE] ch=4 lun=2 pl=0 blk=97 pg=255 erase_cnt=2 (vpc/ipc reset)
[EXP] [ERASE] ch=4 lun=3 pl=0 blk=97 pg=255 erase_cnt=2 (vpc/ipc reset)
[EXP] [ERASE] ch=4 lun=4 pl=0 blk=97 pg=255 erase_cnt=2 (vpc/ipc reset)
[EXP] [ERASE] ch=4 lun=5 pl=0 blk=97 pg=255 erase_cnt=2 (vpc/ipc reset)
[EXP] [ERASE] ch=4 lun=6 pl=0 blk=97 pg=255 erase_cnt=2 (vpc/ipc reset)
[EXP] [ERASE] ch=4 lun=7 pl=0 blk=97 pg=255 erase_cnt=2 (vpc/ipc reset)
[EXP] [ERASE] ch=5 lun=0 pl=0 blk=97 pg=255 erase_cnt=2 (vpc/ipc reset)
[EXP] [ERASE] ch=5 lun=1 pl=0 blk=97 pg=255 erase_cnt=2 (vpc/ipc reset)
[EXP] [ERASE] ch=5 lun=2 pl=0 blk=97 pg=255 erase_cnt=2 (vpc/ipc reset)
[EXP] [ERASE] ch=5 lun=3 pl=0 blk=97 pg=255 erase_cnt=2 (vpc/ipc reset)
[EXP] [ERASE] ch=5 lun=4 pl=0 blk=97 pg=255 erase_cnt=2 (vpc/ipc reset)
[EXP] [ERASE] ch=5 lun=5 pl=0 blk=97 pg=255 erase_cnt=2 (vpc/ipc reset)
[EXP] [ERASE] ch=5 lun=6 pl=0 blk=97 pg=255 erase_cnt=2 (vpc/ipc reset)
[EXP] [ERASE] ch=5 lun=7 pl=0 blk=97 pg=255 erase_cnt=2 (vpc/ipc reset)
[EXP] [ERASE] ch=6 lun=0 pl=0 blk=97 pg=255 erase_cnt=2 (vpc/ipc reset)
[EXP] [ERASE] ch=6 lun=1 pl=0 blk=97 pg=255 erase_cnt=2 (vpc/ipc reset)
[EXP] [ERASE] ch=6 lun=2 pl=0 blk=97 pg=255 erase_cnt=2 (vpc/ipc reset)
[EXP] [ERASE] ch=6 lun=3 pl=0 blk=97 pg=255 erase_cnt=2 (vpc/ipc reset)
[EXP] [ERASE] ch=6 lun=4 pl=0 blk=97 pg=255 erase_cnt=2 (vpc/ipc reset)
[EXP] [ERASE] ch=6 lun=5 pl=0 blk=97 pg=255 erase_cnt=2 (vpc/ipc reset)
[EXP] [ERASE] ch=6 lun=6 pl=0 blk=97 pg=255 erase_cnt=2 (vpc/ipc reset)
[EXP] [ERASE] ch=6 lun=7 pl=0 blk=97 pg=255 erase_cnt=2 (vpc/ipc reset)
[EXP] [ERASE] ch=7 lun=0 pl=0 blk=97 pg=255 erase_cnt=2 (vpc/ipc reset)
[EXP] [ERASE] ch=7 lun=1 pl=0 blk=97 pg=255 erase_cnt=2 (vpc/ipc reset)
[EXP] [ERASE] ch=7 lun=2 pl=0 blk=97 pg=255 erase_cnt=2 (vpc/ipc reset)
[EXP] [ERASE] ch=7 lun=3 pl=0 blk=97 pg=255 erase_cnt=2 (vpc/ipc reset)
[EXP] [ERASE] ch=7 lun=4 pl=0 blk=97 pg=255 erase_cnt=2 (vpc/ipc reset)
[EXP] [ERASE] ch=7 lun=5 pl=0 blk=97 pg=255 erase_cnt=2 (vpc/ipc reset)
[EXP] [ERASE] ch=7 lun=6 pl=0 blk=97 pg=255 erase_cnt=2 (vpc/ipc reset)
[EXP] [ERASE] ch=7 lun=7 pl=0 blk=97 pg=255 erase_cnt=2 (vpc/ipc reset)
[EXP] [ERASE] ch=0 lun=0 pl=0 blk=97 pg=255 erase_cnt=3 (vpc/ipc reset)
[EXP] [ERASE] ch=0 lun=1 pl=0 blk=97 pg=255 erase_cnt=3 (vpc/ipc reset)
[EXP] [ERASE] ch=0 lun=2 pl=0 blk=97 pg=255 erase_cnt=3 (vpc/ipc reset)
[EXP] [ERASE] ch=0 lun=3 pl=0 blk=97 pg=255 erase_cnt=3 (vpc/ipc reset)
[EXP] [ERASE] ch=0 lun=4 pl=0 blk=97 pg=255 erase_cnt=3 (vpc/ipc reset)
[EXP] [ERASE] ch=0 lun=5 pl=0 blk=97 pg=255 erase_cnt=3 (vpc/ipc reset)
[EXP] [ERASE] ch=0 lun=6 pl=0 blk=97 pg=255 erase_cnt=3 (vpc/ipc reset)
[EXP] [ERASE] ch=0 lun=7 pl=0 blk=97 pg=255 erase_cnt=3 (vpc/ipc reset)
[EXP] [ERASE] ch=1 lun=0 pl=0 blk=97 pg=255 erase_cnt=3 (vpc/ipc reset)
[EXP] [ERASE] ch=1 lun=1 pl=0 blk=97 pg=255 erase_cnt=3 (vpc/ipc reset)
[EXP] [ERASE] ch=1 lun=2 pl=0 blk=97 pg=255 erase_cnt=3 (vpc/ipc reset)
[EXP] [ERASE] ch=1 lun=3 pl=0 blk=97 pg=255 erase_cnt=3 (vpc/ipc reset)
[EXP] [ERASE] ch=1 lun=4 pl=0 blk=97 pg=255 erase_cnt=3 (vpc/ipc reset)
[EXP] [ERASE] ch=1 lun=5 pl=0 blk=97 pg=255 erase_cnt=3 (vpc/ipc reset)
[EXP] [ERASE] ch=1 lun=6 pl=0 blk=97 pg=255 erase_cnt=3 (vpc/ipc reset)
[EXP] [ERASE] ch=1 lun=7 pl=0 blk=97 pg=255 erase_cnt=3 (vpc/ipc reset)
[EXP] [ERASE] ch=2 lun=0 pl=0 blk=97 pg=255 erase_cnt=3 (vpc/ipc reset)
[EXP] [ERASE] ch=2 lun=1 pl=0 blk=97 pg=255 erase_cnt=3 (vpc/ipc reset)
[EXP] [ERASE] ch=2 lun=2 pl=0 blk=97 pg=255 erase_cnt=3 (vpc/ipc reset)
[EXP] [ERASE] ch=2 lun=3 pl=0 blk=97 pg=255 erase_cnt=3 (vpc/ipc reset)
[EXP] [ERASE] ch=2 lun=4 pl=0 blk=97 pg=255 erase_cnt=3 (vpc/ipc reset)
[EXP] [ERASE] ch=2 lun=5 pl=0 blk=97 pg=255 erase_cnt=3 (vpc/ipc reset)
[EXP] [ERASE] ch=2 lun=6 pl=0 blk=97 pg=255 erase_cnt=3 (vpc/ipc reset)
[EXP] [ERASE] ch=2 lun=7 pl=0 blk=97 pg=255 erase_cnt=3 (vpc/ipc reset)
[EXP] [ERASE] ch=3 lun=0 pl=0 blk=97 pg=255 erase_cnt=3 (vpc/ipc reset)
[EXP] [ERASE] ch=3 lun=1 pl=0 blk=97 pg=255 erase_cnt=3 (vpc/ipc reset)
[EXP] [ERASE] ch=3 lun=2 pl=0 blk=97 pg=255 erase_cnt=3 (vpc/ipc reset)
[EXP] [ERASE] ch=3 lun=3 pl=0 blk=97 pg=255 erase_cnt=3 (vpc/ipc reset)
[EXP] [ERASE] ch=3 lun=4 pl=0 blk=97 pg=255 erase_cnt=3 (vpc/ipc reset)
[EXP] [ERASE] ch=3 lun=5 pl=0 blk=97 pg=255 erase_cnt=3 (vpc/ipc reset)
[EXP] [ERASE] ch=3 lun=6 pl=0 blk=97 pg=255 erase_cnt=3 (vpc/ipc reset)
[EXP] [ERASE] ch=3 lun=7 pl=0 blk=97 pg=255 erase_cnt=3 (vpc/ipc reset)
[EXP] [ERASE] ch=4 lun=0 pl=0 blk=97 pg=255 erase_cnt=3 (vpc/ipc reset)
[EXP] [ERASE] ch=4 lun=1 pl=0 blk=97 pg=255 erase_cnt=3 (vpc/ipc reset)
[EXP] [ERASE] ch=4 lun=2 pl=0 blk=97 pg=255 erase_cnt=3 (vpc/ipc reset)
[EXP] [ERASE] ch=4 lun=3 pl=0 blk=97 pg=255 erase_cnt=3 (vpc/ipc reset)
[EXP] [ERASE] ch=4 lun=4 pl=0 blk=97 pg=255 erase_cnt=3 (vpc/ipc reset)
[EXP] [ERASE] ch=4 lun=5 pl=0 blk=97 pg=255 erase_cnt=3 (vpc/ipc reset)
[EXP] [ERASE] ch=4 lun=6 pl=0 blk=97 pg=255 erase_cnt=3 (vpc/ipc reset)
[EXP] [ERASE] ch=4 lun=7 pl=0 blk=97 pg=255 erase_cnt=3 (vpc/ipc reset)
[EXP] [ERASE] ch=5 lun=0 pl=0 blk=97 pg=255 erase_cnt=3 (vpc/ipc reset)
[EXP] [ERASE] ch=5 lun=1 pl=0 blk=97 pg=255 erase_cnt=3 (vpc/ipc reset)
[EXP] [ERASE] ch=5 lun=2 pl=0 blk=97 pg=255 erase_cnt=3 (vpc/ipc reset)
[EXP] [ERASE] ch=5 lun=3 pl=0 blk=97 pg=255 erase_cnt=3 (vpc/ipc reset)
[EXP] [ERASE] ch=5 lun=4 pl=0 blk=97 pg=255 erase_cnt=3 (vpc/ipc reset)
[EXP] [ERASE] ch=5 lun=5 pl=0 blk=97 pg=255 erase_cnt=3 (vpc/ipc reset)
[EXP] [ERASE] ch=5 lun=6 pl=0 blk=97 pg=255 erase_cnt=3 (vpc/ipc reset)
[EXP] [ERASE] ch=5 lun=7 pl=0 blk=97 pg=255 erase_cnt=3 (vpc/ipc reset)
[EXP] [ERASE] ch=6 lun=0 pl=0 blk=97 pg=255 erase_cnt=3 (vpc/ipc reset)
[EXP] [ERASE] ch=6 lun=1 pl=0 blk=97 pg=255 erase_cnt=3 (vpc/ipc reset)
[EXP] [ERASE] ch=6 lun=2 pl=0 blk=97 pg=255 erase_cnt=3 (vpc/ipc reset)
[EXP] [ERASE] ch=6 lun=3 pl=0 blk=97 pg=255 erase_cnt=3 (vpc/ipc reset)
[EXP] [ERASE] ch=6 lun=4 pl=0 blk=97 pg=255 erase_cnt=3 (vpc/ipc reset)
[EXP] [ERASE] ch=6 lun=5 pl=0 blk=97 pg=255 erase_cnt=3 (vpc/ipc reset)
[EXP] [ERASE] ch=6 lun=6 pl=0 blk=97 pg=255 erase_cnt=3 (vpc/ipc reset)
[EXP] [ERASE] ch=6 lun=7 pl=0 blk=97 pg=255 erase_cnt=3 (vpc/ipc reset)
[EXP] [ERASE] ch=7 lun=0 pl=0 blk=97 pg=255 erase_cnt=3 (vpc/ipc reset)
[EXP] [ERASE] ch=7 lun=1 pl=0 blk=97 pg=255 erase_cnt=3 (vpc/ipc reset)
[EXP] [ERASE] ch=7 lun=2 pl=0 blk=97 pg=255 erase_cnt=3 (vpc/ipc reset)
[EXP] [ERASE] ch=7 lun=3 pl=0 blk=97 pg=255 erase_cnt=3 (vpc/ipc reset)
[EXP] [ERASE] ch=7 lun=4 pl=0 blk=97 pg=255 erase_cnt=3 (vpc/ipc reset)
[EXP] [ERASE] ch=7 lun=5 pl=0 blk=97 pg=255 erase_cnt=3 (vpc/ipc reset)
[EXP] [ERASE] ch=7 lun=6 pl=0 blk=97 pg=255 erase_cnt=3 (vpc/ipc reset)
[EXP] [ERASE] ch=7 lun=7 pl=0 blk=97 pg=255 erase_cnt=3 (vpc/ipc reset)
[EXP] [ERASE] ch=0 lun=0 pl=0 blk=97 pg=255 erase_cnt=4 (vpc/ipc reset)
[EXP] [ERASE] ch=0 lun=1 pl=0 blk=97 pg=255 erase_cnt=4 (vpc/ipc reset)
[EXP] [ERASE] ch=0 lun=2 pl=0 blk=97 pg=255 erase_cnt=4 (vpc/ipc reset)
[EXP] [ERASE] ch=0 lun=3 pl=0 blk=97 pg=255 erase_cnt=4 (vpc/ipc reset)
[EXP] [ERASE] ch=0 lun=4 pl=0 blk=97 pg=255 erase_cnt=4 (vpc/ipc reset)
[EXP] [ERASE] ch=0 lun=5 pl=0 blk=97 pg=255 erase_cnt=4 (vpc/ipc reset)
[EXP] [ERASE] ch=0 lun=6 pl=0 blk=97 pg=255 erase_cnt=4 (vpc/ipc reset)
[EXP] [ERASE] ch=0 lun=7 pl=0 blk=97 pg=255 erase_cnt=4 (vpc/ipc reset)
[EXP] [ERASE] ch=1 lun=0 pl=0 blk=97 pg=255 erase_cnt=4 (vpc/ipc reset)
[EXP] [ERASE] ch=1 lun=1 pl=0 blk=97 pg=255 erase_cnt=4 (vpc/ipc reset)
[EXP] [ERASE] ch=1 lun=2 pl=0 blk=97 pg=255 erase_cnt=4 (vpc/ipc reset)
[EXP] [ERASE] ch=1 lun=3 pl=0 blk=97 pg=255 erase_cnt=4 (vpc/ipc reset)
[EXP] [ERASE] ch=1 lun=4 pl=0 blk=97 pg=255 erase_cnt=4 (vpc/ipc reset)
[EXP] [ERASE] ch=1 lun=5 pl=0 blk=97 pg=255 erase_cnt=4 (vpc/ipc reset)
[EXP] [ERASE] ch=1 lun=6 pl=0 blk=97 pg=255 erase_cnt=4 (vpc/ipc reset)
[EXP] [ERASE] ch=1 lun=7 pl=0 blk=97 pg=255 erase_cnt=4 (vpc/ipc reset)
[EXP] [ERASE] ch=2 lun=0 pl=0 blk=97 pg=255 erase_cnt=4 (vpc/ipc reset)
[EXP] [ERASE] ch=2 lun=1 pl=0 blk=97 pg=255 erase_cnt=4 (vpc/ipc reset)
[EXP] [ERASE] ch=2 lun=2 pl=0 blk=97 pg=255 erase_cnt=4 (vpc/ipc reset)
[EXP] [ERASE] ch=2 lun=3 pl=0 blk=97 pg=255 erase_cnt=4 (vpc/ipc reset)
[EXP] [ERASE] ch=2 lun=4 pl=0 blk=97 pg=255 erase_cnt=4 (vpc/ipc reset)
[EXP] [ERASE] ch=2 lun=5 pl=0 blk=97 pg=255 erase_cnt=4 (vpc/ipc reset)
[EXP] [ERASE] ch=2 lun=6 pl=0 blk=97 pg=255 erase_cnt=4 (vpc/ipc reset)
[EXP] [ERASE] ch=2 lun=7 pl=0 blk=97 pg=255 erase_cnt=4 (vpc/ipc reset)
[EXP] [ERASE] ch=3 lun=0 pl=0 blk=97 pg=255 erase_cnt=4 (vpc/ipc reset)
[EXP] [ERASE] ch=3 lun=1 pl=0 blk=97 pg=255 erase_cnt=4 (vpc/ipc reset)
[EXP] [ERASE] ch=3 lun=2 pl=0 blk=97 pg=255 erase_cnt=4 (vpc/ipc reset)
[EXP] [ERASE] ch=3 lun=3 pl=0 blk=97 pg=255 erase_cnt=4 (vpc/ipc reset)
[EXP] [ERASE] ch=3 lun=4 pl=0 blk=97 pg=255 erase_cnt=4 (vpc/ipc reset)
[EXP] [ERASE] ch=3 lun=5 pl=0 blk=97 pg=255 erase_cnt=4 (vpc/ipc reset)
[EXP] [ERASE] ch=3 lun=6 pl=0 blk=97 pg=255 erase_cnt=4 (vpc/ipc reset)
[EXP] [ERASE] ch=3 lun=7 pl=0 blk=97 pg=255 erase_cnt=4 (vpc/ipc reset)
[EXP] [ERASE] ch=4 lun=0 pl=0 blk=97 pg=255 erase_cnt=4 (vpc/ipc reset)
[EXP] [ERASE] ch=4 lun=1 pl=0 blk=97 pg=255 erase_cnt=4 (vpc/ipc reset)
[EXP] [ERASE] ch=4 lun=2 pl=0 blk=97 pg=255 erase_cnt=4 (vpc/ipc reset)
[EXP] [ERASE] ch=4 lun=3 pl=0 blk=97 pg=255 erase_cnt=4 (vpc/ipc reset)
[EXP] [ERASE] ch=4 lun=4 pl=0 blk=97 pg=255 erase_cnt=4 (vpc/ipc reset)
[EXP] [ERASE] ch=4 lun=5 pl=0 blk=97 pg=255 erase_cnt=4 (vpc/ipc reset)
[EXP] [ERASE] ch=4 lun=6 pl=0 blk=97 pg=255 erase_cnt=4 (vpc/ipc reset)
[EXP] [ERASE] ch=4 lun=7 pl=0 blk=97 pg=255 erase_cnt=4 (vpc/ipc reset)
[EXP] [ERASE] ch=5 lun=0 pl=0 blk=97 pg=255 erase_cnt=4 (vpc/ipc reset)
[EXP] [ERASE] ch=5 lun=1 pl=0 blk=97 pg=255 erase_cnt=4 (vpc/ipc reset)
[EXP] [ERASE] ch=5 lun=2 pl=0 blk=97 pg=255 erase_cnt=4 (vpc/ipc reset)
[EXP] [ERASE] ch=5 lun=3 pl=0 blk=97 pg=255 erase_cnt=4 (vpc/ipc reset)
[EXP] [ERASE] ch=5 lun=4 pl=0 blk=97 pg=255 erase_cnt=4 (vpc/ipc reset)
[EXP] [ERASE] ch=5 lun=5 pl=0 blk=97 pg=255 erase_cnt=4 (vpc/ipc reset)
[EXP] [ERASE] ch=5 lun=6 pl=0 blk=97 pg=255 erase_cnt=4 (vpc/ipc reset)
[EXP] [ERASE] ch=5 lun=7 pl=0 blk=97 pg=255 erase_cnt=4 (vpc/ipc reset)
[EXP] [ERASE] ch=6 lun=0 pl=0 blk=97 pg=255 erase_cnt=4 (vpc/ipc reset)
[EXP] [ERASE] ch=6 lun=1 pl=0 blk=97 pg=255 erase_cnt=4 (vpc/ipc reset)
[EXP] [ERASE] ch=6 lun=2 pl=0 blk=97 pg=255 erase_cnt=4 (vpc/ipc reset)
[EXP] [ERASE] ch=6 lun=3 pl=0 blk=97 pg=255 erase_cnt=4 (vpc/ipc reset)
[EXP] [ERASE] ch=6 lun=4 pl=0 blk=97 pg=255 erase_cnt=4 (vpc/ipc reset)
[EXP] [ERASE] ch=6 lun=5 pl=0 blk=97 pg=255 erase_cnt=4 (vpc/ipc reset)
[EXP] [ERASE] ch=6 lun=6 pl=0 blk=97 pg=255 erase_cnt=4 (vpc/ipc reset)
[EXP] [ERASE] ch=6 lun=7 pl=0 blk=97 pg=255 erase_cnt=4 (vpc/ipc reset)
[EXP] [ERASE] ch=7 lun=0 pl=0 blk=97 pg=255 erase_cnt=4 (vpc/ipc reset)
[EXP] [ERASE] ch=7 lun=1 pl=0 blk=97 pg=255 erase_cnt=4 (vpc/ipc reset)
[EXP] [ERASE] ch=7 lun=2 pl=0 blk=97 pg=255 erase_cnt=4 (vpc/ipc reset)
[EXP] [ERASE] ch=7 lun=3 pl=0 blk=97 pg=255 erase_cnt=4 (vpc/ipc reset)
[EXP] [ERASE] ch=7 lun=4 pl=0 blk=97 pg=255 erase_cnt=4 (vpc/ipc reset)
[EXP] [ERASE] ch=7 lun=5 pl=0 blk=97 pg=255 erase_cnt=4 (vpc/ipc reset)
[EXP] [ERASE] ch=7 lun=6 pl=0 blk=97 pg=255 erase_cnt=4 (vpc/ipc reset)
[EXP] [ERASE] ch=7 lun=7 pl=0 blk=97 pg=255 erase_cnt=4 (vpc/ipc reset)
[EXP] [ERASE] ch=0 lun=0 pl=0 blk=97 pg=255 erase_cnt=5 (vpc/ipc reset)
[EXP] [ERASE] ch=0 lun=1 pl=0 blk=97 pg=255 erase_cnt=5 (vpc/ipc reset)
[EXP] [ERASE] ch=0 lun=2 pl=0 blk=97 pg=255 erase_cnt=5 (vpc/ipc reset)
[EXP] [ERASE] ch=0 lun=3 pl=0 blk=97 pg=255 erase_cnt=5 (vpc/ipc reset)
[EXP] [ERASE] ch=0 lun=4 pl=0 blk=97 pg=255 erase_cnt=5 (vpc/ipc reset)
[EXP] [ERASE] ch=0 lun=5 pl=0 blk=97 pg=255 erase_cnt=5 (vpc/ipc reset)
[EXP] [ERASE] ch=0 lun=6 pl=0 blk=97 pg=255 erase_cnt=5 (vpc/ipc reset)
[EXP] [ERASE] ch=0 lun=7 pl=0 blk=97 pg=255 erase_cnt=5 (vpc/ipc reset)
[EXP] [ERASE] ch=1 lun=0 pl=0 blk=97 pg=255 erase_cnt=5 (vpc/ipc reset)
[EXP] [ERASE] ch=1 lun=1 pl=0 blk=97 pg=255 erase_cnt=5 (vpc/ipc reset)
[EXP] [ERASE] ch=1 lun=2 pl=0 blk=97 pg=255 erase_cnt=5 (vpc/ipc reset)
[EXP] [ERASE] ch=1 lun=3 pl=0 blk=97 pg=255 erase_cnt=5 (vpc/ipc reset)
[EXP] [ERASE] ch=1 lun=4 pl=0 blk=97 pg=255 erase_cnt=5 (vpc/ipc reset)
[EXP] [ERASE] ch=1 lun=5 pl=0 blk=97 pg=255 erase_cnt=5 (vpc/ipc reset)
[EXP] [ERASE] ch=1 lun=6 pl=0 blk=97 pg=255 erase_cnt=5 (vpc/ipc reset)
[EXP] [ERASE] ch=1 lun=7 pl=0 blk=97 pg=255 erase_cnt=5 (vpc/ipc reset)
[EXP] [ERASE] ch=2 lun=0 pl=0 blk=97 pg=255 erase_cnt=5 (vpc/ipc reset)
[EXP] [ERASE] ch=2 lun=1 pl=0 blk=97 pg=255 erase_cnt=5 (vpc/ipc reset)
[EXP] [ERASE] ch=2 lun=2 pl=0 blk=97 pg=255 erase_cnt=5 (vpc/ipc reset)
[EXP] [ERASE] ch=2 lun=3 pl=0 blk=97 pg=255 erase_cnt=5 (vpc/ipc reset)
[EXP] [ERASE] ch=2 lun=4 pl=0 blk=97 pg=255 erase_cnt=5 (vpc/ipc reset)
[EXP] [ERASE] ch=2 lun=5 pl=0 blk=97 pg=255 erase_cnt=5 (vpc/ipc reset)
[EXP] [ERASE] ch=2 lun=6 pl=0 blk=97 pg=255 erase_cnt=5 (vpc/ipc reset)
[EXP] [ERASE] ch=2 lun=7 pl=0 blk=97 pg=255 erase_cnt=5 (vpc/ipc reset)
[EXP] [ERASE] ch=3 lun=0 pl=0 blk=97 pg=255 erase_cnt=5 (vpc/ipc reset)
[EXP] [ERASE] ch=3 lun=1 pl=0 blk=97 pg=255 erase_cnt=5 (vpc/ipc reset)
[EXP] [ERASE] ch=3 lun=2 pl=0 blk=97 pg=255 erase_cnt=5 (vpc/ipc reset)
[EXP] [ERASE] ch=3 lun=3 pl=0 blk=97 pg=255 erase_cnt=5 (vpc/ipc reset)
[EXP] [ERASE] ch=3 lun=4 pl=0 blk=97 pg=255 erase_cnt=5 (vpc/ipc reset)
[EXP] [ERASE] ch=3 lun=5 pl=0 blk=97 pg=255 erase_cnt=5 (vpc/ipc reset)
[EXP] [ERASE] ch=3 lun=6 pl=0 blk=97 pg=255 erase_cnt=5 (vpc/ipc reset)
[EXP] [ERASE] ch=3 lun=7 pl=0 blk=97 pg=255 erase_cnt=5 (vpc/ipc reset)
[EXP] [ERASE] ch=4 lun=0 pl=0 blk=97 pg=255 erase_cnt=5 (vpc/ipc reset)
[EXP] [ERASE] ch=4 lun=1 pl=0 blk=97 pg=255 erase_cnt=5 (vpc/ipc reset)
[EXP] [ERASE] ch=4 lun=2 pl=0 blk=97 pg=255 erase_cnt=5 (vpc/ipc reset)
[EXP] [ERASE] ch=4 lun=3 pl=0 blk=97 pg=255 erase_cnt=5 (vpc/ipc reset)
[EXP] [ERASE] ch=4 lun=4 pl=0 blk=97 pg=255 erase_cnt=5 (vpc/ipc reset)
[EXP] [ERASE] ch=4 lun=5 pl=0 blk=97 pg=255 erase_cnt=5 (vpc/ipc reset)
[EXP] [ERASE] ch=4 lun=6 pl=0 blk=97 pg=255 erase_cnt=5 (vpc/ipc reset)
[EXP] [ERASE] ch=4 lun=7 pl=0 blk=97 pg=255 erase_cnt=5 (vpc/ipc reset)
[EXP] [ERASE] ch=5 lun=0 pl=0 blk=97 pg=255 erase_cnt=5 (vpc/ipc reset)
[EXP] [ERASE] ch=5 lun=1 pl=0 blk=97 pg=255 erase_cnt=5 (vpc/ipc reset)
[EXP] [ERASE] ch=5 lun=2 pl=0 blk=97 pg=255 erase_cnt=5 (vpc/ipc reset)
[EXP] [ERASE] ch=5 lun=3 pl=0 blk=97 pg=255 erase_cnt=5 (vpc/ipc reset)
[EXP] [ERASE] ch=5 lun=4 pl=0 blk=97 pg=255 erase_cnt=5 (vpc/ipc reset)
[EXP] [ERASE] ch=5 lun=5 pl=0 blk=97 pg=255 erase_cnt=5 (vpc/ipc reset)
[EXP] [ERASE] ch=5 lun=6 pl=0 blk=97 pg=255 erase_cnt=5 (vpc/ipc reset)
[EXP] [ERASE] ch=5 lun=7 pl=0 blk=97 pg=255 erase_cnt=5 (vpc/ipc reset)
[EXP] [ERASE] ch=6 lun=0 pl=0 blk=97 pg=255 erase_cnt=5 (vpc/ipc reset)
[EXP] [ERASE] ch=6 lun=1 pl=0 blk=97 pg=255 erase_cnt=5 (vpc/ipc reset)
[EXP] [ERASE] ch=6 lun=2 pl=0 blk=97 pg=255 erase_cnt=5 (vpc/ipc reset)
[EXP] [ERASE] ch=6 lun=3 pl=0 blk=97 pg=255 erase_cnt=5 (vpc/ipc reset)
[EXP] [ERASE] ch=6 lun=4 pl=0 blk=97 pg=255 erase_cnt=5 (vpc/ipc reset)
[EXP] [ERASE] ch=6 lun=5 pl=0 blk=97 pg=255 erase_cnt=5 (vpc/ipc reset)
[EXP] [ERASE] ch=6 lun=6 pl=0 blk=97 pg=255 erase_cnt=5 (vpc/ipc reset)
[EXP] [ERASE] ch=6 lun=7 pl=0 blk=97 pg=255 erase_cnt=5 (vpc/ipc reset)
[EXP] [ERASE] ch=7 lun=0 pl=0 blk=97 pg=255 erase_cnt=5 (vpc/ipc reset)
[EXP] [ERASE] ch=7 lun=1 pl=0 blk=97 pg=255 erase_cnt=5 (vpc/ipc reset)
[EXP] [ERASE] ch=7 lun=2 pl=0 blk=97 pg=255 erase_cnt=5 (vpc/ipc reset)
[EXP] [ERASE] ch=7 lun=3 pl=0 blk=97 pg=255 erase_cnt=5 (vpc/ipc reset)
[EXP] [ERASE] ch=7 lun=4 pl=0 blk=97 pg=255 erase_cnt=5 (vpc/ipc reset)
[EXP] [ERASE] ch=7 lun=5 pl=0 blk=97 pg=255 erase_cnt=5 (vpc/ipc reset)
[EXP] [ERASE] ch=7 lun=6 pl=0 blk=97 pg=255 erase_cnt=5 (vpc/ipc reset)
[EXP] [ERASE] ch=7 lun=7 pl=0 blk=97 pg=255 erase_cnt=5 (vpc/ipc reset)
[EXP] [ERASE] ch=0 lun=0 pl=0 blk=64 pg=255 erase_cnt=1 (vpc/ipc reset)
[EXP] [ERASE] ch=0 lun=1 pl=0 blk=64 pg=255 erase_cnt=1 (vpc/ipc reset)
[EXP] [ERASE] ch=0 lun=2 pl=0 blk=64 pg=255 erase_cnt=1 (vpc/ipc reset)
[EXP] [ERASE] ch=0 lun=3 pl=0 blk=64 pg=255 erase_cnt=1 (vpc/ipc reset)
[EXP] [ERASE] ch=0 lun=4 pl=0 blk=64 pg=255 erase_cnt=1 (vpc/ipc reset)
[EXP] [ERASE] ch=0 lun=5 pl=0 blk=64 pg=255 erase_cnt=1 (vpc/ipc reset)
[EXP] [ERASE] ch=0 lun=6 pl=0 blk=64 pg=255 erase_cnt=1 (vpc/ipc reset)
[EXP] [ERASE] ch=0 lun=7 pl=0 blk=64 pg=255 erase_cnt=1 (vpc/ipc reset)
[EXP] [GC_MOVE] lpn=0 historical=HOT effective=COLD idle_age=159620 expired=yes access=3 short=2 last_seq=1572870 decay_epoch=24 ch=1 lun=0 pl=0 blk=64 pg=0 -> ch=4 lun=1 pl=0 blk=45 pg=138
[EXP] [ERASE] ch=1 lun=0 pl=0 blk=64 pg=255 erase_cnt=1 (vpc/ipc reset)
[EXP] [ERASE] ch=1 lun=1 pl=0 blk=64 pg=255 erase_cnt=1 (vpc/ipc reset)
[EXP] [ERASE] ch=1 lun=2 pl=0 blk=64 pg=255 erase_cnt=1 (vpc/ipc reset)
[EXP] [ERASE] ch=1 lun=3 pl=0 blk=64 pg=255 erase_cnt=1 (vpc/ipc reset)
[EXP] [ERASE] ch=1 lun=4 pl=0 blk=64 pg=255 erase_cnt=1 (vpc/ipc reset)
[EXP] [ERASE] ch=1 lun=5 pl=0 blk=64 pg=255 erase_cnt=1 (vpc/ipc reset)
[EXP] [ERASE] ch=1 lun=6 pl=0 blk=64 pg=255 erase_cnt=1 (vpc/ipc reset)
[EXP] [ERASE] ch=1 lun=7 pl=0 blk=64 pg=255 erase_cnt=1 (vpc/ipc reset)
[EXP] [ERASE] ch=2 lun=0 pl=0 blk=64 pg=255 erase_cnt=1 (vpc/ipc reset)
[EXP] [ERASE] ch=2 lun=1 pl=0 blk=64 pg=255 erase_cnt=1 (vpc/ipc reset)
[EXP] [ERASE] ch=2 lun=2 pl=0 blk=64 pg=255 erase_cnt=1 (vpc/ipc reset)
[EXP] [ERASE] ch=2 lun=3 pl=0 blk=64 pg=255 erase_cnt=1 (vpc/ipc reset)
[EXP] [ERASE] ch=2 lun=4 pl=0 blk=64 pg=255 erase_cnt=1 (vpc/ipc reset)
[EXP] [ERASE] ch=2 lun=5 pl=0 blk=64 pg=255 erase_cnt=1 (vpc/ipc reset)
[EXP] [ERASE] ch=2 lun=6 pl=0 blk=64 pg=255 erase_cnt=1 (vpc/ipc reset)
[EXP] [ERASE] ch=2 lun=7 pl=0 blk=64 pg=255 erase_cnt=1 (vpc/ipc reset)
[EXP] [ERASE] ch=3 lun=0 pl=0 blk=64 pg=255 erase_cnt=1 (vpc/ipc reset)
[EXP] [ERASE] ch=3 lun=1 pl=0 blk=64 pg=255 erase_cnt=1 (vpc/ipc reset)
[EXP] [ERASE] ch=3 lun=2 pl=0 blk=64 pg=255 erase_cnt=1 (vpc/ipc reset)
[EXP] [ERASE] ch=3 lun=3 pl=0 blk=64 pg=255 erase_cnt=1 (vpc/ipc reset)
[EXP] [ERASE] ch=3 lun=4 pl=0 blk=64 pg=255 erase_cnt=1 (vpc/ipc reset)
[EXP] [ERASE] ch=3 lun=5 pl=0 blk=64 pg=255 erase_cnt=1 (vpc/ipc reset)
[EXP] [ERASE] ch=3 lun=6 pl=0 blk=64 pg=255 erase_cnt=1 (vpc/ipc reset)
[EXP] [ERASE] ch=3 lun=7 pl=0 blk=64 pg=255 erase_cnt=1 (vpc/ipc reset)
[EXP] [ERASE] ch=4 lun=0 pl=0 blk=64 pg=255 erase_cnt=1 (vpc/ipc reset)
[EXP] [ERASE] ch=4 lun=1 pl=0 blk=64 pg=255 erase_cnt=1 (vpc/ipc reset)
[EXP] [ERASE] ch=4 lun=2 pl=0 blk=64 pg=255 erase_cnt=1 (vpc/ipc reset)
[EXP] [ERASE] ch=4 lun=3 pl=0 blk=64 pg=255 erase_cnt=1 (vpc/ipc reset)
[EXP] [ERASE] ch=4 lun=4 pl=0 blk=64 pg=255 erase_cnt=1 (vpc/ipc reset)
[EXP] [ERASE] ch=4 lun=5 pl=0 blk=64 pg=255 erase_cnt=1 (vpc/ipc reset)
[EXP] [ERASE] ch=4 lun=6 pl=0 blk=64 pg=255 erase_cnt=1 (vpc/ipc reset)
[EXP] [ERASE] ch=4 lun=7 pl=0 blk=64 pg=255 erase_cnt=1 (vpc/ipc reset)
[EXP] [ERASE] ch=5 lun=0 pl=0 blk=64 pg=255 erase_cnt=1 (vpc/ipc reset)
[EXP] [ERASE] ch=5 lun=1 pl=0 blk=64 pg=255 erase_cnt=1 (vpc/ipc reset)
[EXP] [ERASE] ch=5 lun=2 pl=0 blk=64 pg=255 erase_cnt=1 (vpc/ipc reset)
[EXP] [ERASE] ch=5 lun=3 pl=0 blk=64 pg=255 erase_cnt=1 (vpc/ipc reset)
[EXP] [ERASE] ch=5 lun=4 pl=0 blk=64 pg=255 erase_cnt=1 (vpc/ipc reset)
[EXP] [ERASE] ch=5 lun=5 pl=0 blk=64 pg=255 erase_cnt=1 (vpc/ipc reset)
[EXP] [ERASE] ch=5 lun=6 pl=0 blk=64 pg=255 erase_cnt=1 (vpc/ipc reset)
[EXP] [ERASE] ch=5 lun=7 pl=0 blk=64 pg=255 erase_cnt=1 (vpc/ipc reset)
[EXP] [ERASE] ch=6 lun=0 pl=0 blk=64 pg=255 erase_cnt=1 (vpc/ipc reset)
[EXP] [ERASE] ch=6 lun=1 pl=0 blk=64 pg=255 erase_cnt=1 (vpc/ipc reset)
[EXP] [ERASE] ch=6 lun=2 pl=0 blk=64 pg=255 erase_cnt=1 (vpc/ipc reset)
[EXP] [ERASE] ch=6 lun=3 pl=0 blk=64 pg=255 erase_cnt=1 (vpc/ipc reset)
[EXP] [ERASE] ch=6 lun=4 pl=0 blk=64 pg=255 erase_cnt=1 (vpc/ipc reset)
[EXP] [ERASE] ch=6 lun=5 pl=0 blk=64 pg=255 erase_cnt=1 (vpc/ipc reset)
[EXP] [ERASE] ch=6 lun=6 pl=0 blk=64 pg=255 erase_cnt=1 (vpc/ipc reset)
[EXP] [ERASE] ch=6 lun=7 pl=0 blk=64 pg=255 erase_cnt=1 (vpc/ipc reset)
[EXP] [ERASE] ch=7 lun=0 pl=0 blk=64 pg=255 erase_cnt=1 (vpc/ipc reset)
[EXP] [ERASE] ch=7 lun=1 pl=0 blk=64 pg=255 erase_cnt=1 (vpc/ipc reset)
[EXP] [ERASE] ch=7 lun=2 pl=0 blk=64 pg=255 erase_cnt=1 (vpc/ipc reset)
[EXP] [ERASE] ch=7 lun=3 pl=0 blk=64 pg=255 erase_cnt=1 (vpc/ipc reset)
[EXP] [ERASE] ch=7 lun=4 pl=0 blk=64 pg=255 erase_cnt=1 (vpc/ipc reset)
[EXP] [ERASE] ch=7 lun=5 pl=0 blk=64 pg=255 erase_cnt=1 (vpc/ipc reset)
[EXP] [ERASE] ch=7 lun=6 pl=0 blk=64 pg=255 erase_cnt=1 (vpc/ipc reset)
[EXP] [ERASE] ch=7 lun=7 pl=0 blk=64 pg=255 erase_cnt=1 (vpc/ipc reset)
[EXP] [ERASE] ch=0 lun=0 pl=0 blk=97 pg=255 erase_cnt=6 (vpc/ipc reset)
[EXP] [ERASE] ch=0 lun=1 pl=0 blk=97 pg=255 erase_cnt=6 (vpc/ipc reset)
[EXP] [ERASE] ch=0 lun=2 pl=0 blk=97 pg=255 erase_cnt=6 (vpc/ipc reset)
[EXP] [ERASE] ch=0 lun=3 pl=0 blk=97 pg=255 erase_cnt=6 (vpc/ipc reset)
[EXP] [ERASE] ch=0 lun=4 pl=0 blk=97 pg=255 erase_cnt=6 (vpc/ipc reset)
[EXP] [ERASE] ch=0 lun=5 pl=0 blk=97 pg=255 erase_cnt=6 (vpc/ipc reset)
[EXP] [ERASE] ch=0 lun=6 pl=0 blk=97 pg=255 erase_cnt=6 (vpc/ipc reset)
[EXP] [ERASE] ch=0 lun=7 pl=0 blk=97 pg=255 erase_cnt=6 (vpc/ipc reset)
[EXP] [ERASE] ch=1 lun=0 pl=0 blk=97 pg=255 erase_cnt=6 (vpc/ipc reset)
[EXP] [ERASE] ch=1 lun=1 pl=0 blk=97 pg=255 erase_cnt=6 (vpc/ipc reset)
[EXP] [ERASE] ch=1 lun=2 pl=0 blk=97 pg=255 erase_cnt=6 (vpc/ipc reset)
[EXP] [ERASE] ch=1 lun=3 pl=0 blk=97 pg=255 erase_cnt=6 (vpc/ipc reset)
[EXP] [ERASE] ch=1 lun=4 pl=0 blk=97 pg=255 erase_cnt=6 (vpc/ipc reset)
[EXP] [ERASE] ch=1 lun=5 pl=0 blk=97 pg=255 erase_cnt=6 (vpc/ipc reset)
[EXP] [ERASE] ch=1 lun=6 pl=0 blk=97 pg=255 erase_cnt=6 (vpc/ipc reset)
[EXP] [ERASE] ch=1 lun=7 pl=0 blk=97 pg=255 erase_cnt=6 (vpc/ipc reset)
[EXP] [ERASE] ch=2 lun=0 pl=0 blk=97 pg=255 erase_cnt=6 (vpc/ipc reset)
[EXP] [ERASE] ch=2 lun=1 pl=0 blk=97 pg=255 erase_cnt=6 (vpc/ipc reset)
[EXP] [ERASE] ch=2 lun=2 pl=0 blk=97 pg=255 erase_cnt=6 (vpc/ipc reset)
[EXP] [ERASE] ch=2 lun=3 pl=0 blk=97 pg=255 erase_cnt=6 (vpc/ipc reset)
[EXP] [ERASE] ch=2 lun=4 pl=0 blk=97 pg=255 erase_cnt=6 (vpc/ipc reset)
[EXP] [ERASE] ch=2 lun=5 pl=0 blk=97 pg=255 erase_cnt=6 (vpc/ipc reset)
[EXP] [ERASE] ch=2 lun=6 pl=0 blk=97 pg=255 erase_cnt=6 (vpc/ipc reset)
[EXP] [ERASE] ch=2 lun=7 pl=0 blk=97 pg=255 erase_cnt=6 (vpc/ipc reset)
[EXP] [ERASE] ch=3 lun=0 pl=0 blk=97 pg=255 erase_cnt=6 (vpc/ipc reset)
[EXP] [ERASE] ch=3 lun=1 pl=0 blk=97 pg=255 erase_cnt=6 (vpc/ipc reset)
[EXP] [ERASE] ch=3 lun=2 pl=0 blk=97 pg=255 erase_cnt=6 (vpc/ipc reset)
[EXP] [ERASE] ch=3 lun=3 pl=0 blk=97 pg=255 erase_cnt=6 (vpc/ipc reset)
[EXP] [ERASE] ch=3 lun=4 pl=0 blk=97 pg=255 erase_cnt=6 (vpc/ipc reset)
[EXP] [ERASE] ch=3 lun=5 pl=0 blk=97 pg=255 erase_cnt=6 (vpc/ipc reset)
[EXP] [ERASE] ch=3 lun=6 pl=0 blk=97 pg=255 erase_cnt=6 (vpc/ipc reset)
[EXP] [ERASE] ch=3 lun=7 pl=0 blk=97 pg=255 erase_cnt=6 (vpc/ipc reset)
[EXP] [ERASE] ch=4 lun=0 pl=0 blk=97 pg=255 erase_cnt=6 (vpc/ipc reset)
[EXP] [ERASE] ch=4 lun=1 pl=0 blk=97 pg=255 erase_cnt=6 (vpc/ipc reset)
[EXP] [ERASE] ch=4 lun=2 pl=0 blk=97 pg=255 erase_cnt=6 (vpc/ipc reset)
[EXP] [ERASE] ch=4 lun=3 pl=0 blk=97 pg=255 erase_cnt=6 (vpc/ipc reset)
[EXP] [ERASE] ch=4 lun=4 pl=0 blk=97 pg=255 erase_cnt=6 (vpc/ipc reset)
[EXP] [ERASE] ch=4 lun=5 pl=0 blk=97 pg=255 erase_cnt=6 (vpc/ipc reset)
[EXP] [ERASE] ch=4 lun=6 pl=0 blk=97 pg=255 erase_cnt=6 (vpc/ipc reset)
[EXP] [ERASE] ch=4 lun=7 pl=0 blk=97 pg=255 erase_cnt=6 (vpc/ipc reset)
[EXP] [ERASE] ch=5 lun=0 pl=0 blk=97 pg=255 erase_cnt=6 (vpc/ipc reset)
[EXP] [ERASE] ch=5 lun=1 pl=0 blk=97 pg=255 erase_cnt=6 (vpc/ipc reset)
[EXP] [ERASE] ch=5 lun=2 pl=0 blk=97 pg=255 erase_cnt=6 (vpc/ipc reset)
[EXP] [ERASE] ch=5 lun=3 pl=0 blk=97 pg=255 erase_cnt=6 (vpc/ipc reset)
[EXP] [ERASE] ch=5 lun=4 pl=0 blk=97 pg=255 erase_cnt=6 (vpc/ipc reset)
[EXP] [ERASE] ch=5 lun=5 pl=0 blk=97 pg=255 erase_cnt=6 (vpc/ipc reset)
[EXP] [ERASE] ch=5 lun=6 pl=0 blk=97 pg=255 erase_cnt=6 (vpc/ipc reset)
[EXP] [ERASE] ch=5 lun=7 pl=0 blk=97 pg=255 erase_cnt=6 (vpc/ipc reset)
[EXP] [ERASE] ch=6 lun=0 pl=0 blk=97 pg=255 erase_cnt=6 (vpc/ipc reset)
[EXP] [ERASE] ch=6 lun=1 pl=0 blk=97 pg=255 erase_cnt=6 (vpc/ipc reset)
[EXP] [ERASE] ch=6 lun=2 pl=0 blk=97 pg=255 erase_cnt=6 (vpc/ipc reset)
[EXP] [ERASE] ch=6 lun=3 pl=0 blk=97 pg=255 erase_cnt=6 (vpc/ipc reset)
[EXP] [ERASE] ch=6 lun=4 pl=0 blk=97 pg=255 erase_cnt=6 (vpc/ipc reset)
[EXP] [ERASE] ch=6 lun=5 pl=0 blk=97 pg=255 erase_cnt=6 (vpc/ipc reset)
[EXP] [ERASE] ch=6 lun=6 pl=0 blk=97 pg=255 erase_cnt=6 (vpc/ipc reset)
[EXP] [ERASE] ch=6 lun=7 pl=0 blk=97 pg=255 erase_cnt=6 (vpc/ipc reset)
[EXP] [ERASE] ch=7 lun=0 pl=0 blk=97 pg=255 erase_cnt=6 (vpc/ipc reset)
[EXP] [ERASE] ch=7 lun=1 pl=0 blk=97 pg=255 erase_cnt=6 (vpc/ipc reset)
[EXP] [ERASE] ch=7 lun=2 pl=0 blk=97 pg=255 erase_cnt=6 (vpc/ipc reset)
[EXP] [ERASE] ch=7 lun=3 pl=0 blk=97 pg=255 erase_cnt=6 (vpc/ipc reset)
[EXP] [ERASE] ch=7 lun=4 pl=0 blk=97 pg=255 erase_cnt=6 (vpc/ipc reset)
[EXP] [ERASE] ch=7 lun=5 pl=0 blk=97 pg=255 erase_cnt=6 (vpc/ipc reset)
[EXP] [ERASE] ch=7 lun=6 pl=0 blk=97 pg=255 erase_cnt=6 (vpc/ipc reset)
[EXP] [ERASE] ch=7 lun=7 pl=0 blk=97 pg=255 erase_cnt=6 (vpc/ipc reset)
[EXP] [ERASE] ch=0 lun=0 pl=0 blk=45 pg=255 erase_cnt=2 (vpc/ipc reset)
[EXP] [ERASE] ch=0 lun=1 pl=0 blk=45 pg=255 erase_cnt=2 (vpc/ipc reset)
[EXP] [ERASE] ch=0 lun=2 pl=0 blk=45 pg=255 erase_cnt=2 (vpc/ipc reset)
[EXP] [ERASE] ch=0 lun=3 pl=0 blk=45 pg=255 erase_cnt=2 (vpc/ipc reset)
[EXP] [ERASE] ch=0 lun=4 pl=0 blk=45 pg=255 erase_cnt=2 (vpc/ipc reset)
[EXP] [ERASE] ch=0 lun=5 pl=0 blk=45 pg=255 erase_cnt=2 (vpc/ipc reset)
[EXP] [ERASE] ch=0 lun=6 pl=0 blk=45 pg=255 erase_cnt=2 (vpc/ipc reset)
[EXP] [ERASE] ch=0 lun=7 pl=0 blk=45 pg=255 erase_cnt=2 (vpc/ipc reset)
[EXP] [ERASE] ch=1 lun=0 pl=0 blk=45 pg=255 erase_cnt=2 (vpc/ipc reset)
[EXP] [ERASE] ch=1 lun=1 pl=0 blk=45 pg=255 erase_cnt=2 (vpc/ipc reset)
[EXP] [ERASE] ch=1 lun=2 pl=0 blk=45 pg=255 erase_cnt=2 (vpc/ipc reset)
[EXP] [ERASE] ch=1 lun=3 pl=0 blk=45 pg=255 erase_cnt=2 (vpc/ipc reset)
[EXP] [ERASE] ch=1 lun=4 pl=0 blk=45 pg=255 erase_cnt=2 (vpc/ipc reset)
[EXP] [ERASE] ch=1 lun=5 pl=0 blk=45 pg=255 erase_cnt=2 (vpc/ipc reset)
[EXP] [ERASE] ch=1 lun=6 pl=0 blk=45 pg=255 erase_cnt=2 (vpc/ipc reset)
[EXP] [ERASE] ch=1 lun=7 pl=0 blk=45 pg=255 erase_cnt=2 (vpc/ipc reset)
[EXP] [ERASE] ch=2 lun=0 pl=0 blk=45 pg=255 erase_cnt=2 (vpc/ipc reset)
[EXP] [ERASE] ch=2 lun=1 pl=0 blk=45 pg=255 erase_cnt=2 (vpc/ipc reset)
[EXP] [ERASE] ch=2 lun=2 pl=0 blk=45 pg=255 erase_cnt=2 (vpc/ipc reset)
[EXP] [ERASE] ch=2 lun=3 pl=0 blk=45 pg=255 erase_cnt=2 (vpc/ipc reset)
[EXP] [ERASE] ch=2 lun=4 pl=0 blk=45 pg=255 erase_cnt=2 (vpc/ipc reset)
[EXP] [ERASE] ch=2 lun=5 pl=0 blk=45 pg=255 erase_cnt=2 (vpc/ipc reset)
[EXP] [ERASE] ch=2 lun=6 pl=0 blk=45 pg=255 erase_cnt=2 (vpc/ipc reset)
[EXP] [ERASE] ch=2 lun=7 pl=0 blk=45 pg=255 erase_cnt=2 (vpc/ipc reset)
[EXP] [ERASE] ch=3 lun=0 pl=0 blk=45 pg=255 erase_cnt=2 (vpc/ipc reset)
[EXP] [ERASE] ch=3 lun=1 pl=0 blk=45 pg=255 erase_cnt=2 (vpc/ipc reset)
[EXP] [ERASE] ch=3 lun=2 pl=0 blk=45 pg=255 erase_cnt=2 (vpc/ipc reset)
[EXP] [ERASE] ch=3 lun=3 pl=0 blk=45 pg=255 erase_cnt=2 (vpc/ipc reset)
[EXP] [ERASE] ch=3 lun=4 pl=0 blk=45 pg=255 erase_cnt=2 (vpc/ipc reset)
[EXP] [ERASE] ch=3 lun=5 pl=0 blk=45 pg=255 erase_cnt=2 (vpc/ipc reset)
[EXP] [ERASE] ch=3 lun=6 pl=0 blk=45 pg=255 erase_cnt=2 (vpc/ipc reset)
[EXP] [ERASE] ch=3 lun=7 pl=0 blk=45 pg=255 erase_cnt=2 (vpc/ipc reset)
[EXP] [ERASE] ch=4 lun=0 pl=0 blk=45 pg=255 erase_cnt=2 (vpc/ipc reset)
[EXP] [GC_MOVE] lpn=0 historical=HOT effective=COLD idle_age=229336 expired=yes access=3 short=2 last_seq=1572870 decay_epoch=24 ch=4 lun=1 pl=0 blk=45 pg=138 -> ch=0 lun=7 pl=0 blk=101 pg=100
[EXP] [ERASE] ch=4 lun=1 pl=0 blk=45 pg=255 erase_cnt=2 (vpc/ipc reset)
[EXP] [ERASE] ch=4 lun=2 pl=0 blk=45 pg=255 erase_cnt=2 (vpc/ipc reset)
[EXP] [ERASE] ch=4 lun=3 pl=0 blk=45 pg=255 erase_cnt=2 (vpc/ipc reset)
[EXP] [ERASE] ch=4 lun=4 pl=0 blk=45 pg=255 erase_cnt=2 (vpc/ipc reset)
[EXP] [ERASE] ch=4 lun=5 pl=0 blk=45 pg=255 erase_cnt=2 (vpc/ipc reset)
[EXP] [ERASE] ch=4 lun=6 pl=0 blk=45 pg=255 erase_cnt=2 (vpc/ipc reset)
[EXP] [ERASE] ch=4 lun=7 pl=0 blk=45 pg=255 erase_cnt=2 (vpc/ipc reset)
[EXP] [ERASE] ch=5 lun=0 pl=0 blk=45 pg=255 erase_cnt=2 (vpc/ipc reset)
[EXP] [ERASE] ch=5 lun=1 pl=0 blk=45 pg=255 erase_cnt=2 (vpc/ipc reset)
[EXP] [ERASE] ch=5 lun=2 pl=0 blk=45 pg=255 erase_cnt=2 (vpc/ipc reset)
[EXP] [ERASE] ch=5 lun=3 pl=0 blk=45 pg=255 erase_cnt=2 (vpc/ipc reset)
[EXP] [ERASE] ch=5 lun=4 pl=0 blk=45 pg=255 erase_cnt=2 (vpc/ipc reset)
[EXP] [ERASE] ch=5 lun=5 pl=0 blk=45 pg=255 erase_cnt=2 (vpc/ipc reset)
[EXP] [ERASE] ch=5 lun=6 pl=0 blk=45 pg=255 erase_cnt=2 (vpc/ipc reset)
[EXP] [ERASE] ch=5 lun=7 pl=0 blk=45 pg=255 erase_cnt=2 (vpc/ipc reset)
[EXP] [ERASE] ch=6 lun=0 pl=0 blk=45 pg=255 erase_cnt=2 (vpc/ipc reset)
[EXP] [ERASE] ch=6 lun=1 pl=0 blk=45 pg=255 erase_cnt=2 (vpc/ipc reset)
[EXP] [ERASE] ch=6 lun=2 pl=0 blk=45 pg=255 erase_cnt=2 (vpc/ipc reset)
[EXP] [ERASE] ch=6 lun=3 pl=0 blk=45 pg=255 erase_cnt=2 (vpc/ipc reset)
[EXP] [ERASE] ch=6 lun=4 pl=0 blk=45 pg=255 erase_cnt=2 (vpc/ipc reset)
[EXP] [ERASE] ch=6 lun=5 pl=0 blk=45 pg=255 erase_cnt=2 (vpc/ipc reset)
[EXP] [ERASE] ch=6 lun=6 pl=0 blk=45 pg=255 erase_cnt=2 (vpc/ipc reset)
[EXP] [ERASE] ch=6 lun=7 pl=0 blk=45 pg=255 erase_cnt=2 (vpc/ipc reset)
[EXP] [ERASE] ch=7 lun=0 pl=0 blk=45 pg=255 erase_cnt=2 (vpc/ipc reset)
[EXP] [ERASE] ch=7 lun=1 pl=0 blk=45 pg=255 erase_cnt=2 (vpc/ipc reset)
[EXP] [ERASE] ch=7 lun=2 pl=0 blk=45 pg=255 erase_cnt=2 (vpc/ipc reset)
[EXP] [ERASE] ch=7 lun=3 pl=0 blk=45 pg=255 erase_cnt=2 (vpc/ipc reset)
[EXP] [ERASE] ch=7 lun=4 pl=0 blk=45 pg=255 erase_cnt=2 (vpc/ipc reset)
[EXP] [ERASE] ch=7 lun=5 pl=0 blk=45 pg=255 erase_cnt=2 (vpc/ipc reset)
[EXP] [ERASE] ch=7 lun=6 pl=0 blk=45 pg=255 erase_cnt=2 (vpc/ipc reset)
[EXP] [ERASE] ch=7 lun=7 pl=0 blk=45 pg=255 erase_cnt=2 (vpc/ipc reset)
[EXP] [ERASE] ch=0 lun=0 pl=0 blk=45 pg=255 erase_cnt=3 (vpc/ipc reset)
[EXP] [ERASE] ch=0 lun=1 pl=0 blk=45 pg=255 erase_cnt=3 (vpc/ipc reset)
[EXP] [ERASE] ch=0 lun=2 pl=0 blk=45 pg=255 erase_cnt=3 (vpc/ipc reset)
[EXP] [ERASE] ch=0 lun=3 pl=0 blk=45 pg=255 erase_cnt=3 (vpc/ipc reset)
[EXP] [ERASE] ch=0 lun=4 pl=0 blk=45 pg=255 erase_cnt=3 (vpc/ipc reset)
[EXP] [ERASE] ch=0 lun=5 pl=0 blk=45 pg=255 erase_cnt=3 (vpc/ipc reset)
[EXP] [ERASE] ch=0 lun=6 pl=0 blk=45 pg=255 erase_cnt=3 (vpc/ipc reset)
[EXP] [ERASE] ch=0 lun=7 pl=0 blk=45 pg=255 erase_cnt=3 (vpc/ipc reset)
[EXP] [ERASE] ch=1 lun=0 pl=0 blk=45 pg=255 erase_cnt=3 (vpc/ipc reset)
[EXP] [ERASE] ch=1 lun=1 pl=0 blk=45 pg=255 erase_cnt=3 (vpc/ipc reset)
[EXP] [ERASE] ch=1 lun=2 pl=0 blk=45 pg=255 erase_cnt=3 (vpc/ipc reset)
[EXP] [ERASE] ch=1 lun=3 pl=0 blk=45 pg=255 erase_cnt=3 (vpc/ipc reset)
[EXP] [ERASE] ch=1 lun=4 pl=0 blk=45 pg=255 erase_cnt=3 (vpc/ipc reset)
[EXP] [ERASE] ch=1 lun=5 pl=0 blk=45 pg=255 erase_cnt=3 (vpc/ipc reset)
[EXP] [ERASE] ch=1 lun=6 pl=0 blk=45 pg=255 erase_cnt=3 (vpc/ipc reset)
[EXP] [ERASE] ch=1 lun=7 pl=0 blk=45 pg=255 erase_cnt=3 (vpc/ipc reset)
[EXP] [ERASE] ch=2 lun=0 pl=0 blk=45 pg=255 erase_cnt=3 (vpc/ipc reset)
[EXP] [ERASE] ch=2 lun=1 pl=0 blk=45 pg=255 erase_cnt=3 (vpc/ipc reset)
[EXP] [ERASE] ch=2 lun=2 pl=0 blk=45 pg=255 erase_cnt=3 (vpc/ipc reset)
[EXP] [ERASE] ch=2 lun=3 pl=0 blk=45 pg=255 erase_cnt=3 (vpc/ipc reset)
[EXP] [ERASE] ch=2 lun=4 pl=0 blk=45 pg=255 erase_cnt=3 (vpc/ipc reset)
[EXP] [ERASE] ch=2 lun=5 pl=0 blk=45 pg=255 erase_cnt=3 (vpc/ipc reset)
[EXP] [ERASE] ch=2 lun=6 pl=0 blk=45 pg=255 erase_cnt=3 (vpc/ipc reset)
[EXP] [ERASE] ch=2 lun=7 pl=0 blk=45 pg=255 erase_cnt=3 (vpc/ipc reset)
[EXP] [ERASE] ch=3 lun=0 pl=0 blk=45 pg=255 erase_cnt=3 (vpc/ipc reset)
[EXP] [ERASE] ch=3 lun=1 pl=0 blk=45 pg=255 erase_cnt=3 (vpc/ipc reset)
[EXP] [ERASE] ch=3 lun=2 pl=0 blk=45 pg=255 erase_cnt=3 (vpc/ipc reset)
[EXP] [ERASE] ch=3 lun=3 pl=0 blk=45 pg=255 erase_cnt=3 (vpc/ipc reset)
[EXP] [ERASE] ch=3 lun=4 pl=0 blk=45 pg=255 erase_cnt=3 (vpc/ipc reset)
[EXP] [ERASE] ch=3 lun=5 pl=0 blk=45 pg=255 erase_cnt=3 (vpc/ipc reset)
[EXP] [ERASE] ch=3 lun=6 pl=0 blk=45 pg=255 erase_cnt=3 (vpc/ipc reset)
[EXP] [ERASE] ch=3 lun=7 pl=0 blk=45 pg=255 erase_cnt=3 (vpc/ipc reset)
[EXP] [ERASE] ch=4 lun=0 pl=0 blk=45 pg=255 erase_cnt=3 (vpc/ipc reset)
[EXP] [ERASE] ch=4 lun=1 pl=0 blk=45 pg=255 erase_cnt=3 (vpc/ipc reset)
[EXP] [ERASE] ch=4 lun=2 pl=0 blk=45 pg=255 erase_cnt=3 (vpc/ipc reset)
[EXP] [ERASE] ch=4 lun=3 pl=0 blk=45 pg=255 erase_cnt=3 (vpc/ipc reset)
[EXP] [ERASE] ch=4 lun=4 pl=0 blk=45 pg=255 erase_cnt=3 (vpc/ipc reset)
[EXP] [ERASE] ch=4 lun=5 pl=0 blk=45 pg=255 erase_cnt=3 (vpc/ipc reset)
[EXP] [ERASE] ch=4 lun=6 pl=0 blk=45 pg=255 erase_cnt=3 (vpc/ipc reset)
[EXP] [ERASE] ch=4 lun=7 pl=0 blk=45 pg=255 erase_cnt=3 (vpc/ipc reset)
[EXP] [ERASE] ch=5 lun=0 pl=0 blk=45 pg=255 erase_cnt=3 (vpc/ipc reset)
[EXP] [ERASE] ch=5 lun=1 pl=0 blk=45 pg=255 erase_cnt=3 (vpc/ipc reset)
[EXP] [ERASE] ch=5 lun=2 pl=0 blk=45 pg=255 erase_cnt=3 (vpc/ipc reset)
[EXP] [ERASE] ch=5 lun=3 pl=0 blk=45 pg=255 erase_cnt=3 (vpc/ipc reset)
[EXP] [ERASE] ch=5 lun=4 pl=0 blk=45 pg=255 erase_cnt=3 (vpc/ipc reset)
[EXP] [ERASE] ch=5 lun=5 pl=0 blk=45 pg=255 erase_cnt=3 (vpc/ipc reset)
[EXP] [ERASE] ch=5 lun=6 pl=0 blk=45 pg=255 erase_cnt=3 (vpc/ipc reset)
[EXP] [ERASE] ch=5 lun=7 pl=0 blk=45 pg=255 erase_cnt=3 (vpc/ipc reset)
[EXP] [ERASE] ch=6 lun=0 pl=0 blk=45 pg=255 erase_cnt=3 (vpc/ipc reset)
[EXP] [ERASE] ch=6 lun=1 pl=0 blk=45 pg=255 erase_cnt=3 (vpc/ipc reset)
[EXP] [ERASE] ch=6 lun=2 pl=0 blk=45 pg=255 erase_cnt=3 (vpc/ipc reset)
[EXP] [ERASE] ch=6 lun=3 pl=0 blk=45 pg=255 erase_cnt=3 (vpc/ipc reset)
[EXP] [ERASE] ch=6 lun=4 pl=0 blk=45 pg=255 erase_cnt=3 (vpc/ipc reset)
[EXP] [ERASE] ch=6 lun=5 pl=0 blk=45 pg=255 erase_cnt=3 (vpc/ipc reset)
[EXP] [ERASE] ch=6 lun=6 pl=0 blk=45 pg=255 erase_cnt=3 (vpc/ipc reset)
[EXP] [ERASE] ch=6 lun=7 pl=0 blk=45 pg=255 erase_cnt=3 (vpc/ipc reset)
[EXP] [ERASE] ch=7 lun=0 pl=0 blk=45 pg=255 erase_cnt=3 (vpc/ipc reset)
[EXP] [ERASE] ch=7 lun=1 pl=0 blk=45 pg=255 erase_cnt=3 (vpc/ipc reset)
[EXP] [ERASE] ch=7 lun=2 pl=0 blk=45 pg=255 erase_cnt=3 (vpc/ipc reset)
[EXP] [ERASE] ch=7 lun=3 pl=0 blk=45 pg=255 erase_cnt=3 (vpc/ipc reset)
[EXP] [ERASE] ch=7 lun=4 pl=0 blk=45 pg=255 erase_cnt=3 (vpc/ipc reset)
[EXP] [ERASE] ch=7 lun=5 pl=0 blk=45 pg=255 erase_cnt=3 (vpc/ipc reset)
[EXP] [ERASE] ch=7 lun=6 pl=0 blk=45 pg=255 erase_cnt=3 (vpc/ipc reset)
[EXP] [ERASE] ch=7 lun=7 pl=0 blk=45 pg=255 erase_cnt=3 (vpc/ipc reset)
[EXP] [ERASE] ch=0 lun=0 pl=0 blk=101 pg=255 erase_cnt=5 (vpc/ipc reset)
[EXP] [ERASE] ch=0 lun=1 pl=0 blk=101 pg=255 erase_cnt=5 (vpc/ipc reset)
[EXP] [ERASE] ch=0 lun=2 pl=0 blk=101 pg=255 erase_cnt=5 (vpc/ipc reset)
[EXP] [ERASE] ch=0 lun=3 pl=0 blk=101 pg=255 erase_cnt=5 (vpc/ipc reset)
[EXP] [ERASE] ch=0 lun=4 pl=0 blk=101 pg=255 erase_cnt=5 (vpc/ipc reset)
[EXP] [ERASE] ch=0 lun=5 pl=0 blk=101 pg=255 erase_cnt=5 (vpc/ipc reset)
[EXP] [ERASE] ch=0 lun=6 pl=0 blk=101 pg=255 erase_cnt=5 (vpc/ipc reset)
[EXP] [GC_MOVE] lpn=0 historical=HOT effective=COLD idle_age=303680 expired=yes access=3 short=2 last_seq=1572870 decay_epoch=24 ch=0 lun=7 pl=0 blk=101 pg=100 -> ch=0 lun=3 pl=0 blk=51 pg=210
[EXP] [ERASE] ch=0 lun=7 pl=0 blk=101 pg=255 erase_cnt=5 (vpc/ipc reset)
[EXP] [ERASE] ch=1 lun=0 pl=0 blk=101 pg=255 erase_cnt=5 (vpc/ipc reset)
[EXP] [ERASE] ch=1 lun=1 pl=0 blk=101 pg=255 erase_cnt=5 (vpc/ipc reset)
[EXP] [ERASE] ch=1 lun=2 pl=0 blk=101 pg=255 erase_cnt=5 (vpc/ipc reset)
[EXP] [ERASE] ch=1 lun=3 pl=0 blk=101 pg=255 erase_cnt=5 (vpc/ipc reset)
[EXP] [ERASE] ch=1 lun=4 pl=0 blk=101 pg=255 erase_cnt=5 (vpc/ipc reset)
[EXP] [ERASE] ch=1 lun=5 pl=0 blk=101 pg=255 erase_cnt=5 (vpc/ipc reset)
[EXP] [ERASE] ch=1 lun=6 pl=0 blk=101 pg=255 erase_cnt=5 (vpc/ipc reset)
[EXP] [ERASE] ch=1 lun=7 pl=0 blk=101 pg=255 erase_cnt=5 (vpc/ipc reset)
[EXP] [ERASE] ch=2 lun=0 pl=0 blk=101 pg=255 erase_cnt=5 (vpc/ipc reset)
[EXP] [ERASE] ch=2 lun=1 pl=0 blk=101 pg=255 erase_cnt=5 (vpc/ipc reset)
[EXP] [ERASE] ch=2 lun=2 pl=0 blk=101 pg=255 erase_cnt=5 (vpc/ipc reset)
[EXP] [ERASE] ch=2 lun=3 pl=0 blk=101 pg=255 erase_cnt=5 (vpc/ipc reset)
[EXP] [ERASE] ch=2 lun=4 pl=0 blk=101 pg=255 erase_cnt=5 (vpc/ipc reset)
[EXP] [ERASE] ch=2 lun=5 pl=0 blk=101 pg=255 erase_cnt=5 (vpc/ipc reset)
[EXP] [ERASE] ch=2 lun=6 pl=0 blk=101 pg=255 erase_cnt=5 (vpc/ipc reset)
[EXP] [ERASE] ch=2 lun=7 pl=0 blk=101 pg=255 erase_cnt=5 (vpc/ipc reset)
[EXP] [ERASE] ch=3 lun=0 pl=0 blk=101 pg=255 erase_cnt=5 (vpc/ipc reset)
[EXP] [ERASE] ch=3 lun=1 pl=0 blk=101 pg=255 erase_cnt=5 (vpc/ipc reset)
[EXP] [ERASE] ch=3 lun=2 pl=0 blk=101 pg=255 erase_cnt=5 (vpc/ipc reset)
[EXP] [ERASE] ch=3 lun=3 pl=0 blk=101 pg=255 erase_cnt=5 (vpc/ipc reset)
[EXP] [ERASE] ch=3 lun=4 pl=0 blk=101 pg=255 erase_cnt=5 (vpc/ipc reset)
[EXP] [ERASE] ch=3 lun=5 pl=0 blk=101 pg=255 erase_cnt=5 (vpc/ipc reset)
[EXP] [ERASE] ch=3 lun=6 pl=0 blk=101 pg=255 erase_cnt=5 (vpc/ipc reset)
[EXP] [ERASE] ch=3 lun=7 pl=0 blk=101 pg=255 erase_cnt=5 (vpc/ipc reset)
[EXP] [ERASE] ch=4 lun=0 pl=0 blk=101 pg=255 erase_cnt=5 (vpc/ipc reset)
[EXP] [ERASE] ch=4 lun=1 pl=0 blk=101 pg=255 erase_cnt=5 (vpc/ipc reset)
[EXP] [ERASE] ch=4 lun=2 pl=0 blk=101 pg=255 erase_cnt=5 (vpc/ipc reset)
[EXP] [ERASE] ch=4 lun=3 pl=0 blk=101 pg=255 erase_cnt=5 (vpc/ipc reset)
[EXP] [ERASE] ch=4 lun=4 pl=0 blk=101 pg=255 erase_cnt=5 (vpc/ipc reset)
[EXP] [ERASE] ch=4 lun=5 pl=0 blk=101 pg=255 erase_cnt=5 (vpc/ipc reset)
[EXP] [ERASE] ch=4 lun=6 pl=0 blk=101 pg=255 erase_cnt=5 (vpc/ipc reset)
[EXP] [ERASE] ch=4 lun=7 pl=0 blk=101 pg=255 erase_cnt=5 (vpc/ipc reset)
[EXP] [ERASE] ch=5 lun=0 pl=0 blk=101 pg=255 erase_cnt=5 (vpc/ipc reset)
[EXP] [ERASE] ch=5 lun=1 pl=0 blk=101 pg=255 erase_cnt=5 (vpc/ipc reset)
[EXP] [ERASE] ch=5 lun=2 pl=0 blk=101 pg=255 erase_cnt=5 (vpc/ipc reset)
[EXP] [ERASE] ch=5 lun=3 pl=0 blk=101 pg=255 erase_cnt=5 (vpc/ipc reset)
[EXP] [ERASE] ch=5 lun=4 pl=0 blk=101 pg=255 erase_cnt=5 (vpc/ipc reset)
[EXP] [ERASE] ch=5 lun=5 pl=0 blk=101 pg=255 erase_cnt=5 (vpc/ipc reset)
[EXP] [ERASE] ch=5 lun=6 pl=0 blk=101 pg=255 erase_cnt=5 (vpc/ipc reset)
[EXP] [ERASE] ch=5 lun=7 pl=0 blk=101 pg=255 erase_cnt=5 (vpc/ipc reset)
[EXP] [ERASE] ch=6 lun=0 pl=0 blk=101 pg=255 erase_cnt=5 (vpc/ipc reset)
[EXP] [ERASE] ch=6 lun=1 pl=0 blk=101 pg=255 erase_cnt=5 (vpc/ipc reset)
[EXP] [ERASE] ch=6 lun=2 pl=0 blk=101 pg=255 erase_cnt=5 (vpc/ipc reset)
[EXP] [ERASE] ch=6 lun=3 pl=0 blk=101 pg=255 erase_cnt=5 (vpc/ipc reset)
[EXP] [ERASE] ch=6 lun=4 pl=0 blk=101 pg=255 erase_cnt=5 (vpc/ipc reset)
[EXP] [ERASE] ch=6 lun=5 pl=0 blk=101 pg=255 erase_cnt=5 (vpc/ipc reset)
[EXP] [ERASE] ch=6 lun=6 pl=0 blk=101 pg=255 erase_cnt=5 (vpc/ipc reset)
[EXP] [ERASE] ch=6 lun=7 pl=0 blk=101 pg=255 erase_cnt=5 (vpc/ipc reset)
[EXP] [ERASE] ch=7 lun=0 pl=0 blk=101 pg=255 erase_cnt=5 (vpc/ipc reset)
[EXP] [ERASE] ch=7 lun=1 pl=0 blk=101 pg=255 erase_cnt=5 (vpc/ipc reset)
[EXP] [ERASE] ch=7 lun=2 pl=0 blk=101 pg=255 erase_cnt=5 (vpc/ipc reset)
[EXP] [ERASE] ch=7 lun=3 pl=0 blk=101 pg=255 erase_cnt=5 (vpc/ipc reset)
[EXP] [ERASE] ch=7 lun=4 pl=0 blk=101 pg=255 erase_cnt=5 (vpc/ipc reset)
[EXP] [ERASE] ch=7 lun=5 pl=0 blk=101 pg=255 erase_cnt=5 (vpc/ipc reset)
[EXP] [ERASE] ch=7 lun=6 pl=0 blk=101 pg=255 erase_cnt=5 (vpc/ipc reset)
[EXP] [ERASE] ch=7 lun=7 pl=0 blk=101 pg=255 erase_cnt=5 (vpc/ipc reset)
[EXP] [ERASE] ch=0 lun=0 pl=0 blk=45 pg=255 erase_cnt=4 (vpc/ipc reset)
[EXP] [ERASE] ch=0 lun=1 pl=0 blk=45 pg=255 erase_cnt=4 (vpc/ipc reset)
[EXP] [ERASE] ch=0 lun=2 pl=0 blk=45 pg=255 erase_cnt=4 (vpc/ipc reset)
[EXP] [ERASE] ch=0 lun=3 pl=0 blk=45 pg=255 erase_cnt=4 (vpc/ipc reset)
[EXP] [ERASE] ch=0 lun=4 pl=0 blk=45 pg=255 erase_cnt=4 (vpc/ipc reset)
[EXP] [ERASE] ch=0 lun=5 pl=0 blk=45 pg=255 erase_cnt=4 (vpc/ipc reset)
[EXP] [ERASE] ch=0 lun=6 pl=0 blk=45 pg=255 erase_cnt=4 (vpc/ipc reset)
[EXP] [ERASE] ch=0 lun=7 pl=0 blk=45 pg=255 erase_cnt=4 (vpc/ipc reset)
[EXP] [ERASE] ch=1 lun=0 pl=0 blk=45 pg=255 erase_cnt=4 (vpc/ipc reset)
[EXP] [ERASE] ch=1 lun=1 pl=0 blk=45 pg=255 erase_cnt=4 (vpc/ipc reset)
[EXP] [ERASE] ch=1 lun=2 pl=0 blk=45 pg=255 erase_cnt=4 (vpc/ipc reset)
[EXP] [ERASE] ch=1 lun=3 pl=0 blk=45 pg=255 erase_cnt=4 (vpc/ipc reset)
[EXP] [ERASE] ch=1 lun=4 pl=0 blk=45 pg=255 erase_cnt=4 (vpc/ipc reset)
[EXP] [ERASE] ch=1 lun=5 pl=0 blk=45 pg=255 erase_cnt=4 (vpc/ipc reset)
[EXP] [ERASE] ch=1 lun=6 pl=0 blk=45 pg=255 erase_cnt=4 (vpc/ipc reset)
[EXP] [ERASE] ch=1 lun=7 pl=0 blk=45 pg=255 erase_cnt=4 (vpc/ipc reset)
[EXP] [ERASE] ch=2 lun=0 pl=0 blk=45 pg=255 erase_cnt=4 (vpc/ipc reset)
[EXP] [ERASE] ch=2 lun=1 pl=0 blk=45 pg=255 erase_cnt=4 (vpc/ipc reset)
[EXP] [ERASE] ch=2 lun=2 pl=0 blk=45 pg=255 erase_cnt=4 (vpc/ipc reset)
[EXP] [ERASE] ch=2 lun=3 pl=0 blk=45 pg=255 erase_cnt=4 (vpc/ipc reset)
[EXP] [ERASE] ch=2 lun=4 pl=0 blk=45 pg=255 erase_cnt=4 (vpc/ipc reset)
[EXP] [ERASE] ch=2 lun=5 pl=0 blk=45 pg=255 erase_cnt=4 (vpc/ipc reset)
[EXP] [ERASE] ch=2 lun=6 pl=0 blk=45 pg=255 erase_cnt=4 (vpc/ipc reset)
[EXP] [ERASE] ch=2 lun=7 pl=0 blk=45 pg=255 erase_cnt=4 (vpc/ipc reset)
[EXP] [ERASE] ch=3 lun=0 pl=0 blk=45 pg=255 erase_cnt=4 (vpc/ipc reset)
[EXP] [ERASE] ch=3 lun=1 pl=0 blk=45 pg=255 erase_cnt=4 (vpc/ipc reset)
[EXP] [ERASE] ch=3 lun=2 pl=0 blk=45 pg=255 erase_cnt=4 (vpc/ipc reset)
[EXP] [ERASE] ch=3 lun=3 pl=0 blk=45 pg=255 erase_cnt=4 (vpc/ipc reset)
[EXP] [ERASE] ch=3 lun=4 pl=0 blk=45 pg=255 erase_cnt=4 (vpc/ipc reset)
[EXP] [ERASE] ch=3 lun=5 pl=0 blk=45 pg=255 erase_cnt=4 (vpc/ipc reset)
[EXP] [ERASE] ch=3 lun=6 pl=0 blk=45 pg=255 erase_cnt=4 (vpc/ipc reset)
[EXP] [ERASE] ch=3 lun=7 pl=0 blk=45 pg=255 erase_cnt=4 (vpc/ipc reset)
[EXP] [ERASE] ch=4 lun=0 pl=0 blk=45 pg=255 erase_cnt=4 (vpc/ipc reset)
[EXP] [ERASE] ch=4 lun=1 pl=0 blk=45 pg=255 erase_cnt=4 (vpc/ipc reset)
[EXP] [ERASE] ch=4 lun=2 pl=0 blk=45 pg=255 erase_cnt=4 (vpc/ipc reset)
[EXP] [ERASE] ch=4 lun=3 pl=0 blk=45 pg=255 erase_cnt=4 (vpc/ipc reset)
[EXP] [ERASE] ch=4 lun=4 pl=0 blk=45 pg=255 erase_cnt=4 (vpc/ipc reset)
[EXP] [ERASE] ch=4 lun=5 pl=0 blk=45 pg=255 erase_cnt=4 (vpc/ipc reset)
[EXP] [ERASE] ch=4 lun=6 pl=0 blk=45 pg=255 erase_cnt=4 (vpc/ipc reset)
[EXP] [ERASE] ch=4 lun=7 pl=0 blk=45 pg=255 erase_cnt=4 (vpc/ipc reset)
[EXP] [ERASE] ch=5 lun=0 pl=0 blk=45 pg=255 erase_cnt=4 (vpc/ipc reset)
[EXP] [ERASE] ch=5 lun=1 pl=0 blk=45 pg=255 erase_cnt=4 (vpc/ipc reset)
[EXP] [ERASE] ch=5 lun=2 pl=0 blk=45 pg=255 erase_cnt=4 (vpc/ipc reset)
[EXP] [ERASE] ch=5 lun=3 pl=0 blk=45 pg=255 erase_cnt=4 (vpc/ipc reset)
[EXP] [ERASE] ch=5 lun=4 pl=0 blk=45 pg=255 erase_cnt=4 (vpc/ipc reset)
[EXP] [ERASE] ch=5 lun=5 pl=0 blk=45 pg=255 erase_cnt=4 (vpc/ipc reset)
[EXP] [ERASE] ch=5 lun=6 pl=0 blk=45 pg=255 erase_cnt=4 (vpc/ipc reset)
[EXP] [ERASE] ch=5 lun=7 pl=0 blk=45 pg=255 erase_cnt=4 (vpc/ipc reset)
[EXP] [ERASE] ch=6 lun=0 pl=0 blk=45 pg=255 erase_cnt=4 (vpc/ipc reset)
[EXP] [ERASE] ch=6 lun=1 pl=0 blk=45 pg=255 erase_cnt=4 (vpc/ipc reset)
[EXP] [ERASE] ch=6 lun=2 pl=0 blk=45 pg=255 erase_cnt=4 (vpc/ipc reset)
[EXP] [ERASE] ch=6 lun=3 pl=0 blk=45 pg=255 erase_cnt=4 (vpc/ipc reset)
[EXP] [ERASE] ch=6 lun=4 pl=0 blk=45 pg=255 erase_cnt=4 (vpc/ipc reset)
[EXP] [ERASE] ch=6 lun=5 pl=0 blk=45 pg=255 erase_cnt=4 (vpc/ipc reset)
[EXP] [ERASE] ch=6 lun=6 pl=0 blk=45 pg=255 erase_cnt=4 (vpc/ipc reset)
[EXP] [ERASE] ch=6 lun=7 pl=0 blk=45 pg=255 erase_cnt=4 (vpc/ipc reset)
[EXP] [ERASE] ch=7 lun=0 pl=0 blk=45 pg=255 erase_cnt=4 (vpc/ipc reset)
[EXP] [ERASE] ch=7 lun=1 pl=0 blk=45 pg=255 erase_cnt=4 (vpc/ipc reset)
[EXP] [ERASE] ch=7 lun=2 pl=0 blk=45 pg=255 erase_cnt=4 (vpc/ipc reset)
[EXP] [ERASE] ch=7 lun=3 pl=0 blk=45 pg=255 erase_cnt=4 (vpc/ipc reset)
[EXP] [ERASE] ch=7 lun=4 pl=0 blk=45 pg=255 erase_cnt=4 (vpc/ipc reset)
[EXP] [ERASE] ch=7 lun=5 pl=0 blk=45 pg=255 erase_cnt=4 (vpc/ipc reset)
[EXP] [ERASE] ch=7 lun=6 pl=0 blk=45 pg=255 erase_cnt=4 (vpc/ipc reset)
[EXP] [ERASE] ch=7 lun=7 pl=0 blk=45 pg=255 erase_cnt=4 (vpc/ipc reset)
[EXP] [ERASE] ch=0 lun=0 pl=0 blk=97 pg=255 erase_cnt=7 (vpc/ipc reset)
[EXP] [ERASE] ch=0 lun=1 pl=0 blk=97 pg=255 erase_cnt=7 (vpc/ipc reset)
[EXP] [ERASE] ch=0 lun=2 pl=0 blk=97 pg=255 erase_cnt=7 (vpc/ipc reset)
[EXP] [ERASE] ch=0 lun=3 pl=0 blk=97 pg=255 erase_cnt=7 (vpc/ipc reset)
[EXP] [ERASE] ch=0 lun=4 pl=0 blk=97 pg=255 erase_cnt=7 (vpc/ipc reset)
[EXP] [ERASE] ch=0 lun=5 pl=0 blk=97 pg=255 erase_cnt=7 (vpc/ipc reset)
[EXP] [ERASE] ch=0 lun=6 pl=0 blk=97 pg=255 erase_cnt=7 (vpc/ipc reset)
[EXP] [ERASE] ch=0 lun=7 pl=0 blk=97 pg=255 erase_cnt=7 (vpc/ipc reset)
[EXP] [ERASE] ch=1 lun=0 pl=0 blk=97 pg=255 erase_cnt=7 (vpc/ipc reset)
[EXP] [ERASE] ch=1 lun=1 pl=0 blk=97 pg=255 erase_cnt=7 (vpc/ipc reset)
[EXP] [ERASE] ch=1 lun=2 pl=0 blk=97 pg=255 erase_cnt=7 (vpc/ipc reset)
[EXP] [ERASE] ch=1 lun=3 pl=0 blk=97 pg=255 erase_cnt=7 (vpc/ipc reset)
[EXP] [ERASE] ch=1 lun=4 pl=0 blk=97 pg=255 erase_cnt=7 (vpc/ipc reset)
[EXP] [ERASE] ch=1 lun=5 pl=0 blk=97 pg=255 erase_cnt=7 (vpc/ipc reset)
[EXP] [ERASE] ch=1 lun=6 pl=0 blk=97 pg=255 erase_cnt=7 (vpc/ipc reset)
[EXP] [ERASE] ch=1 lun=7 pl=0 blk=97 pg=255 erase_cnt=7 (vpc/ipc reset)
[EXP] [ERASE] ch=2 lun=0 pl=0 blk=97 pg=255 erase_cnt=7 (vpc/ipc reset)
[EXP] [ERASE] ch=2 lun=1 pl=0 blk=97 pg=255 erase_cnt=7 (vpc/ipc reset)
[EXP] [ERASE] ch=2 lun=2 pl=0 blk=97 pg=255 erase_cnt=7 (vpc/ipc reset)
[EXP] [ERASE] ch=2 lun=3 pl=0 blk=97 pg=255 erase_cnt=7 (vpc/ipc reset)
[EXP] [ERASE] ch=2 lun=4 pl=0 blk=97 pg=255 erase_cnt=7 (vpc/ipc reset)
[EXP] [ERASE] ch=2 lun=5 pl=0 blk=97 pg=255 erase_cnt=7 (vpc/ipc reset)
[EXP] [ERASE] ch=2 lun=6 pl=0 blk=97 pg=255 erase_cnt=7 (vpc/ipc reset)
[EXP] [ERASE] ch=2 lun=7 pl=0 blk=97 pg=255 erase_cnt=7 (vpc/ipc reset)
[EXP] [ERASE] ch=3 lun=0 pl=0 blk=97 pg=255 erase_cnt=7 (vpc/ipc reset)
[EXP] [ERASE] ch=3 lun=1 pl=0 blk=97 pg=255 erase_cnt=7 (vpc/ipc reset)
[EXP] [ERASE] ch=3 lun=2 pl=0 blk=97 pg=255 erase_cnt=7 (vpc/ipc reset)
[EXP] [ERASE] ch=3 lun=3 pl=0 blk=97 pg=255 erase_cnt=7 (vpc/ipc reset)
[EXP] [ERASE] ch=3 lun=4 pl=0 blk=97 pg=255 erase_cnt=7 (vpc/ipc reset)
[EXP] [ERASE] ch=3 lun=5 pl=0 blk=97 pg=255 erase_cnt=7 (vpc/ipc reset)
[EXP] [ERASE] ch=3 lun=6 pl=0 blk=97 pg=255 erase_cnt=7 (vpc/ipc reset)
[EXP] [ERASE] ch=3 lun=7 pl=0 blk=97 pg=255 erase_cnt=7 (vpc/ipc reset)
[EXP] [ERASE] ch=4 lun=0 pl=0 blk=97 pg=255 erase_cnt=7 (vpc/ipc reset)
[EXP] [ERASE] ch=4 lun=1 pl=0 blk=97 pg=255 erase_cnt=7 (vpc/ipc reset)
[EXP] [ERASE] ch=4 lun=2 pl=0 blk=97 pg=255 erase_cnt=7 (vpc/ipc reset)
[EXP] [ERASE] ch=4 lun=3 pl=0 blk=97 pg=255 erase_cnt=7 (vpc/ipc reset)
[EXP] [ERASE] ch=4 lun=4 pl=0 blk=97 pg=255 erase_cnt=7 (vpc/ipc reset)
[EXP] [ERASE] ch=4 lun=5 pl=0 blk=97 pg=255 erase_cnt=7 (vpc/ipc reset)
[EXP] [ERASE] ch=4 lun=6 pl=0 blk=97 pg=255 erase_cnt=7 (vpc/ipc reset)
[EXP] [ERASE] ch=4 lun=7 pl=0 blk=97 pg=255 erase_cnt=7 (vpc/ipc reset)
[EXP] [ERASE] ch=5 lun=0 pl=0 blk=97 pg=255 erase_cnt=7 (vpc/ipc reset)
[EXP] [ERASE] ch=5 lun=1 pl=0 blk=97 pg=255 erase_cnt=7 (vpc/ipc reset)
[EXP] [ERASE] ch=5 lun=2 pl=0 blk=97 pg=255 erase_cnt=7 (vpc/ipc reset)
[EXP] [ERASE] ch=5 lun=3 pl=0 blk=97 pg=255 erase_cnt=7 (vpc/ipc reset)
[EXP] [ERASE] ch=5 lun=4 pl=0 blk=97 pg=255 erase_cnt=7 (vpc/ipc reset)
[EXP] [ERASE] ch=5 lun=5 pl=0 blk=97 pg=255 erase_cnt=7 (vpc/ipc reset)
[EXP] [ERASE] ch=5 lun=6 pl=0 blk=97 pg=255 erase_cnt=7 (vpc/ipc reset)
[EXP] [ERASE] ch=5 lun=7 pl=0 blk=97 pg=255 erase_cnt=7 (vpc/ipc reset)
[EXP] [ERASE] ch=6 lun=0 pl=0 blk=97 pg=255 erase_cnt=7 (vpc/ipc reset)
[EXP] [ERASE] ch=6 lun=1 pl=0 blk=97 pg=255 erase_cnt=7 (vpc/ipc reset)
[EXP] [ERASE] ch=6 lun=2 pl=0 blk=97 pg=255 erase_cnt=7 (vpc/ipc reset)
[EXP] [ERASE] ch=6 lun=3 pl=0 blk=97 pg=255 erase_cnt=7 (vpc/ipc reset)
[EXP] [ERASE] ch=6 lun=4 pl=0 blk=97 pg=255 erase_cnt=7 (vpc/ipc reset)
[EXP] [ERASE] ch=6 lun=5 pl=0 blk=97 pg=255 erase_cnt=7 (vpc/ipc reset)
[EXP] [ERASE] ch=6 lun=6 pl=0 blk=97 pg=255 erase_cnt=7 (vpc/ipc reset)
[EXP] [ERASE] ch=6 lun=7 pl=0 blk=97 pg=255 erase_cnt=7 (vpc/ipc reset)
[EXP] [ERASE] ch=7 lun=0 pl=0 blk=97 pg=255 erase_cnt=7 (vpc/ipc reset)
[EXP] [ERASE] ch=7 lun=1 pl=0 blk=97 pg=255 erase_cnt=7 (vpc/ipc reset)
[EXP] [ERASE] ch=7 lun=2 pl=0 blk=97 pg=255 erase_cnt=7 (vpc/ipc reset)
[EXP] [ERASE] ch=7 lun=3 pl=0 blk=97 pg=255 erase_cnt=7 (vpc/ipc reset)
[EXP] [ERASE] ch=7 lun=4 pl=0 blk=97 pg=255 erase_cnt=7 (vpc/ipc reset)
[EXP] [ERASE] ch=7 lun=5 pl=0 blk=97 pg=255 erase_cnt=7 (vpc/ipc reset)
[EXP] [ERASE] ch=7 lun=6 pl=0 blk=97 pg=255 erase_cnt=7 (vpc/ipc reset)
[EXP] [ERASE] ch=7 lun=7 pl=0 blk=97 pg=255 erase_cnt=7 (vpc/ipc reset)
[EXP] [ERASE] ch=0 lun=0 pl=0 blk=51 pg=255 erase_cnt=4 (vpc/ipc reset)
[EXP] [ERASE] ch=0 lun=1 pl=0 blk=51 pg=255 erase_cnt=4 (vpc/ipc reset)
[EXP] [ERASE] ch=0 lun=2 pl=0 blk=51 pg=255 erase_cnt=4 (vpc/ipc reset)
[EXP] [GC_MOVE] lpn=0 historical=HOT effective=COLD idle_age=383356 expired=yes access=3 short=2 last_seq=1572870 decay_epoch=24 ch=0 lun=3 pl=0 blk=51 pg=210 -> ch=4 lun=0 pl=0 blk=29 pg=227
[EXP] [ERASE] ch=0 lun=3 pl=0 blk=51 pg=255 erase_cnt=4 (vpc/ipc reset)
[EXP] [ERASE] ch=0 lun=4 pl=0 blk=51 pg=255 erase_cnt=4 (vpc/ipc reset)
[EXP] [ERASE] ch=0 lun=5 pl=0 blk=51 pg=255 erase_cnt=4 (vpc/ipc reset)
[EXP] [ERASE] ch=0 lun=6 pl=0 blk=51 pg=255 erase_cnt=4 (vpc/ipc reset)
[EXP] [ERASE] ch=0 lun=7 pl=0 blk=51 pg=255 erase_cnt=4 (vpc/ipc reset)
[EXP] [ERASE] ch=1 lun=0 pl=0 blk=51 pg=255 erase_cnt=4 (vpc/ipc reset)
[EXP] [ERASE] ch=1 lun=1 pl=0 blk=51 pg=255 erase_cnt=4 (vpc/ipc reset)
[EXP] [ERASE] ch=1 lun=2 pl=0 blk=51 pg=255 erase_cnt=4 (vpc/ipc reset)
[EXP] [ERASE] ch=1 lun=3 pl=0 blk=51 pg=255 erase_cnt=4 (vpc/ipc reset)
[EXP] [ERASE] ch=1 lun=4 pl=0 blk=51 pg=255 erase_cnt=4 (vpc/ipc reset)
[EXP] [ERASE] ch=1 lun=5 pl=0 blk=51 pg=255 erase_cnt=4 (vpc/ipc reset)
[EXP] [ERASE] ch=1 lun=6 pl=0 blk=51 pg=255 erase_cnt=4 (vpc/ipc reset)
[EXP] [ERASE] ch=1 lun=7 pl=0 blk=51 pg=255 erase_cnt=4 (vpc/ipc reset)
[EXP] [ERASE] ch=2 lun=0 pl=0 blk=51 pg=255 erase_cnt=4 (vpc/ipc reset)
[EXP] [ERASE] ch=2 lun=1 pl=0 blk=51 pg=255 erase_cnt=4 (vpc/ipc reset)
[EXP] [ERASE] ch=2 lun=2 pl=0 blk=51 pg=255 erase_cnt=4 (vpc/ipc reset)
[EXP] [ERASE] ch=2 lun=3 pl=0 blk=51 pg=255 erase_cnt=4 (vpc/ipc reset)
[EXP] [ERASE] ch=2 lun=4 pl=0 blk=51 pg=255 erase_cnt=4 (vpc/ipc reset)
[EXP] [ERASE] ch=2 lun=5 pl=0 blk=51 pg=255 erase_cnt=4 (vpc/ipc reset)
[EXP] [ERASE] ch=2 lun=6 pl=0 blk=51 pg=255 erase_cnt=4 (vpc/ipc reset)
[EXP] [ERASE] ch=2 lun=7 pl=0 blk=51 pg=255 erase_cnt=4 (vpc/ipc reset)
[EXP] [ERASE] ch=3 lun=0 pl=0 blk=51 pg=255 erase_cnt=4 (vpc/ipc reset)
[EXP] [ERASE] ch=3 lun=1 pl=0 blk=51 pg=255 erase_cnt=4 (vpc/ipc reset)
[EXP] [ERASE] ch=3 lun=2 pl=0 blk=51 pg=255 erase_cnt=4 (vpc/ipc reset)
[EXP] [ERASE] ch=3 lun=3 pl=0 blk=51 pg=255 erase_cnt=4 (vpc/ipc reset)
[EXP] [ERASE] ch=3 lun=4 pl=0 blk=51 pg=255 erase_cnt=4 (vpc/ipc reset)
[EXP] [ERASE] ch=3 lun=5 pl=0 blk=51 pg=255 erase_cnt=4 (vpc/ipc reset)
[EXP] [ERASE] ch=3 lun=6 pl=0 blk=51 pg=255 erase_cnt=4 (vpc/ipc reset)
[EXP] [ERASE] ch=3 lun=7 pl=0 blk=51 pg=255 erase_cnt=4 (vpc/ipc reset)
[EXP] [ERASE] ch=4 lun=0 pl=0 blk=51 pg=255 erase_cnt=4 (vpc/ipc reset)
[EXP] [ERASE] ch=4 lun=1 pl=0 blk=51 pg=255 erase_cnt=4 (vpc/ipc reset)
[EXP] [ERASE] ch=4 lun=2 pl=0 blk=51 pg=255 erase_cnt=4 (vpc/ipc reset)
[EXP] [ERASE] ch=4 lun=3 pl=0 blk=51 pg=255 erase_cnt=4 (vpc/ipc reset)
[EXP] [ERASE] ch=4 lun=4 pl=0 blk=51 pg=255 erase_cnt=4 (vpc/ipc reset)
[EXP] [ERASE] ch=4 lun=5 pl=0 blk=51 pg=255 erase_cnt=4 (vpc/ipc reset)
[EXP] [ERASE] ch=4 lun=6 pl=0 blk=51 pg=255 erase_cnt=4 (vpc/ipc reset)
[EXP] [ERASE] ch=4 lun=7 pl=0 blk=51 pg=255 erase_cnt=4 (vpc/ipc reset)
[EXP] [ERASE] ch=5 lun=0 pl=0 blk=51 pg=255 erase_cnt=4 (vpc/ipc reset)
[EXP] [ERASE] ch=5 lun=1 pl=0 blk=51 pg=255 erase_cnt=4 (vpc/ipc reset)
[EXP] [ERASE] ch=5 lun=2 pl=0 blk=51 pg=255 erase_cnt=4 (vpc/ipc reset)
[EXP] [ERASE] ch=5 lun=3 pl=0 blk=51 pg=255 erase_cnt=4 (vpc/ipc reset)
[EXP] [ERASE] ch=5 lun=4 pl=0 blk=51 pg=255 erase_cnt=4 (vpc/ipc reset)
[EXP] [ERASE] ch=5 lun=5 pl=0 blk=51 pg=255 erase_cnt=4 (vpc/ipc reset)
[EXP] [ERASE] ch=5 lun=6 pl=0 blk=51 pg=255 erase_cnt=4 (vpc/ipc reset)
[EXP] [ERASE] ch=5 lun=7 pl=0 blk=51 pg=255 erase_cnt=4 (vpc/ipc reset)
[EXP] [ERASE] ch=6 lun=0 pl=0 blk=51 pg=255 erase_cnt=4 (vpc/ipc reset)
[EXP] [ERASE] ch=6 lun=1 pl=0 blk=51 pg=255 erase_cnt=4 (vpc/ipc reset)
[EXP] [ERASE] ch=6 lun=2 pl=0 blk=51 pg=255 erase_cnt=4 (vpc/ipc reset)
[EXP] [ERASE] ch=6 lun=3 pl=0 blk=51 pg=255 erase_cnt=4 (vpc/ipc reset)
[EXP] [ERASE] ch=6 lun=4 pl=0 blk=51 pg=255 erase_cnt=4 (vpc/ipc reset)
[EXP] [ERASE] ch=6 lun=5 pl=0 blk=51 pg=255 erase_cnt=4 (vpc/ipc reset)
[EXP] [ERASE] ch=6 lun=6 pl=0 blk=51 pg=255 erase_cnt=4 (vpc/ipc reset)
[EXP] [ERASE] ch=6 lun=7 pl=0 blk=51 pg=255 erase_cnt=4 (vpc/ipc reset)
[EXP] [ERASE] ch=7 lun=0 pl=0 blk=51 pg=255 erase_cnt=4 (vpc/ipc reset)
[EXP] [ERASE] ch=7 lun=1 pl=0 blk=51 pg=255 erase_cnt=4 (vpc/ipc reset)
[EXP] [ERASE] ch=7 lun=2 pl=0 blk=51 pg=255 erase_cnt=4 (vpc/ipc reset)
[EXP] [ERASE] ch=7 lun=3 pl=0 blk=51 pg=255 erase_cnt=4 (vpc/ipc reset)
[EXP] [ERASE] ch=7 lun=4 pl=0 blk=51 pg=255 erase_cnt=4 (vpc/ipc reset)
[EXP] [ERASE] ch=7 lun=5 pl=0 blk=51 pg=255 erase_cnt=4 (vpc/ipc reset)
[EXP] [ERASE] ch=7 lun=6 pl=0 blk=51 pg=255 erase_cnt=4 (vpc/ipc reset)
[EXP] [ERASE] ch=7 lun=7 pl=0 blk=51 pg=255 erase_cnt=4 (vpc/ipc reset)
[EXP] [ERASE] ch=0 lun=0 pl=0 blk=101 pg=255 erase_cnt=6 (vpc/ipc reset)
[EXP] [ERASE] ch=0 lun=1 pl=0 blk=101 pg=255 erase_cnt=6 (vpc/ipc reset)
[EXP] [ERASE] ch=0 lun=2 pl=0 blk=101 pg=255 erase_cnt=6 (vpc/ipc reset)
[EXP] [ERASE] ch=0 lun=3 pl=0 blk=101 pg=255 erase_cnt=6 (vpc/ipc reset)
[EXP] [ERASE] ch=0 lun=4 pl=0 blk=101 pg=255 erase_cnt=6 (vpc/ipc reset)
[EXP] [ERASE] ch=0 lun=5 pl=0 blk=101 pg=255 erase_cnt=6 (vpc/ipc reset)
[EXP] [ERASE] ch=0 lun=6 pl=0 blk=101 pg=255 erase_cnt=6 (vpc/ipc reset)
[EXP] [ERASE] ch=0 lun=7 pl=0 blk=101 pg=255 erase_cnt=6 (vpc/ipc reset)
[EXP] [ERASE] ch=1 lun=0 pl=0 blk=101 pg=255 erase_cnt=6 (vpc/ipc reset)
[EXP] [ERASE] ch=1 lun=1 pl=0 blk=101 pg=255 erase_cnt=6 (vpc/ipc reset)
[EXP] [ERASE] ch=1 lun=2 pl=0 blk=101 pg=255 erase_cnt=6 (vpc/ipc reset)
[EXP] [ERASE] ch=1 lun=3 pl=0 blk=101 pg=255 erase_cnt=6 (vpc/ipc reset)
[EXP] [ERASE] ch=1 lun=4 pl=0 blk=101 pg=255 erase_cnt=6 (vpc/ipc reset)
[EXP] [ERASE] ch=1 lun=5 pl=0 blk=101 pg=255 erase_cnt=6 (vpc/ipc reset)
[EXP] [ERASE] ch=1 lun=6 pl=0 blk=101 pg=255 erase_cnt=6 (vpc/ipc reset)
[EXP] [ERASE] ch=1 lun=7 pl=0 blk=101 pg=255 erase_cnt=6 (vpc/ipc reset)
[EXP] [ERASE] ch=2 lun=0 pl=0 blk=101 pg=255 erase_cnt=6 (vpc/ipc reset)
[EXP] [ERASE] ch=2 lun=1 pl=0 blk=101 pg=255 erase_cnt=6 (vpc/ipc reset)
[EXP] [ERASE] ch=2 lun=2 pl=0 blk=101 pg=255 erase_cnt=6 (vpc/ipc reset)
[EXP] [ERASE] ch=2 lun=3 pl=0 blk=101 pg=255 erase_cnt=6 (vpc/ipc reset)
[EXP] [ERASE] ch=2 lun=4 pl=0 blk=101 pg=255 erase_cnt=6 (vpc/ipc reset)
[EXP] [ERASE] ch=2 lun=5 pl=0 blk=101 pg=255 erase_cnt=6 (vpc/ipc reset)
[EXP] [ERASE] ch=2 lun=6 pl=0 blk=101 pg=255 erase_cnt=6 (vpc/ipc reset)
[EXP] [ERASE] ch=2 lun=7 pl=0 blk=101 pg=255 erase_cnt=6 (vpc/ipc reset)
[EXP] [ERASE] ch=3 lun=0 pl=0 blk=101 pg=255 erase_cnt=6 (vpc/ipc reset)
[EXP] [ERASE] ch=3 lun=1 pl=0 blk=101 pg=255 erase_cnt=6 (vpc/ipc reset)
[EXP] [ERASE] ch=3 lun=2 pl=0 blk=101 pg=255 erase_cnt=6 (vpc/ipc reset)
[EXP] [ERASE] ch=3 lun=3 pl=0 blk=101 pg=255 erase_cnt=6 (vpc/ipc reset)
[EXP] [ERASE] ch=3 lun=4 pl=0 blk=101 pg=255 erase_cnt=6 (vpc/ipc reset)
[EXP] [ERASE] ch=3 lun=5 pl=0 blk=101 pg=255 erase_cnt=6 (vpc/ipc reset)
[EXP] [ERASE] ch=3 lun=6 pl=0 blk=101 pg=255 erase_cnt=6 (vpc/ipc reset)
[EXP] [ERASE] ch=3 lun=7 pl=0 blk=101 pg=255 erase_cnt=6 (vpc/ipc reset)
[EXP] [ERASE] ch=4 lun=0 pl=0 blk=101 pg=255 erase_cnt=6 (vpc/ipc reset)
[EXP] [ERASE] ch=4 lun=1 pl=0 blk=101 pg=255 erase_cnt=6 (vpc/ipc reset)
[EXP] [ERASE] ch=4 lun=2 pl=0 blk=101 pg=255 erase_cnt=6 (vpc/ipc reset)
[EXP] [ERASE] ch=4 lun=3 pl=0 blk=101 pg=255 erase_cnt=6 (vpc/ipc reset)
[EXP] [ERASE] ch=4 lun=4 pl=0 blk=101 pg=255 erase_cnt=6 (vpc/ipc reset)
[EXP] [ERASE] ch=4 lun=5 pl=0 blk=101 pg=255 erase_cnt=6 (vpc/ipc reset)
[EXP] [ERASE] ch=4 lun=6 pl=0 blk=101 pg=255 erase_cnt=6 (vpc/ipc reset)
[EXP] [ERASE] ch=4 lun=7 pl=0 blk=101 pg=255 erase_cnt=6 (vpc/ipc reset)
[EXP] [ERASE] ch=5 lun=0 pl=0 blk=101 pg=255 erase_cnt=6 (vpc/ipc reset)
[EXP] [ERASE] ch=5 lun=1 pl=0 blk=101 pg=255 erase_cnt=6 (vpc/ipc reset)
[EXP] [ERASE] ch=5 lun=2 pl=0 blk=101 pg=255 erase_cnt=6 (vpc/ipc reset)
[EXP] [ERASE] ch=5 lun=3 pl=0 blk=101 pg=255 erase_cnt=6 (vpc/ipc reset)
[EXP] [ERASE] ch=5 lun=4 pl=0 blk=101 pg=255 erase_cnt=6 (vpc/ipc reset)
[EXP] [ERASE] ch=5 lun=5 pl=0 blk=101 pg=255 erase_cnt=6 (vpc/ipc reset)
[EXP] [ERASE] ch=5 lun=6 pl=0 blk=101 pg=255 erase_cnt=6 (vpc/ipc reset)
[EXP] [ERASE] ch=5 lun=7 pl=0 blk=101 pg=255 erase_cnt=6 (vpc/ipc reset)
[EXP] [ERASE] ch=6 lun=0 pl=0 blk=101 pg=255 erase_cnt=6 (vpc/ipc reset)
[EXP] [ERASE] ch=6 lun=1 pl=0 blk=101 pg=255 erase_cnt=6 (vpc/ipc reset)
[EXP] [ERASE] ch=6 lun=2 pl=0 blk=101 pg=255 erase_cnt=6 (vpc/ipc reset)
[EXP] [ERASE] ch=6 lun=3 pl=0 blk=101 pg=255 erase_cnt=6 (vpc/ipc reset)
[EXP] [ERASE] ch=6 lun=4 pl=0 blk=101 pg=255 erase_cnt=6 (vpc/ipc reset)
[EXP] [ERASE] ch=6 lun=5 pl=0 blk=101 pg=255 erase_cnt=6 (vpc/ipc reset)
[EXP] [ERASE] ch=6 lun=6 pl=0 blk=101 pg=255 erase_cnt=6 (vpc/ipc reset)
[EXP] [ERASE] ch=6 lun=7 pl=0 blk=101 pg=255 erase_cnt=6 (vpc/ipc reset)
[EXP] [ERASE] ch=7 lun=0 pl=0 blk=101 pg=255 erase_cnt=6 (vpc/ipc reset)
[EXP] [ERASE] ch=7 lun=1 pl=0 blk=101 pg=255 erase_cnt=6 (vpc/ipc reset)
[EXP] [ERASE] ch=7 lun=2 pl=0 blk=101 pg=255 erase_cnt=6 (vpc/ipc reset)
[EXP] [ERASE] ch=7 lun=3 pl=0 blk=101 pg=255 erase_cnt=6 (vpc/ipc reset)
[EXP] [ERASE] ch=7 lun=4 pl=0 blk=101 pg=255 erase_cnt=6 (vpc/ipc reset)
[EXP] [ERASE] ch=7 lun=5 pl=0 blk=101 pg=255 erase_cnt=6 (vpc/ipc reset)
[EXP] [ERASE] ch=7 lun=6 pl=0 blk=101 pg=255 erase_cnt=6 (vpc/ipc reset)
[EXP] [ERASE] ch=7 lun=7 pl=0 blk=101 pg=255 erase_cnt=6 (vpc/ipc reset)
[EXP] [ERASE] ch=0 lun=0 pl=0 blk=45 pg=255 erase_cnt=5 (vpc/ipc reset)
[EXP] [ERASE] ch=0 lun=1 pl=0 blk=45 pg=255 erase_cnt=5 (vpc/ipc reset)
[EXP] [ERASE] ch=0 lun=2 pl=0 blk=45 pg=255 erase_cnt=5 (vpc/ipc reset)
[EXP] [ERASE] ch=0 lun=3 pl=0 blk=45 pg=255 erase_cnt=5 (vpc/ipc reset)
[EXP] [ERASE] ch=0 lun=4 pl=0 blk=45 pg=255 erase_cnt=5 (vpc/ipc reset)
[EXP] [ERASE] ch=0 lun=5 pl=0 blk=45 pg=255 erase_cnt=5 (vpc/ipc reset)
[EXP] [ERASE] ch=0 lun=6 pl=0 blk=45 pg=255 erase_cnt=5 (vpc/ipc reset)
[EXP] [ERASE] ch=0 lun=7 pl=0 blk=45 pg=255 erase_cnt=5 (vpc/ipc reset)
[EXP] [ERASE] ch=1 lun=0 pl=0 blk=45 pg=255 erase_cnt=5 (vpc/ipc reset)
[EXP] [ERASE] ch=1 lun=1 pl=0 blk=45 pg=255 erase_cnt=5 (vpc/ipc reset)
[EXP] [ERASE] ch=1 lun=2 pl=0 blk=45 pg=255 erase_cnt=5 (vpc/ipc reset)
[EXP] [ERASE] ch=1 lun=3 pl=0 blk=45 pg=255 erase_cnt=5 (vpc/ipc reset)
[EXP] [ERASE] ch=1 lun=4 pl=0 blk=45 pg=255 erase_cnt=5 (vpc/ipc reset)
[EXP] [ERASE] ch=1 lun=5 pl=0 blk=45 pg=255 erase_cnt=5 (vpc/ipc reset)
[EXP] [ERASE] ch=1 lun=6 pl=0 blk=45 pg=255 erase_cnt=5 (vpc/ipc reset)
[EXP] [ERASE] ch=1 lun=7 pl=0 blk=45 pg=255 erase_cnt=5 (vpc/ipc reset)
[EXP] [ERASE] ch=2 lun=0 pl=0 blk=45 pg=255 erase_cnt=5 (vpc/ipc reset)
[EXP] [ERASE] ch=2 lun=1 pl=0 blk=45 pg=255 erase_cnt=5 (vpc/ipc reset)
[EXP] [ERASE] ch=2 lun=2 pl=0 blk=45 pg=255 erase_cnt=5 (vpc/ipc reset)
[EXP] [ERASE] ch=2 lun=3 pl=0 blk=45 pg=255 erase_cnt=5 (vpc/ipc reset)
[EXP] [ERASE] ch=2 lun=4 pl=0 blk=45 pg=255 erase_cnt=5 (vpc/ipc reset)
[EXP] [ERASE] ch=2 lun=5 pl=0 blk=45 pg=255 erase_cnt=5 (vpc/ipc reset)
[EXP] [ERASE] ch=2 lun=6 pl=0 blk=45 pg=255 erase_cnt=5 (vpc/ipc reset)
[EXP] [ERASE] ch=2 lun=7 pl=0 blk=45 pg=255 erase_cnt=5 (vpc/ipc reset)
[EXP] [ERASE] ch=3 lun=0 pl=0 blk=45 pg=255 erase_cnt=5 (vpc/ipc reset)
[EXP] [ERASE] ch=3 lun=1 pl=0 blk=45 pg=255 erase_cnt=5 (vpc/ipc reset)
[EXP] [ERASE] ch=3 lun=2 pl=0 blk=45 pg=255 erase_cnt=5 (vpc/ipc reset)
[EXP] [ERASE] ch=3 lun=3 pl=0 blk=45 pg=255 erase_cnt=5 (vpc/ipc reset)
[EXP] [ERASE] ch=3 lun=4 pl=0 blk=45 pg=255 erase_cnt=5 (vpc/ipc reset)
[EXP] [ERASE] ch=3 lun=5 pl=0 blk=45 pg=255 erase_cnt=5 (vpc/ipc reset)
[EXP] [ERASE] ch=3 lun=6 pl=0 blk=45 pg=255 erase_cnt=5 (vpc/ipc reset)
[EXP] [ERASE] ch=3 lun=7 pl=0 blk=45 pg=255 erase_cnt=5 (vpc/ipc reset)
[EXP] [ERASE] ch=4 lun=0 pl=0 blk=45 pg=255 erase_cnt=5 (vpc/ipc reset)
[EXP] [ERASE] ch=4 lun=1 pl=0 blk=45 pg=255 erase_cnt=5 (vpc/ipc reset)
[EXP] [ERASE] ch=4 lun=2 pl=0 blk=45 pg=255 erase_cnt=5 (vpc/ipc reset)
[EXP] [ERASE] ch=4 lun=3 pl=0 blk=45 pg=255 erase_cnt=5 (vpc/ipc reset)
[EXP] [ERASE] ch=4 lun=4 pl=0 blk=45 pg=255 erase_cnt=5 (vpc/ipc reset)
[EXP] [ERASE] ch=4 lun=5 pl=0 blk=45 pg=255 erase_cnt=5 (vpc/ipc reset)
[EXP] [ERASE] ch=4 lun=6 pl=0 blk=45 pg=255 erase_cnt=5 (vpc/ipc reset)
[EXP] [ERASE] ch=4 lun=7 pl=0 blk=45 pg=255 erase_cnt=5 (vpc/ipc reset)
[EXP] [ERASE] ch=5 lun=0 pl=0 blk=45 pg=255 erase_cnt=5 (vpc/ipc reset)
[EXP] [ERASE] ch=5 lun=1 pl=0 blk=45 pg=255 erase_cnt=5 (vpc/ipc reset)
[EXP] [ERASE] ch=5 lun=2 pl=0 blk=45 pg=255 erase_cnt=5 (vpc/ipc reset)
[EXP] [ERASE] ch=5 lun=3 pl=0 blk=45 pg=255 erase_cnt=5 (vpc/ipc reset)
[EXP] [ERASE] ch=5 lun=4 pl=0 blk=45 pg=255 erase_cnt=5 (vpc/ipc reset)
[EXP] [ERASE] ch=5 lun=5 pl=0 blk=45 pg=255 erase_cnt=5 (vpc/ipc reset)
[EXP] [ERASE] ch=5 lun=6 pl=0 blk=45 pg=255 erase_cnt=5 (vpc/ipc reset)
[EXP] [ERASE] ch=5 lun=7 pl=0 blk=45 pg=255 erase_cnt=5 (vpc/ipc reset)
[EXP] [ERASE] ch=6 lun=0 pl=0 blk=45 pg=255 erase_cnt=5 (vpc/ipc reset)
[EXP] [ERASE] ch=6 lun=1 pl=0 blk=45 pg=255 erase_cnt=5 (vpc/ipc reset)
[EXP] [ERASE] ch=6 lun=2 pl=0 blk=45 pg=255 erase_cnt=5 (vpc/ipc reset)
[EXP] [ERASE] ch=6 lun=3 pl=0 blk=45 pg=255 erase_cnt=5 (vpc/ipc reset)
[EXP] [ERASE] ch=6 lun=4 pl=0 blk=45 pg=255 erase_cnt=5 (vpc/ipc reset)
[EXP] [ERASE] ch=6 lun=5 pl=0 blk=45 pg=255 erase_cnt=5 (vpc/ipc reset)
[EXP] [ERASE] ch=6 lun=6 pl=0 blk=45 pg=255 erase_cnt=5 (vpc/ipc reset)
[EXP] [ERASE] ch=6 lun=7 pl=0 blk=45 pg=255 erase_cnt=5 (vpc/ipc reset)
[EXP] [ERASE] ch=7 lun=0 pl=0 blk=45 pg=255 erase_cnt=5 (vpc/ipc reset)
[EXP] [ERASE] ch=7 lun=1 pl=0 blk=45 pg=255 erase_cnt=5 (vpc/ipc reset)
[EXP] [ERASE] ch=7 lun=2 pl=0 blk=45 pg=255 erase_cnt=5 (vpc/ipc reset)
[EXP] [ERASE] ch=7 lun=3 pl=0 blk=45 pg=255 erase_cnt=5 (vpc/ipc reset)
[EXP] [ERASE] ch=7 lun=4 pl=0 blk=45 pg=255 erase_cnt=5 (vpc/ipc reset)
[EXP] [ERASE] ch=7 lun=5 pl=0 blk=45 pg=255 erase_cnt=5 (vpc/ipc reset)
[EXP] [ERASE] ch=7 lun=6 pl=0 blk=45 pg=255 erase_cnt=5 (vpc/ipc reset)
[EXP] [ERASE] ch=7 lun=7 pl=0 blk=45 pg=255 erase_cnt=5 (vpc/ipc reset)
[EXP] [ERASE] ch=0 lun=0 pl=0 blk=45 pg=255 erase_cnt=6 (vpc/ipc reset)
[EXP] [ERASE] ch=0 lun=1 pl=0 blk=45 pg=255 erase_cnt=6 (vpc/ipc reset)
[EXP] [ERASE] ch=0 lun=2 pl=0 blk=45 pg=255 erase_cnt=6 (vpc/ipc reset)
[EXP] [ERASE] ch=0 lun=3 pl=0 blk=45 pg=255 erase_cnt=6 (vpc/ipc reset)
[EXP] [ERASE] ch=0 lun=4 pl=0 blk=45 pg=255 erase_cnt=6 (vpc/ipc reset)
[EXP] [ERASE] ch=0 lun=5 pl=0 blk=45 pg=255 erase_cnt=6 (vpc/ipc reset)
[EXP] [ERASE] ch=0 lun=6 pl=0 blk=45 pg=255 erase_cnt=6 (vpc/ipc reset)
[EXP] [ERASE] ch=0 lun=7 pl=0 blk=45 pg=255 erase_cnt=6 (vpc/ipc reset)
[EXP] [ERASE] ch=1 lun=0 pl=0 blk=45 pg=255 erase_cnt=6 (vpc/ipc reset)
[EXP] [ERASE] ch=1 lun=1 pl=0 blk=45 pg=255 erase_cnt=6 (vpc/ipc reset)
[EXP] [ERASE] ch=1 lun=2 pl=0 blk=45 pg=255 erase_cnt=6 (vpc/ipc reset)
[EXP] [ERASE] ch=1 lun=3 pl=0 blk=45 pg=255 erase_cnt=6 (vpc/ipc reset)
[EXP] [ERASE] ch=1 lun=4 pl=0 blk=45 pg=255 erase_cnt=6 (vpc/ipc reset)
[EXP] [ERASE] ch=1 lun=5 pl=0 blk=45 pg=255 erase_cnt=6 (vpc/ipc reset)
[EXP] [ERASE] ch=1 lun=6 pl=0 blk=45 pg=255 erase_cnt=6 (vpc/ipc reset)
[EXP] [ERASE] ch=1 lun=7 pl=0 blk=45 pg=255 erase_cnt=6 (vpc/ipc reset)
[EXP] [ERASE] ch=2 lun=0 pl=0 blk=45 pg=255 erase_cnt=6 (vpc/ipc reset)
[EXP] [ERASE] ch=2 lun=1 pl=0 blk=45 pg=255 erase_cnt=6 (vpc/ipc reset)
[EXP] [ERASE] ch=2 lun=2 pl=0 blk=45 pg=255 erase_cnt=6 (vpc/ipc reset)
[EXP] [ERASE] ch=2 lun=3 pl=0 blk=45 pg=255 erase_cnt=6 (vpc/ipc reset)
[EXP] [ERASE] ch=2 lun=4 pl=0 blk=45 pg=255 erase_cnt=6 (vpc/ipc reset)
[EXP] [ERASE] ch=2 lun=5 pl=0 blk=45 pg=255 erase_cnt=6 (vpc/ipc reset)
[EXP] [ERASE] ch=2 lun=6 pl=0 blk=45 pg=255 erase_cnt=6 (vpc/ipc reset)
[EXP] [ERASE] ch=2 lun=7 pl=0 blk=45 pg=255 erase_cnt=6 (vpc/ipc reset)
[EXP] [ERASE] ch=3 lun=0 pl=0 blk=45 pg=255 erase_cnt=6 (vpc/ipc reset)
[EXP] [ERASE] ch=3 lun=1 pl=0 blk=45 pg=255 erase_cnt=6 (vpc/ipc reset)
[EXP] [ERASE] ch=3 lun=2 pl=0 blk=45 pg=255 erase_cnt=6 (vpc/ipc reset)
[EXP] [ERASE] ch=3 lun=3 pl=0 blk=45 pg=255 erase_cnt=6 (vpc/ipc reset)
[EXP] [ERASE] ch=3 lun=4 pl=0 blk=45 pg=255 erase_cnt=6 (vpc/ipc reset)
[EXP] [ERASE] ch=3 lun=5 pl=0 blk=45 pg=255 erase_cnt=6 (vpc/ipc reset)
[EXP] [ERASE] ch=3 lun=6 pl=0 blk=45 pg=255 erase_cnt=6 (vpc/ipc reset)
[EXP] [ERASE] ch=3 lun=7 pl=0 blk=45 pg=255 erase_cnt=6 (vpc/ipc reset)
[EXP] [ERASE] ch=4 lun=0 pl=0 blk=45 pg=255 erase_cnt=6 (vpc/ipc reset)
[EXP] [ERASE] ch=4 lun=1 pl=0 blk=45 pg=255 erase_cnt=6 (vpc/ipc reset)
[EXP] [ERASE] ch=4 lun=2 pl=0 blk=45 pg=255 erase_cnt=6 (vpc/ipc reset)
[EXP] [ERASE] ch=4 lun=3 pl=0 blk=45 pg=255 erase_cnt=6 (vpc/ipc reset)
[EXP] [ERASE] ch=4 lun=4 pl=0 blk=45 pg=255 erase_cnt=6 (vpc/ipc reset)
[EXP] [ERASE] ch=4 lun=5 pl=0 blk=45 pg=255 erase_cnt=6 (vpc/ipc reset)
[EXP] [ERASE] ch=4 lun=6 pl=0 blk=45 pg=255 erase_cnt=6 (vpc/ipc reset)
[EXP] [ERASE] ch=4 lun=7 pl=0 blk=45 pg=255 erase_cnt=6 (vpc/ipc reset)
[EXP] [ERASE] ch=5 lun=0 pl=0 blk=45 pg=255 erase_cnt=6 (vpc/ipc reset)
[EXP] [ERASE] ch=5 lun=1 pl=0 blk=45 pg=255 erase_cnt=6 (vpc/ipc reset)
[EXP] [ERASE] ch=5 lun=2 pl=0 blk=45 pg=255 erase_cnt=6 (vpc/ipc reset)
[EXP] [ERASE] ch=5 lun=3 pl=0 blk=45 pg=255 erase_cnt=6 (vpc/ipc reset)
[EXP] [ERASE] ch=5 lun=4 pl=0 blk=45 pg=255 erase_cnt=6 (vpc/ipc reset)
[EXP] [ERASE] ch=5 lun=5 pl=0 blk=45 pg=255 erase_cnt=6 (vpc/ipc reset)
[EXP] [ERASE] ch=5 lun=6 pl=0 blk=45 pg=255 erase_cnt=6 (vpc/ipc reset)
[EXP] [ERASE] ch=5 lun=7 pl=0 blk=45 pg=255 erase_cnt=6 (vpc/ipc reset)
[EXP] [ERASE] ch=6 lun=0 pl=0 blk=45 pg=255 erase_cnt=6 (vpc/ipc reset)
[EXP] [ERASE] ch=6 lun=1 pl=0 blk=45 pg=255 erase_cnt=6 (vpc/ipc reset)
[EXP] [ERASE] ch=6 lun=2 pl=0 blk=45 pg=255 erase_cnt=6 (vpc/ipc reset)
[EXP] [ERASE] ch=6 lun=3 pl=0 blk=45 pg=255 erase_cnt=6 (vpc/ipc reset)
[EXP] [ERASE] ch=6 lun=4 pl=0 blk=45 pg=255 erase_cnt=6 (vpc/ipc reset)
[EXP] [ERASE] ch=6 lun=5 pl=0 blk=45 pg=255 erase_cnt=6 (vpc/ipc reset)
[EXP] [ERASE] ch=6 lun=6 pl=0 blk=45 pg=255 erase_cnt=6 (vpc/ipc reset)
[EXP] [ERASE] ch=6 lun=7 pl=0 blk=45 pg=255 erase_cnt=6 (vpc/ipc reset)
[EXP] [ERASE] ch=7 lun=0 pl=0 blk=45 pg=255 erase_cnt=6 (vpc/ipc reset)
[EXP] [ERASE] ch=7 lun=1 pl=0 blk=45 pg=255 erase_cnt=6 (vpc/ipc reset)
[EXP] [ERASE] ch=7 lun=2 pl=0 blk=45 pg=255 erase_cnt=6 (vpc/ipc reset)
[EXP] [ERASE] ch=7 lun=3 pl=0 blk=45 pg=255 erase_cnt=6 (vpc/ipc reset)
[EXP] [ERASE] ch=7 lun=4 pl=0 blk=45 pg=255 erase_cnt=6 (vpc/ipc reset)
[EXP] [ERASE] ch=7 lun=5 pl=0 blk=45 pg=255 erase_cnt=6 (vpc/ipc reset)
[EXP] [ERASE] ch=7 lun=6 pl=0 blk=45 pg=255 erase_cnt=6 (vpc/ipc reset)
[EXP] [ERASE] ch=7 lun=7 pl=0 blk=45 pg=255 erase_cnt=6 (vpc/ipc reset)
[EXP] [ERASE] ch=0 lun=0 pl=0 blk=101 pg=255 erase_cnt=7 (vpc/ipc reset)
[EXP] [ERASE] ch=0 lun=1 pl=0 blk=101 pg=255 erase_cnt=7 (vpc/ipc reset)
[EXP] [ERASE] ch=0 lun=2 pl=0 blk=101 pg=255 erase_cnt=7 (vpc/ipc reset)
[EXP] [ERASE] ch=0 lun=3 pl=0 blk=101 pg=255 erase_cnt=7 (vpc/ipc reset)
[EXP] [ERASE] ch=0 lun=4 pl=0 blk=101 pg=255 erase_cnt=7 (vpc/ipc reset)
[EXP] [ERASE] ch=0 lun=5 pl=0 blk=101 pg=255 erase_cnt=7 (vpc/ipc reset)
[EXP] [ERASE] ch=0 lun=6 pl=0 blk=101 pg=255 erase_cnt=7 (vpc/ipc reset)
[EXP] [ERASE] ch=0 lun=7 pl=0 blk=101 pg=255 erase_cnt=7 (vpc/ipc reset)
[EXP] [ERASE] ch=1 lun=0 pl=0 blk=101 pg=255 erase_cnt=7 (vpc/ipc reset)
[EXP] [ERASE] ch=1 lun=1 pl=0 blk=101 pg=255 erase_cnt=7 (vpc/ipc reset)
[EXP] [ERASE] ch=1 lun=2 pl=0 blk=101 pg=255 erase_cnt=7 (vpc/ipc reset)
[EXP] [ERASE] ch=1 lun=3 pl=0 blk=101 pg=255 erase_cnt=7 (vpc/ipc reset)
[EXP] [ERASE] ch=1 lun=4 pl=0 blk=101 pg=255 erase_cnt=7 (vpc/ipc reset)
[EXP] [ERASE] ch=1 lun=5 pl=0 blk=101 pg=255 erase_cnt=7 (vpc/ipc reset)
[EXP] [ERASE] ch=1 lun=6 pl=0 blk=101 pg=255 erase_cnt=7 (vpc/ipc reset)
[EXP] [ERASE] ch=1 lun=7 pl=0 blk=101 pg=255 erase_cnt=7 (vpc/ipc reset)
[EXP] [ERASE] ch=2 lun=0 pl=0 blk=101 pg=255 erase_cnt=7 (vpc/ipc reset)
[EXP] [ERASE] ch=2 lun=1 pl=0 blk=101 pg=255 erase_cnt=7 (vpc/ipc reset)
[EXP] [ERASE] ch=2 lun=2 pl=0 blk=101 pg=255 erase_cnt=7 (vpc/ipc reset)
[EXP] [ERASE] ch=2 lun=3 pl=0 blk=101 pg=255 erase_cnt=7 (vpc/ipc reset)
[EXP] [ERASE] ch=2 lun=4 pl=0 blk=101 pg=255 erase_cnt=7 (vpc/ipc reset)
[EXP] [ERASE] ch=2 lun=5 pl=0 blk=101 pg=255 erase_cnt=7 (vpc/ipc reset)
[EXP] [ERASE] ch=2 lun=6 pl=0 blk=101 pg=255 erase_cnt=7 (vpc/ipc reset)
[EXP] [ERASE] ch=2 lun=7 pl=0 blk=101 pg=255 erase_cnt=7 (vpc/ipc reset)
[EXP] [ERASE] ch=3 lun=0 pl=0 blk=101 pg=255 erase_cnt=7 (vpc/ipc reset)
[EXP] [ERASE] ch=3 lun=1 pl=0 blk=101 pg=255 erase_cnt=7 (vpc/ipc reset)
[EXP] [ERASE] ch=3 lun=2 pl=0 blk=101 pg=255 erase_cnt=7 (vpc/ipc reset)
[EXP] [ERASE] ch=3 lun=3 pl=0 blk=101 pg=255 erase_cnt=7 (vpc/ipc reset)
[EXP] [ERASE] ch=3 lun=4 pl=0 blk=101 pg=255 erase_cnt=7 (vpc/ipc reset)
[EXP] [ERASE] ch=3 lun=5 pl=0 blk=101 pg=255 erase_cnt=7 (vpc/ipc reset)
[EXP] [ERASE] ch=3 lun=6 pl=0 blk=101 pg=255 erase_cnt=7 (vpc/ipc reset)
[EXP] [ERASE] ch=3 lun=7 pl=0 blk=101 pg=255 erase_cnt=7 (vpc/ipc reset)
[EXP] [ERASE] ch=4 lun=0 pl=0 blk=101 pg=255 erase_cnt=7 (vpc/ipc reset)
[EXP] [ERASE] ch=4 lun=1 pl=0 blk=101 pg=255 erase_cnt=7 (vpc/ipc reset)
[EXP] [ERASE] ch=4 lun=2 pl=0 blk=101 pg=255 erase_cnt=7 (vpc/ipc reset)
[EXP] [ERASE] ch=4 lun=3 pl=0 blk=101 pg=255 erase_cnt=7 (vpc/ipc reset)
[EXP] [ERASE] ch=4 lun=4 pl=0 blk=101 pg=255 erase_cnt=7 (vpc/ipc reset)
[EXP] [ERASE] ch=4 lun=5 pl=0 blk=101 pg=255 erase_cnt=7 (vpc/ipc reset)
[EXP] [ERASE] ch=4 lun=6 pl=0 blk=101 pg=255 erase_cnt=7 (vpc/ipc reset)
[EXP] [ERASE] ch=4 lun=7 pl=0 blk=101 pg=255 erase_cnt=7 (vpc/ipc reset)
[EXP] [ERASE] ch=5 lun=0 pl=0 blk=101 pg=255 erase_cnt=7 (vpc/ipc reset)
[EXP] [ERASE] ch=5 lun=1 pl=0 blk=101 pg=255 erase_cnt=7 (vpc/ipc reset)
[EXP] [ERASE] ch=5 lun=2 pl=0 blk=101 pg=255 erase_cnt=7 (vpc/ipc reset)
[EXP] [ERASE] ch=5 lun=3 pl=0 blk=101 pg=255 erase_cnt=7 (vpc/ipc reset)
[EXP] [ERASE] ch=5 lun=4 pl=0 blk=101 pg=255 erase_cnt=7 (vpc/ipc reset)
[EXP] [ERASE] ch=5 lun=5 pl=0 blk=101 pg=255 erase_cnt=7 (vpc/ipc reset)
[EXP] [ERASE] ch=5 lun=6 pl=0 blk=101 pg=255 erase_cnt=7 (vpc/ipc reset)
[EXP] [ERASE] ch=5 lun=7 pl=0 blk=101 pg=255 erase_cnt=7 (vpc/ipc reset)
[EXP] [ERASE] ch=6 lun=0 pl=0 blk=101 pg=255 erase_cnt=7 (vpc/ipc reset)
[EXP] [ERASE] ch=6 lun=1 pl=0 blk=101 pg=255 erase_cnt=7 (vpc/ipc reset)
[EXP] [ERASE] ch=6 lun=2 pl=0 blk=101 pg=255 erase_cnt=7 (vpc/ipc reset)
[EXP] [ERASE] ch=6 lun=3 pl=0 blk=101 pg=255 erase_cnt=7 (vpc/ipc reset)
[EXP] [ERASE] ch=6 lun=4 pl=0 blk=101 pg=255 erase_cnt=7 (vpc/ipc reset)
[EXP] [ERASE] ch=6 lun=5 pl=0 blk=101 pg=255 erase_cnt=7 (vpc/ipc reset)
[EXP] [ERASE] ch=6 lun=6 pl=0 blk=101 pg=255 erase_cnt=7 (vpc/ipc reset)
[EXP] [ERASE] ch=6 lun=7 pl=0 blk=101 pg=255 erase_cnt=7 (vpc/ipc reset)
[EXP] [ERASE] ch=7 lun=0 pl=0 blk=101 pg=255 erase_cnt=7 (vpc/ipc reset)
[EXP] [ERASE] ch=7 lun=1 pl=0 blk=101 pg=255 erase_cnt=7 (vpc/ipc reset)
[EXP] [ERASE] ch=7 lun=2 pl=0 blk=101 pg=255 erase_cnt=7 (vpc/ipc reset)
[EXP] [ERASE] ch=7 lun=3 pl=0 blk=101 pg=255 erase_cnt=7 (vpc/ipc reset)
[EXP] [ERASE] ch=7 lun=4 pl=0 blk=101 pg=255 erase_cnt=7 (vpc/ipc reset)
[EXP] [ERASE] ch=7 lun=5 pl=0 blk=101 pg=255 erase_cnt=7 (vpc/ipc reset)
[EXP] [ERASE] ch=7 lun=6 pl=0 blk=101 pg=255 erase_cnt=7 (vpc/ipc reset)
[EXP] [ERASE] ch=7 lun=7 pl=0 blk=101 pg=255 erase_cnt=7 (vpc/ipc reset)
[EXP] [ERASE] ch=0 lun=0 pl=0 blk=51 pg=255 erase_cnt=5 (vpc/ipc reset)
[EXP] [ERASE] ch=0 lun=1 pl=0 blk=51 pg=255 erase_cnt=5 (vpc/ipc reset)
[EXP] [ERASE] ch=0 lun=2 pl=0 blk=51 pg=255 erase_cnt=5 (vpc/ipc reset)
[EXP] [ERASE] ch=0 lun=3 pl=0 blk=51 pg=255 erase_cnt=5 (vpc/ipc reset)
[EXP] [ERASE] ch=0 lun=4 pl=0 blk=51 pg=255 erase_cnt=5 (vpc/ipc reset)
[EXP] [ERASE] ch=0 lun=5 pl=0 blk=51 pg=255 erase_cnt=5 (vpc/ipc reset)
[EXP] [ERASE] ch=0 lun=6 pl=0 blk=51 pg=255 erase_cnt=5 (vpc/ipc reset)
[EXP] [ERASE] ch=0 lun=7 pl=0 blk=51 pg=255 erase_cnt=5 (vpc/ipc reset)
[EXP] [ERASE] ch=1 lun=0 pl=0 blk=51 pg=255 erase_cnt=5 (vpc/ipc reset)
[EXP] [ERASE] ch=1 lun=1 pl=0 blk=51 pg=255 erase_cnt=5 (vpc/ipc reset)
[EXP] [ERASE] ch=1 lun=2 pl=0 blk=51 pg=255 erase_cnt=5 (vpc/ipc reset)
[EXP] [ERASE] ch=1 lun=3 pl=0 blk=51 pg=255 erase_cnt=5 (vpc/ipc reset)
[EXP] [ERASE] ch=1 lun=4 pl=0 blk=51 pg=255 erase_cnt=5 (vpc/ipc reset)
[EXP] [ERASE] ch=1 lun=5 pl=0 blk=51 pg=255 erase_cnt=5 (vpc/ipc reset)
[EXP] [ERASE] ch=1 lun=6 pl=0 blk=51 pg=255 erase_cnt=5 (vpc/ipc reset)
[EXP] [ERASE] ch=1 lun=7 pl=0 blk=51 pg=255 erase_cnt=5 (vpc/ipc reset)
[EXP] [ERASE] ch=2 lun=0 pl=0 blk=51 pg=255 erase_cnt=5 (vpc/ipc reset)
[EXP] [ERASE] ch=2 lun=1 pl=0 blk=51 pg=255 erase_cnt=5 (vpc/ipc reset)
[EXP] [ERASE] ch=2 lun=2 pl=0 blk=51 pg=255 erase_cnt=5 (vpc/ipc reset)
[EXP] [ERASE] ch=2 lun=3 pl=0 blk=51 pg=255 erase_cnt=5 (vpc/ipc reset)
[EXP] [ERASE] ch=2 lun=4 pl=0 blk=51 pg=255 erase_cnt=5 (vpc/ipc reset)
[EXP] [ERASE] ch=2 lun=5 pl=0 blk=51 pg=255 erase_cnt=5 (vpc/ipc reset)
[EXP] [ERASE] ch=2 lun=6 pl=0 blk=51 pg=255 erase_cnt=5 (vpc/ipc reset)
[EXP] [ERASE] ch=2 lun=7 pl=0 blk=51 pg=255 erase_cnt=5 (vpc/ipc reset)
[EXP] [ERASE] ch=3 lun=0 pl=0 blk=51 pg=255 erase_cnt=5 (vpc/ipc reset)
[EXP] [ERASE] ch=3 lun=1 pl=0 blk=51 pg=255 erase_cnt=5 (vpc/ipc reset)
[EXP] [ERASE] ch=3 lun=2 pl=0 blk=51 pg=255 erase_cnt=5 (vpc/ipc reset)
[EXP] [ERASE] ch=3 lun=3 pl=0 blk=51 pg=255 erase_cnt=5 (vpc/ipc reset)
[EXP] [ERASE] ch=3 lun=4 pl=0 blk=51 pg=255 erase_cnt=5 (vpc/ipc reset)
[EXP] [ERASE] ch=3 lun=5 pl=0 blk=51 pg=255 erase_cnt=5 (vpc/ipc reset)
[EXP] [ERASE] ch=3 lun=6 pl=0 blk=51 pg=255 erase_cnt=5 (vpc/ipc reset)
[EXP] [ERASE] ch=3 lun=7 pl=0 blk=51 pg=255 erase_cnt=5 (vpc/ipc reset)
[EXP] [ERASE] ch=4 lun=0 pl=0 blk=51 pg=255 erase_cnt=5 (vpc/ipc reset)
[EXP] [ERASE] ch=4 lun=1 pl=0 blk=51 pg=255 erase_cnt=5 (vpc/ipc reset)
[EXP] [ERASE] ch=4 lun=2 pl=0 blk=51 pg=255 erase_cnt=5 (vpc/ipc reset)
[EXP] [ERASE] ch=4 lun=3 pl=0 blk=51 pg=255 erase_cnt=5 (vpc/ipc reset)
[EXP] [ERASE] ch=4 lun=4 pl=0 blk=51 pg=255 erase_cnt=5 (vpc/ipc reset)
[EXP] [ERASE] ch=4 lun=5 pl=0 blk=51 pg=255 erase_cnt=5 (vpc/ipc reset)
[EXP] [ERASE] ch=4 lun=6 pl=0 blk=51 pg=255 erase_cnt=5 (vpc/ipc reset)
[EXP] [ERASE] ch=4 lun=7 pl=0 blk=51 pg=255 erase_cnt=5 (vpc/ipc reset)
[EXP] [ERASE] ch=5 lun=0 pl=0 blk=51 pg=255 erase_cnt=5 (vpc/ipc reset)
[EXP] [ERASE] ch=5 lun=1 pl=0 blk=51 pg=255 erase_cnt=5 (vpc/ipc reset)
[EXP] [ERASE] ch=5 lun=2 pl=0 blk=51 pg=255 erase_cnt=5 (vpc/ipc reset)
[EXP] [ERASE] ch=5 lun=3 pl=0 blk=51 pg=255 erase_cnt=5 (vpc/ipc reset)
[EXP] [ERASE] ch=5 lun=4 pl=0 blk=51 pg=255 erase_cnt=5 (vpc/ipc reset)
[EXP] [ERASE] ch=5 lun=5 pl=0 blk=51 pg=255 erase_cnt=5 (vpc/ipc reset)
[EXP] [ERASE] ch=5 lun=6 pl=0 blk=51 pg=255 erase_cnt=5 (vpc/ipc reset)
[EXP] [ERASE] ch=5 lun=7 pl=0 blk=51 pg=255 erase_cnt=5 (vpc/ipc reset)
[EXP] [ERASE] ch=6 lun=0 pl=0 blk=51 pg=255 erase_cnt=5 (vpc/ipc reset)
[EXP] [ERASE] ch=6 lun=1 pl=0 blk=51 pg=255 erase_cnt=5 (vpc/ipc reset)
[EXP] [ERASE] ch=6 lun=2 pl=0 blk=51 pg=255 erase_cnt=5 (vpc/ipc reset)
[EXP] [ERASE] ch=6 lun=3 pl=0 blk=51 pg=255 erase_cnt=5 (vpc/ipc reset)
[EXP] [ERASE] ch=6 lun=4 pl=0 blk=51 pg=255 erase_cnt=5 (vpc/ipc reset)
[EXP] [ERASE] ch=6 lun=5 pl=0 blk=51 pg=255 erase_cnt=5 (vpc/ipc reset)
[EXP] [ERASE] ch=6 lun=6 pl=0 blk=51 pg=255 erase_cnt=5 (vpc/ipc reset)
[EXP] [ERASE] ch=6 lun=7 pl=0 blk=51 pg=255 erase_cnt=5 (vpc/ipc reset)
[EXP] [ERASE] ch=7 lun=0 pl=0 blk=51 pg=255 erase_cnt=5 (vpc/ipc reset)
[EXP] [ERASE] ch=7 lun=1 pl=0 blk=51 pg=255 erase_cnt=5 (vpc/ipc reset)
[EXP] [ERASE] ch=7 lun=2 pl=0 blk=51 pg=255 erase_cnt=5 (vpc/ipc reset)
[EXP] [ERASE] ch=7 lun=3 pl=0 blk=51 pg=255 erase_cnt=5 (vpc/ipc reset)
[EXP] [ERASE] ch=7 lun=4 pl=0 blk=51 pg=255 erase_cnt=5 (vpc/ipc reset)
[EXP] [ERASE] ch=7 lun=5 pl=0 blk=51 pg=255 erase_cnt=5 (vpc/ipc reset)
[EXP] [ERASE] ch=7 lun=6 pl=0 blk=51 pg=255 erase_cnt=5 (vpc/ipc reset)
[EXP] [ERASE] ch=7 lun=7 pl=0 blk=51 pg=255 erase_cnt=5 (vpc/ipc reset)
[EXP] [ERASE] ch=0 lun=0 pl=0 blk=29 pg=255 erase_cnt=3 (vpc/ipc reset)
[EXP] [ERASE] ch=0 lun=1 pl=0 blk=29 pg=255 erase_cnt=3 (vpc/ipc reset)
[EXP] [ERASE] ch=0 lun=2 pl=0 blk=29 pg=255 erase_cnt=3 (vpc/ipc reset)
[EXP] [ERASE] ch=0 lun=3 pl=0 blk=29 pg=255 erase_cnt=3 (vpc/ipc reset)
[EXP] [ERASE] ch=0 lun=4 pl=0 blk=29 pg=255 erase_cnt=3 (vpc/ipc reset)
[EXP] [ERASE] ch=0 lun=5 pl=0 blk=29 pg=255 erase_cnt=3 (vpc/ipc reset)
[EXP] [ERASE] ch=0 lun=6 pl=0 blk=29 pg=255 erase_cnt=3 (vpc/ipc reset)
[EXP] [ERASE] ch=0 lun=7 pl=0 blk=29 pg=255 erase_cnt=3 (vpc/ipc reset)
[EXP] [ERASE] ch=1 lun=0 pl=0 blk=29 pg=255 erase_cnt=3 (vpc/ipc reset)
[EXP] [ERASE] ch=1 lun=1 pl=0 blk=29 pg=255 erase_cnt=3 (vpc/ipc reset)
[EXP] [ERASE] ch=1 lun=2 pl=0 blk=29 pg=255 erase_cnt=3 (vpc/ipc reset)
[EXP] [ERASE] ch=1 lun=3 pl=0 blk=29 pg=255 erase_cnt=3 (vpc/ipc reset)
[EXP] [ERASE] ch=1 lun=4 pl=0 blk=29 pg=255 erase_cnt=3 (vpc/ipc reset)
[EXP] [ERASE] ch=1 lun=5 pl=0 blk=29 pg=255 erase_cnt=3 (vpc/ipc reset)
[EXP] [ERASE] ch=1 lun=6 pl=0 blk=29 pg=255 erase_cnt=3 (vpc/ipc reset)
[EXP] [ERASE] ch=1 lun=7 pl=0 blk=29 pg=255 erase_cnt=3 (vpc/ipc reset)
[EXP] [ERASE] ch=2 lun=0 pl=0 blk=29 pg=255 erase_cnt=3 (vpc/ipc reset)
[EXP] [ERASE] ch=2 lun=1 pl=0 blk=29 pg=255 erase_cnt=3 (vpc/ipc reset)
[EXP] [ERASE] ch=2 lun=2 pl=0 blk=29 pg=255 erase_cnt=3 (vpc/ipc reset)
[EXP] [ERASE] ch=2 lun=3 pl=0 blk=29 pg=255 erase_cnt=3 (vpc/ipc reset)
[EXP] [ERASE] ch=2 lun=4 pl=0 blk=29 pg=255 erase_cnt=3 (vpc/ipc reset)
[EXP] [ERASE] ch=2 lun=5 pl=0 blk=29 pg=255 erase_cnt=3 (vpc/ipc reset)
[EXP] [ERASE] ch=2 lun=6 pl=0 blk=29 pg=255 erase_cnt=3 (vpc/ipc reset)
[EXP] [ERASE] ch=2 lun=7 pl=0 blk=29 pg=255 erase_cnt=3 (vpc/ipc reset)
[EXP] [ERASE] ch=3 lun=0 pl=0 blk=29 pg=255 erase_cnt=3 (vpc/ipc reset)
[EXP] [ERASE] ch=3 lun=1 pl=0 blk=29 pg=255 erase_cnt=3 (vpc/ipc reset)
[EXP] [ERASE] ch=3 lun=2 pl=0 blk=29 pg=255 erase_cnt=3 (vpc/ipc reset)
[EXP] [ERASE] ch=3 lun=3 pl=0 blk=29 pg=255 erase_cnt=3 (vpc/ipc reset)
[EXP] [ERASE] ch=3 lun=4 pl=0 blk=29 pg=255 erase_cnt=3 (vpc/ipc reset)
[EXP] [ERASE] ch=3 lun=5 pl=0 blk=29 pg=255 erase_cnt=3 (vpc/ipc reset)
[EXP] [ERASE] ch=3 lun=6 pl=0 blk=29 pg=255 erase_cnt=3 (vpc/ipc reset)
[EXP] [ERASE] ch=3 lun=7 pl=0 blk=29 pg=255 erase_cnt=3 (vpc/ipc reset)
[EXP] [GC_MOVE] lpn=0 historical=HOT effective=COLD idle_age=526104 expired=yes access=3 short=2 last_seq=1572870 decay_epoch=24 ch=4 lun=0 pl=0 blk=29 pg=227 -> ch=6 lun=0 pl=0 blk=19 pg=144
[EXP] [ERASE] ch=4 lun=0 pl=0 blk=29 pg=255 erase_cnt=3 (vpc/ipc reset)
[EXP] [ERASE] ch=4 lun=1 pl=0 blk=29 pg=255 erase_cnt=3 (vpc/ipc reset)
[EXP] [ERASE] ch=4 lun=2 pl=0 blk=29 pg=255 erase_cnt=3 (vpc/ipc reset)
[EXP] [ERASE] ch=4 lun=3 pl=0 blk=29 pg=255 erase_cnt=3 (vpc/ipc reset)
[EXP] [ERASE] ch=4 lun=4 pl=0 blk=29 pg=255 erase_cnt=3 (vpc/ipc reset)
[EXP] [ERASE] ch=4 lun=5 pl=0 blk=29 pg=255 erase_cnt=3 (vpc/ipc reset)
[EXP] [ERASE] ch=4 lun=6 pl=0 blk=29 pg=255 erase_cnt=3 (vpc/ipc reset)
[EXP] [ERASE] ch=4 lun=7 pl=0 blk=29 pg=255 erase_cnt=3 (vpc/ipc reset)
[EXP] [ERASE] ch=5 lun=0 pl=0 blk=29 pg=255 erase_cnt=3 (vpc/ipc reset)
[EXP] [ERASE] ch=5 lun=1 pl=0 blk=29 pg=255 erase_cnt=3 (vpc/ipc reset)
[EXP] [ERASE] ch=5 lun=2 pl=0 blk=29 pg=255 erase_cnt=3 (vpc/ipc reset)
[EXP] [ERASE] ch=5 lun=3 pl=0 blk=29 pg=255 erase_cnt=3 (vpc/ipc reset)
[EXP] [ERASE] ch=5 lun=4 pl=0 blk=29 pg=255 erase_cnt=3 (vpc/ipc reset)
[EXP] [ERASE] ch=5 lun=5 pl=0 blk=29 pg=255 erase_cnt=3 (vpc/ipc reset)
[EXP] [ERASE] ch=5 lun=6 pl=0 blk=29 pg=255 erase_cnt=3 (vpc/ipc reset)
[EXP] [ERASE] ch=5 lun=7 pl=0 blk=29 pg=255 erase_cnt=3 (vpc/ipc reset)
[EXP] [ERASE] ch=6 lun=0 pl=0 blk=29 pg=255 erase_cnt=3 (vpc/ipc reset)
[EXP] [ERASE] ch=6 lun=1 pl=0 blk=29 pg=255 erase_cnt=3 (vpc/ipc reset)
[EXP] [ERASE] ch=6 lun=2 pl=0 blk=29 pg=255 erase_cnt=3 (vpc/ipc reset)
[EXP] [ERASE] ch=6 lun=3 pl=0 blk=29 pg=255 erase_cnt=3 (vpc/ipc reset)
[EXP] [ERASE] ch=6 lun=4 pl=0 blk=29 pg=255 erase_cnt=3 (vpc/ipc reset)
[EXP] [ERASE] ch=6 lun=5 pl=0 blk=29 pg=255 erase_cnt=3 (vpc/ipc reset)
[EXP] [ERASE] ch=6 lun=6 pl=0 blk=29 pg=255 erase_cnt=3 (vpc/ipc reset)
[EXP] [ERASE] ch=6 lun=7 pl=0 blk=29 pg=255 erase_cnt=3 (vpc/ipc reset)
[EXP] [ERASE] ch=7 lun=0 pl=0 blk=29 pg=255 erase_cnt=3 (vpc/ipc reset)
[EXP] [ERASE] ch=7 lun=1 pl=0 blk=29 pg=255 erase_cnt=3 (vpc/ipc reset)
[EXP] [ERASE] ch=7 lun=2 pl=0 blk=29 pg=255 erase_cnt=3 (vpc/ipc reset)
[EXP] [ERASE] ch=7 lun=3 pl=0 blk=29 pg=255 erase_cnt=3 (vpc/ipc reset)
[EXP] [ERASE] ch=7 lun=4 pl=0 blk=29 pg=255 erase_cnt=3 (vpc/ipc reset)
[EXP] [ERASE] ch=7 lun=5 pl=0 blk=29 pg=255 erase_cnt=3 (vpc/ipc reset)
[EXP] [ERASE] ch=7 lun=6 pl=0 blk=29 pg=255 erase_cnt=3 (vpc/ipc reset)
[EXP] [ERASE] ch=7 lun=7 pl=0 blk=29 pg=255 erase_cnt=3 (vpc/ipc reset)
[EXP] [ERASE] ch=0 lun=0 pl=0 blk=45 pg=255 erase_cnt=7 (vpc/ipc reset)
[EXP] [ERASE] ch=0 lun=1 pl=0 blk=45 pg=255 erase_cnt=7 (vpc/ipc reset)
[EXP] [ERASE] ch=0 lun=2 pl=0 blk=45 pg=255 erase_cnt=7 (vpc/ipc reset)
[EXP] [ERASE] ch=0 lun=3 pl=0 blk=45 pg=255 erase_cnt=7 (vpc/ipc reset)
[EXP] [ERASE] ch=0 lun=4 pl=0 blk=45 pg=255 erase_cnt=7 (vpc/ipc reset)
[EXP] [ERASE] ch=0 lun=5 pl=0 blk=45 pg=255 erase_cnt=7 (vpc/ipc reset)
[EXP] [ERASE] ch=0 lun=6 pl=0 blk=45 pg=255 erase_cnt=7 (vpc/ipc reset)
[EXP] [ERASE] ch=0 lun=7 pl=0 blk=45 pg=255 erase_cnt=7 (vpc/ipc reset)
[EXP] [ERASE] ch=1 lun=0 pl=0 blk=45 pg=255 erase_cnt=7 (vpc/ipc reset)
[EXP] [ERASE] ch=1 lun=1 pl=0 blk=45 pg=255 erase_cnt=7 (vpc/ipc reset)
[EXP] [ERASE] ch=1 lun=2 pl=0 blk=45 pg=255 erase_cnt=7 (vpc/ipc reset)
[EXP] [ERASE] ch=1 lun=3 pl=0 blk=45 pg=255 erase_cnt=7 (vpc/ipc reset)
[EXP] [ERASE] ch=1 lun=4 pl=0 blk=45 pg=255 erase_cnt=7 (vpc/ipc reset)
[EXP] [ERASE] ch=1 lun=5 pl=0 blk=45 pg=255 erase_cnt=7 (vpc/ipc reset)
[EXP] [ERASE] ch=1 lun=6 pl=0 blk=45 pg=255 erase_cnt=7 (vpc/ipc reset)
[EXP] [ERASE] ch=1 lun=7 pl=0 blk=45 pg=255 erase_cnt=7 (vpc/ipc reset)
[EXP] [ERASE] ch=2 lun=0 pl=0 blk=45 pg=255 erase_cnt=7 (vpc/ipc reset)
[EXP] [ERASE] ch=2 lun=1 pl=0 blk=45 pg=255 erase_cnt=7 (vpc/ipc reset)
[EXP] [ERASE] ch=2 lun=2 pl=0 blk=45 pg=255 erase_cnt=7 (vpc/ipc reset)
[EXP] [ERASE] ch=2 lun=3 pl=0 blk=45 pg=255 erase_cnt=7 (vpc/ipc reset)
[EXP] [ERASE] ch=2 lun=4 pl=0 blk=45 pg=255 erase_cnt=7 (vpc/ipc reset)
[EXP] [ERASE] ch=2 lun=5 pl=0 blk=45 pg=255 erase_cnt=7 (vpc/ipc reset)
[EXP] [ERASE] ch=2 lun=6 pl=0 blk=45 pg=255 erase_cnt=7 (vpc/ipc reset)
[EXP] [ERASE] ch=2 lun=7 pl=0 blk=45 pg=255 erase_cnt=7 (vpc/ipc reset)
[EXP] [ERASE] ch=3 lun=0 pl=0 blk=45 pg=255 erase_cnt=7 (vpc/ipc reset)
[EXP] [ERASE] ch=3 lun=1 pl=0 blk=45 pg=255 erase_cnt=7 (vpc/ipc reset)
[EXP] [ERASE] ch=3 lun=2 pl=0 blk=45 pg=255 erase_cnt=7 (vpc/ipc reset)
[EXP] [ERASE] ch=3 lun=3 pl=0 blk=45 pg=255 erase_cnt=7 (vpc/ipc reset)
[EXP] [ERASE] ch=3 lun=4 pl=0 blk=45 pg=255 erase_cnt=7 (vpc/ipc reset)
[EXP] [ERASE] ch=3 lun=5 pl=0 blk=45 pg=255 erase_cnt=7 (vpc/ipc reset)
[EXP] [ERASE] ch=3 lun=6 pl=0 blk=45 pg=255 erase_cnt=7 (vpc/ipc reset)
[EXP] [ERASE] ch=3 lun=7 pl=0 blk=45 pg=255 erase_cnt=7 (vpc/ipc reset)
[EXP] [ERASE] ch=4 lun=0 pl=0 blk=45 pg=255 erase_cnt=7 (vpc/ipc reset)
[EXP] [ERASE] ch=4 lun=1 pl=0 blk=45 pg=255 erase_cnt=7 (vpc/ipc reset)
[EXP] [ERASE] ch=4 lun=2 pl=0 blk=45 pg=255 erase_cnt=7 (vpc/ipc reset)
[EXP] [ERASE] ch=4 lun=3 pl=0 blk=45 pg=255 erase_cnt=7 (vpc/ipc reset)
[EXP] [ERASE] ch=4 lun=4 pl=0 blk=45 pg=255 erase_cnt=7 (vpc/ipc reset)
[EXP] [ERASE] ch=4 lun=5 pl=0 blk=45 pg=255 erase_cnt=7 (vpc/ipc reset)
[EXP] [ERASE] ch=4 lun=6 pl=0 blk=45 pg=255 erase_cnt=7 (vpc/ipc reset)
[EXP] [ERASE] ch=4 lun=7 pl=0 blk=45 pg=255 erase_cnt=7 (vpc/ipc reset)
[EXP] [ERASE] ch=5 lun=0 pl=0 blk=45 pg=255 erase_cnt=7 (vpc/ipc reset)
[EXP] [ERASE] ch=5 lun=1 pl=0 blk=45 pg=255 erase_cnt=7 (vpc/ipc reset)
[EXP] [ERASE] ch=5 lun=2 pl=0 blk=45 pg=255 erase_cnt=7 (vpc/ipc reset)
[EXP] [ERASE] ch=5 lun=3 pl=0 blk=45 pg=255 erase_cnt=7 (vpc/ipc reset)
[EXP] [ERASE] ch=5 lun=4 pl=0 blk=45 pg=255 erase_cnt=7 (vpc/ipc reset)
[EXP] [ERASE] ch=5 lun=5 pl=0 blk=45 pg=255 erase_cnt=7 (vpc/ipc reset)
[EXP] [ERASE] ch=5 lun=6 pl=0 blk=45 pg=255 erase_cnt=7 (vpc/ipc reset)
[EXP] [ERASE] ch=5 lun=7 pl=0 blk=45 pg=255 erase_cnt=7 (vpc/ipc reset)
[EXP] [ERASE] ch=6 lun=0 pl=0 blk=45 pg=255 erase_cnt=7 (vpc/ipc reset)
[EXP] [ERASE] ch=6 lun=1 pl=0 blk=45 pg=255 erase_cnt=7 (vpc/ipc reset)
[EXP] [ERASE] ch=6 lun=2 pl=0 blk=45 pg=255 erase_cnt=7 (vpc/ipc reset)
[EXP] [ERASE] ch=6 lun=3 pl=0 blk=45 pg=255 erase_cnt=7 (vpc/ipc reset)
[EXP] [ERASE] ch=6 lun=4 pl=0 blk=45 pg=255 erase_cnt=7 (vpc/ipc reset)
[EXP] [ERASE] ch=6 lun=5 pl=0 blk=45 pg=255 erase_cnt=7 (vpc/ipc reset)
[EXP] [ERASE] ch=6 lun=6 pl=0 blk=45 pg=255 erase_cnt=7 (vpc/ipc reset)
[EXP] [ERASE] ch=6 lun=7 pl=0 blk=45 pg=255 erase_cnt=7 (vpc/ipc reset)
[EXP] [ERASE] ch=7 lun=0 pl=0 blk=45 pg=255 erase_cnt=7 (vpc/ipc reset)
[EXP] [ERASE] ch=7 lun=1 pl=0 blk=45 pg=255 erase_cnt=7 (vpc/ipc reset)
[EXP] [ERASE] ch=7 lun=2 pl=0 blk=45 pg=255 erase_cnt=7 (vpc/ipc reset)
[EXP] [ERASE] ch=7 lun=3 pl=0 blk=45 pg=255 erase_cnt=7 (vpc/ipc reset)
[EXP] [ERASE] ch=7 lun=4 pl=0 blk=45 pg=255 erase_cnt=7 (vpc/ipc reset)
[EXP] [ERASE] ch=7 lun=5 pl=0 blk=45 pg=255 erase_cnt=7 (vpc/ipc reset)
[EXP] [ERASE] ch=7 lun=6 pl=0 blk=45 pg=255 erase_cnt=7 (vpc/ipc reset)
[EXP] [ERASE] ch=7 lun=7 pl=0 blk=45 pg=255 erase_cnt=7 (vpc/ipc reset)
[EXP] [ERASE] ch=0 lun=0 pl=0 blk=51 pg=255 erase_cnt=6 (vpc/ipc reset)
[EXP] [ERASE] ch=0 lun=1 pl=0 blk=51 pg=255 erase_cnt=6 (vpc/ipc reset)
[EXP] [ERASE] ch=0 lun=2 pl=0 blk=51 pg=255 erase_cnt=6 (vpc/ipc reset)
[EXP] [ERASE] ch=0 lun=3 pl=0 blk=51 pg=255 erase_cnt=6 (vpc/ipc reset)
[EXP] [ERASE] ch=0 lun=4 pl=0 blk=51 pg=255 erase_cnt=6 (vpc/ipc reset)
[EXP] [ERASE] ch=0 lun=5 pl=0 blk=51 pg=255 erase_cnt=6 (vpc/ipc reset)
[EXP] [ERASE] ch=0 lun=6 pl=0 blk=51 pg=255 erase_cnt=6 (vpc/ipc reset)
[EXP] [ERASE] ch=0 lun=7 pl=0 blk=51 pg=255 erase_cnt=6 (vpc/ipc reset)
[EXP] [ERASE] ch=1 lun=0 pl=0 blk=51 pg=255 erase_cnt=6 (vpc/ipc reset)
[EXP] [ERASE] ch=1 lun=1 pl=0 blk=51 pg=255 erase_cnt=6 (vpc/ipc reset)
[EXP] [ERASE] ch=1 lun=2 pl=0 blk=51 pg=255 erase_cnt=6 (vpc/ipc reset)
[EXP] [ERASE] ch=1 lun=3 pl=0 blk=51 pg=255 erase_cnt=6 (vpc/ipc reset)
[EXP] [ERASE] ch=1 lun=4 pl=0 blk=51 pg=255 erase_cnt=6 (vpc/ipc reset)
[EXP] [ERASE] ch=1 lun=5 pl=0 blk=51 pg=255 erase_cnt=6 (vpc/ipc reset)
[EXP] [ERASE] ch=1 lun=6 pl=0 blk=51 pg=255 erase_cnt=6 (vpc/ipc reset)
[EXP] [ERASE] ch=1 lun=7 pl=0 blk=51 pg=255 erase_cnt=6 (vpc/ipc reset)
[EXP] [ERASE] ch=2 lun=0 pl=0 blk=51 pg=255 erase_cnt=6 (vpc/ipc reset)
[EXP] [ERASE] ch=2 lun=1 pl=0 blk=51 pg=255 erase_cnt=6 (vpc/ipc reset)
[EXP] [ERASE] ch=2 lun=2 pl=0 blk=51 pg=255 erase_cnt=6 (vpc/ipc reset)
[EXP] [ERASE] ch=2 lun=3 pl=0 blk=51 pg=255 erase_cnt=6 (vpc/ipc reset)
[EXP] [ERASE] ch=2 lun=4 pl=0 blk=51 pg=255 erase_cnt=6 (vpc/ipc reset)
[EXP] [ERASE] ch=2 lun=5 pl=0 blk=51 pg=255 erase_cnt=6 (vpc/ipc reset)
[EXP] [ERASE] ch=2 lun=6 pl=0 blk=51 pg=255 erase_cnt=6 (vpc/ipc reset)
[EXP] [ERASE] ch=2 lun=7 pl=0 blk=51 pg=255 erase_cnt=6 (vpc/ipc reset)
[EXP] [ERASE] ch=3 lun=0 pl=0 blk=51 pg=255 erase_cnt=6 (vpc/ipc reset)
[EXP] [ERASE] ch=3 lun=1 pl=0 blk=51 pg=255 erase_cnt=6 (vpc/ipc reset)
[EXP] [ERASE] ch=3 lun=2 pl=0 blk=51 pg=255 erase_cnt=6 (vpc/ipc reset)
[EXP] [ERASE] ch=3 lun=3 pl=0 blk=51 pg=255 erase_cnt=6 (vpc/ipc reset)
[EXP] [ERASE] ch=3 lun=4 pl=0 blk=51 pg=255 erase_cnt=6 (vpc/ipc reset)
[EXP] [ERASE] ch=3 lun=5 pl=0 blk=51 pg=255 erase_cnt=6 (vpc/ipc reset)
[EXP] [ERASE] ch=3 lun=6 pl=0 blk=51 pg=255 erase_cnt=6 (vpc/ipc reset)
[EXP] [ERASE] ch=3 lun=7 pl=0 blk=51 pg=255 erase_cnt=6 (vpc/ipc reset)
[EXP] [ERASE] ch=4 lun=0 pl=0 blk=51 pg=255 erase_cnt=6 (vpc/ipc reset)
[EXP] [ERASE] ch=4 lun=1 pl=0 blk=51 pg=255 erase_cnt=6 (vpc/ipc reset)
[EXP] [ERASE] ch=4 lun=2 pl=0 blk=51 pg=255 erase_cnt=6 (vpc/ipc reset)
[EXP] [ERASE] ch=4 lun=3 pl=0 blk=51 pg=255 erase_cnt=6 (vpc/ipc reset)
[EXP] [ERASE] ch=4 lun=4 pl=0 blk=51 pg=255 erase_cnt=6 (vpc/ipc reset)
[EXP] [ERASE] ch=4 lun=5 pl=0 blk=51 pg=255 erase_cnt=6 (vpc/ipc reset)
[EXP] [ERASE] ch=4 lun=6 pl=0 blk=51 pg=255 erase_cnt=6 (vpc/ipc reset)
[EXP] [ERASE] ch=4 lun=7 pl=0 blk=51 pg=255 erase_cnt=6 (vpc/ipc reset)
[EXP] [ERASE] ch=5 lun=0 pl=0 blk=51 pg=255 erase_cnt=6 (vpc/ipc reset)
[EXP] [ERASE] ch=5 lun=1 pl=0 blk=51 pg=255 erase_cnt=6 (vpc/ipc reset)
[EXP] [ERASE] ch=5 lun=2 pl=0 blk=51 pg=255 erase_cnt=6 (vpc/ipc reset)
[EXP] [ERASE] ch=5 lun=3 pl=0 blk=51 pg=255 erase_cnt=6 (vpc/ipc reset)
[EXP] [ERASE] ch=5 lun=4 pl=0 blk=51 pg=255 erase_cnt=6 (vpc/ipc reset)
[EXP] [ERASE] ch=5 lun=5 pl=0 blk=51 pg=255 erase_cnt=6 (vpc/ipc reset)
[EXP] [ERASE] ch=5 lun=6 pl=0 blk=51 pg=255 erase_cnt=6 (vpc/ipc reset)
[EXP] [ERASE] ch=5 lun=7 pl=0 blk=51 pg=255 erase_cnt=6 (vpc/ipc reset)
[EXP] [ERASE] ch=6 lun=0 pl=0 blk=51 pg=255 erase_cnt=6 (vpc/ipc reset)
[EXP] [ERASE] ch=6 lun=1 pl=0 blk=51 pg=255 erase_cnt=6 (vpc/ipc reset)
[EXP] [ERASE] ch=6 lun=2 pl=0 blk=51 pg=255 erase_cnt=6 (vpc/ipc reset)
[EXP] [ERASE] ch=6 lun=3 pl=0 blk=51 pg=255 erase_cnt=6 (vpc/ipc reset)
[EXP] [ERASE] ch=6 lun=4 pl=0 blk=51 pg=255 erase_cnt=6 (vpc/ipc reset)
[EXP] [ERASE] ch=6 lun=5 pl=0 blk=51 pg=255 erase_cnt=6 (vpc/ipc reset)
[EXP] [ERASE] ch=6 lun=6 pl=0 blk=51 pg=255 erase_cnt=6 (vpc/ipc reset)
[EXP] [ERASE] ch=6 lun=7 pl=0 blk=51 pg=255 erase_cnt=6 (vpc/ipc reset)
[EXP] [ERASE] ch=7 lun=0 pl=0 blk=51 pg=255 erase_cnt=6 (vpc/ipc reset)
[EXP] [ERASE] ch=7 lun=1 pl=0 blk=51 pg=255 erase_cnt=6 (vpc/ipc reset)
[EXP] [ERASE] ch=7 lun=2 pl=0 blk=51 pg=255 erase_cnt=6 (vpc/ipc reset)
[EXP] [ERASE] ch=7 lun=3 pl=0 blk=51 pg=255 erase_cnt=6 (vpc/ipc reset)
[EXP] [ERASE] ch=7 lun=4 pl=0 blk=51 pg=255 erase_cnt=6 (vpc/ipc reset)
[EXP] [ERASE] ch=7 lun=5 pl=0 blk=51 pg=255 erase_cnt=6 (vpc/ipc reset)
[EXP] [ERASE] ch=7 lun=6 pl=0 blk=51 pg=255 erase_cnt=6 (vpc/ipc reset)
[EXP] [ERASE] ch=7 lun=7 pl=0 blk=51 pg=255 erase_cnt=6 (vpc/ipc reset)
[EXP] [ERASE] ch=0 lun=0 pl=0 blk=97 pg=255 erase_cnt=8 (vpc/ipc reset)
[EXP] [ERASE] ch=0 lun=1 pl=0 blk=97 pg=255 erase_cnt=8 (vpc/ipc reset)
[EXP] [ERASE] ch=0 lun=2 pl=0 blk=97 pg=255 erase_cnt=8 (vpc/ipc reset)
[EXP] [ERASE] ch=0 lun=3 pl=0 blk=97 pg=255 erase_cnt=8 (vpc/ipc reset)
[EXP] [ERASE] ch=0 lun=4 pl=0 blk=97 pg=255 erase_cnt=8 (vpc/ipc reset)
[EXP] [ERASE] ch=0 lun=5 pl=0 blk=97 pg=255 erase_cnt=8 (vpc/ipc reset)
[EXP] [ERASE] ch=0 lun=6 pl=0 blk=97 pg=255 erase_cnt=8 (vpc/ipc reset)
[EXP] [ERASE] ch=0 lun=7 pl=0 blk=97 pg=255 erase_cnt=8 (vpc/ipc reset)
[EXP] [ERASE] ch=1 lun=0 pl=0 blk=97 pg=255 erase_cnt=8 (vpc/ipc reset)
[EXP] [ERASE] ch=1 lun=1 pl=0 blk=97 pg=255 erase_cnt=8 (vpc/ipc reset)
[EXP] [ERASE] ch=1 lun=2 pl=0 blk=97 pg=255 erase_cnt=8 (vpc/ipc reset)
[EXP] [ERASE] ch=1 lun=3 pl=0 blk=97 pg=255 erase_cnt=8 (vpc/ipc reset)
[EXP] [ERASE] ch=1 lun=4 pl=0 blk=97 pg=255 erase_cnt=8 (vpc/ipc reset)
[EXP] [ERASE] ch=1 lun=5 pl=0 blk=97 pg=255 erase_cnt=8 (vpc/ipc reset)
[EXP] [ERASE] ch=1 lun=6 pl=0 blk=97 pg=255 erase_cnt=8 (vpc/ipc reset)
[EXP] [ERASE] ch=1 lun=7 pl=0 blk=97 pg=255 erase_cnt=8 (vpc/ipc reset)
[EXP] [ERASE] ch=2 lun=0 pl=0 blk=97 pg=255 erase_cnt=8 (vpc/ipc reset)
[EXP] [ERASE] ch=2 lun=1 pl=0 blk=97 pg=255 erase_cnt=8 (vpc/ipc reset)
[EXP] [ERASE] ch=2 lun=2 pl=0 blk=97 pg=255 erase_cnt=8 (vpc/ipc reset)
[EXP] [ERASE] ch=2 lun=3 pl=0 blk=97 pg=255 erase_cnt=8 (vpc/ipc reset)
[EXP] [ERASE] ch=2 lun=4 pl=0 blk=97 pg=255 erase_cnt=8 (vpc/ipc reset)
[EXP] [ERASE] ch=2 lun=5 pl=0 blk=97 pg=255 erase_cnt=8 (vpc/ipc reset)
[EXP] [ERASE] ch=2 lun=6 pl=0 blk=97 pg=255 erase_cnt=8 (vpc/ipc reset)
[EXP] [ERASE] ch=2 lun=7 pl=0 blk=97 pg=255 erase_cnt=8 (vpc/ipc reset)
[EXP] [ERASE] ch=3 lun=0 pl=0 blk=97 pg=255 erase_cnt=8 (vpc/ipc reset)
[EXP] [ERASE] ch=3 lun=1 pl=0 blk=97 pg=255 erase_cnt=8 (vpc/ipc reset)
[EXP] [ERASE] ch=3 lun=2 pl=0 blk=97 pg=255 erase_cnt=8 (vpc/ipc reset)
[EXP] [ERASE] ch=3 lun=3 pl=0 blk=97 pg=255 erase_cnt=8 (vpc/ipc reset)
[EXP] [ERASE] ch=3 lun=4 pl=0 blk=97 pg=255 erase_cnt=8 (vpc/ipc reset)
[EXP] [ERASE] ch=3 lun=5 pl=0 blk=97 pg=255 erase_cnt=8 (vpc/ipc reset)
[EXP] [ERASE] ch=3 lun=6 pl=0 blk=97 pg=255 erase_cnt=8 (vpc/ipc reset)
[EXP] [ERASE] ch=3 lun=7 pl=0 blk=97 pg=255 erase_cnt=8 (vpc/ipc reset)
[EXP] [ERASE] ch=4 lun=0 pl=0 blk=97 pg=255 erase_cnt=8 (vpc/ipc reset)
[EXP] [ERASE] ch=4 lun=1 pl=0 blk=97 pg=255 erase_cnt=8 (vpc/ipc reset)
[EXP] [ERASE] ch=4 lun=2 pl=0 blk=97 pg=255 erase_cnt=8 (vpc/ipc reset)
[EXP] [ERASE] ch=4 lun=3 pl=0 blk=97 pg=255 erase_cnt=8 (vpc/ipc reset)
[EXP] [ERASE] ch=4 lun=4 pl=0 blk=97 pg=255 erase_cnt=8 (vpc/ipc reset)
[EXP] [ERASE] ch=4 lun=5 pl=0 blk=97 pg=255 erase_cnt=8 (vpc/ipc reset)
[EXP] [ERASE] ch=4 lun=6 pl=0 blk=97 pg=255 erase_cnt=8 (vpc/ipc reset)
[EXP] [ERASE] ch=4 lun=7 pl=0 blk=97 pg=255 erase_cnt=8 (vpc/ipc reset)
[EXP] [ERASE] ch=5 lun=0 pl=0 blk=97 pg=255 erase_cnt=8 (vpc/ipc reset)
[EXP] [ERASE] ch=5 lun=1 pl=0 blk=97 pg=255 erase_cnt=8 (vpc/ipc reset)
[EXP] [ERASE] ch=5 lun=2 pl=0 blk=97 pg=255 erase_cnt=8 (vpc/ipc reset)
[EXP] [ERASE] ch=5 lun=3 pl=0 blk=97 pg=255 erase_cnt=8 (vpc/ipc reset)
[EXP] [ERASE] ch=5 lun=4 pl=0 blk=97 pg=255 erase_cnt=8 (vpc/ipc reset)
[EXP] [ERASE] ch=5 lun=5 pl=0 blk=97 pg=255 erase_cnt=8 (vpc/ipc reset)
[EXP] [ERASE] ch=5 lun=6 pl=0 blk=97 pg=255 erase_cnt=8 (vpc/ipc reset)
[EXP] [ERASE] ch=5 lun=7 pl=0 blk=97 pg=255 erase_cnt=8 (vpc/ipc reset)
[EXP] [ERASE] ch=6 lun=0 pl=0 blk=97 pg=255 erase_cnt=8 (vpc/ipc reset)
[EXP] [ERASE] ch=6 lun=1 pl=0 blk=97 pg=255 erase_cnt=8 (vpc/ipc reset)
[EXP] [ERASE] ch=6 lun=2 pl=0 blk=97 pg=255 erase_cnt=8 (vpc/ipc reset)
[EXP] [ERASE] ch=6 lun=3 pl=0 blk=97 pg=255 erase_cnt=8 (vpc/ipc reset)
[EXP] [ERASE] ch=6 lun=4 pl=0 blk=97 pg=255 erase_cnt=8 (vpc/ipc reset)
[EXP] [ERASE] ch=6 lun=5 pl=0 blk=97 pg=255 erase_cnt=8 (vpc/ipc reset)
[EXP] [ERASE] ch=6 lun=6 pl=0 blk=97 pg=255 erase_cnt=8 (vpc/ipc reset)
[EXP] [ERASE] ch=6 lun=7 pl=0 blk=97 pg=255 erase_cnt=8 (vpc/ipc reset)
[EXP] [ERASE] ch=7 lun=0 pl=0 blk=97 pg=255 erase_cnt=8 (vpc/ipc reset)
[EXP] [ERASE] ch=7 lun=1 pl=0 blk=97 pg=255 erase_cnt=8 (vpc/ipc reset)
[EXP] [ERASE] ch=7 lun=2 pl=0 blk=97 pg=255 erase_cnt=8 (vpc/ipc reset)
[EXP] [ERASE] ch=7 lun=3 pl=0 blk=97 pg=255 erase_cnt=8 (vpc/ipc reset)
[EXP] [ERASE] ch=7 lun=4 pl=0 blk=97 pg=255 erase_cnt=8 (vpc/ipc reset)
[EXP] [ERASE] ch=7 lun=5 pl=0 blk=97 pg=255 erase_cnt=8 (vpc/ipc reset)
[EXP] [ERASE] ch=7 lun=6 pl=0 blk=97 pg=255 erase_cnt=8 (vpc/ipc reset)
[EXP] [ERASE] ch=7 lun=7 pl=0 blk=97 pg=255 erase_cnt=8 (vpc/ipc reset)
[EXP] [ERASE] ch=0 lun=0 pl=0 blk=45 pg=255 erase_cnt=8 (vpc/ipc reset)
[EXP] [ERASE] ch=0 lun=1 pl=0 blk=45 pg=255 erase_cnt=8 (vpc/ipc reset)
[EXP] [ERASE] ch=0 lun=2 pl=0 blk=45 pg=255 erase_cnt=8 (vpc/ipc reset)
[EXP] [ERASE] ch=0 lun=3 pl=0 blk=45 pg=255 erase_cnt=8 (vpc/ipc reset)
[EXP] [ERASE] ch=0 lun=4 pl=0 blk=45 pg=255 erase_cnt=8 (vpc/ipc reset)
[EXP] [ERASE] ch=0 lun=5 pl=0 blk=45 pg=255 erase_cnt=8 (vpc/ipc reset)
[EXP] [ERASE] ch=0 lun=6 pl=0 blk=45 pg=255 erase_cnt=8 (vpc/ipc reset)
[EXP] [ERASE] ch=0 lun=7 pl=0 blk=45 pg=255 erase_cnt=8 (vpc/ipc reset)
[EXP] [ERASE] ch=1 lun=0 pl=0 blk=45 pg=255 erase_cnt=8 (vpc/ipc reset)
[EXP] [ERASE] ch=1 lun=1 pl=0 blk=45 pg=255 erase_cnt=8 (vpc/ipc reset)
[EXP] [ERASE] ch=1 lun=2 pl=0 blk=45 pg=255 erase_cnt=8 (vpc/ipc reset)
[EXP] [ERASE] ch=1 lun=3 pl=0 blk=45 pg=255 erase_cnt=8 (vpc/ipc reset)
[EXP] [ERASE] ch=1 lun=4 pl=0 blk=45 pg=255 erase_cnt=8 (vpc/ipc reset)
[EXP] [ERASE] ch=1 lun=5 pl=0 blk=45 pg=255 erase_cnt=8 (vpc/ipc reset)
[EXP] [ERASE] ch=1 lun=6 pl=0 blk=45 pg=255 erase_cnt=8 (vpc/ipc reset)
[EXP] [ERASE] ch=1 lun=7 pl=0 blk=45 pg=255 erase_cnt=8 (vpc/ipc reset)
[EXP] [ERASE] ch=2 lun=0 pl=0 blk=45 pg=255 erase_cnt=8 (vpc/ipc reset)
[EXP] [ERASE] ch=2 lun=1 pl=0 blk=45 pg=255 erase_cnt=8 (vpc/ipc reset)
[EXP] [ERASE] ch=2 lun=2 pl=0 blk=45 pg=255 erase_cnt=8 (vpc/ipc reset)
[EXP] [ERASE] ch=2 lun=3 pl=0 blk=45 pg=255 erase_cnt=8 (vpc/ipc reset)
[EXP] [ERASE] ch=2 lun=4 pl=0 blk=45 pg=255 erase_cnt=8 (vpc/ipc reset)
[EXP] [ERASE] ch=2 lun=5 pl=0 blk=45 pg=255 erase_cnt=8 (vpc/ipc reset)
[EXP] [ERASE] ch=2 lun=6 pl=0 blk=45 pg=255 erase_cnt=8 (vpc/ipc reset)
[EXP] [ERASE] ch=2 lun=7 pl=0 blk=45 pg=255 erase_cnt=8 (vpc/ipc reset)
[EXP] [ERASE] ch=3 lun=0 pl=0 blk=45 pg=255 erase_cnt=8 (vpc/ipc reset)
[EXP] [ERASE] ch=3 lun=1 pl=0 blk=45 pg=255 erase_cnt=8 (vpc/ipc reset)
[EXP] [ERASE] ch=3 lun=2 pl=0 blk=45 pg=255 erase_cnt=8 (vpc/ipc reset)
[EXP] [ERASE] ch=3 lun=3 pl=0 blk=45 pg=255 erase_cnt=8 (vpc/ipc reset)
[EXP] [ERASE] ch=3 lun=4 pl=0 blk=45 pg=255 erase_cnt=8 (vpc/ipc reset)
[EXP] [ERASE] ch=3 lun=5 pl=0 blk=45 pg=255 erase_cnt=8 (vpc/ipc reset)
[EXP] [ERASE] ch=3 lun=6 pl=0 blk=45 pg=255 erase_cnt=8 (vpc/ipc reset)
[EXP] [ERASE] ch=3 lun=7 pl=0 blk=45 pg=255 erase_cnt=8 (vpc/ipc reset)
[EXP] [ERASE] ch=4 lun=0 pl=0 blk=45 pg=255 erase_cnt=8 (vpc/ipc reset)
[EXP] [ERASE] ch=4 lun=1 pl=0 blk=45 pg=255 erase_cnt=8 (vpc/ipc reset)
[EXP] [ERASE] ch=4 lun=2 pl=0 blk=45 pg=255 erase_cnt=8 (vpc/ipc reset)
[EXP] [ERASE] ch=4 lun=3 pl=0 blk=45 pg=255 erase_cnt=8 (vpc/ipc reset)
[EXP] [ERASE] ch=4 lun=4 pl=0 blk=45 pg=255 erase_cnt=8 (vpc/ipc reset)
[EXP] [ERASE] ch=4 lun=5 pl=0 blk=45 pg=255 erase_cnt=8 (vpc/ipc reset)
[EXP] [ERASE] ch=4 lun=6 pl=0 blk=45 pg=255 erase_cnt=8 (vpc/ipc reset)
[EXP] [ERASE] ch=4 lun=7 pl=0 blk=45 pg=255 erase_cnt=8 (vpc/ipc reset)
[EXP] [ERASE] ch=5 lun=0 pl=0 blk=45 pg=255 erase_cnt=8 (vpc/ipc reset)
[EXP] [ERASE] ch=5 lun=1 pl=0 blk=45 pg=255 erase_cnt=8 (vpc/ipc reset)
[EXP] [ERASE] ch=5 lun=2 pl=0 blk=45 pg=255 erase_cnt=8 (vpc/ipc reset)
[EXP] [ERASE] ch=5 lun=3 pl=0 blk=45 pg=255 erase_cnt=8 (vpc/ipc reset)
[EXP] [ERASE] ch=5 lun=4 pl=0 blk=45 pg=255 erase_cnt=8 (vpc/ipc reset)
[EXP] [ERASE] ch=5 lun=5 pl=0 blk=45 pg=255 erase_cnt=8 (vpc/ipc reset)
[EXP] [ERASE] ch=5 lun=6 pl=0 blk=45 pg=255 erase_cnt=8 (vpc/ipc reset)
[EXP] [ERASE] ch=5 lun=7 pl=0 blk=45 pg=255 erase_cnt=8 (vpc/ipc reset)
[EXP] [ERASE] ch=6 lun=0 pl=0 blk=45 pg=255 erase_cnt=8 (vpc/ipc reset)
[EXP] [ERASE] ch=6 lun=1 pl=0 blk=45 pg=255 erase_cnt=8 (vpc/ipc reset)
[EXP] [ERASE] ch=6 lun=2 pl=0 blk=45 pg=255 erase_cnt=8 (vpc/ipc reset)
[EXP] [ERASE] ch=6 lun=3 pl=0 blk=45 pg=255 erase_cnt=8 (vpc/ipc reset)
[EXP] [ERASE] ch=6 lun=4 pl=0 blk=45 pg=255 erase_cnt=8 (vpc/ipc reset)
[EXP] [ERASE] ch=6 lun=5 pl=0 blk=45 pg=255 erase_cnt=8 (vpc/ipc reset)
[EXP] [ERASE] ch=6 lun=6 pl=0 blk=45 pg=255 erase_cnt=8 (vpc/ipc reset)
[EXP] [ERASE] ch=6 lun=7 pl=0 blk=45 pg=255 erase_cnt=8 (vpc/ipc reset)
[EXP] [ERASE] ch=7 lun=0 pl=0 blk=45 pg=255 erase_cnt=8 (vpc/ipc reset)
[EXP] [ERASE] ch=7 lun=1 pl=0 blk=45 pg=255 erase_cnt=8 (vpc/ipc reset)
[EXP] [ERASE] ch=7 lun=2 pl=0 blk=45 pg=255 erase_cnt=8 (vpc/ipc reset)
[EXP] [ERASE] ch=7 lun=3 pl=0 blk=45 pg=255 erase_cnt=8 (vpc/ipc reset)
[EXP] [ERASE] ch=7 lun=4 pl=0 blk=45 pg=255 erase_cnt=8 (vpc/ipc reset)
[EXP] [ERASE] ch=7 lun=5 pl=0 blk=45 pg=255 erase_cnt=8 (vpc/ipc reset)
[EXP] [ERASE] ch=7 lun=6 pl=0 blk=45 pg=255 erase_cnt=8 (vpc/ipc reset)
[EXP] [ERASE] ch=7 lun=7 pl=0 blk=45 pg=255 erase_cnt=8 (vpc/ipc reset)
[EXP] [ERASE] ch=0 lun=0 pl=0 blk=29 pg=255 erase_cnt=4 (vpc/ipc reset)
[EXP] [ERASE] ch=0 lun=1 pl=0 blk=29 pg=255 erase_cnt=4 (vpc/ipc reset)
[EXP] [ERASE] ch=0 lun=2 pl=0 blk=29 pg=255 erase_cnt=4 (vpc/ipc reset)
[EXP] [ERASE] ch=0 lun=3 pl=0 blk=29 pg=255 erase_cnt=4 (vpc/ipc reset)
[EXP] [ERASE] ch=0 lun=4 pl=0 blk=29 pg=255 erase_cnt=4 (vpc/ipc reset)
[EXP] [ERASE] ch=0 lun=5 pl=0 blk=29 pg=255 erase_cnt=4 (vpc/ipc reset)
[EXP] [ERASE] ch=0 lun=6 pl=0 blk=29 pg=255 erase_cnt=4 (vpc/ipc reset)
[EXP] [ERASE] ch=0 lun=7 pl=0 blk=29 pg=255 erase_cnt=4 (vpc/ipc reset)
[EXP] [ERASE] ch=1 lun=0 pl=0 blk=29 pg=255 erase_cnt=4 (vpc/ipc reset)
[EXP] [ERASE] ch=1 lun=1 pl=0 blk=29 pg=255 erase_cnt=4 (vpc/ipc reset)
[EXP] [ERASE] ch=1 lun=2 pl=0 blk=29 pg=255 erase_cnt=4 (vpc/ipc reset)
[EXP] [ERASE] ch=1 lun=3 pl=0 blk=29 pg=255 erase_cnt=4 (vpc/ipc reset)
[EXP] [ERASE] ch=1 lun=4 pl=0 blk=29 pg=255 erase_cnt=4 (vpc/ipc reset)
[EXP] [ERASE] ch=1 lun=5 pl=0 blk=29 pg=255 erase_cnt=4 (vpc/ipc reset)
[EXP] [ERASE] ch=1 lun=6 pl=0 blk=29 pg=255 erase_cnt=4 (vpc/ipc reset)
[EXP] [ERASE] ch=1 lun=7 pl=0 blk=29 pg=255 erase_cnt=4 (vpc/ipc reset)
[EXP] [ERASE] ch=2 lun=0 pl=0 blk=29 pg=255 erase_cnt=4 (vpc/ipc reset)
[EXP] [ERASE] ch=2 lun=1 pl=0 blk=29 pg=255 erase_cnt=4 (vpc/ipc reset)
[EXP] [ERASE] ch=2 lun=2 pl=0 blk=29 pg=255 erase_cnt=4 (vpc/ipc reset)
[EXP] [ERASE] ch=2 lun=3 pl=0 blk=29 pg=255 erase_cnt=4 (vpc/ipc reset)
[EXP] [ERASE] ch=2 lun=4 pl=0 blk=29 pg=255 erase_cnt=4 (vpc/ipc reset)
[EXP] [ERASE] ch=2 lun=5 pl=0 blk=29 pg=255 erase_cnt=4 (vpc/ipc reset)
[EXP] [ERASE] ch=2 lun=6 pl=0 blk=29 pg=255 erase_cnt=4 (vpc/ipc reset)
[EXP] [ERASE] ch=2 lun=7 pl=0 blk=29 pg=255 erase_cnt=4 (vpc/ipc reset)
[EXP] [ERASE] ch=3 lun=0 pl=0 blk=29 pg=255 erase_cnt=4 (vpc/ipc reset)
[EXP] [ERASE] ch=3 lun=1 pl=0 blk=29 pg=255 erase_cnt=4 (vpc/ipc reset)
[EXP] [ERASE] ch=3 lun=2 pl=0 blk=29 pg=255 erase_cnt=4 (vpc/ipc reset)
[EXP] [ERASE] ch=3 lun=3 pl=0 blk=29 pg=255 erase_cnt=4 (vpc/ipc reset)
[EXP] [ERASE] ch=3 lun=4 pl=0 blk=29 pg=255 erase_cnt=4 (vpc/ipc reset)
[EXP] [ERASE] ch=3 lun=5 pl=0 blk=29 pg=255 erase_cnt=4 (vpc/ipc reset)
[EXP] [ERASE] ch=3 lun=6 pl=0 blk=29 pg=255 erase_cnt=4 (vpc/ipc reset)
[EXP] [ERASE] ch=3 lun=7 pl=0 blk=29 pg=255 erase_cnt=4 (vpc/ipc reset)
[EXP] [ERASE] ch=4 lun=0 pl=0 blk=29 pg=255 erase_cnt=4 (vpc/ipc reset)
[EXP] [ERASE] ch=4 lun=1 pl=0 blk=29 pg=255 erase_cnt=4 (vpc/ipc reset)
[EXP] [ERASE] ch=4 lun=2 pl=0 blk=29 pg=255 erase_cnt=4 (vpc/ipc reset)
[EXP] [ERASE] ch=4 lun=3 pl=0 blk=29 pg=255 erase_cnt=4 (vpc/ipc reset)
[EXP] [ERASE] ch=4 lun=4 pl=0 blk=29 pg=255 erase_cnt=4 (vpc/ipc reset)
[EXP] [ERASE] ch=4 lun=5 pl=0 blk=29 pg=255 erase_cnt=4 (vpc/ipc reset)
[EXP] [ERASE] ch=4 lun=6 pl=0 blk=29 pg=255 erase_cnt=4 (vpc/ipc reset)
[EXP] [ERASE] ch=4 lun=7 pl=0 blk=29 pg=255 erase_cnt=4 (vpc/ipc reset)
[EXP] [ERASE] ch=5 lun=0 pl=0 blk=29 pg=255 erase_cnt=4 (vpc/ipc reset)
[EXP] [ERASE] ch=5 lun=1 pl=0 blk=29 pg=255 erase_cnt=4 (vpc/ipc reset)
[EXP] [ERASE] ch=5 lun=2 pl=0 blk=29 pg=255 erase_cnt=4 (vpc/ipc reset)
[EXP] [ERASE] ch=5 lun=3 pl=0 blk=29 pg=255 erase_cnt=4 (vpc/ipc reset)
[EXP] [ERASE] ch=5 lun=4 pl=0 blk=29 pg=255 erase_cnt=4 (vpc/ipc reset)
[EXP] [ERASE] ch=5 lun=5 pl=0 blk=29 pg=255 erase_cnt=4 (vpc/ipc reset)
[EXP] [ERASE] ch=5 lun=6 pl=0 blk=29 pg=255 erase_cnt=4 (vpc/ipc reset)
[EXP] [ERASE] ch=5 lun=7 pl=0 blk=29 pg=255 erase_cnt=4 (vpc/ipc reset)
[EXP] [ERASE] ch=6 lun=0 pl=0 blk=29 pg=255 erase_cnt=4 (vpc/ipc reset)
[EXP] [ERASE] ch=6 lun=1 pl=0 blk=29 pg=255 erase_cnt=4 (vpc/ipc reset)
[EXP] [ERASE] ch=6 lun=2 pl=0 blk=29 pg=255 erase_cnt=4 (vpc/ipc reset)
[EXP] [ERASE] ch=6 lun=3 pl=0 blk=29 pg=255 erase_cnt=4 (vpc/ipc reset)
[EXP] [ERASE] ch=6 lun=4 pl=0 blk=29 pg=255 erase_cnt=4 (vpc/ipc reset)
[EXP] [ERASE] ch=6 lun=5 pl=0 blk=29 pg=255 erase_cnt=4 (vpc/ipc reset)
[EXP] [ERASE] ch=6 lun=6 pl=0 blk=29 pg=255 erase_cnt=4 (vpc/ipc reset)
[EXP] [ERASE] ch=6 lun=7 pl=0 blk=29 pg=255 erase_cnt=4 (vpc/ipc reset)
[EXP] [ERASE] ch=7 lun=0 pl=0 blk=29 pg=255 erase_cnt=4 (vpc/ipc reset)
[EXP] [ERASE] ch=7 lun=1 pl=0 blk=29 pg=255 erase_cnt=4 (vpc/ipc reset)
[EXP] [ERASE] ch=7 lun=2 pl=0 blk=29 pg=255 erase_cnt=4 (vpc/ipc reset)
[EXP] [ERASE] ch=7 lun=3 pl=0 blk=29 pg=255 erase_cnt=4 (vpc/ipc reset)
[EXP] [ERASE] ch=7 lun=4 pl=0 blk=29 pg=255 erase_cnt=4 (vpc/ipc reset)
[EXP] [ERASE] ch=7 lun=5 pl=0 blk=29 pg=255 erase_cnt=4 (vpc/ipc reset)
[EXP] [ERASE] ch=7 lun=6 pl=0 blk=29 pg=255 erase_cnt=4 (vpc/ipc reset)
[EXP] [ERASE] ch=7 lun=7 pl=0 blk=29 pg=255 erase_cnt=4 (vpc/ipc reset)
[EXP] [ERASE] ch=0 lun=0 pl=0 blk=101 pg=255 erase_cnt=8 (vpc/ipc reset)
[EXP] [ERASE] ch=0 lun=1 pl=0 blk=101 pg=255 erase_cnt=8 (vpc/ipc reset)
[EXP] [ERASE] ch=0 lun=2 pl=0 blk=101 pg=255 erase_cnt=8 (vpc/ipc reset)
[EXP] [ERASE] ch=0 lun=3 pl=0 blk=101 pg=255 erase_cnt=8 (vpc/ipc reset)
[EXP] [ERASE] ch=0 lun=4 pl=0 blk=101 pg=255 erase_cnt=8 (vpc/ipc reset)
[EXP] [ERASE] ch=0 lun=5 pl=0 blk=101 pg=255 erase_cnt=8 (vpc/ipc reset)
[EXP] [ERASE] ch=0 lun=6 pl=0 blk=101 pg=255 erase_cnt=8 (vpc/ipc reset)
[EXP] [ERASE] ch=0 lun=7 pl=0 blk=101 pg=255 erase_cnt=8 (vpc/ipc reset)
[EXP] [ERASE] ch=1 lun=0 pl=0 blk=101 pg=255 erase_cnt=8 (vpc/ipc reset)
[EXP] [ERASE] ch=1 lun=1 pl=0 blk=101 pg=255 erase_cnt=8 (vpc/ipc reset)
[EXP] [ERASE] ch=1 lun=2 pl=0 blk=101 pg=255 erase_cnt=8 (vpc/ipc reset)
[EXP] [ERASE] ch=1 lun=3 pl=0 blk=101 pg=255 erase_cnt=8 (vpc/ipc reset)
[EXP] [ERASE] ch=1 lun=4 pl=0 blk=101 pg=255 erase_cnt=8 (vpc/ipc reset)
[EXP] [ERASE] ch=1 lun=5 pl=0 blk=101 pg=255 erase_cnt=8 (vpc/ipc reset)
[EXP] [ERASE] ch=1 lun=6 pl=0 blk=101 pg=255 erase_cnt=8 (vpc/ipc reset)
[EXP] [ERASE] ch=1 lun=7 pl=0 blk=101 pg=255 erase_cnt=8 (vpc/ipc reset)
[EXP] [ERASE] ch=2 lun=0 pl=0 blk=101 pg=255 erase_cnt=8 (vpc/ipc reset)
[EXP] [ERASE] ch=2 lun=1 pl=0 blk=101 pg=255 erase_cnt=8 (vpc/ipc reset)
[EXP] [ERASE] ch=2 lun=2 pl=0 blk=101 pg=255 erase_cnt=8 (vpc/ipc reset)
[EXP] [ERASE] ch=2 lun=3 pl=0 blk=101 pg=255 erase_cnt=8 (vpc/ipc reset)
[EXP] [ERASE] ch=2 lun=4 pl=0 blk=101 pg=255 erase_cnt=8 (vpc/ipc reset)
[EXP] [ERASE] ch=2 lun=5 pl=0 blk=101 pg=255 erase_cnt=8 (vpc/ipc reset)
[EXP] [ERASE] ch=2 lun=6 pl=0 blk=101 pg=255 erase_cnt=8 (vpc/ipc reset)
[EXP] [ERASE] ch=2 lun=7 pl=0 blk=101 pg=255 erase_cnt=8 (vpc/ipc reset)
[EXP] [ERASE] ch=3 lun=0 pl=0 blk=101 pg=255 erase_cnt=8 (vpc/ipc reset)
[EXP] [ERASE] ch=3 lun=1 pl=0 blk=101 pg=255 erase_cnt=8 (vpc/ipc reset)
[EXP] [ERASE] ch=3 lun=2 pl=0 blk=101 pg=255 erase_cnt=8 (vpc/ipc reset)
[EXP] [ERASE] ch=3 lun=3 pl=0 blk=101 pg=255 erase_cnt=8 (vpc/ipc reset)
[EXP] [ERASE] ch=3 lun=4 pl=0 blk=101 pg=255 erase_cnt=8 (vpc/ipc reset)
[EXP] [ERASE] ch=3 lun=5 pl=0 blk=101 pg=255 erase_cnt=8 (vpc/ipc reset)
[EXP] [ERASE] ch=3 lun=6 pl=0 blk=101 pg=255 erase_cnt=8 (vpc/ipc reset)
[EXP] [ERASE] ch=3 lun=7 pl=0 blk=101 pg=255 erase_cnt=8 (vpc/ipc reset)
[EXP] [ERASE] ch=4 lun=0 pl=0 blk=101 pg=255 erase_cnt=8 (vpc/ipc reset)
[EXP] [ERASE] ch=4 lun=1 pl=0 blk=101 pg=255 erase_cnt=8 (vpc/ipc reset)
[EXP] [ERASE] ch=4 lun=2 pl=0 blk=101 pg=255 erase_cnt=8 (vpc/ipc reset)
[EXP] [ERASE] ch=4 lun=3 pl=0 blk=101 pg=255 erase_cnt=8 (vpc/ipc reset)
[EXP] [ERASE] ch=4 lun=4 pl=0 blk=101 pg=255 erase_cnt=8 (vpc/ipc reset)
[EXP] [ERASE] ch=4 lun=5 pl=0 blk=101 pg=255 erase_cnt=8 (vpc/ipc reset)
[EXP] [ERASE] ch=4 lun=6 pl=0 blk=101 pg=255 erase_cnt=8 (vpc/ipc reset)
[EXP] [ERASE] ch=4 lun=7 pl=0 blk=101 pg=255 erase_cnt=8 (vpc/ipc reset)
[EXP] [ERASE] ch=5 lun=0 pl=0 blk=101 pg=255 erase_cnt=8 (vpc/ipc reset)
[EXP] [ERASE] ch=5 lun=1 pl=0 blk=101 pg=255 erase_cnt=8 (vpc/ipc reset)
[EXP] [ERASE] ch=5 lun=2 pl=0 blk=101 pg=255 erase_cnt=8 (vpc/ipc reset)
[EXP] [ERASE] ch=5 lun=3 pl=0 blk=101 pg=255 erase_cnt=8 (vpc/ipc reset)
[EXP] [ERASE] ch=5 lun=4 pl=0 blk=101 pg=255 erase_cnt=8 (vpc/ipc reset)
[EXP] [ERASE] ch=5 lun=5 pl=0 blk=101 pg=255 erase_cnt=8 (vpc/ipc reset)
[EXP] [ERASE] ch=5 lun=6 pl=0 blk=101 pg=255 erase_cnt=8 (vpc/ipc reset)
[EXP] [ERASE] ch=5 lun=7 pl=0 blk=101 pg=255 erase_cnt=8 (vpc/ipc reset)
[EXP] [ERASE] ch=6 lun=0 pl=0 blk=101 pg=255 erase_cnt=8 (vpc/ipc reset)
[EXP] [ERASE] ch=6 lun=1 pl=0 blk=101 pg=255 erase_cnt=8 (vpc/ipc reset)
[EXP] [ERASE] ch=6 lun=2 pl=0 blk=101 pg=255 erase_cnt=8 (vpc/ipc reset)
[EXP] [ERASE] ch=6 lun=3 pl=0 blk=101 pg=255 erase_cnt=8 (vpc/ipc reset)
[EXP] [ERASE] ch=6 lun=4 pl=0 blk=101 pg=255 erase_cnt=8 (vpc/ipc reset)
[EXP] [ERASE] ch=6 lun=5 pl=0 blk=101 pg=255 erase_cnt=8 (vpc/ipc reset)
[EXP] [ERASE] ch=6 lun=6 pl=0 blk=101 pg=255 erase_cnt=8 (vpc/ipc reset)
[EXP] [ERASE] ch=6 lun=7 pl=0 blk=101 pg=255 erase_cnt=8 (vpc/ipc reset)
[EXP] [ERASE] ch=7 lun=0 pl=0 blk=101 pg=255 erase_cnt=8 (vpc/ipc reset)
[EXP] [ERASE] ch=7 lun=1 pl=0 blk=101 pg=255 erase_cnt=8 (vpc/ipc reset)
[EXP] [ERASE] ch=7 lun=2 pl=0 blk=101 pg=255 erase_cnt=8 (vpc/ipc reset)
[EXP] [ERASE] ch=7 lun=3 pl=0 blk=101 pg=255 erase_cnt=8 (vpc/ipc reset)
[EXP] [ERASE] ch=7 lun=4 pl=0 blk=101 pg=255 erase_cnt=8 (vpc/ipc reset)
[EXP] [ERASE] ch=7 lun=5 pl=0 blk=101 pg=255 erase_cnt=8 (vpc/ipc reset)
[EXP] [ERASE] ch=7 lun=6 pl=0 blk=101 pg=255 erase_cnt=8 (vpc/ipc reset)
[EXP] [ERASE] ch=7 lun=7 pl=0 blk=101 pg=255 erase_cnt=8 (vpc/ipc reset)
[EXP] [ERASE] ch=0 lun=0 pl=0 blk=19 pg=255 erase_cnt=5 (vpc/ipc reset)
[EXP] [ERASE] ch=0 lun=1 pl=0 blk=19 pg=255 erase_cnt=5 (vpc/ipc reset)
[EXP] [ERASE] ch=0 lun=2 pl=0 blk=19 pg=255 erase_cnt=5 (vpc/ipc reset)
[EXP] [ERASE] ch=0 lun=3 pl=0 blk=19 pg=255 erase_cnt=5 (vpc/ipc reset)
[EXP] [ERASE] ch=0 lun=4 pl=0 blk=19 pg=255 erase_cnt=5 (vpc/ipc reset)
[EXP] [ERASE] ch=0 lun=5 pl=0 blk=19 pg=255 erase_cnt=5 (vpc/ipc reset)
[EXP] [ERASE] ch=0 lun=6 pl=0 blk=19 pg=255 erase_cnt=5 (vpc/ipc reset)
[EXP] [ERASE] ch=0 lun=7 pl=0 blk=19 pg=255 erase_cnt=5 (vpc/ipc reset)
[EXP] [ERASE] ch=1 lun=0 pl=0 blk=19 pg=255 erase_cnt=5 (vpc/ipc reset)
[EXP] [ERASE] ch=1 lun=1 pl=0 blk=19 pg=255 erase_cnt=5 (vpc/ipc reset)
[EXP] [ERASE] ch=1 lun=2 pl=0 blk=19 pg=255 erase_cnt=5 (vpc/ipc reset)
[EXP] [ERASE] ch=1 lun=3 pl=0 blk=19 pg=255 erase_cnt=5 (vpc/ipc reset)
[EXP] [ERASE] ch=1 lun=4 pl=0 blk=19 pg=255 erase_cnt=5 (vpc/ipc reset)
[EXP] [ERASE] ch=1 lun=5 pl=0 blk=19 pg=255 erase_cnt=5 (vpc/ipc reset)
[EXP] [ERASE] ch=1 lun=6 pl=0 blk=19 pg=255 erase_cnt=5 (vpc/ipc reset)
[EXP] [ERASE] ch=1 lun=7 pl=0 blk=19 pg=255 erase_cnt=5 (vpc/ipc reset)
[EXP] [ERASE] ch=2 lun=0 pl=0 blk=19 pg=255 erase_cnt=5 (vpc/ipc reset)
[EXP] [ERASE] ch=2 lun=1 pl=0 blk=19 pg=255 erase_cnt=5 (vpc/ipc reset)
[EXP] [ERASE] ch=2 lun=2 pl=0 blk=19 pg=255 erase_cnt=5 (vpc/ipc reset)
[EXP] [ERASE] ch=2 lun=3 pl=0 blk=19 pg=255 erase_cnt=5 (vpc/ipc reset)
[EXP] [ERASE] ch=2 lun=4 pl=0 blk=19 pg=255 erase_cnt=5 (vpc/ipc reset)
[EXP] [ERASE] ch=2 lun=5 pl=0 blk=19 pg=255 erase_cnt=5 (vpc/ipc reset)
[EXP] [ERASE] ch=2 lun=6 pl=0 blk=19 pg=255 erase_cnt=5 (vpc/ipc reset)
[EXP] [ERASE] ch=2 lun=7 pl=0 blk=19 pg=255 erase_cnt=5 (vpc/ipc reset)
[EXP] [ERASE] ch=3 lun=0 pl=0 blk=19 pg=255 erase_cnt=5 (vpc/ipc reset)
[EXP] [ERASE] ch=3 lun=1 pl=0 blk=19 pg=255 erase_cnt=5 (vpc/ipc reset)
[EXP] [ERASE] ch=3 lun=2 pl=0 blk=19 pg=255 erase_cnt=5 (vpc/ipc reset)
[EXP] [ERASE] ch=3 lun=3 pl=0 blk=19 pg=255 erase_cnt=5 (vpc/ipc reset)
[EXP] [ERASE] ch=3 lun=4 pl=0 blk=19 pg=255 erase_cnt=5 (vpc/ipc reset)
[EXP] [ERASE] ch=3 lun=5 pl=0 blk=19 pg=255 erase_cnt=5 (vpc/ipc reset)
[EXP] [ERASE] ch=3 lun=6 pl=0 blk=19 pg=255 erase_cnt=5 (vpc/ipc reset)
[EXP] [ERASE] ch=3 lun=7 pl=0 blk=19 pg=255 erase_cnt=5 (vpc/ipc reset)
[EXP] [ERASE] ch=4 lun=0 pl=0 blk=19 pg=255 erase_cnt=5 (vpc/ipc reset)
[EXP] [ERASE] ch=4 lun=1 pl=0 blk=19 pg=255 erase_cnt=5 (vpc/ipc reset)
[EXP] [ERASE] ch=4 lun=2 pl=0 blk=19 pg=255 erase_cnt=5 (vpc/ipc reset)
[EXP] [ERASE] ch=4 lun=3 pl=0 blk=19 pg=255 erase_cnt=5 (vpc/ipc reset)
[EXP] [ERASE] ch=4 lun=4 pl=0 blk=19 pg=255 erase_cnt=5 (vpc/ipc reset)
[EXP] [ERASE] ch=4 lun=5 pl=0 blk=19 pg=255 erase_cnt=5 (vpc/ipc reset)
[EXP] [ERASE] ch=4 lun=6 pl=0 blk=19 pg=255 erase_cnt=5 (vpc/ipc reset)
[EXP] [ERASE] ch=4 lun=7 pl=0 blk=19 pg=255 erase_cnt=5 (vpc/ipc reset)
[EXP] [ERASE] ch=5 lun=0 pl=0 blk=19 pg=255 erase_cnt=5 (vpc/ipc reset)
[EXP] [ERASE] ch=5 lun=1 pl=0 blk=19 pg=255 erase_cnt=5 (vpc/ipc reset)
[EXP] [ERASE] ch=5 lun=2 pl=0 blk=19 pg=255 erase_cnt=5 (vpc/ipc reset)
[EXP] [ERASE] ch=5 lun=3 pl=0 blk=19 pg=255 erase_cnt=5 (vpc/ipc reset)
[EXP] [ERASE] ch=5 lun=4 pl=0 blk=19 pg=255 erase_cnt=5 (vpc/ipc reset)
[EXP] [ERASE] ch=5 lun=5 pl=0 blk=19 pg=255 erase_cnt=5 (vpc/ipc reset)
[EXP] [ERASE] ch=5 lun=6 pl=0 blk=19 pg=255 erase_cnt=5 (vpc/ipc reset)
[EXP] [ERASE] ch=5 lun=7 pl=0 blk=19 pg=255 erase_cnt=5 (vpc/ipc reset)
[EXP] [GC_MOVE] lpn=0 historical=HOT effective=COLD idle_age=631024 expired=yes access=3 short=2 last_seq=1572870 decay_epoch=24 ch=6 lun=0 pl=0 blk=19 pg=144 -> ch=4 lun=2 pl=0 blk=63 pg=224
[EXP] [ERASE] ch=6 lun=0 pl=0 blk=19 pg=255 erase_cnt=5 (vpc/ipc reset)
[EXP] [ERASE] ch=6 lun=1 pl=0 blk=19 pg=255 erase_cnt=5 (vpc/ipc reset)
[EXP] [ERASE] ch=6 lun=2 pl=0 blk=19 pg=255 erase_cnt=5 (vpc/ipc reset)
[EXP] [ERASE] ch=6 lun=3 pl=0 blk=19 pg=255 erase_cnt=5 (vpc/ipc reset)
[EXP] [ERASE] ch=6 lun=4 pl=0 blk=19 pg=255 erase_cnt=5 (vpc/ipc reset)
[EXP] [ERASE] ch=6 lun=5 pl=0 blk=19 pg=255 erase_cnt=5 (vpc/ipc reset)
[EXP] [ERASE] ch=6 lun=6 pl=0 blk=19 pg=255 erase_cnt=5 (vpc/ipc reset)
[EXP] [ERASE] ch=6 lun=7 pl=0 blk=19 pg=255 erase_cnt=5 (vpc/ipc reset)
[EXP] [ERASE] ch=7 lun=0 pl=0 blk=19 pg=255 erase_cnt=5 (vpc/ipc reset)
[EXP] [ERASE] ch=7 lun=1 pl=0 blk=19 pg=255 erase_cnt=5 (vpc/ipc reset)
[EXP] [ERASE] ch=7 lun=2 pl=0 blk=19 pg=255 erase_cnt=5 (vpc/ipc reset)
[EXP] [ERASE] ch=7 lun=3 pl=0 blk=19 pg=255 erase_cnt=5 (vpc/ipc reset)
[EXP] [ERASE] ch=7 lun=4 pl=0 blk=19 pg=255 erase_cnt=5 (vpc/ipc reset)
[EXP] [ERASE] ch=7 lun=5 pl=0 blk=19 pg=255 erase_cnt=5 (vpc/ipc reset)
[EXP] [ERASE] ch=7 lun=6 pl=0 blk=19 pg=255 erase_cnt=5 (vpc/ipc reset)
[EXP] [ERASE] ch=7 lun=7 pl=0 blk=19 pg=255 erase_cnt=5 (vpc/ipc reset)
[EXP] [ERASE] ch=0 lun=0 pl=0 blk=101 pg=255 erase_cnt=9 (vpc/ipc reset)
[EXP] [ERASE] ch=0 lun=1 pl=0 blk=101 pg=255 erase_cnt=9 (vpc/ipc reset)
[EXP] [ERASE] ch=0 lun=2 pl=0 blk=101 pg=255 erase_cnt=9 (vpc/ipc reset)
[EXP] [ERASE] ch=0 lun=3 pl=0 blk=101 pg=255 erase_cnt=9 (vpc/ipc reset)
[EXP] [ERASE] ch=0 lun=4 pl=0 blk=101 pg=255 erase_cnt=9 (vpc/ipc reset)
[EXP] [ERASE] ch=0 lun=5 pl=0 blk=101 pg=255 erase_cnt=9 (vpc/ipc reset)
[EXP] [ERASE] ch=0 lun=6 pl=0 blk=101 pg=255 erase_cnt=9 (vpc/ipc reset)
[EXP] [ERASE] ch=0 lun=7 pl=0 blk=101 pg=255 erase_cnt=9 (vpc/ipc reset)
[EXP] [ERASE] ch=1 lun=0 pl=0 blk=101 pg=255 erase_cnt=9 (vpc/ipc reset)
[EXP] [ERASE] ch=1 lun=1 pl=0 blk=101 pg=255 erase_cnt=9 (vpc/ipc reset)
[EXP] [ERASE] ch=1 lun=2 pl=0 blk=101 pg=255 erase_cnt=9 (vpc/ipc reset)
[EXP] [ERASE] ch=1 lun=3 pl=0 blk=101 pg=255 erase_cnt=9 (vpc/ipc reset)
[EXP] [ERASE] ch=1 lun=4 pl=0 blk=101 pg=255 erase_cnt=9 (vpc/ipc reset)
[EXP] [ERASE] ch=1 lun=5 pl=0 blk=101 pg=255 erase_cnt=9 (vpc/ipc reset)
[EXP] [ERASE] ch=1 lun=6 pl=0 blk=101 pg=255 erase_cnt=9 (vpc/ipc reset)
[EXP] [ERASE] ch=1 lun=7 pl=0 blk=101 pg=255 erase_cnt=9 (vpc/ipc reset)
[EXP] [ERASE] ch=2 lun=0 pl=0 blk=101 pg=255 erase_cnt=9 (vpc/ipc reset)
[EXP] [ERASE] ch=2 lun=1 pl=0 blk=101 pg=255 erase_cnt=9 (vpc/ipc reset)
[EXP] [ERASE] ch=2 lun=2 pl=0 blk=101 pg=255 erase_cnt=9 (vpc/ipc reset)
[EXP] [ERASE] ch=2 lun=3 pl=0 blk=101 pg=255 erase_cnt=9 (vpc/ipc reset)
[EXP] [ERASE] ch=2 lun=4 pl=0 blk=101 pg=255 erase_cnt=9 (vpc/ipc reset)
[EXP] [ERASE] ch=2 lun=5 pl=0 blk=101 pg=255 erase_cnt=9 (vpc/ipc reset)
[EXP] [ERASE] ch=2 lun=6 pl=0 blk=101 pg=255 erase_cnt=9 (vpc/ipc reset)
[EXP] [ERASE] ch=2 lun=7 pl=0 blk=101 pg=255 erase_cnt=9 (vpc/ipc reset)
[EXP] [ERASE] ch=3 lun=0 pl=0 blk=101 pg=255 erase_cnt=9 (vpc/ipc reset)
[EXP] [ERASE] ch=3 lun=1 pl=0 blk=101 pg=255 erase_cnt=9 (vpc/ipc reset)
[EXP] [ERASE] ch=3 lun=2 pl=0 blk=101 pg=255 erase_cnt=9 (vpc/ipc reset)
[EXP] [ERASE] ch=3 lun=3 pl=0 blk=101 pg=255 erase_cnt=9 (vpc/ipc reset)
[EXP] [ERASE] ch=3 lun=4 pl=0 blk=101 pg=255 erase_cnt=9 (vpc/ipc reset)
[EXP] [ERASE] ch=3 lun=5 pl=0 blk=101 pg=255 erase_cnt=9 (vpc/ipc reset)
[EXP] [ERASE] ch=3 lun=6 pl=0 blk=101 pg=255 erase_cnt=9 (vpc/ipc reset)
[EXP] [ERASE] ch=3 lun=7 pl=0 blk=101 pg=255 erase_cnt=9 (vpc/ipc reset)
[EXP] [ERASE] ch=4 lun=0 pl=0 blk=101 pg=255 erase_cnt=9 (vpc/ipc reset)
[EXP] [ERASE] ch=4 lun=1 pl=0 blk=101 pg=255 erase_cnt=9 (vpc/ipc reset)
[EXP] [ERASE] ch=4 lun=2 pl=0 blk=101 pg=255 erase_cnt=9 (vpc/ipc reset)
[EXP] [ERASE] ch=4 lun=3 pl=0 blk=101 pg=255 erase_cnt=9 (vpc/ipc reset)
[EXP] [ERASE] ch=4 lun=4 pl=0 blk=101 pg=255 erase_cnt=9 (vpc/ipc reset)
[EXP] [ERASE] ch=4 lun=5 pl=0 blk=101 pg=255 erase_cnt=9 (vpc/ipc reset)
[EXP] [ERASE] ch=4 lun=6 pl=0 blk=101 pg=255 erase_cnt=9 (vpc/ipc reset)
[EXP] [ERASE] ch=4 lun=7 pl=0 blk=101 pg=255 erase_cnt=9 (vpc/ipc reset)
[EXP] [ERASE] ch=5 lun=0 pl=0 blk=101 pg=255 erase_cnt=9 (vpc/ipc reset)
[EXP] [ERASE] ch=5 lun=1 pl=0 blk=101 pg=255 erase_cnt=9 (vpc/ipc reset)
[EXP] [ERASE] ch=5 lun=2 pl=0 blk=101 pg=255 erase_cnt=9 (vpc/ipc reset)
[EXP] [ERASE] ch=5 lun=3 pl=0 blk=101 pg=255 erase_cnt=9 (vpc/ipc reset)
[EXP] [ERASE] ch=5 lun=4 pl=0 blk=101 pg=255 erase_cnt=9 (vpc/ipc reset)
[EXP] [ERASE] ch=5 lun=5 pl=0 blk=101 pg=255 erase_cnt=9 (vpc/ipc reset)
[EXP] [ERASE] ch=5 lun=6 pl=0 blk=101 pg=255 erase_cnt=9 (vpc/ipc reset)
[EXP] [ERASE] ch=5 lun=7 pl=0 blk=101 pg=255 erase_cnt=9 (vpc/ipc reset)
[EXP] [ERASE] ch=6 lun=0 pl=0 blk=101 pg=255 erase_cnt=9 (vpc/ipc reset)
[EXP] [ERASE] ch=6 lun=1 pl=0 blk=101 pg=255 erase_cnt=9 (vpc/ipc reset)
[EXP] [ERASE] ch=6 lun=2 pl=0 blk=101 pg=255 erase_cnt=9 (vpc/ipc reset)
[EXP] [ERASE] ch=6 lun=3 pl=0 blk=101 pg=255 erase_cnt=9 (vpc/ipc reset)
[EXP] [ERASE] ch=6 lun=4 pl=0 blk=101 pg=255 erase_cnt=9 (vpc/ipc reset)
[EXP] [ERASE] ch=6 lun=5 pl=0 blk=101 pg=255 erase_cnt=9 (vpc/ipc reset)
[EXP] [ERASE] ch=6 lun=6 pl=0 blk=101 pg=255 erase_cnt=9 (vpc/ipc reset)
[EXP] [ERASE] ch=6 lun=7 pl=0 blk=101 pg=255 erase_cnt=9 (vpc/ipc reset)
[EXP] [ERASE] ch=7 lun=0 pl=0 blk=101 pg=255 erase_cnt=9 (vpc/ipc reset)
[EXP] [ERASE] ch=7 lun=1 pl=0 blk=101 pg=255 erase_cnt=9 (vpc/ipc reset)
[EXP] [ERASE] ch=7 lun=2 pl=0 blk=101 pg=255 erase_cnt=9 (vpc/ipc reset)
[EXP] [ERASE] ch=7 lun=3 pl=0 blk=101 pg=255 erase_cnt=9 (vpc/ipc reset)
[EXP] [ERASE] ch=7 lun=4 pl=0 blk=101 pg=255 erase_cnt=9 (vpc/ipc reset)
[EXP] [ERASE] ch=7 lun=5 pl=0 blk=101 pg=255 erase_cnt=9 (vpc/ipc reset)
[EXP] [ERASE] ch=7 lun=6 pl=0 blk=101 pg=255 erase_cnt=9 (vpc/ipc reset)
[EXP] [ERASE] ch=7 lun=7 pl=0 blk=101 pg=255 erase_cnt=9 (vpc/ipc reset)
[EXP] [ERASE] ch=0 lun=0 pl=0 blk=97 pg=255 erase_cnt=9 (vpc/ipc reset)
[EXP] [ERASE] ch=0 lun=1 pl=0 blk=97 pg=255 erase_cnt=9 (vpc/ipc reset)
[EXP] [ERASE] ch=0 lun=2 pl=0 blk=97 pg=255 erase_cnt=9 (vpc/ipc reset)
[EXP] [ERASE] ch=0 lun=3 pl=0 blk=97 pg=255 erase_cnt=9 (vpc/ipc reset)
[EXP] [ERASE] ch=0 lun=4 pl=0 blk=97 pg=255 erase_cnt=9 (vpc/ipc reset)
[EXP] [ERASE] ch=0 lun=5 pl=0 blk=97 pg=255 erase_cnt=9 (vpc/ipc reset)
[EXP] [ERASE] ch=0 lun=6 pl=0 blk=97 pg=255 erase_cnt=9 (vpc/ipc reset)
[EXP] [ERASE] ch=0 lun=7 pl=0 blk=97 pg=255 erase_cnt=9 (vpc/ipc reset)
[EXP] [ERASE] ch=1 lun=0 pl=0 blk=97 pg=255 erase_cnt=9 (vpc/ipc reset)
[EXP] [ERASE] ch=1 lun=1 pl=0 blk=97 pg=255 erase_cnt=9 (vpc/ipc reset)
[EXP] [ERASE] ch=1 lun=2 pl=0 blk=97 pg=255 erase_cnt=9 (vpc/ipc reset)
[EXP] [ERASE] ch=1 lun=3 pl=0 blk=97 pg=255 erase_cnt=9 (vpc/ipc reset)
[EXP] [ERASE] ch=1 lun=4 pl=0 blk=97 pg=255 erase_cnt=9 (vpc/ipc reset)
[EXP] [ERASE] ch=1 lun=5 pl=0 blk=97 pg=255 erase_cnt=9 (vpc/ipc reset)
[EXP] [ERASE] ch=1 lun=6 pl=0 blk=97 pg=255 erase_cnt=9 (vpc/ipc reset)
[EXP] [ERASE] ch=1 lun=7 pl=0 blk=97 pg=255 erase_cnt=9 (vpc/ipc reset)
[EXP] [ERASE] ch=2 lun=0 pl=0 blk=97 pg=255 erase_cnt=9 (vpc/ipc reset)
[EXP] [ERASE] ch=2 lun=1 pl=0 blk=97 pg=255 erase_cnt=9 (vpc/ipc reset)
[EXP] [ERASE] ch=2 lun=2 pl=0 blk=97 pg=255 erase_cnt=9 (vpc/ipc reset)
[EXP] [ERASE] ch=2 lun=3 pl=0 blk=97 pg=255 erase_cnt=9 (vpc/ipc reset)
[EXP] [ERASE] ch=2 lun=4 pl=0 blk=97 pg=255 erase_cnt=9 (vpc/ipc reset)
[EXP] [ERASE] ch=2 lun=5 pl=0 blk=97 pg=255 erase_cnt=9 (vpc/ipc reset)
[EXP] [ERASE] ch=2 lun=6 pl=0 blk=97 pg=255 erase_cnt=9 (vpc/ipc reset)
[EXP] [ERASE] ch=2 lun=7 pl=0 blk=97 pg=255 erase_cnt=9 (vpc/ipc reset)
[EXP] [ERASE] ch=3 lun=0 pl=0 blk=97 pg=255 erase_cnt=9 (vpc/ipc reset)
[EXP] [ERASE] ch=3 lun=1 pl=0 blk=97 pg=255 erase_cnt=9 (vpc/ipc reset)
[EXP] [ERASE] ch=3 lun=2 pl=0 blk=97 pg=255 erase_cnt=9 (vpc/ipc reset)
[EXP] [ERASE] ch=3 lun=3 pl=0 blk=97 pg=255 erase_cnt=9 (vpc/ipc reset)
[EXP] [ERASE] ch=3 lun=4 pl=0 blk=97 pg=255 erase_cnt=9 (vpc/ipc reset)
[EXP] [ERASE] ch=3 lun=5 pl=0 blk=97 pg=255 erase_cnt=9 (vpc/ipc reset)
[EXP] [ERASE] ch=3 lun=6 pl=0 blk=97 pg=255 erase_cnt=9 (vpc/ipc reset)
[EXP] [ERASE] ch=3 lun=7 pl=0 blk=97 pg=255 erase_cnt=9 (vpc/ipc reset)
[EXP] [ERASE] ch=4 lun=0 pl=0 blk=97 pg=255 erase_cnt=9 (vpc/ipc reset)
[EXP] [ERASE] ch=4 lun=1 pl=0 blk=97 pg=255 erase_cnt=9 (vpc/ipc reset)
[EXP] [ERASE] ch=4 lun=2 pl=0 blk=97 pg=255 erase_cnt=9 (vpc/ipc reset)
[EXP] [ERASE] ch=4 lun=3 pl=0 blk=97 pg=255 erase_cnt=9 (vpc/ipc reset)
[EXP] [ERASE] ch=4 lun=4 pl=0 blk=97 pg=255 erase_cnt=9 (vpc/ipc reset)
[EXP] [ERASE] ch=4 lun=5 pl=0 blk=97 pg=255 erase_cnt=9 (vpc/ipc reset)
[EXP] [ERASE] ch=4 lun=6 pl=0 blk=97 pg=255 erase_cnt=9 (vpc/ipc reset)
[EXP] [ERASE] ch=4 lun=7 pl=0 blk=97 pg=255 erase_cnt=9 (vpc/ipc reset)
[EXP] [ERASE] ch=5 lun=0 pl=0 blk=97 pg=255 erase_cnt=9 (vpc/ipc reset)
[EXP] [ERASE] ch=5 lun=1 pl=0 blk=97 pg=255 erase_cnt=9 (vpc/ipc reset)
[EXP] [ERASE] ch=5 lun=2 pl=0 blk=97 pg=255 erase_cnt=9 (vpc/ipc reset)
[EXP] [ERASE] ch=5 lun=3 pl=0 blk=97 pg=255 erase_cnt=9 (vpc/ipc reset)
[EXP] [ERASE] ch=5 lun=4 pl=0 blk=97 pg=255 erase_cnt=9 (vpc/ipc reset)
[EXP] [ERASE] ch=5 lun=5 pl=0 blk=97 pg=255 erase_cnt=9 (vpc/ipc reset)
[EXP] [ERASE] ch=5 lun=6 pl=0 blk=97 pg=255 erase_cnt=9 (vpc/ipc reset)
[EXP] [ERASE] ch=5 lun=7 pl=0 blk=97 pg=255 erase_cnt=9 (vpc/ipc reset)
[EXP] [ERASE] ch=6 lun=0 pl=0 blk=97 pg=255 erase_cnt=9 (vpc/ipc reset)
[EXP] [ERASE] ch=6 lun=1 pl=0 blk=97 pg=255 erase_cnt=9 (vpc/ipc reset)
[EXP] [ERASE] ch=6 lun=2 pl=0 blk=97 pg=255 erase_cnt=9 (vpc/ipc reset)
[EXP] [ERASE] ch=6 lun=3 pl=0 blk=97 pg=255 erase_cnt=9 (vpc/ipc reset)
[EXP] [ERASE] ch=6 lun=4 pl=0 blk=97 pg=255 erase_cnt=9 (vpc/ipc reset)
[EXP] [ERASE] ch=6 lun=5 pl=0 blk=97 pg=255 erase_cnt=9 (vpc/ipc reset)
[EXP] [ERASE] ch=6 lun=6 pl=0 blk=97 pg=255 erase_cnt=9 (vpc/ipc reset)
[EXP] [ERASE] ch=6 lun=7 pl=0 blk=97 pg=255 erase_cnt=9 (vpc/ipc reset)
[EXP] [ERASE] ch=7 lun=0 pl=0 blk=97 pg=255 erase_cnt=9 (vpc/ipc reset)
[EXP] [ERASE] ch=7 lun=1 pl=0 blk=97 pg=255 erase_cnt=9 (vpc/ipc reset)
[EXP] [ERASE] ch=7 lun=2 pl=0 blk=97 pg=255 erase_cnt=9 (vpc/ipc reset)
[EXP] [ERASE] ch=7 lun=3 pl=0 blk=97 pg=255 erase_cnt=9 (vpc/ipc reset)
[EXP] [ERASE] ch=7 lun=4 pl=0 blk=97 pg=255 erase_cnt=9 (vpc/ipc reset)
[EXP] [ERASE] ch=7 lun=5 pl=0 blk=97 pg=255 erase_cnt=9 (vpc/ipc reset)
[EXP] [ERASE] ch=7 lun=6 pl=0 blk=97 pg=255 erase_cnt=9 (vpc/ipc reset)
[EXP] [ERASE] ch=7 lun=7 pl=0 blk=97 pg=255 erase_cnt=9 (vpc/ipc reset)
[EXP] [ERASE] ch=0 lun=0 pl=0 blk=51 pg=255 erase_cnt=7 (vpc/ipc reset)
[EXP] [ERASE] ch=0 lun=1 pl=0 blk=51 pg=255 erase_cnt=7 (vpc/ipc reset)
[EXP] [ERASE] ch=0 lun=2 pl=0 blk=51 pg=255 erase_cnt=7 (vpc/ipc reset)
[EXP] [ERASE] ch=0 lun=3 pl=0 blk=51 pg=255 erase_cnt=7 (vpc/ipc reset)
[EXP] [ERASE] ch=0 lun=4 pl=0 blk=51 pg=255 erase_cnt=7 (vpc/ipc reset)
[EXP] [ERASE] ch=0 lun=5 pl=0 blk=51 pg=255 erase_cnt=7 (vpc/ipc reset)
[EXP] [ERASE] ch=0 lun=6 pl=0 blk=51 pg=255 erase_cnt=7 (vpc/ipc reset)
[EXP] [ERASE] ch=0 lun=7 pl=0 blk=51 pg=255 erase_cnt=7 (vpc/ipc reset)
[EXP] [ERASE] ch=1 lun=0 pl=0 blk=51 pg=255 erase_cnt=7 (vpc/ipc reset)
[EXP] [ERASE] ch=1 lun=1 pl=0 blk=51 pg=255 erase_cnt=7 (vpc/ipc reset)
[EXP] [ERASE] ch=1 lun=2 pl=0 blk=51 pg=255 erase_cnt=7 (vpc/ipc reset)
[EXP] [ERASE] ch=1 lun=3 pl=0 blk=51 pg=255 erase_cnt=7 (vpc/ipc reset)
[EXP] [ERASE] ch=1 lun=4 pl=0 blk=51 pg=255 erase_cnt=7 (vpc/ipc reset)
[EXP] [ERASE] ch=1 lun=5 pl=0 blk=51 pg=255 erase_cnt=7 (vpc/ipc reset)
[EXP] [ERASE] ch=1 lun=6 pl=0 blk=51 pg=255 erase_cnt=7 (vpc/ipc reset)
[EXP] [ERASE] ch=1 lun=7 pl=0 blk=51 pg=255 erase_cnt=7 (vpc/ipc reset)
[EXP] [ERASE] ch=2 lun=0 pl=0 blk=51 pg=255 erase_cnt=7 (vpc/ipc reset)
[EXP] [ERASE] ch=2 lun=1 pl=0 blk=51 pg=255 erase_cnt=7 (vpc/ipc reset)
[EXP] [ERASE] ch=2 lun=2 pl=0 blk=51 pg=255 erase_cnt=7 (vpc/ipc reset)
[EXP] [ERASE] ch=2 lun=3 pl=0 blk=51 pg=255 erase_cnt=7 (vpc/ipc reset)
[EXP] [ERASE] ch=2 lun=4 pl=0 blk=51 pg=255 erase_cnt=7 (vpc/ipc reset)
[EXP] [ERASE] ch=2 lun=5 pl=0 blk=51 pg=255 erase_cnt=7 (vpc/ipc reset)
[EXP] [ERASE] ch=2 lun=6 pl=0 blk=51 pg=255 erase_cnt=7 (vpc/ipc reset)
[EXP] [ERASE] ch=2 lun=7 pl=0 blk=51 pg=255 erase_cnt=7 (vpc/ipc reset)
[EXP] [ERASE] ch=3 lun=0 pl=0 blk=51 pg=255 erase_cnt=7 (vpc/ipc reset)
[EXP] [ERASE] ch=3 lun=1 pl=0 blk=51 pg=255 erase_cnt=7 (vpc/ipc reset)
[EXP] [ERASE] ch=3 lun=2 pl=0 blk=51 pg=255 erase_cnt=7 (vpc/ipc reset)
[EXP] [ERASE] ch=3 lun=3 pl=0 blk=51 pg=255 erase_cnt=7 (vpc/ipc reset)
[EXP] [ERASE] ch=3 lun=4 pl=0 blk=51 pg=255 erase_cnt=7 (vpc/ipc reset)
[EXP] [ERASE] ch=3 lun=5 pl=0 blk=51 pg=255 erase_cnt=7 (vpc/ipc reset)
[EXP] [ERASE] ch=3 lun=6 pl=0 blk=51 pg=255 erase_cnt=7 (vpc/ipc reset)
[EXP] [ERASE] ch=3 lun=7 pl=0 blk=51 pg=255 erase_cnt=7 (vpc/ipc reset)
[EXP] [ERASE] ch=4 lun=0 pl=0 blk=51 pg=255 erase_cnt=7 (vpc/ipc reset)
[EXP] [ERASE] ch=4 lun=1 pl=0 blk=51 pg=255 erase_cnt=7 (vpc/ipc reset)
[EXP] [ERASE] ch=4 lun=2 pl=0 blk=51 pg=255 erase_cnt=7 (vpc/ipc reset)
[EXP] [ERASE] ch=4 lun=3 pl=0 blk=51 pg=255 erase_cnt=7 (vpc/ipc reset)
[EXP] [ERASE] ch=4 lun=4 pl=0 blk=51 pg=255 erase_cnt=7 (vpc/ipc reset)
[EXP] [ERASE] ch=4 lun=5 pl=0 blk=51 pg=255 erase_cnt=7 (vpc/ipc reset)
[EXP] [ERASE] ch=4 lun=6 pl=0 blk=51 pg=255 erase_cnt=7 (vpc/ipc reset)
[EXP] [ERASE] ch=4 lun=7 pl=0 blk=51 pg=255 erase_cnt=7 (vpc/ipc reset)
[EXP] [ERASE] ch=5 lun=0 pl=0 blk=51 pg=255 erase_cnt=7 (vpc/ipc reset)
[EXP] [ERASE] ch=5 lun=1 pl=0 blk=51 pg=255 erase_cnt=7 (vpc/ipc reset)
[EXP] [ERASE] ch=5 lun=2 pl=0 blk=51 pg=255 erase_cnt=7 (vpc/ipc reset)
[EXP] [ERASE] ch=5 lun=3 pl=0 blk=51 pg=255 erase_cnt=7 (vpc/ipc reset)
[EXP] [ERASE] ch=5 lun=4 pl=0 blk=51 pg=255 erase_cnt=7 (vpc/ipc reset)
[EXP] [ERASE] ch=5 lun=5 pl=0 blk=51 pg=255 erase_cnt=7 (vpc/ipc reset)
[EXP] [ERASE] ch=5 lun=6 pl=0 blk=51 pg=255 erase_cnt=7 (vpc/ipc reset)
[EXP] [ERASE] ch=5 lun=7 pl=0 blk=51 pg=255 erase_cnt=7 (vpc/ipc reset)
[EXP] [ERASE] ch=6 lun=0 pl=0 blk=51 pg=255 erase_cnt=7 (vpc/ipc reset)
[EXP] [ERASE] ch=6 lun=1 pl=0 blk=51 pg=255 erase_cnt=7 (vpc/ipc reset)
[EXP] [ERASE] ch=6 lun=2 pl=0 blk=51 pg=255 erase_cnt=7 (vpc/ipc reset)
[EXP] [ERASE] ch=6 lun=3 pl=0 blk=51 pg=255 erase_cnt=7 (vpc/ipc reset)
[EXP] [ERASE] ch=6 lun=4 pl=0 blk=51 pg=255 erase_cnt=7 (vpc/ipc reset)
[EXP] [ERASE] ch=6 lun=5 pl=0 blk=51 pg=255 erase_cnt=7 (vpc/ipc reset)
[EXP] [ERASE] ch=6 lun=6 pl=0 blk=51 pg=255 erase_cnt=7 (vpc/ipc reset)
[EXP] [ERASE] ch=6 lun=7 pl=0 blk=51 pg=255 erase_cnt=7 (vpc/ipc reset)
[EXP] [ERASE] ch=7 lun=0 pl=0 blk=51 pg=255 erase_cnt=7 (vpc/ipc reset)
[EXP] [ERASE] ch=7 lun=1 pl=0 blk=51 pg=255 erase_cnt=7 (vpc/ipc reset)
[EXP] [ERASE] ch=7 lun=2 pl=0 blk=51 pg=255 erase_cnt=7 (vpc/ipc reset)
[EXP] [ERASE] ch=7 lun=3 pl=0 blk=51 pg=255 erase_cnt=7 (vpc/ipc reset)
[EXP] [ERASE] ch=7 lun=4 pl=0 blk=51 pg=255 erase_cnt=7 (vpc/ipc reset)
[EXP] [ERASE] ch=7 lun=5 pl=0 blk=51 pg=255 erase_cnt=7 (vpc/ipc reset)
[EXP] [ERASE] ch=7 lun=6 pl=0 blk=51 pg=255 erase_cnt=7 (vpc/ipc reset)
[EXP] [ERASE] ch=7 lun=7 pl=0 blk=51 pg=255 erase_cnt=7 (vpc/ipc reset)
[EXP] [ERASE] ch=0 lun=0 pl=0 blk=63 pg=255 erase_cnt=5 (vpc/ipc reset)
[EXP] [ERASE] ch=0 lun=1 pl=0 blk=63 pg=255 erase_cnt=5 (vpc/ipc reset)
[EXP] [ERASE] ch=0 lun=2 pl=0 blk=63 pg=255 erase_cnt=5 (vpc/ipc reset)
[EXP] [ERASE] ch=0 lun=3 pl=0 blk=63 pg=255 erase_cnt=5 (vpc/ipc reset)
[EXP] [ERASE] ch=0 lun=4 pl=0 blk=63 pg=255 erase_cnt=5 (vpc/ipc reset)
[EXP] [ERASE] ch=0 lun=5 pl=0 blk=63 pg=255 erase_cnt=5 (vpc/ipc reset)
[EXP] [ERASE] ch=0 lun=6 pl=0 blk=63 pg=255 erase_cnt=5 (vpc/ipc reset)
[EXP] [ERASE] ch=0 lun=7 pl=0 blk=63 pg=255 erase_cnt=5 (vpc/ipc reset)
[EXP] [ERASE] ch=1 lun=0 pl=0 blk=63 pg=255 erase_cnt=5 (vpc/ipc reset)
[EXP] [ERASE] ch=1 lun=1 pl=0 blk=63 pg=255 erase_cnt=5 (vpc/ipc reset)
[EXP] [ERASE] ch=1 lun=2 pl=0 blk=63 pg=255 erase_cnt=5 (vpc/ipc reset)
[EXP] [ERASE] ch=1 lun=3 pl=0 blk=63 pg=255 erase_cnt=5 (vpc/ipc reset)
[EXP] [ERASE] ch=1 lun=4 pl=0 blk=63 pg=255 erase_cnt=5 (vpc/ipc reset)
[EXP] [ERASE] ch=1 lun=5 pl=0 blk=63 pg=255 erase_cnt=5 (vpc/ipc reset)
[EXP] [ERASE] ch=1 lun=6 pl=0 blk=63 pg=255 erase_cnt=5 (vpc/ipc reset)
[EXP] [ERASE] ch=1 lun=7 pl=0 blk=63 pg=255 erase_cnt=5 (vpc/ipc reset)
[EXP] [ERASE] ch=2 lun=0 pl=0 blk=63 pg=255 erase_cnt=5 (vpc/ipc reset)
[EXP] [ERASE] ch=2 lun=1 pl=0 blk=63 pg=255 erase_cnt=5 (vpc/ipc reset)
[EXP] [ERASE] ch=2 lun=2 pl=0 blk=63 pg=255 erase_cnt=5 (vpc/ipc reset)
[EXP] [ERASE] ch=2 lun=3 pl=0 blk=63 pg=255 erase_cnt=5 (vpc/ipc reset)
[EXP] [ERASE] ch=2 lun=4 pl=0 blk=63 pg=255 erase_cnt=5 (vpc/ipc reset)
[EXP] [ERASE] ch=2 lun=5 pl=0 blk=63 pg=255 erase_cnt=5 (vpc/ipc reset)
[EXP] [ERASE] ch=2 lun=6 pl=0 blk=63 pg=255 erase_cnt=5 (vpc/ipc reset)
[EXP] [ERASE] ch=2 lun=7 pl=0 blk=63 pg=255 erase_cnt=5 (vpc/ipc reset)
[EXP] [ERASE] ch=3 lun=0 pl=0 blk=63 pg=255 erase_cnt=5 (vpc/ipc reset)
[EXP] [ERASE] ch=3 lun=1 pl=0 blk=63 pg=255 erase_cnt=5 (vpc/ipc reset)
[EXP] [ERASE] ch=3 lun=2 pl=0 blk=63 pg=255 erase_cnt=5 (vpc/ipc reset)
[EXP] [ERASE] ch=3 lun=3 pl=0 blk=63 pg=255 erase_cnt=5 (vpc/ipc reset)
[EXP] [ERASE] ch=3 lun=4 pl=0 blk=63 pg=255 erase_cnt=5 (vpc/ipc reset)
[EXP] [ERASE] ch=3 lun=5 pl=0 blk=63 pg=255 erase_cnt=5 (vpc/ipc reset)
[EXP] [ERASE] ch=3 lun=6 pl=0 blk=63 pg=255 erase_cnt=5 (vpc/ipc reset)
[EXP] [ERASE] ch=3 lun=7 pl=0 blk=63 pg=255 erase_cnt=5 (vpc/ipc reset)
[EXP] [ERASE] ch=4 lun=0 pl=0 blk=63 pg=255 erase_cnt=5 (vpc/ipc reset)
[EXP] [ERASE] ch=4 lun=1 pl=0 blk=63 pg=255 erase_cnt=5 (vpc/ipc reset)
[EXP] [GC_MOVE] lpn=0 historical=HOT effective=COLD idle_age=711928 expired=yes access=3 short=2 last_seq=1572870 decay_epoch=24 ch=4 lun=2 pl=0 blk=63 pg=224 -> ch=0 lun=6 pl=0 blk=37 pg=189
[EXP] [ERASE] ch=4 lun=2 pl=0 blk=63 pg=255 erase_cnt=5 (vpc/ipc reset)
[EXP] [ERASE] ch=4 lun=3 pl=0 blk=63 pg=255 erase_cnt=5 (vpc/ipc reset)
[EXP] [ERASE] ch=4 lun=4 pl=0 blk=63 pg=255 erase_cnt=5 (vpc/ipc reset)
[EXP] [ERASE] ch=4 lun=5 pl=0 blk=63 pg=255 erase_cnt=5 (vpc/ipc reset)
[EXP] [ERASE] ch=4 lun=6 pl=0 blk=63 pg=255 erase_cnt=5 (vpc/ipc reset)
[EXP] [ERASE] ch=4 lun=7 pl=0 blk=63 pg=255 erase_cnt=5 (vpc/ipc reset)
[EXP] [ERASE] ch=5 lun=0 pl=0 blk=63 pg=255 erase_cnt=5 (vpc/ipc reset)
[EXP] [ERASE] ch=5 lun=1 pl=0 blk=63 pg=255 erase_cnt=5 (vpc/ipc reset)
[EXP] [ERASE] ch=5 lun=2 pl=0 blk=63 pg=255 erase_cnt=5 (vpc/ipc reset)
[EXP] [ERASE] ch=5 lun=3 pl=0 blk=63 pg=255 erase_cnt=5 (vpc/ipc reset)
[EXP] [ERASE] ch=5 lun=4 pl=0 blk=63 pg=255 erase_cnt=5 (vpc/ipc reset)
[EXP] [ERASE] ch=5 lun=5 pl=0 blk=63 pg=255 erase_cnt=5 (vpc/ipc reset)
[EXP] [ERASE] ch=5 lun=6 pl=0 blk=63 pg=255 erase_cnt=5 (vpc/ipc reset)
[EXP] [ERASE] ch=5 lun=7 pl=0 blk=63 pg=255 erase_cnt=5 (vpc/ipc reset)
[EXP] [ERASE] ch=6 lun=0 pl=0 blk=63 pg=255 erase_cnt=5 (vpc/ipc reset)
[EXP] [ERASE] ch=6 lun=1 pl=0 blk=63 pg=255 erase_cnt=5 (vpc/ipc reset)
[EXP] [ERASE] ch=6 lun=2 pl=0 blk=63 pg=255 erase_cnt=5 (vpc/ipc reset)
[EXP] [ERASE] ch=6 lun=3 pl=0 blk=63 pg=255 erase_cnt=5 (vpc/ipc reset)
[EXP] [ERASE] ch=6 lun=4 pl=0 blk=63 pg=255 erase_cnt=5 (vpc/ipc reset)
[EXP] [ERASE] ch=6 lun=5 pl=0 blk=63 pg=255 erase_cnt=5 (vpc/ipc reset)
[EXP] [ERASE] ch=6 lun=6 pl=0 blk=63 pg=255 erase_cnt=5 (vpc/ipc reset)
[EXP] [ERASE] ch=6 lun=7 pl=0 blk=63 pg=255 erase_cnt=5 (vpc/ipc reset)
[EXP] [ERASE] ch=7 lun=0 pl=0 blk=63 pg=255 erase_cnt=5 (vpc/ipc reset)
[EXP] [ERASE] ch=7 lun=1 pl=0 blk=63 pg=255 erase_cnt=5 (vpc/ipc reset)
[EXP] [ERASE] ch=7 lun=2 pl=0 blk=63 pg=255 erase_cnt=5 (vpc/ipc reset)
[EXP] [ERASE] ch=7 lun=3 pl=0 blk=63 pg=255 erase_cnt=5 (vpc/ipc reset)
[EXP] [ERASE] ch=7 lun=4 pl=0 blk=63 pg=255 erase_cnt=5 (vpc/ipc reset)
[EXP] [ERASE] ch=7 lun=5 pl=0 blk=63 pg=255 erase_cnt=5 (vpc/ipc reset)
[EXP] [ERASE] ch=7 lun=6 pl=0 blk=63 pg=255 erase_cnt=5 (vpc/ipc reset)
[EXP] [ERASE] ch=7 lun=7 pl=0 blk=63 pg=255 erase_cnt=5 (vpc/ipc reset)
[EXP] [ERASE] ch=0 lun=0 pl=0 blk=19 pg=255 erase_cnt=6 (vpc/ipc reset)
[EXP] [ERASE] ch=0 lun=1 pl=0 blk=19 pg=255 erase_cnt=6 (vpc/ipc reset)
[EXP] [ERASE] ch=0 lun=2 pl=0 blk=19 pg=255 erase_cnt=6 (vpc/ipc reset)
[EXP] [ERASE] ch=0 lun=3 pl=0 blk=19 pg=255 erase_cnt=6 (vpc/ipc reset)
[EXP] [ERASE] ch=0 lun=4 pl=0 blk=19 pg=255 erase_cnt=6 (vpc/ipc reset)
[EXP] [ERASE] ch=0 lun=5 pl=0 blk=19 pg=255 erase_cnt=6 (vpc/ipc reset)
[EXP] [ERASE] ch=0 lun=6 pl=0 blk=19 pg=255 erase_cnt=6 (vpc/ipc reset)
[EXP] [ERASE] ch=0 lun=7 pl=0 blk=19 pg=255 erase_cnt=6 (vpc/ipc reset)
[EXP] [ERASE] ch=1 lun=0 pl=0 blk=19 pg=255 erase_cnt=6 (vpc/ipc reset)
[EXP] [ERASE] ch=1 lun=1 pl=0 blk=19 pg=255 erase_cnt=6 (vpc/ipc reset)
[EXP] [ERASE] ch=1 lun=2 pl=0 blk=19 pg=255 erase_cnt=6 (vpc/ipc reset)
[EXP] [ERASE] ch=1 lun=3 pl=0 blk=19 pg=255 erase_cnt=6 (vpc/ipc reset)
[EXP] [ERASE] ch=1 lun=4 pl=0 blk=19 pg=255 erase_cnt=6 (vpc/ipc reset)
[EXP] [ERASE] ch=1 lun=5 pl=0 blk=19 pg=255 erase_cnt=6 (vpc/ipc reset)
[EXP] [ERASE] ch=1 lun=6 pl=0 blk=19 pg=255 erase_cnt=6 (vpc/ipc reset)
[EXP] [ERASE] ch=1 lun=7 pl=0 blk=19 pg=255 erase_cnt=6 (vpc/ipc reset)
[EXP] [ERASE] ch=2 lun=0 pl=0 blk=19 pg=255 erase_cnt=6 (vpc/ipc reset)
[EXP] [ERASE] ch=2 lun=1 pl=0 blk=19 pg=255 erase_cnt=6 (vpc/ipc reset)
[EXP] [ERASE] ch=2 lun=2 pl=0 blk=19 pg=255 erase_cnt=6 (vpc/ipc reset)
[EXP] [ERASE] ch=2 lun=3 pl=0 blk=19 pg=255 erase_cnt=6 (vpc/ipc reset)
[EXP] [ERASE] ch=2 lun=4 pl=0 blk=19 pg=255 erase_cnt=6 (vpc/ipc reset)
[EXP] [ERASE] ch=2 lun=5 pl=0 blk=19 pg=255 erase_cnt=6 (vpc/ipc reset)
[EXP] [ERASE] ch=2 lun=6 pl=0 blk=19 pg=255 erase_cnt=6 (vpc/ipc reset)
[EXP] [ERASE] ch=2 lun=7 pl=0 blk=19 pg=255 erase_cnt=6 (vpc/ipc reset)
[EXP] [ERASE] ch=3 lun=0 pl=0 blk=19 pg=255 erase_cnt=6 (vpc/ipc reset)
[EXP] [ERASE] ch=3 lun=1 pl=0 blk=19 pg=255 erase_cnt=6 (vpc/ipc reset)
[EXP] [ERASE] ch=3 lun=2 pl=0 blk=19 pg=255 erase_cnt=6 (vpc/ipc reset)
[EXP] [ERASE] ch=3 lun=3 pl=0 blk=19 pg=255 erase_cnt=6 (vpc/ipc reset)
[EXP] [ERASE] ch=3 lun=4 pl=0 blk=19 pg=255 erase_cnt=6 (vpc/ipc reset)
[EXP] [ERASE] ch=3 lun=5 pl=0 blk=19 pg=255 erase_cnt=6 (vpc/ipc reset)
[EXP] [ERASE] ch=3 lun=6 pl=0 blk=19 pg=255 erase_cnt=6 (vpc/ipc reset)
[EXP] [ERASE] ch=3 lun=7 pl=0 blk=19 pg=255 erase_cnt=6 (vpc/ipc reset)
[EXP] [ERASE] ch=4 lun=0 pl=0 blk=19 pg=255 erase_cnt=6 (vpc/ipc reset)
[EXP] [ERASE] ch=4 lun=1 pl=0 blk=19 pg=255 erase_cnt=6 (vpc/ipc reset)
[EXP] [ERASE] ch=4 lun=2 pl=0 blk=19 pg=255 erase_cnt=6 (vpc/ipc reset)
[EXP] [ERASE] ch=4 lun=3 pl=0 blk=19 pg=255 erase_cnt=6 (vpc/ipc reset)
[EXP] [ERASE] ch=4 lun=4 pl=0 blk=19 pg=255 erase_cnt=6 (vpc/ipc reset)
[EXP] [ERASE] ch=4 lun=5 pl=0 blk=19 pg=255 erase_cnt=6 (vpc/ipc reset)
[EXP] [ERASE] ch=4 lun=6 pl=0 blk=19 pg=255 erase_cnt=6 (vpc/ipc reset)
[EXP] [ERASE] ch=4 lun=7 pl=0 blk=19 pg=255 erase_cnt=6 (vpc/ipc reset)
[EXP] [ERASE] ch=5 lun=0 pl=0 blk=19 pg=255 erase_cnt=6 (vpc/ipc reset)
[EXP] [ERASE] ch=5 lun=1 pl=0 blk=19 pg=255 erase_cnt=6 (vpc/ipc reset)
[EXP] [ERASE] ch=5 lun=2 pl=0 blk=19 pg=255 erase_cnt=6 (vpc/ipc reset)
[EXP] [ERASE] ch=5 lun=3 pl=0 blk=19 pg=255 erase_cnt=6 (vpc/ipc reset)
[EXP] [ERASE] ch=5 lun=4 pl=0 blk=19 pg=255 erase_cnt=6 (vpc/ipc reset)
[EXP] [ERASE] ch=5 lun=5 pl=0 blk=19 pg=255 erase_cnt=6 (vpc/ipc reset)
[EXP] [ERASE] ch=5 lun=6 pl=0 blk=19 pg=255 erase_cnt=6 (vpc/ipc reset)
[EXP] [ERASE] ch=5 lun=7 pl=0 blk=19 pg=255 erase_cnt=6 (vpc/ipc reset)
[EXP] [ERASE] ch=6 lun=0 pl=0 blk=19 pg=255 erase_cnt=6 (vpc/ipc reset)
[EXP] [ERASE] ch=6 lun=1 pl=0 blk=19 pg=255 erase_cnt=6 (vpc/ipc reset)
[EXP] [ERASE] ch=6 lun=2 pl=0 blk=19 pg=255 erase_cnt=6 (vpc/ipc reset)
[EXP] [ERASE] ch=6 lun=3 pl=0 blk=19 pg=255 erase_cnt=6 (vpc/ipc reset)
[EXP] [ERASE] ch=6 lun=4 pl=0 blk=19 pg=255 erase_cnt=6 (vpc/ipc reset)
[EXP] [ERASE] ch=6 lun=5 pl=0 blk=19 pg=255 erase_cnt=6 (vpc/ipc reset)
[EXP] [ERASE] ch=6 lun=6 pl=0 blk=19 pg=255 erase_cnt=6 (vpc/ipc reset)
[EXP] [ERASE] ch=6 lun=7 pl=0 blk=19 pg=255 erase_cnt=6 (vpc/ipc reset)
[EXP] [ERASE] ch=7 lun=0 pl=0 blk=19 pg=255 erase_cnt=6 (vpc/ipc reset)
[EXP] [ERASE] ch=7 lun=1 pl=0 blk=19 pg=255 erase_cnt=6 (vpc/ipc reset)
[EXP] [ERASE] ch=7 lun=2 pl=0 blk=19 pg=255 erase_cnt=6 (vpc/ipc reset)
[EXP] [ERASE] ch=7 lun=3 pl=0 blk=19 pg=255 erase_cnt=6 (vpc/ipc reset)
[EXP] [ERASE] ch=7 lun=4 pl=0 blk=19 pg=255 erase_cnt=6 (vpc/ipc reset)
[EXP] [ERASE] ch=7 lun=5 pl=0 blk=19 pg=255 erase_cnt=6 (vpc/ipc reset)
[EXP] [ERASE] ch=7 lun=6 pl=0 blk=19 pg=255 erase_cnt=6 (vpc/ipc reset)
[EXP] [ERASE] ch=7 lun=7 pl=0 blk=19 pg=255 erase_cnt=6 (vpc/ipc reset)
[EXP] [ERASE] ch=0 lun=0 pl=0 blk=29 pg=255 erase_cnt=5 (vpc/ipc reset)
[EXP] [ERASE] ch=0 lun=1 pl=0 blk=29 pg=255 erase_cnt=5 (vpc/ipc reset)
[EXP] [ERASE] ch=0 lun=2 pl=0 blk=29 pg=255 erase_cnt=5 (vpc/ipc reset)
[EXP] [ERASE] ch=0 lun=3 pl=0 blk=29 pg=255 erase_cnt=5 (vpc/ipc reset)
[EXP] [ERASE] ch=0 lun=4 pl=0 blk=29 pg=255 erase_cnt=5 (vpc/ipc reset)
[EXP] [ERASE] ch=0 lun=5 pl=0 blk=29 pg=255 erase_cnt=5 (vpc/ipc reset)
[EXP] [ERASE] ch=0 lun=6 pl=0 blk=29 pg=255 erase_cnt=5 (vpc/ipc reset)
[EXP] [ERASE] ch=0 lun=7 pl=0 blk=29 pg=255 erase_cnt=5 (vpc/ipc reset)
[EXP] [ERASE] ch=1 lun=0 pl=0 blk=29 pg=255 erase_cnt=5 (vpc/ipc reset)
[EXP] [ERASE] ch=1 lun=1 pl=0 blk=29 pg=255 erase_cnt=5 (vpc/ipc reset)
[EXP] [ERASE] ch=1 lun=2 pl=0 blk=29 pg=255 erase_cnt=5 (vpc/ipc reset)
[EXP] [ERASE] ch=1 lun=3 pl=0 blk=29 pg=255 erase_cnt=5 (vpc/ipc reset)
[EXP] [ERASE] ch=1 lun=4 pl=0 blk=29 pg=255 erase_cnt=5 (vpc/ipc reset)
[EXP] [ERASE] ch=1 lun=5 pl=0 blk=29 pg=255 erase_cnt=5 (vpc/ipc reset)
[EXP] [ERASE] ch=1 lun=6 pl=0 blk=29 pg=255 erase_cnt=5 (vpc/ipc reset)
[EXP] [ERASE] ch=1 lun=7 pl=0 blk=29 pg=255 erase_cnt=5 (vpc/ipc reset)
[EXP] [ERASE] ch=2 lun=0 pl=0 blk=29 pg=255 erase_cnt=5 (vpc/ipc reset)
[EXP] [ERASE] ch=2 lun=1 pl=0 blk=29 pg=255 erase_cnt=5 (vpc/ipc reset)
[EXP] [ERASE] ch=2 lun=2 pl=0 blk=29 pg=255 erase_cnt=5 (vpc/ipc reset)
[EXP] [ERASE] ch=2 lun=3 pl=0 blk=29 pg=255 erase_cnt=5 (vpc/ipc reset)
[EXP] [ERASE] ch=2 lun=4 pl=0 blk=29 pg=255 erase_cnt=5 (vpc/ipc reset)
[EXP] [ERASE] ch=2 lun=5 pl=0 blk=29 pg=255 erase_cnt=5 (vpc/ipc reset)
[EXP] [ERASE] ch=2 lun=6 pl=0 blk=29 pg=255 erase_cnt=5 (vpc/ipc reset)
[EXP] [ERASE] ch=2 lun=7 pl=0 blk=29 pg=255 erase_cnt=5 (vpc/ipc reset)
[EXP] [ERASE] ch=3 lun=0 pl=0 blk=29 pg=255 erase_cnt=5 (vpc/ipc reset)
[EXP] [ERASE] ch=3 lun=1 pl=0 blk=29 pg=255 erase_cnt=5 (vpc/ipc reset)
[EXP] [ERASE] ch=3 lun=2 pl=0 blk=29 pg=255 erase_cnt=5 (vpc/ipc reset)
[EXP] [ERASE] ch=3 lun=3 pl=0 blk=29 pg=255 erase_cnt=5 (vpc/ipc reset)
[EXP] [ERASE] ch=3 lun=4 pl=0 blk=29 pg=255 erase_cnt=5 (vpc/ipc reset)
[EXP] [ERASE] ch=3 lun=5 pl=0 blk=29 pg=255 erase_cnt=5 (vpc/ipc reset)
[EXP] [ERASE] ch=3 lun=6 pl=0 blk=29 pg=255 erase_cnt=5 (vpc/ipc reset)
[EXP] [ERASE] ch=3 lun=7 pl=0 blk=29 pg=255 erase_cnt=5 (vpc/ipc reset)
[EXP] [ERASE] ch=4 lun=0 pl=0 blk=29 pg=255 erase_cnt=5 (vpc/ipc reset)
[EXP] [ERASE] ch=4 lun=1 pl=0 blk=29 pg=255 erase_cnt=5 (vpc/ipc reset)
[EXP] [ERASE] ch=4 lun=2 pl=0 blk=29 pg=255 erase_cnt=5 (vpc/ipc reset)
[EXP] [ERASE] ch=4 lun=3 pl=0 blk=29 pg=255 erase_cnt=5 (vpc/ipc reset)
[EXP] [ERASE] ch=4 lun=4 pl=0 blk=29 pg=255 erase_cnt=5 (vpc/ipc reset)
[EXP] [ERASE] ch=4 lun=5 pl=0 blk=29 pg=255 erase_cnt=5 (vpc/ipc reset)
[EXP] [ERASE] ch=4 lun=6 pl=0 blk=29 pg=255 erase_cnt=5 (vpc/ipc reset)
[EXP] [ERASE] ch=4 lun=7 pl=0 blk=29 pg=255 erase_cnt=5 (vpc/ipc reset)
[EXP] [ERASE] ch=5 lun=0 pl=0 blk=29 pg=255 erase_cnt=5 (vpc/ipc reset)
[EXP] [ERASE] ch=5 lun=1 pl=0 blk=29 pg=255 erase_cnt=5 (vpc/ipc reset)
[EXP] [ERASE] ch=5 lun=2 pl=0 blk=29 pg=255 erase_cnt=5 (vpc/ipc reset)
[EXP] [ERASE] ch=5 lun=3 pl=0 blk=29 pg=255 erase_cnt=5 (vpc/ipc reset)
[EXP] [ERASE] ch=5 lun=4 pl=0 blk=29 pg=255 erase_cnt=5 (vpc/ipc reset)
[EXP] [ERASE] ch=5 lun=5 pl=0 blk=29 pg=255 erase_cnt=5 (vpc/ipc reset)
[EXP] [ERASE] ch=5 lun=6 pl=0 blk=29 pg=255 erase_cnt=5 (vpc/ipc reset)
[EXP] [ERASE] ch=5 lun=7 pl=0 blk=29 pg=255 erase_cnt=5 (vpc/ipc reset)
[EXP] [ERASE] ch=6 lun=0 pl=0 blk=29 pg=255 erase_cnt=5 (vpc/ipc reset)
[EXP] [ERASE] ch=6 lun=1 pl=0 blk=29 pg=255 erase_cnt=5 (vpc/ipc reset)
[EXP] [ERASE] ch=6 lun=2 pl=0 blk=29 pg=255 erase_cnt=5 (vpc/ipc reset)
[EXP] [ERASE] ch=6 lun=3 pl=0 blk=29 pg=255 erase_cnt=5 (vpc/ipc reset)
[EXP] [ERASE] ch=6 lun=4 pl=0 blk=29 pg=255 erase_cnt=5 (vpc/ipc reset)
[EXP] [ERASE] ch=6 lun=5 pl=0 blk=29 pg=255 erase_cnt=5 (vpc/ipc reset)
[EXP] [ERASE] ch=6 lun=6 pl=0 blk=29 pg=255 erase_cnt=5 (vpc/ipc reset)
[EXP] [ERASE] ch=6 lun=7 pl=0 blk=29 pg=255 erase_cnt=5 (vpc/ipc reset)
[EXP] [ERASE] ch=7 lun=0 pl=0 blk=29 pg=255 erase_cnt=5 (vpc/ipc reset)
[EXP] [ERASE] ch=7 lun=1 pl=0 blk=29 pg=255 erase_cnt=5 (vpc/ipc reset)
[EXP] [ERASE] ch=7 lun=2 pl=0 blk=29 pg=255 erase_cnt=5 (vpc/ipc reset)
[EXP] [ERASE] ch=7 lun=3 pl=0 blk=29 pg=255 erase_cnt=5 (vpc/ipc reset)
[EXP] [ERASE] ch=7 lun=4 pl=0 blk=29 pg=255 erase_cnt=5 (vpc/ipc reset)
[EXP] [ERASE] ch=7 lun=5 pl=0 blk=29 pg=255 erase_cnt=5 (vpc/ipc reset)
[EXP] [ERASE] ch=7 lun=6 pl=0 blk=29 pg=255 erase_cnt=5 (vpc/ipc reset)
[EXP] [ERASE] ch=7 lun=7 pl=0 blk=29 pg=255 erase_cnt=5 (vpc/ipc reset)
[EXP] [ERASE] ch=0 lun=0 pl=0 blk=45 pg=255 erase_cnt=9 (vpc/ipc reset)
[EXP] [ERASE] ch=0 lun=1 pl=0 blk=45 pg=255 erase_cnt=9 (vpc/ipc reset)
[EXP] [ERASE] ch=0 lun=2 pl=0 blk=45 pg=255 erase_cnt=9 (vpc/ipc reset)
[EXP] [ERASE] ch=0 lun=3 pl=0 blk=45 pg=255 erase_cnt=9 (vpc/ipc reset)
[EXP] [ERASE] ch=0 lun=4 pl=0 blk=45 pg=255 erase_cnt=9 (vpc/ipc reset)
[EXP] [ERASE] ch=0 lun=5 pl=0 blk=45 pg=255 erase_cnt=9 (vpc/ipc reset)
[EXP] [ERASE] ch=0 lun=6 pl=0 blk=45 pg=255 erase_cnt=9 (vpc/ipc reset)
[EXP] [ERASE] ch=0 lun=7 pl=0 blk=45 pg=255 erase_cnt=9 (vpc/ipc reset)
[EXP] [ERASE] ch=1 lun=0 pl=0 blk=45 pg=255 erase_cnt=9 (vpc/ipc reset)
[EXP] [ERASE] ch=1 lun=1 pl=0 blk=45 pg=255 erase_cnt=9 (vpc/ipc reset)
[EXP] [ERASE] ch=1 lun=2 pl=0 blk=45 pg=255 erase_cnt=9 (vpc/ipc reset)
[EXP] [ERASE] ch=1 lun=3 pl=0 blk=45 pg=255 erase_cnt=9 (vpc/ipc reset)
[EXP] [ERASE] ch=1 lun=4 pl=0 blk=45 pg=255 erase_cnt=9 (vpc/ipc reset)
[EXP] [ERASE] ch=1 lun=5 pl=0 blk=45 pg=255 erase_cnt=9 (vpc/ipc reset)
[EXP] [ERASE] ch=1 lun=6 pl=0 blk=45 pg=255 erase_cnt=9 (vpc/ipc reset)
[EXP] [ERASE] ch=1 lun=7 pl=0 blk=45 pg=255 erase_cnt=9 (vpc/ipc reset)
[EXP] [ERASE] ch=2 lun=0 pl=0 blk=45 pg=255 erase_cnt=9 (vpc/ipc reset)
[EXP] [ERASE] ch=2 lun=1 pl=0 blk=45 pg=255 erase_cnt=9 (vpc/ipc reset)
[EXP] [ERASE] ch=2 lun=2 pl=0 blk=45 pg=255 erase_cnt=9 (vpc/ipc reset)
[EXP] [ERASE] ch=2 lun=3 pl=0 blk=45 pg=255 erase_cnt=9 (vpc/ipc reset)
[EXP] [ERASE] ch=2 lun=4 pl=0 blk=45 pg=255 erase_cnt=9 (vpc/ipc reset)
[EXP] [ERASE] ch=2 lun=5 pl=0 blk=45 pg=255 erase_cnt=9 (vpc/ipc reset)
[EXP] [ERASE] ch=2 lun=6 pl=0 blk=45 pg=255 erase_cnt=9 (vpc/ipc reset)
[EXP] [ERASE] ch=2 lun=7 pl=0 blk=45 pg=255 erase_cnt=9 (vpc/ipc reset)
[EXP] [ERASE] ch=3 lun=0 pl=0 blk=45 pg=255 erase_cnt=9 (vpc/ipc reset)
[EXP] [ERASE] ch=3 lun=1 pl=0 blk=45 pg=255 erase_cnt=9 (vpc/ipc reset)
[EXP] [ERASE] ch=3 lun=2 pl=0 blk=45 pg=255 erase_cnt=9 (vpc/ipc reset)
[EXP] [ERASE] ch=3 lun=3 pl=0 blk=45 pg=255 erase_cnt=9 (vpc/ipc reset)
[EXP] [ERASE] ch=3 lun=4 pl=0 blk=45 pg=255 erase_cnt=9 (vpc/ipc reset)
[EXP] [ERASE] ch=3 lun=5 pl=0 blk=45 pg=255 erase_cnt=9 (vpc/ipc reset)
[EXP] [ERASE] ch=3 lun=6 pl=0 blk=45 pg=255 erase_cnt=9 (vpc/ipc reset)
[EXP] [ERASE] ch=3 lun=7 pl=0 blk=45 pg=255 erase_cnt=9 (vpc/ipc reset)
[EXP] [ERASE] ch=4 lun=0 pl=0 blk=45 pg=255 erase_cnt=9 (vpc/ipc reset)
[EXP] [ERASE] ch=4 lun=1 pl=0 blk=45 pg=255 erase_cnt=9 (vpc/ipc reset)
[EXP] [ERASE] ch=4 lun=2 pl=0 blk=45 pg=255 erase_cnt=9 (vpc/ipc reset)
[EXP] [ERASE] ch=4 lun=3 pl=0 blk=45 pg=255 erase_cnt=9 (vpc/ipc reset)
[EXP] [ERASE] ch=4 lun=4 pl=0 blk=45 pg=255 erase_cnt=9 (vpc/ipc reset)
[EXP] [ERASE] ch=4 lun=5 pl=0 blk=45 pg=255 erase_cnt=9 (vpc/ipc reset)
[EXP] [ERASE] ch=4 lun=6 pl=0 blk=45 pg=255 erase_cnt=9 (vpc/ipc reset)
[EXP] [ERASE] ch=4 lun=7 pl=0 blk=45 pg=255 erase_cnt=9 (vpc/ipc reset)
[EXP] [ERASE] ch=5 lun=0 pl=0 blk=45 pg=255 erase_cnt=9 (vpc/ipc reset)
[EXP] [ERASE] ch=5 lun=1 pl=0 blk=45 pg=255 erase_cnt=9 (vpc/ipc reset)
[EXP] [ERASE] ch=5 lun=2 pl=0 blk=45 pg=255 erase_cnt=9 (vpc/ipc reset)
[EXP] [ERASE] ch=5 lun=3 pl=0 blk=45 pg=255 erase_cnt=9 (vpc/ipc reset)
[EXP] [ERASE] ch=5 lun=4 pl=0 blk=45 pg=255 erase_cnt=9 (vpc/ipc reset)
[EXP] [ERASE] ch=5 lun=5 pl=0 blk=45 pg=255 erase_cnt=9 (vpc/ipc reset)
[EXP] [ERASE] ch=5 lun=6 pl=0 blk=45 pg=255 erase_cnt=9 (vpc/ipc reset)
[EXP] [ERASE] ch=5 lun=7 pl=0 blk=45 pg=255 erase_cnt=9 (vpc/ipc reset)
[EXP] [ERASE] ch=6 lun=0 pl=0 blk=45 pg=255 erase_cnt=9 (vpc/ipc reset)
[EXP] [ERASE] ch=6 lun=1 pl=0 blk=45 pg=255 erase_cnt=9 (vpc/ipc reset)
[EXP] [ERASE] ch=6 lun=2 pl=0 blk=45 pg=255 erase_cnt=9 (vpc/ipc reset)
[EXP] [ERASE] ch=6 lun=3 pl=0 blk=45 pg=255 erase_cnt=9 (vpc/ipc reset)
[EXP] [ERASE] ch=6 lun=4 pl=0 blk=45 pg=255 erase_cnt=9 (vpc/ipc reset)
[EXP] [ERASE] ch=6 lun=5 pl=0 blk=45 pg=255 erase_cnt=9 (vpc/ipc reset)
[EXP] [ERASE] ch=6 lun=6 pl=0 blk=45 pg=255 erase_cnt=9 (vpc/ipc reset)
[EXP] [ERASE] ch=6 lun=7 pl=0 blk=45 pg=255 erase_cnt=9 (vpc/ipc reset)
[EXP] [ERASE] ch=7 lun=0 pl=0 blk=45 pg=255 erase_cnt=9 (vpc/ipc reset)
[EXP] [ERASE] ch=7 lun=1 pl=0 blk=45 pg=255 erase_cnt=9 (vpc/ipc reset)
[EXP] [ERASE] ch=7 lun=2 pl=0 blk=45 pg=255 erase_cnt=9 (vpc/ipc reset)
[EXP] [ERASE] ch=7 lun=3 pl=0 blk=45 pg=255 erase_cnt=9 (vpc/ipc reset)
[EXP] [ERASE] ch=7 lun=4 pl=0 blk=45 pg=255 erase_cnt=9 (vpc/ipc reset)
[EXP] [ERASE] ch=7 lun=5 pl=0 blk=45 pg=255 erase_cnt=9 (vpc/ipc reset)
[EXP] [ERASE] ch=7 lun=6 pl=0 blk=45 pg=255 erase_cnt=9 (vpc/ipc reset)
[EXP] [ERASE] ch=7 lun=7 pl=0 blk=45 pg=255 erase_cnt=9 (vpc/ipc reset)
[EXP] [ERASE] ch=0 lun=0 pl=0 blk=51 pg=255 erase_cnt=8 (vpc/ipc reset)
[EXP] [ERASE] ch=0 lun=1 pl=0 blk=51 pg=255 erase_cnt=8 (vpc/ipc reset)
[EXP] [ERASE] ch=0 lun=2 pl=0 blk=51 pg=255 erase_cnt=8 (vpc/ipc reset)
[EXP] [ERASE] ch=0 lun=3 pl=0 blk=51 pg=255 erase_cnt=8 (vpc/ipc reset)
[EXP] [ERASE] ch=0 lun=4 pl=0 blk=51 pg=255 erase_cnt=8 (vpc/ipc reset)
[EXP] [ERASE] ch=0 lun=5 pl=0 blk=51 pg=255 erase_cnt=8 (vpc/ipc reset)
[EXP] [ERASE] ch=0 lun=6 pl=0 blk=51 pg=255 erase_cnt=8 (vpc/ipc reset)
[EXP] [ERASE] ch=0 lun=7 pl=0 blk=51 pg=255 erase_cnt=8 (vpc/ipc reset)
[EXP] [ERASE] ch=1 lun=0 pl=0 blk=51 pg=255 erase_cnt=8 (vpc/ipc reset)
[EXP] [ERASE] ch=1 lun=1 pl=0 blk=51 pg=255 erase_cnt=8 (vpc/ipc reset)
[EXP] [ERASE] ch=1 lun=2 pl=0 blk=51 pg=255 erase_cnt=8 (vpc/ipc reset)
[EXP] [ERASE] ch=1 lun=3 pl=0 blk=51 pg=255 erase_cnt=8 (vpc/ipc reset)
[EXP] [ERASE] ch=1 lun=4 pl=0 blk=51 pg=255 erase_cnt=8 (vpc/ipc reset)
[EXP] [ERASE] ch=1 lun=5 pl=0 blk=51 pg=255 erase_cnt=8 (vpc/ipc reset)
[EXP] [ERASE] ch=1 lun=6 pl=0 blk=51 pg=255 erase_cnt=8 (vpc/ipc reset)
[EXP] [ERASE] ch=1 lun=7 pl=0 blk=51 pg=255 erase_cnt=8 (vpc/ipc reset)
[EXP] [ERASE] ch=2 lun=0 pl=0 blk=51 pg=255 erase_cnt=8 (vpc/ipc reset)
[EXP] [ERASE] ch=2 lun=1 pl=0 blk=51 pg=255 erase_cnt=8 (vpc/ipc reset)
[EXP] [ERASE] ch=2 lun=2 pl=0 blk=51 pg=255 erase_cnt=8 (vpc/ipc reset)
[EXP] [ERASE] ch=2 lun=3 pl=0 blk=51 pg=255 erase_cnt=8 (vpc/ipc reset)
[EXP] [ERASE] ch=2 lun=4 pl=0 blk=51 pg=255 erase_cnt=8 (vpc/ipc reset)
[EXP] [ERASE] ch=2 lun=5 pl=0 blk=51 pg=255 erase_cnt=8 (vpc/ipc reset)
[EXP] [ERASE] ch=2 lun=6 pl=0 blk=51 pg=255 erase_cnt=8 (vpc/ipc reset)
[EXP] [ERASE] ch=2 lun=7 pl=0 blk=51 pg=255 erase_cnt=8 (vpc/ipc reset)
[EXP] [ERASE] ch=3 lun=0 pl=0 blk=51 pg=255 erase_cnt=8 (vpc/ipc reset)
[EXP] [ERASE] ch=3 lun=1 pl=0 blk=51 pg=255 erase_cnt=8 (vpc/ipc reset)
[EXP] [ERASE] ch=3 lun=2 pl=0 blk=51 pg=255 erase_cnt=8 (vpc/ipc reset)
[EXP] [ERASE] ch=3 lun=3 pl=0 blk=51 pg=255 erase_cnt=8 (vpc/ipc reset)
[EXP] [ERASE] ch=3 lun=4 pl=0 blk=51 pg=255 erase_cnt=8 (vpc/ipc reset)
[EXP] [ERASE] ch=3 lun=5 pl=0 blk=51 pg=255 erase_cnt=8 (vpc/ipc reset)
[EXP] [ERASE] ch=3 lun=6 pl=0 blk=51 pg=255 erase_cnt=8 (vpc/ipc reset)
[EXP] [ERASE] ch=3 lun=7 pl=0 blk=51 pg=255 erase_cnt=8 (vpc/ipc reset)
[EXP] [ERASE] ch=4 lun=0 pl=0 blk=51 pg=255 erase_cnt=8 (vpc/ipc reset)
[EXP] [ERASE] ch=4 lun=1 pl=0 blk=51 pg=255 erase_cnt=8 (vpc/ipc reset)
[EXP] [ERASE] ch=4 lun=2 pl=0 blk=51 pg=255 erase_cnt=8 (vpc/ipc reset)
[EXP] [ERASE] ch=4 lun=3 pl=0 blk=51 pg=255 erase_cnt=8 (vpc/ipc reset)
[EXP] [ERASE] ch=4 lun=4 pl=0 blk=51 pg=255 erase_cnt=8 (vpc/ipc reset)
[EXP] [ERASE] ch=4 lun=5 pl=0 blk=51 pg=255 erase_cnt=8 (vpc/ipc reset)
[EXP] [ERASE] ch=4 lun=6 pl=0 blk=51 pg=255 erase_cnt=8 (vpc/ipc reset)
[EXP] [ERASE] ch=4 lun=7 pl=0 blk=51 pg=255 erase_cnt=8 (vpc/ipc reset)
[EXP] [ERASE] ch=5 lun=0 pl=0 blk=51 pg=255 erase_cnt=8 (vpc/ipc reset)
[EXP] [ERASE] ch=5 lun=1 pl=0 blk=51 pg=255 erase_cnt=8 (vpc/ipc reset)
[EXP] [ERASE] ch=5 lun=2 pl=0 blk=51 pg=255 erase_cnt=8 (vpc/ipc reset)
[EXP] [ERASE] ch=5 lun=3 pl=0 blk=51 pg=255 erase_cnt=8 (vpc/ipc reset)
[EXP] [ERASE] ch=5 lun=4 pl=0 blk=51 pg=255 erase_cnt=8 (vpc/ipc reset)
[EXP] [ERASE] ch=5 lun=5 pl=0 blk=51 pg=255 erase_cnt=8 (vpc/ipc reset)
[EXP] [ERASE] ch=5 lun=6 pl=0 blk=51 pg=255 erase_cnt=8 (vpc/ipc reset)
[EXP] [ERASE] ch=5 lun=7 pl=0 blk=51 pg=255 erase_cnt=8 (vpc/ipc reset)
[EXP] [ERASE] ch=6 lun=0 pl=0 blk=51 pg=255 erase_cnt=8 (vpc/ipc reset)
[EXP] [ERASE] ch=6 lun=1 pl=0 blk=51 pg=255 erase_cnt=8 (vpc/ipc reset)
[EXP] [ERASE] ch=6 lun=2 pl=0 blk=51 pg=255 erase_cnt=8 (vpc/ipc reset)
[EXP] [ERASE] ch=6 lun=3 pl=0 blk=51 pg=255 erase_cnt=8 (vpc/ipc reset)
[EXP] [ERASE] ch=6 lun=4 pl=0 blk=51 pg=255 erase_cnt=8 (vpc/ipc reset)
[EXP] [ERASE] ch=6 lun=5 pl=0 blk=51 pg=255 erase_cnt=8 (vpc/ipc reset)
[EXP] [ERASE] ch=6 lun=6 pl=0 blk=51 pg=255 erase_cnt=8 (vpc/ipc reset)
[EXP] [ERASE] ch=6 lun=7 pl=0 blk=51 pg=255 erase_cnt=8 (vpc/ipc reset)
[EXP] [ERASE] ch=7 lun=0 pl=0 blk=51 pg=255 erase_cnt=8 (vpc/ipc reset)
[EXP] [ERASE] ch=7 lun=1 pl=0 blk=51 pg=255 erase_cnt=8 (vpc/ipc reset)
[EXP] [ERASE] ch=7 lun=2 pl=0 blk=51 pg=255 erase_cnt=8 (vpc/ipc reset)
[EXP] [ERASE] ch=7 lun=3 pl=0 blk=51 pg=255 erase_cnt=8 (vpc/ipc reset)
[EXP] [ERASE] ch=7 lun=4 pl=0 blk=51 pg=255 erase_cnt=8 (vpc/ipc reset)
[EXP] [ERASE] ch=7 lun=5 pl=0 blk=51 pg=255 erase_cnt=8 (vpc/ipc reset)
[EXP] [ERASE] ch=7 lun=6 pl=0 blk=51 pg=255 erase_cnt=8 (vpc/ipc reset)
[EXP] [ERASE] ch=7 lun=7 pl=0 blk=51 pg=255 erase_cnt=8 (vpc/ipc reset)
[EXP] [ERASE] ch=0 lun=0 pl=0 blk=29 pg=255 erase_cnt=6 (vpc/ipc reset)
[EXP] [ERASE] ch=0 lun=1 pl=0 blk=29 pg=255 erase_cnt=6 (vpc/ipc reset)
[EXP] [ERASE] ch=0 lun=2 pl=0 blk=29 pg=255 erase_cnt=6 (vpc/ipc reset)
[EXP] [ERASE] ch=0 lun=3 pl=0 blk=29 pg=255 erase_cnt=6 (vpc/ipc reset)
[EXP] [ERASE] ch=0 lun=4 pl=0 blk=29 pg=255 erase_cnt=6 (vpc/ipc reset)
[EXP] [ERASE] ch=0 lun=5 pl=0 blk=29 pg=255 erase_cnt=6 (vpc/ipc reset)
[EXP] [ERASE] ch=0 lun=6 pl=0 blk=29 pg=255 erase_cnt=6 (vpc/ipc reset)
[EXP] [ERASE] ch=0 lun=7 pl=0 blk=29 pg=255 erase_cnt=6 (vpc/ipc reset)
[EXP] [ERASE] ch=1 lun=0 pl=0 blk=29 pg=255 erase_cnt=6 (vpc/ipc reset)
[EXP] [ERASE] ch=1 lun=1 pl=0 blk=29 pg=255 erase_cnt=6 (vpc/ipc reset)
[EXP] [ERASE] ch=1 lun=2 pl=0 blk=29 pg=255 erase_cnt=6 (vpc/ipc reset)
[EXP] [ERASE] ch=1 lun=3 pl=0 blk=29 pg=255 erase_cnt=6 (vpc/ipc reset)
[EXP] [ERASE] ch=1 lun=4 pl=0 blk=29 pg=255 erase_cnt=6 (vpc/ipc reset)
[EXP] [ERASE] ch=1 lun=5 pl=0 blk=29 pg=255 erase_cnt=6 (vpc/ipc reset)
[EXP] [ERASE] ch=1 lun=6 pl=0 blk=29 pg=255 erase_cnt=6 (vpc/ipc reset)
[EXP] [ERASE] ch=1 lun=7 pl=0 blk=29 pg=255 erase_cnt=6 (vpc/ipc reset)
[EXP] [ERASE] ch=2 lun=0 pl=0 blk=29 pg=255 erase_cnt=6 (vpc/ipc reset)
[EXP] [ERASE] ch=2 lun=1 pl=0 blk=29 pg=255 erase_cnt=6 (vpc/ipc reset)
[EXP] [ERASE] ch=2 lun=2 pl=0 blk=29 pg=255 erase_cnt=6 (vpc/ipc reset)
[EXP] [ERASE] ch=2 lun=3 pl=0 blk=29 pg=255 erase_cnt=6 (vpc/ipc reset)
[EXP] [ERASE] ch=2 lun=4 pl=0 blk=29 pg=255 erase_cnt=6 (vpc/ipc reset)
[EXP] [ERASE] ch=2 lun=5 pl=0 blk=29 pg=255 erase_cnt=6 (vpc/ipc reset)
[EXP] [ERASE] ch=2 lun=6 pl=0 blk=29 pg=255 erase_cnt=6 (vpc/ipc reset)
[EXP] [ERASE] ch=2 lun=7 pl=0 blk=29 pg=255 erase_cnt=6 (vpc/ipc reset)
[EXP] [ERASE] ch=3 lun=0 pl=0 blk=29 pg=255 erase_cnt=6 (vpc/ipc reset)
[EXP] [ERASE] ch=3 lun=1 pl=0 blk=29 pg=255 erase_cnt=6 (vpc/ipc reset)
[EXP] [ERASE] ch=3 lun=2 pl=0 blk=29 pg=255 erase_cnt=6 (vpc/ipc reset)
[EXP] [ERASE] ch=3 lun=3 pl=0 blk=29 pg=255 erase_cnt=6 (vpc/ipc reset)
[EXP] [ERASE] ch=3 lun=4 pl=0 blk=29 pg=255 erase_cnt=6 (vpc/ipc reset)
[EXP] [ERASE] ch=3 lun=5 pl=0 blk=29 pg=255 erase_cnt=6 (vpc/ipc reset)
[EXP] [ERASE] ch=3 lun=6 pl=0 blk=29 pg=255 erase_cnt=6 (vpc/ipc reset)
[EXP] [ERASE] ch=3 lun=7 pl=0 blk=29 pg=255 erase_cnt=6 (vpc/ipc reset)
[EXP] [ERASE] ch=4 lun=0 pl=0 blk=29 pg=255 erase_cnt=6 (vpc/ipc reset)
[EXP] [ERASE] ch=4 lun=1 pl=0 blk=29 pg=255 erase_cnt=6 (vpc/ipc reset)
[EXP] [ERASE] ch=4 lun=2 pl=0 blk=29 pg=255 erase_cnt=6 (vpc/ipc reset)
[EXP] [ERASE] ch=4 lun=3 pl=0 blk=29 pg=255 erase_cnt=6 (vpc/ipc reset)
[EXP] [ERASE] ch=4 lun=4 pl=0 blk=29 pg=255 erase_cnt=6 (vpc/ipc reset)
[EXP] [ERASE] ch=4 lun=5 pl=0 blk=29 pg=255 erase_cnt=6 (vpc/ipc reset)
[EXP] [ERASE] ch=4 lun=6 pl=0 blk=29 pg=255 erase_cnt=6 (vpc/ipc reset)
[EXP] [ERASE] ch=4 lun=7 pl=0 blk=29 pg=255 erase_cnt=6 (vpc/ipc reset)
[EXP] [ERASE] ch=5 lun=0 pl=0 blk=29 pg=255 erase_cnt=6 (vpc/ipc reset)
[EXP] [ERASE] ch=5 lun=1 pl=0 blk=29 pg=255 erase_cnt=6 (vpc/ipc reset)
[EXP] [ERASE] ch=5 lun=2 pl=0 blk=29 pg=255 erase_cnt=6 (vpc/ipc reset)
[EXP] [ERASE] ch=5 lun=3 pl=0 blk=29 pg=255 erase_cnt=6 (vpc/ipc reset)
[EXP] [ERASE] ch=5 lun=4 pl=0 blk=29 pg=255 erase_cnt=6 (vpc/ipc reset)
[EXP] [ERASE] ch=5 lun=5 pl=0 blk=29 pg=255 erase_cnt=6 (vpc/ipc reset)
[EXP] [ERASE] ch=5 lun=6 pl=0 blk=29 pg=255 erase_cnt=6 (vpc/ipc reset)
[EXP] [ERASE] ch=5 lun=7 pl=0 blk=29 pg=255 erase_cnt=6 (vpc/ipc reset)
[EXP] [ERASE] ch=6 lun=0 pl=0 blk=29 pg=255 erase_cnt=6 (vpc/ipc reset)
[EXP] [ERASE] ch=6 lun=1 pl=0 blk=29 pg=255 erase_cnt=6 (vpc/ipc reset)
[EXP] [ERASE] ch=6 lun=2 pl=0 blk=29 pg=255 erase_cnt=6 (vpc/ipc reset)
[EXP] [ERASE] ch=6 lun=3 pl=0 blk=29 pg=255 erase_cnt=6 (vpc/ipc reset)
[EXP] [ERASE] ch=6 lun=4 pl=0 blk=29 pg=255 erase_cnt=6 (vpc/ipc reset)
[EXP] [ERASE] ch=6 lun=5 pl=0 blk=29 pg=255 erase_cnt=6 (vpc/ipc reset)
[EXP] [ERASE] ch=6 lun=6 pl=0 blk=29 pg=255 erase_cnt=6 (vpc/ipc reset)
[EXP] [ERASE] ch=6 lun=7 pl=0 blk=29 pg=255 erase_cnt=6 (vpc/ipc reset)
[EXP] [ERASE] ch=7 lun=0 pl=0 blk=29 pg=255 erase_cnt=6 (vpc/ipc reset)
[EXP] [ERASE] ch=7 lun=1 pl=0 blk=29 pg=255 erase_cnt=6 (vpc/ipc reset)
[EXP] [ERASE] ch=7 lun=2 pl=0 blk=29 pg=255 erase_cnt=6 (vpc/ipc reset)
[EXP] [ERASE] ch=7 lun=3 pl=0 blk=29 pg=255 erase_cnt=6 (vpc/ipc reset)
[EXP] [ERASE] ch=7 lun=4 pl=0 blk=29 pg=255 erase_cnt=6 (vpc/ipc reset)
[EXP] [ERASE] ch=7 lun=5 pl=0 blk=29 pg=255 erase_cnt=6 (vpc/ipc reset)
[EXP] [ERASE] ch=7 lun=6 pl=0 blk=29 pg=255 erase_cnt=6 (vpc/ipc reset)
[EXP] [ERASE] ch=7 lun=7 pl=0 blk=29 pg=255 erase_cnt=6 (vpc/ipc reset)
[EXP] [ERASE] ch=0 lun=0 pl=0 blk=101 pg=255 erase_cnt=10 (vpc/ipc reset)
[EXP] [ERASE] ch=0 lun=1 pl=0 blk=101 pg=255 erase_cnt=10 (vpc/ipc reset)
[EXP] [ERASE] ch=0 lun=2 pl=0 blk=101 pg=255 erase_cnt=10 (vpc/ipc reset)
[EXP] [ERASE] ch=0 lun=3 pl=0 blk=101 pg=255 erase_cnt=10 (vpc/ipc reset)
[EXP] [ERASE] ch=0 lun=4 pl=0 blk=101 pg=255 erase_cnt=10 (vpc/ipc reset)
[EXP] [ERASE] ch=0 lun=5 pl=0 blk=101 pg=255 erase_cnt=10 (vpc/ipc reset)
[EXP] [ERASE] ch=0 lun=6 pl=0 blk=101 pg=255 erase_cnt=10 (vpc/ipc reset)
[EXP] [ERASE] ch=0 lun=7 pl=0 blk=101 pg=255 erase_cnt=10 (vpc/ipc reset)
[EXP] [ERASE] ch=1 lun=0 pl=0 blk=101 pg=255 erase_cnt=10 (vpc/ipc reset)
[EXP] [ERASE] ch=1 lun=1 pl=0 blk=101 pg=255 erase_cnt=10 (vpc/ipc reset)
[EXP] [ERASE] ch=1 lun=2 pl=0 blk=101 pg=255 erase_cnt=10 (vpc/ipc reset)
[EXP] [ERASE] ch=1 lun=3 pl=0 blk=101 pg=255 erase_cnt=10 (vpc/ipc reset)
[EXP] [ERASE] ch=1 lun=4 pl=0 blk=101 pg=255 erase_cnt=10 (vpc/ipc reset)
[EXP] [ERASE] ch=1 lun=5 pl=0 blk=101 pg=255 erase_cnt=10 (vpc/ipc reset)
[EXP] [ERASE] ch=1 lun=6 pl=0 blk=101 pg=255 erase_cnt=10 (vpc/ipc reset)
[EXP] [ERASE] ch=1 lun=7 pl=0 blk=101 pg=255 erase_cnt=10 (vpc/ipc reset)
[EXP] [ERASE] ch=2 lun=0 pl=0 blk=101 pg=255 erase_cnt=10 (vpc/ipc reset)
[EXP] [ERASE] ch=2 lun=1 pl=0 blk=101 pg=255 erase_cnt=10 (vpc/ipc reset)
[EXP] [ERASE] ch=2 lun=2 pl=0 blk=101 pg=255 erase_cnt=10 (vpc/ipc reset)
[EXP] [ERASE] ch=2 lun=3 pl=0 blk=101 pg=255 erase_cnt=10 (vpc/ipc reset)
[EXP] [ERASE] ch=2 lun=4 pl=0 blk=101 pg=255 erase_cnt=10 (vpc/ipc reset)
[EXP] [ERASE] ch=2 lun=5 pl=0 blk=101 pg=255 erase_cnt=10 (vpc/ipc reset)
[EXP] [ERASE] ch=2 lun=6 pl=0 blk=101 pg=255 erase_cnt=10 (vpc/ipc reset)
[EXP] [ERASE] ch=2 lun=7 pl=0 blk=101 pg=255 erase_cnt=10 (vpc/ipc reset)
[EXP] [ERASE] ch=3 lun=0 pl=0 blk=101 pg=255 erase_cnt=10 (vpc/ipc reset)
[EXP] [ERASE] ch=3 lun=1 pl=0 blk=101 pg=255 erase_cnt=10 (vpc/ipc reset)
[EXP] [ERASE] ch=3 lun=2 pl=0 blk=101 pg=255 erase_cnt=10 (vpc/ipc reset)
[EXP] [ERASE] ch=3 lun=3 pl=0 blk=101 pg=255 erase_cnt=10 (vpc/ipc reset)
[EXP] [ERASE] ch=3 lun=4 pl=0 blk=101 pg=255 erase_cnt=10 (vpc/ipc reset)
[EXP] [ERASE] ch=3 lun=5 pl=0 blk=101 pg=255 erase_cnt=10 (vpc/ipc reset)
[EXP] [ERASE] ch=3 lun=6 pl=0 blk=101 pg=255 erase_cnt=10 (vpc/ipc reset)
[EXP] [ERASE] ch=3 lun=7 pl=0 blk=101 pg=255 erase_cnt=10 (vpc/ipc reset)
[EXP] [ERASE] ch=4 lun=0 pl=0 blk=101 pg=255 erase_cnt=10 (vpc/ipc reset)
[EXP] [ERASE] ch=4 lun=1 pl=0 blk=101 pg=255 erase_cnt=10 (vpc/ipc reset)
[EXP] [ERASE] ch=4 lun=2 pl=0 blk=101 pg=255 erase_cnt=10 (vpc/ipc reset)
[EXP] [ERASE] ch=4 lun=3 pl=0 blk=101 pg=255 erase_cnt=10 (vpc/ipc reset)
[EXP] [ERASE] ch=4 lun=4 pl=0 blk=101 pg=255 erase_cnt=10 (vpc/ipc reset)
[EXP] [ERASE] ch=4 lun=5 pl=0 blk=101 pg=255 erase_cnt=10 (vpc/ipc reset)
[EXP] [ERASE] ch=4 lun=6 pl=0 blk=101 pg=255 erase_cnt=10 (vpc/ipc reset)
[EXP] [ERASE] ch=4 lun=7 pl=0 blk=101 pg=255 erase_cnt=10 (vpc/ipc reset)
[EXP] [ERASE] ch=5 lun=0 pl=0 blk=101 pg=255 erase_cnt=10 (vpc/ipc reset)
[EXP] [ERASE] ch=5 lun=1 pl=0 blk=101 pg=255 erase_cnt=10 (vpc/ipc reset)
[EXP] [ERASE] ch=5 lun=2 pl=0 blk=101 pg=255 erase_cnt=10 (vpc/ipc reset)
[EXP] [ERASE] ch=5 lun=3 pl=0 blk=101 pg=255 erase_cnt=10 (vpc/ipc reset)
[EXP] [ERASE] ch=5 lun=4 pl=0 blk=101 pg=255 erase_cnt=10 (vpc/ipc reset)
[EXP] [ERASE] ch=5 lun=5 pl=0 blk=101 pg=255 erase_cnt=10 (vpc/ipc reset)
[EXP] [ERASE] ch=5 lun=6 pl=0 blk=101 pg=255 erase_cnt=10 (vpc/ipc reset)
[EXP] [ERASE] ch=5 lun=7 pl=0 blk=101 pg=255 erase_cnt=10 (vpc/ipc reset)
[EXP] [ERASE] ch=6 lun=0 pl=0 blk=101 pg=255 erase_cnt=10 (vpc/ipc reset)
[EXP] [ERASE] ch=6 lun=1 pl=0 blk=101 pg=255 erase_cnt=10 (vpc/ipc reset)
[EXP] [ERASE] ch=6 lun=2 pl=0 blk=101 pg=255 erase_cnt=10 (vpc/ipc reset)
[EXP] [ERASE] ch=6 lun=3 pl=0 blk=101 pg=255 erase_cnt=10 (vpc/ipc reset)
[EXP] [ERASE] ch=6 lun=4 pl=0 blk=101 pg=255 erase_cnt=10 (vpc/ipc reset)
[EXP] [ERASE] ch=6 lun=5 pl=0 blk=101 pg=255 erase_cnt=10 (vpc/ipc reset)
[EXP] [ERASE] ch=6 lun=6 pl=0 blk=101 pg=255 erase_cnt=10 (vpc/ipc reset)
[EXP] [ERASE] ch=6 lun=7 pl=0 blk=101 pg=255 erase_cnt=10 (vpc/ipc reset)
[EXP] [ERASE] ch=7 lun=0 pl=0 blk=101 pg=255 erase_cnt=10 (vpc/ipc reset)
[EXP] [ERASE] ch=7 lun=1 pl=0 blk=101 pg=255 erase_cnt=10 (vpc/ipc reset)
[EXP] [ERASE] ch=7 lun=2 pl=0 blk=101 pg=255 erase_cnt=10 (vpc/ipc reset)
[EXP] [ERASE] ch=7 lun=3 pl=0 blk=101 pg=255 erase_cnt=10 (vpc/ipc reset)
[EXP] [ERASE] ch=7 lun=4 pl=0 blk=101 pg=255 erase_cnt=10 (vpc/ipc reset)
[EXP] [ERASE] ch=7 lun=5 pl=0 blk=101 pg=255 erase_cnt=10 (vpc/ipc reset)
[EXP] [ERASE] ch=7 lun=6 pl=0 blk=101 pg=255 erase_cnt=10 (vpc/ipc reset)
[EXP] [ERASE] ch=7 lun=7 pl=0 blk=101 pg=255 erase_cnt=10 (vpc/ipc reset)
[EXP] [ERASE] ch=0 lun=0 pl=0 blk=97 pg=255 erase_cnt=10 (vpc/ipc reset)
[EXP] [ERASE] ch=0 lun=1 pl=0 blk=97 pg=255 erase_cnt=10 (vpc/ipc reset)
[EXP] [ERASE] ch=0 lun=2 pl=0 blk=97 pg=255 erase_cnt=10 (vpc/ipc reset)
[EXP] [ERASE] ch=0 lun=3 pl=0 blk=97 pg=255 erase_cnt=10 (vpc/ipc reset)
[EXP] [ERASE] ch=0 lun=4 pl=0 blk=97 pg=255 erase_cnt=10 (vpc/ipc reset)
[EXP] [ERASE] ch=0 lun=5 pl=0 blk=97 pg=255 erase_cnt=10 (vpc/ipc reset)
[EXP] [ERASE] ch=0 lun=6 pl=0 blk=97 pg=255 erase_cnt=10 (vpc/ipc reset)
[EXP] [ERASE] ch=0 lun=7 pl=0 blk=97 pg=255 erase_cnt=10 (vpc/ipc reset)
[EXP] [ERASE] ch=1 lun=0 pl=0 blk=97 pg=255 erase_cnt=10 (vpc/ipc reset)
[EXP] [ERASE] ch=1 lun=1 pl=0 blk=97 pg=255 erase_cnt=10 (vpc/ipc reset)
[EXP] [ERASE] ch=1 lun=2 pl=0 blk=97 pg=255 erase_cnt=10 (vpc/ipc reset)
[EXP] [ERASE] ch=1 lun=3 pl=0 blk=97 pg=255 erase_cnt=10 (vpc/ipc reset)
[EXP] [ERASE] ch=1 lun=4 pl=0 blk=97 pg=255 erase_cnt=10 (vpc/ipc reset)
[EXP] [ERASE] ch=1 lun=5 pl=0 blk=97 pg=255 erase_cnt=10 (vpc/ipc reset)
[EXP] [ERASE] ch=1 lun=6 pl=0 blk=97 pg=255 erase_cnt=10 (vpc/ipc reset)
[EXP] [ERASE] ch=1 lun=7 pl=0 blk=97 pg=255 erase_cnt=10 (vpc/ipc reset)
[EXP] [ERASE] ch=2 lun=0 pl=0 blk=97 pg=255 erase_cnt=10 (vpc/ipc reset)
[EXP] [ERASE] ch=2 lun=1 pl=0 blk=97 pg=255 erase_cnt=10 (vpc/ipc reset)
[EXP] [ERASE] ch=2 lun=2 pl=0 blk=97 pg=255 erase_cnt=10 (vpc/ipc reset)
[EXP] [ERASE] ch=2 lun=3 pl=0 blk=97 pg=255 erase_cnt=10 (vpc/ipc reset)
[EXP] [ERASE] ch=2 lun=4 pl=0 blk=97 pg=255 erase_cnt=10 (vpc/ipc reset)
[EXP] [ERASE] ch=2 lun=5 pl=0 blk=97 pg=255 erase_cnt=10 (vpc/ipc reset)
[EXP] [ERASE] ch=2 lun=6 pl=0 blk=97 pg=255 erase_cnt=10 (vpc/ipc reset)
[EXP] [ERASE] ch=2 lun=7 pl=0 blk=97 pg=255 erase_cnt=10 (vpc/ipc reset)
[EXP] [ERASE] ch=3 lun=0 pl=0 blk=97 pg=255 erase_cnt=10 (vpc/ipc reset)
[EXP] [ERASE] ch=3 lun=1 pl=0 blk=97 pg=255 erase_cnt=10 (vpc/ipc reset)
[EXP] [ERASE] ch=3 lun=2 pl=0 blk=97 pg=255 erase_cnt=10 (vpc/ipc reset)
[EXP] [ERASE] ch=3 lun=3 pl=0 blk=97 pg=255 erase_cnt=10 (vpc/ipc reset)
[EXP] [ERASE] ch=3 lun=4 pl=0 blk=97 pg=255 erase_cnt=10 (vpc/ipc reset)
[EXP] [ERASE] ch=3 lun=5 pl=0 blk=97 pg=255 erase_cnt=10 (vpc/ipc reset)
[EXP] [ERASE] ch=3 lun=6 pl=0 blk=97 pg=255 erase_cnt=10 (vpc/ipc reset)
[EXP] [ERASE] ch=3 lun=7 pl=0 blk=97 pg=255 erase_cnt=10 (vpc/ipc reset)
[EXP] [ERASE] ch=4 lun=0 pl=0 blk=97 pg=255 erase_cnt=10 (vpc/ipc reset)
[EXP] [ERASE] ch=4 lun=1 pl=0 blk=97 pg=255 erase_cnt=10 (vpc/ipc reset)
[EXP] [ERASE] ch=4 lun=2 pl=0 blk=97 pg=255 erase_cnt=10 (vpc/ipc reset)
[EXP] [ERASE] ch=4 lun=3 pl=0 blk=97 pg=255 erase_cnt=10 (vpc/ipc reset)
[EXP] [ERASE] ch=4 lun=4 pl=0 blk=97 pg=255 erase_cnt=10 (vpc/ipc reset)
[EXP] [ERASE] ch=4 lun=5 pl=0 blk=97 pg=255 erase_cnt=10 (vpc/ipc reset)
[EXP] [ERASE] ch=4 lun=6 pl=0 blk=97 pg=255 erase_cnt=10 (vpc/ipc reset)
[EXP] [ERASE] ch=4 lun=7 pl=0 blk=97 pg=255 erase_cnt=10 (vpc/ipc reset)
[EXP] [ERASE] ch=5 lun=0 pl=0 blk=97 pg=255 erase_cnt=10 (vpc/ipc reset)
[EXP] [ERASE] ch=5 lun=1 pl=0 blk=97 pg=255 erase_cnt=10 (vpc/ipc reset)
[EXP] [ERASE] ch=5 lun=2 pl=0 blk=97 pg=255 erase_cnt=10 (vpc/ipc reset)
[EXP] [ERASE] ch=5 lun=3 pl=0 blk=97 pg=255 erase_cnt=10 (vpc/ipc reset)
[EXP] [ERASE] ch=5 lun=4 pl=0 blk=97 pg=255 erase_cnt=10 (vpc/ipc reset)
[EXP] [ERASE] ch=5 lun=5 pl=0 blk=97 pg=255 erase_cnt=10 (vpc/ipc reset)
[EXP] [ERASE] ch=5 lun=6 pl=0 blk=97 pg=255 erase_cnt=10 (vpc/ipc reset)
[EXP] [ERASE] ch=5 lun=7 pl=0 blk=97 pg=255 erase_cnt=10 (vpc/ipc reset)
[EXP] [ERASE] ch=6 lun=0 pl=0 blk=97 pg=255 erase_cnt=10 (vpc/ipc reset)
[EXP] [ERASE] ch=6 lun=1 pl=0 blk=97 pg=255 erase_cnt=10 (vpc/ipc reset)
[EXP] [ERASE] ch=6 lun=2 pl=0 blk=97 pg=255 erase_cnt=10 (vpc/ipc reset)
[EXP] [ERASE] ch=6 lun=3 pl=0 blk=97 pg=255 erase_cnt=10 (vpc/ipc reset)
[EXP] [ERASE] ch=6 lun=4 pl=0 blk=97 pg=255 erase_cnt=10 (vpc/ipc reset)
[EXP] [ERASE] ch=6 lun=5 pl=0 blk=97 pg=255 erase_cnt=10 (vpc/ipc reset)
[EXP] [ERASE] ch=6 lun=6 pl=0 blk=97 pg=255 erase_cnt=10 (vpc/ipc reset)
[EXP] [ERASE] ch=6 lun=7 pl=0 blk=97 pg=255 erase_cnt=10 (vpc/ipc reset)
[EXP] [ERASE] ch=7 lun=0 pl=0 blk=97 pg=255 erase_cnt=10 (vpc/ipc reset)
[EXP] [ERASE] ch=7 lun=1 pl=0 blk=97 pg=255 erase_cnt=10 (vpc/ipc reset)
[EXP] [ERASE] ch=7 lun=2 pl=0 blk=97 pg=255 erase_cnt=10 (vpc/ipc reset)
[EXP] [ERASE] ch=7 lun=3 pl=0 blk=97 pg=255 erase_cnt=10 (vpc/ipc reset)
[EXP] [ERASE] ch=7 lun=4 pl=0 blk=97 pg=255 erase_cnt=10 (vpc/ipc reset)
[EXP] [ERASE] ch=7 lun=5 pl=0 blk=97 pg=255 erase_cnt=10 (vpc/ipc reset)
[EXP] [ERASE] ch=7 lun=6 pl=0 blk=97 pg=255 erase_cnt=10 (vpc/ipc reset)
[EXP] [ERASE] ch=7 lun=7 pl=0 blk=97 pg=255 erase_cnt=10 (vpc/ipc reset)
[EXP] [ERASE] ch=0 lun=0 pl=0 blk=101 pg=255 erase_cnt=11 (vpc/ipc reset)
[EXP] [ERASE] ch=0 lun=1 pl=0 blk=101 pg=255 erase_cnt=11 (vpc/ipc reset)
[EXP] [ERASE] ch=0 lun=2 pl=0 blk=101 pg=255 erase_cnt=11 (vpc/ipc reset)
[EXP] [ERASE] ch=0 lun=3 pl=0 blk=101 pg=255 erase_cnt=11 (vpc/ipc reset)
[EXP] [ERASE] ch=0 lun=4 pl=0 blk=101 pg=255 erase_cnt=11 (vpc/ipc reset)
[EXP] [ERASE] ch=0 lun=5 pl=0 blk=101 pg=255 erase_cnt=11 (vpc/ipc reset)
[EXP] [ERASE] ch=0 lun=6 pl=0 blk=101 pg=255 erase_cnt=11 (vpc/ipc reset)
[EXP] [ERASE] ch=0 lun=7 pl=0 blk=101 pg=255 erase_cnt=11 (vpc/ipc reset)
[EXP] [ERASE] ch=1 lun=0 pl=0 blk=101 pg=255 erase_cnt=11 (vpc/ipc reset)
[EXP] [ERASE] ch=1 lun=1 pl=0 blk=101 pg=255 erase_cnt=11 (vpc/ipc reset)
[EXP] [ERASE] ch=1 lun=2 pl=0 blk=101 pg=255 erase_cnt=11 (vpc/ipc reset)
[EXP] [ERASE] ch=1 lun=3 pl=0 blk=101 pg=255 erase_cnt=11 (vpc/ipc reset)
[EXP] [ERASE] ch=1 lun=4 pl=0 blk=101 pg=255 erase_cnt=11 (vpc/ipc reset)
[EXP] [ERASE] ch=1 lun=5 pl=0 blk=101 pg=255 erase_cnt=11 (vpc/ipc reset)
[EXP] [ERASE] ch=1 lun=6 pl=0 blk=101 pg=255 erase_cnt=11 (vpc/ipc reset)
[EXP] [ERASE] ch=1 lun=7 pl=0 blk=101 pg=255 erase_cnt=11 (vpc/ipc reset)
[EXP] [ERASE] ch=2 lun=0 pl=0 blk=101 pg=255 erase_cnt=11 (vpc/ipc reset)
[EXP] [ERASE] ch=2 lun=1 pl=0 blk=101 pg=255 erase_cnt=11 (vpc/ipc reset)
[EXP] [ERASE] ch=2 lun=2 pl=0 blk=101 pg=255 erase_cnt=11 (vpc/ipc reset)
[EXP] [ERASE] ch=2 lun=3 pl=0 blk=101 pg=255 erase_cnt=11 (vpc/ipc reset)
[EXP] [ERASE] ch=2 lun=4 pl=0 blk=101 pg=255 erase_cnt=11 (vpc/ipc reset)
[EXP] [ERASE] ch=2 lun=5 pl=0 blk=101 pg=255 erase_cnt=11 (vpc/ipc reset)
[EXP] [ERASE] ch=2 lun=6 pl=0 blk=101 pg=255 erase_cnt=11 (vpc/ipc reset)
[EXP] [ERASE] ch=2 lun=7 pl=0 blk=101 pg=255 erase_cnt=11 (vpc/ipc reset)
[EXP] [ERASE] ch=3 lun=0 pl=0 blk=101 pg=255 erase_cnt=11 (vpc/ipc reset)
[EXP] [ERASE] ch=3 lun=1 pl=0 blk=101 pg=255 erase_cnt=11 (vpc/ipc reset)
[EXP] [ERASE] ch=3 lun=2 pl=0 blk=101 pg=255 erase_cnt=11 (vpc/ipc reset)
[EXP] [ERASE] ch=3 lun=3 pl=0 blk=101 pg=255 erase_cnt=11 (vpc/ipc reset)
[EXP] [ERASE] ch=3 lun=4 pl=0 blk=101 pg=255 erase_cnt=11 (vpc/ipc reset)
[EXP] [ERASE] ch=3 lun=5 pl=0 blk=101 pg=255 erase_cnt=11 (vpc/ipc reset)
[EXP] [ERASE] ch=3 lun=6 pl=0 blk=101 pg=255 erase_cnt=11 (vpc/ipc reset)
[EXP] [ERASE] ch=3 lun=7 pl=0 blk=101 pg=255 erase_cnt=11 (vpc/ipc reset)
[EXP] [ERASE] ch=4 lun=0 pl=0 blk=101 pg=255 erase_cnt=11 (vpc/ipc reset)
[EXP] [ERASE] ch=4 lun=1 pl=0 blk=101 pg=255 erase_cnt=11 (vpc/ipc reset)
[EXP] [ERASE] ch=4 lun=2 pl=0 blk=101 pg=255 erase_cnt=11 (vpc/ipc reset)
[EXP] [ERASE] ch=4 lun=3 pl=0 blk=101 pg=255 erase_cnt=11 (vpc/ipc reset)
[EXP] [ERASE] ch=4 lun=4 pl=0 blk=101 pg=255 erase_cnt=11 (vpc/ipc reset)
[EXP] [ERASE] ch=4 lun=5 pl=0 blk=101 pg=255 erase_cnt=11 (vpc/ipc reset)
[EXP] [ERASE] ch=4 lun=6 pl=0 blk=101 pg=255 erase_cnt=11 (vpc/ipc reset)
[EXP] [ERASE] ch=4 lun=7 pl=0 blk=101 pg=255 erase_cnt=11 (vpc/ipc reset)
[EXP] [ERASE] ch=5 lun=0 pl=0 blk=101 pg=255 erase_cnt=11 (vpc/ipc reset)
[EXP] [ERASE] ch=5 lun=1 pl=0 blk=101 pg=255 erase_cnt=11 (vpc/ipc reset)
[EXP] [ERASE] ch=5 lun=2 pl=0 blk=101 pg=255 erase_cnt=11 (vpc/ipc reset)
[EXP] [ERASE] ch=5 lun=3 pl=0 blk=101 pg=255 erase_cnt=11 (vpc/ipc reset)
[EXP] [ERASE] ch=5 lun=4 pl=0 blk=101 pg=255 erase_cnt=11 (vpc/ipc reset)
[EXP] [ERASE] ch=5 lun=5 pl=0 blk=101 pg=255 erase_cnt=11 (vpc/ipc reset)
[EXP] [ERASE] ch=5 lun=6 pl=0 blk=101 pg=255 erase_cnt=11 (vpc/ipc reset)
[EXP] [ERASE] ch=5 lun=7 pl=0 blk=101 pg=255 erase_cnt=11 (vpc/ipc reset)
[EXP] [ERASE] ch=6 lun=0 pl=0 blk=101 pg=255 erase_cnt=11 (vpc/ipc reset)
[EXP] [ERASE] ch=6 lun=1 pl=0 blk=101 pg=255 erase_cnt=11 (vpc/ipc reset)
[EXP] [ERASE] ch=6 lun=2 pl=0 blk=101 pg=255 erase_cnt=11 (vpc/ipc reset)
[EXP] [ERASE] ch=6 lun=3 pl=0 blk=101 pg=255 erase_cnt=11 (vpc/ipc reset)
[EXP] [ERASE] ch=6 lun=4 pl=0 blk=101 pg=255 erase_cnt=11 (vpc/ipc reset)
[EXP] [ERASE] ch=6 lun=5 pl=0 blk=101 pg=255 erase_cnt=11 (vpc/ipc reset)
[EXP] [ERASE] ch=6 lun=6 pl=0 blk=101 pg=255 erase_cnt=11 (vpc/ipc reset)
[EXP] [ERASE] ch=6 lun=7 pl=0 blk=101 pg=255 erase_cnt=11 (vpc/ipc reset)
[EXP] [ERASE] ch=7 lun=0 pl=0 blk=101 pg=255 erase_cnt=11 (vpc/ipc reset)
[EXP] [ERASE] ch=7 lun=1 pl=0 blk=101 pg=255 erase_cnt=11 (vpc/ipc reset)
[EXP] [ERASE] ch=7 lun=2 pl=0 blk=101 pg=255 erase_cnt=11 (vpc/ipc reset)
[EXP] [ERASE] ch=7 lun=3 pl=0 blk=101 pg=255 erase_cnt=11 (vpc/ipc reset)
[EXP] [ERASE] ch=7 lun=4 pl=0 blk=101 pg=255 erase_cnt=11 (vpc/ipc reset)
[EXP] [ERASE] ch=7 lun=5 pl=0 blk=101 pg=255 erase_cnt=11 (vpc/ipc reset)
[EXP] [ERASE] ch=7 lun=6 pl=0 blk=101 pg=255 erase_cnt=11 (vpc/ipc reset)
[EXP] [ERASE] ch=7 lun=7 pl=0 blk=101 pg=255 erase_cnt=11 (vpc/ipc reset)
[EXP] [ERASE] ch=0 lun=0 pl=0 blk=37 pg=255 erase_cnt=9 (vpc/ipc reset)
[EXP] [ERASE] ch=0 lun=1 pl=0 blk=37 pg=255 erase_cnt=9 (vpc/ipc reset)
[EXP] [ERASE] ch=0 lun=2 pl=0 blk=37 pg=255 erase_cnt=9 (vpc/ipc reset)
[EXP] [ERASE] ch=0 lun=3 pl=0 blk=37 pg=255 erase_cnt=9 (vpc/ipc reset)
[EXP] [ERASE] ch=0 lun=4 pl=0 blk=37 pg=255 erase_cnt=9 (vpc/ipc reset)
[EXP] [ERASE] ch=0 lun=5 pl=0 blk=37 pg=255 erase_cnt=9 (vpc/ipc reset)
[EXP] [GC_MOVE] lpn=0 historical=HOT effective=COLD idle_age=850408 expired=yes access=3 short=2 last_seq=1572870 decay_epoch=24 ch=0 lun=6 pl=0 blk=37 pg=189 -> ch=2 lun=7 pl=0 blk=100 pg=9
[EXP] [ERASE] ch=0 lun=6 pl=0 blk=37 pg=255 erase_cnt=9 (vpc/ipc reset)
[EXP] [ERASE] ch=0 lun=7 pl=0 blk=37 pg=255 erase_cnt=9 (vpc/ipc reset)
[EXP] [ERASE] ch=1 lun=0 pl=0 blk=37 pg=255 erase_cnt=9 (vpc/ipc reset)
[EXP] [ERASE] ch=1 lun=1 pl=0 blk=37 pg=255 erase_cnt=9 (vpc/ipc reset)
[EXP] [ERASE] ch=1 lun=2 pl=0 blk=37 pg=255 erase_cnt=9 (vpc/ipc reset)
[EXP] [ERASE] ch=1 lun=3 pl=0 blk=37 pg=255 erase_cnt=9 (vpc/ipc reset)
[EXP] [ERASE] ch=1 lun=4 pl=0 blk=37 pg=255 erase_cnt=9 (vpc/ipc reset)
[EXP] [ERASE] ch=1 lun=5 pl=0 blk=37 pg=255 erase_cnt=9 (vpc/ipc reset)
[EXP] [ERASE] ch=1 lun=6 pl=0 blk=37 pg=255 erase_cnt=9 (vpc/ipc reset)
[EXP] [ERASE] ch=1 lun=7 pl=0 blk=37 pg=255 erase_cnt=9 (vpc/ipc reset)
[EXP] [ERASE] ch=2 lun=0 pl=0 blk=37 pg=255 erase_cnt=9 (vpc/ipc reset)
[EXP] [ERASE] ch=2 lun=1 pl=0 blk=37 pg=255 erase_cnt=9 (vpc/ipc reset)
[EXP] [ERASE] ch=2 lun=2 pl=0 blk=37 pg=255 erase_cnt=9 (vpc/ipc reset)
[EXP] [ERASE] ch=2 lun=3 pl=0 blk=37 pg=255 erase_cnt=9 (vpc/ipc reset)
[EXP] [ERASE] ch=2 lun=4 pl=0 blk=37 pg=255 erase_cnt=9 (vpc/ipc reset)
[EXP] [ERASE] ch=2 lun=5 pl=0 blk=37 pg=255 erase_cnt=9 (vpc/ipc reset)
[EXP] [ERASE] ch=2 lun=6 pl=0 blk=37 pg=255 erase_cnt=9 (vpc/ipc reset)
[EXP] [ERASE] ch=2 lun=7 pl=0 blk=37 pg=255 erase_cnt=9 (vpc/ipc reset)
[EXP] [ERASE] ch=3 lun=0 pl=0 blk=37 pg=255 erase_cnt=9 (vpc/ipc reset)
[EXP] [ERASE] ch=3 lun=1 pl=0 blk=37 pg=255 erase_cnt=9 (vpc/ipc reset)
[EXP] [ERASE] ch=3 lun=2 pl=0 blk=37 pg=255 erase_cnt=9 (vpc/ipc reset)
[EXP] [ERASE] ch=3 lun=3 pl=0 blk=37 pg=255 erase_cnt=9 (vpc/ipc reset)
[EXP] [ERASE] ch=3 lun=4 pl=0 blk=37 pg=255 erase_cnt=9 (vpc/ipc reset)
[EXP] [ERASE] ch=3 lun=5 pl=0 blk=37 pg=255 erase_cnt=9 (vpc/ipc reset)
[EXP] [ERASE] ch=3 lun=6 pl=0 blk=37 pg=255 erase_cnt=9 (vpc/ipc reset)
[EXP] [ERASE] ch=3 lun=7 pl=0 blk=37 pg=255 erase_cnt=9 (vpc/ipc reset)
[EXP] [ERASE] ch=4 lun=0 pl=0 blk=37 pg=255 erase_cnt=9 (vpc/ipc reset)
[EXP] [ERASE] ch=4 lun=1 pl=0 blk=37 pg=255 erase_cnt=9 (vpc/ipc reset)
[EXP] [ERASE] ch=4 lun=2 pl=0 blk=37 pg=255 erase_cnt=9 (vpc/ipc reset)
[EXP] [ERASE] ch=4 lun=3 pl=0 blk=37 pg=255 erase_cnt=9 (vpc/ipc reset)
[EXP] [ERASE] ch=4 lun=4 pl=0 blk=37 pg=255 erase_cnt=9 (vpc/ipc reset)
[EXP] [ERASE] ch=4 lun=5 pl=0 blk=37 pg=255 erase_cnt=9 (vpc/ipc reset)
[EXP] [ERASE] ch=4 lun=6 pl=0 blk=37 pg=255 erase_cnt=9 (vpc/ipc reset)
[EXP] [ERASE] ch=4 lun=7 pl=0 blk=37 pg=255 erase_cnt=9 (vpc/ipc reset)
[EXP] [ERASE] ch=5 lun=0 pl=0 blk=37 pg=255 erase_cnt=9 (vpc/ipc reset)
[EXP] [ERASE] ch=5 lun=1 pl=0 blk=37 pg=255 erase_cnt=9 (vpc/ipc reset)
[EXP] [ERASE] ch=5 lun=2 pl=0 blk=37 pg=255 erase_cnt=9 (vpc/ipc reset)
[EXP] [ERASE] ch=5 lun=3 pl=0 blk=37 pg=255 erase_cnt=9 (vpc/ipc reset)
[EXP] [ERASE] ch=5 lun=4 pl=0 blk=37 pg=255 erase_cnt=9 (vpc/ipc reset)
[EXP] [ERASE] ch=5 lun=5 pl=0 blk=37 pg=255 erase_cnt=9 (vpc/ipc reset)
[EXP] [ERASE] ch=5 lun=6 pl=0 blk=37 pg=255 erase_cnt=9 (vpc/ipc reset)
[EXP] [ERASE] ch=5 lun=7 pl=0 blk=37 pg=255 erase_cnt=9 (vpc/ipc reset)
[EXP] [ERASE] ch=6 lun=0 pl=0 blk=37 pg=255 erase_cnt=9 (vpc/ipc reset)
[EXP] [ERASE] ch=6 lun=1 pl=0 blk=37 pg=255 erase_cnt=9 (vpc/ipc reset)
[EXP] [ERASE] ch=6 lun=2 pl=0 blk=37 pg=255 erase_cnt=9 (vpc/ipc reset)
[EXP] [ERASE] ch=6 lun=3 pl=0 blk=37 pg=255 erase_cnt=9 (vpc/ipc reset)
[EXP] [ERASE] ch=6 lun=4 pl=0 blk=37 pg=255 erase_cnt=9 (vpc/ipc reset)
[EXP] [ERASE] ch=6 lun=5 pl=0 blk=37 pg=255 erase_cnt=9 (vpc/ipc reset)
[EXP] [ERASE] ch=6 lun=6 pl=0 blk=37 pg=255 erase_cnt=9 (vpc/ipc reset)
[EXP] [ERASE] ch=6 lun=7 pl=0 blk=37 pg=255 erase_cnt=9 (vpc/ipc reset)
[EXP] [ERASE] ch=7 lun=0 pl=0 blk=37 pg=255 erase_cnt=9 (vpc/ipc reset)
[EXP] [ERASE] ch=7 lun=1 pl=0 blk=37 pg=255 erase_cnt=9 (vpc/ipc reset)
[EXP] [ERASE] ch=7 lun=2 pl=0 blk=37 pg=255 erase_cnt=9 (vpc/ipc reset)
[EXP] [ERASE] ch=7 lun=3 pl=0 blk=37 pg=255 erase_cnt=9 (vpc/ipc reset)
[EXP] [ERASE] ch=7 lun=4 pl=0 blk=37 pg=255 erase_cnt=9 (vpc/ipc reset)
[EXP] [ERASE] ch=7 lun=5 pl=0 blk=37 pg=255 erase_cnt=9 (vpc/ipc reset)
[EXP] [ERASE] ch=7 lun=6 pl=0 blk=37 pg=255 erase_cnt=9 (vpc/ipc reset)
[EXP] [ERASE] ch=7 lun=7 pl=0 blk=37 pg=255 erase_cnt=9 (vpc/ipc reset)
[EXP] [ERASE] ch=0 lun=0 pl=0 blk=19 pg=255 erase_cnt=7 (vpc/ipc reset)
[EXP] [ERASE] ch=0 lun=1 pl=0 blk=19 pg=255 erase_cnt=7 (vpc/ipc reset)
[EXP] [ERASE] ch=0 lun=2 pl=0 blk=19 pg=255 erase_cnt=7 (vpc/ipc reset)
[EXP] [ERASE] ch=0 lun=3 pl=0 blk=19 pg=255 erase_cnt=7 (vpc/ipc reset)
[EXP] [ERASE] ch=0 lun=4 pl=0 blk=19 pg=255 erase_cnt=7 (vpc/ipc reset)
[EXP] [ERASE] ch=0 lun=5 pl=0 blk=19 pg=255 erase_cnt=7 (vpc/ipc reset)
[EXP] [ERASE] ch=0 lun=6 pl=0 blk=19 pg=255 erase_cnt=7 (vpc/ipc reset)
[EXP] [ERASE] ch=0 lun=7 pl=0 blk=19 pg=255 erase_cnt=7 (vpc/ipc reset)
[EXP] [ERASE] ch=1 lun=0 pl=0 blk=19 pg=255 erase_cnt=7 (vpc/ipc reset)
[EXP] [ERASE] ch=1 lun=1 pl=0 blk=19 pg=255 erase_cnt=7 (vpc/ipc reset)
[EXP] [ERASE] ch=1 lun=2 pl=0 blk=19 pg=255 erase_cnt=7 (vpc/ipc reset)
[EXP] [ERASE] ch=1 lun=3 pl=0 blk=19 pg=255 erase_cnt=7 (vpc/ipc reset)
[EXP] [ERASE] ch=1 lun=4 pl=0 blk=19 pg=255 erase_cnt=7 (vpc/ipc reset)
[EXP] [ERASE] ch=1 lun=5 pl=0 blk=19 pg=255 erase_cnt=7 (vpc/ipc reset)
[EXP] [ERASE] ch=1 lun=6 pl=0 blk=19 pg=255 erase_cnt=7 (vpc/ipc reset)
[EXP] [ERASE] ch=1 lun=7 pl=0 blk=19 pg=255 erase_cnt=7 (vpc/ipc reset)
[EXP] [ERASE] ch=2 lun=0 pl=0 blk=19 pg=255 erase_cnt=7 (vpc/ipc reset)
[EXP] [ERASE] ch=2 lun=1 pl=0 blk=19 pg=255 erase_cnt=7 (vpc/ipc reset)
[EXP] [ERASE] ch=2 lun=2 pl=0 blk=19 pg=255 erase_cnt=7 (vpc/ipc reset)
[EXP] [ERASE] ch=2 lun=3 pl=0 blk=19 pg=255 erase_cnt=7 (vpc/ipc reset)
[EXP] [ERASE] ch=2 lun=4 pl=0 blk=19 pg=255 erase_cnt=7 (vpc/ipc reset)
[EXP] [ERASE] ch=2 lun=5 pl=0 blk=19 pg=255 erase_cnt=7 (vpc/ipc reset)
[EXP] [ERASE] ch=2 lun=6 pl=0 blk=19 pg=255 erase_cnt=7 (vpc/ipc reset)
[EXP] [ERASE] ch=2 lun=7 pl=0 blk=19 pg=255 erase_cnt=7 (vpc/ipc reset)
[EXP] [ERASE] ch=3 lun=0 pl=0 blk=19 pg=255 erase_cnt=7 (vpc/ipc reset)
[EXP] [ERASE] ch=3 lun=1 pl=0 blk=19 pg=255 erase_cnt=7 (vpc/ipc reset)
[EXP] [ERASE] ch=3 lun=2 pl=0 blk=19 pg=255 erase_cnt=7 (vpc/ipc reset)
[EXP] [ERASE] ch=3 lun=3 pl=0 blk=19 pg=255 erase_cnt=7 (vpc/ipc reset)
[EXP] [ERASE] ch=3 lun=4 pl=0 blk=19 pg=255 erase_cnt=7 (vpc/ipc reset)
[EXP] [ERASE] ch=3 lun=5 pl=0 blk=19 pg=255 erase_cnt=7 (vpc/ipc reset)
[EXP] [ERASE] ch=3 lun=6 pl=0 blk=19 pg=255 erase_cnt=7 (vpc/ipc reset)
[EXP] [ERASE] ch=3 lun=7 pl=0 blk=19 pg=255 erase_cnt=7 (vpc/ipc reset)
[EXP] [ERASE] ch=4 lun=0 pl=0 blk=19 pg=255 erase_cnt=7 (vpc/ipc reset)
[EXP] [ERASE] ch=4 lun=1 pl=0 blk=19 pg=255 erase_cnt=7 (vpc/ipc reset)
[EXP] [ERASE] ch=4 lun=2 pl=0 blk=19 pg=255 erase_cnt=7 (vpc/ipc reset)
[EXP] [ERASE] ch=4 lun=3 pl=0 blk=19 pg=255 erase_cnt=7 (vpc/ipc reset)
[EXP] [ERASE] ch=4 lun=4 pl=0 blk=19 pg=255 erase_cnt=7 (vpc/ipc reset)
[EXP] [ERASE] ch=4 lun=5 pl=0 blk=19 pg=255 erase_cnt=7 (vpc/ipc reset)
[EXP] [ERASE] ch=4 lun=6 pl=0 blk=19 pg=255 erase_cnt=7 (vpc/ipc reset)
[EXP] [ERASE] ch=4 lun=7 pl=0 blk=19 pg=255 erase_cnt=7 (vpc/ipc reset)
[EXP] [ERASE] ch=5 lun=0 pl=0 blk=19 pg=255 erase_cnt=7 (vpc/ipc reset)
[EXP] [ERASE] ch=5 lun=1 pl=0 blk=19 pg=255 erase_cnt=7 (vpc/ipc reset)
[EXP] [ERASE] ch=5 lun=2 pl=0 blk=19 pg=255 erase_cnt=7 (vpc/ipc reset)
[EXP] [ERASE] ch=5 lun=3 pl=0 blk=19 pg=255 erase_cnt=7 (vpc/ipc reset)
[EXP] [ERASE] ch=5 lun=4 pl=0 blk=19 pg=255 erase_cnt=7 (vpc/ipc reset)
[EXP] [ERASE] ch=5 lun=5 pl=0 blk=19 pg=255 erase_cnt=7 (vpc/ipc reset)
[EXP] [ERASE] ch=5 lun=6 pl=0 blk=19 pg=255 erase_cnt=7 (vpc/ipc reset)
[EXP] [ERASE] ch=5 lun=7 pl=0 blk=19 pg=255 erase_cnt=7 (vpc/ipc reset)
[EXP] [ERASE] ch=6 lun=0 pl=0 blk=19 pg=255 erase_cnt=7 (vpc/ipc reset)
[EXP] [ERASE] ch=6 lun=1 pl=0 blk=19 pg=255 erase_cnt=7 (vpc/ipc reset)
[EXP] [ERASE] ch=6 lun=2 pl=0 blk=19 pg=255 erase_cnt=7 (vpc/ipc reset)
[EXP] [ERASE] ch=6 lun=3 pl=0 blk=19 pg=255 erase_cnt=7 (vpc/ipc reset)
[EXP] [ERASE] ch=6 lun=4 pl=0 blk=19 pg=255 erase_cnt=7 (vpc/ipc reset)
[EXP] [ERASE] ch=6 lun=5 pl=0 blk=19 pg=255 erase_cnt=7 (vpc/ipc reset)
[EXP] [ERASE] ch=6 lun=6 pl=0 blk=19 pg=255 erase_cnt=7 (vpc/ipc reset)
[EXP] [ERASE] ch=6 lun=7 pl=0 blk=19 pg=255 erase_cnt=7 (vpc/ipc reset)
[EXP] [ERASE] ch=7 lun=0 pl=0 blk=19 pg=255 erase_cnt=7 (vpc/ipc reset)
[EXP] [ERASE] ch=7 lun=1 pl=0 blk=19 pg=255 erase_cnt=7 (vpc/ipc reset)
[EXP] [ERASE] ch=7 lun=2 pl=0 blk=19 pg=255 erase_cnt=7 (vpc/ipc reset)
[EXP] [ERASE] ch=7 lun=3 pl=0 blk=19 pg=255 erase_cnt=7 (vpc/ipc reset)
[EXP] [ERASE] ch=7 lun=4 pl=0 blk=19 pg=255 erase_cnt=7 (vpc/ipc reset)
[EXP] [ERASE] ch=7 lun=5 pl=0 blk=19 pg=255 erase_cnt=7 (vpc/ipc reset)
[EXP] [ERASE] ch=7 lun=6 pl=0 blk=19 pg=255 erase_cnt=7 (vpc/ipc reset)
[EXP] [ERASE] ch=7 lun=7 pl=0 blk=19 pg=255 erase_cnt=7 (vpc/ipc reset)
[EXP] [ERASE] ch=0 lun=0 pl=0 blk=97 pg=255 erase_cnt=11 (vpc/ipc reset)
[EXP] [ERASE] ch=0 lun=1 pl=0 blk=97 pg=255 erase_cnt=11 (vpc/ipc reset)
[EXP] [ERASE] ch=0 lun=2 pl=0 blk=97 pg=255 erase_cnt=11 (vpc/ipc reset)
[EXP] [ERASE] ch=0 lun=3 pl=0 blk=97 pg=255 erase_cnt=11 (vpc/ipc reset)
[EXP] [ERASE] ch=0 lun=4 pl=0 blk=97 pg=255 erase_cnt=11 (vpc/ipc reset)
[EXP] [ERASE] ch=0 lun=5 pl=0 blk=97 pg=255 erase_cnt=11 (vpc/ipc reset)
[EXP] [ERASE] ch=0 lun=6 pl=0 blk=97 pg=255 erase_cnt=11 (vpc/ipc reset)
[EXP] [ERASE] ch=0 lun=7 pl=0 blk=97 pg=255 erase_cnt=11 (vpc/ipc reset)
[EXP] [ERASE] ch=1 lun=0 pl=0 blk=97 pg=255 erase_cnt=11 (vpc/ipc reset)
[EXP] [ERASE] ch=1 lun=1 pl=0 blk=97 pg=255 erase_cnt=11 (vpc/ipc reset)
[EXP] [ERASE] ch=1 lun=2 pl=0 blk=97 pg=255 erase_cnt=11 (vpc/ipc reset)
[EXP] [ERASE] ch=1 lun=3 pl=0 blk=97 pg=255 erase_cnt=11 (vpc/ipc reset)
[EXP] [ERASE] ch=1 lun=4 pl=0 blk=97 pg=255 erase_cnt=11 (vpc/ipc reset)
[EXP] [ERASE] ch=1 lun=5 pl=0 blk=97 pg=255 erase_cnt=11 (vpc/ipc reset)
[EXP] [ERASE] ch=1 lun=6 pl=0 blk=97 pg=255 erase_cnt=11 (vpc/ipc reset)
[EXP] [ERASE] ch=1 lun=7 pl=0 blk=97 pg=255 erase_cnt=11 (vpc/ipc reset)
[EXP] [ERASE] ch=2 lun=0 pl=0 blk=97 pg=255 erase_cnt=11 (vpc/ipc reset)
[EXP] [ERASE] ch=2 lun=1 pl=0 blk=97 pg=255 erase_cnt=11 (vpc/ipc reset)
[EXP] [ERASE] ch=2 lun=2 pl=0 blk=97 pg=255 erase_cnt=11 (vpc/ipc reset)
[EXP] [ERASE] ch=2 lun=3 pl=0 blk=97 pg=255 erase_cnt=11 (vpc/ipc reset)
[EXP] [ERASE] ch=2 lun=4 pl=0 blk=97 pg=255 erase_cnt=11 (vpc/ipc reset)
[EXP] [ERASE] ch=2 lun=5 pl=0 blk=97 pg=255 erase_cnt=11 (vpc/ipc reset)
[EXP] [ERASE] ch=2 lun=6 pl=0 blk=97 pg=255 erase_cnt=11 (vpc/ipc reset)
[EXP] [ERASE] ch=2 lun=7 pl=0 blk=97 pg=255 erase_cnt=11 (vpc/ipc reset)
[EXP] [ERASE] ch=3 lun=0 pl=0 blk=97 pg=255 erase_cnt=11 (vpc/ipc reset)
[EXP] [ERASE] ch=3 lun=1 pl=0 blk=97 pg=255 erase_cnt=11 (vpc/ipc reset)
[EXP] [ERASE] ch=3 lun=2 pl=0 blk=97 pg=255 erase_cnt=11 (vpc/ipc reset)
[EXP] [ERASE] ch=3 lun=3 pl=0 blk=97 pg=255 erase_cnt=11 (vpc/ipc reset)
[EXP] [ERASE] ch=3 lun=4 pl=0 blk=97 pg=255 erase_cnt=11 (vpc/ipc reset)
[EXP] [ERASE] ch=3 lun=5 pl=0 blk=97 pg=255 erase_cnt=11 (vpc/ipc reset)
[EXP] [ERASE] ch=3 lun=6 pl=0 blk=97 pg=255 erase_cnt=11 (vpc/ipc reset)
[EXP] [ERASE] ch=3 lun=7 pl=0 blk=97 pg=255 erase_cnt=11 (vpc/ipc reset)
[EXP] [ERASE] ch=4 lun=0 pl=0 blk=97 pg=255 erase_cnt=11 (vpc/ipc reset)
[EXP] [ERASE] ch=4 lun=1 pl=0 blk=97 pg=255 erase_cnt=11 (vpc/ipc reset)
[EXP] [ERASE] ch=4 lun=2 pl=0 blk=97 pg=255 erase_cnt=11 (vpc/ipc reset)
[EXP] [ERASE] ch=4 lun=3 pl=0 blk=97 pg=255 erase_cnt=11 (vpc/ipc reset)
[EXP] [ERASE] ch=4 lun=4 pl=0 blk=97 pg=255 erase_cnt=11 (vpc/ipc reset)
[EXP] [ERASE] ch=4 lun=5 pl=0 blk=97 pg=255 erase_cnt=11 (vpc/ipc reset)
[EXP] [ERASE] ch=4 lun=6 pl=0 blk=97 pg=255 erase_cnt=11 (vpc/ipc reset)
[EXP] [ERASE] ch=4 lun=7 pl=0 blk=97 pg=255 erase_cnt=11 (vpc/ipc reset)
[EXP] [ERASE] ch=5 lun=0 pl=0 blk=97 pg=255 erase_cnt=11 (vpc/ipc reset)
[EXP] [ERASE] ch=5 lun=1 pl=0 blk=97 pg=255 erase_cnt=11 (vpc/ipc reset)
[EXP] [ERASE] ch=5 lun=2 pl=0 blk=97 pg=255 erase_cnt=11 (vpc/ipc reset)
[EXP] [ERASE] ch=5 lun=3 pl=0 blk=97 pg=255 erase_cnt=11 (vpc/ipc reset)
[EXP] [ERASE] ch=5 lun=4 pl=0 blk=97 pg=255 erase_cnt=11 (vpc/ipc reset)
[EXP] [ERASE] ch=5 lun=5 pl=0 blk=97 pg=255 erase_cnt=11 (vpc/ipc reset)
[EXP] [ERASE] ch=5 lun=6 pl=0 blk=97 pg=255 erase_cnt=11 (vpc/ipc reset)
[EXP] [ERASE] ch=5 lun=7 pl=0 blk=97 pg=255 erase_cnt=11 (vpc/ipc reset)
[EXP] [ERASE] ch=6 lun=0 pl=0 blk=97 pg=255 erase_cnt=11 (vpc/ipc reset)
[EXP] [ERASE] ch=6 lun=1 pl=0 blk=97 pg=255 erase_cnt=11 (vpc/ipc reset)
[EXP] [ERASE] ch=6 lun=2 pl=0 blk=97 pg=255 erase_cnt=11 (vpc/ipc reset)
[EXP] [ERASE] ch=6 lun=3 pl=0 blk=97 pg=255 erase_cnt=11 (vpc/ipc reset)
[EXP] [ERASE] ch=6 lun=4 pl=0 blk=97 pg=255 erase_cnt=11 (vpc/ipc reset)
[EXP] [ERASE] ch=6 lun=5 pl=0 blk=97 pg=255 erase_cnt=11 (vpc/ipc reset)
[EXP] [ERASE] ch=6 lun=6 pl=0 blk=97 pg=255 erase_cnt=11 (vpc/ipc reset)
[EXP] [ERASE] ch=6 lun=7 pl=0 blk=97 pg=255 erase_cnt=11 (vpc/ipc reset)
[EXP] [ERASE] ch=7 lun=0 pl=0 blk=97 pg=255 erase_cnt=11 (vpc/ipc reset)
[EXP] [ERASE] ch=7 lun=1 pl=0 blk=97 pg=255 erase_cnt=11 (vpc/ipc reset)
[EXP] [ERASE] ch=7 lun=2 pl=0 blk=97 pg=255 erase_cnt=11 (vpc/ipc reset)
[EXP] [ERASE] ch=7 lun=3 pl=0 blk=97 pg=255 erase_cnt=11 (vpc/ipc reset)
[EXP] [ERASE] ch=7 lun=4 pl=0 blk=97 pg=255 erase_cnt=11 (vpc/ipc reset)
[EXP] [ERASE] ch=7 lun=5 pl=0 blk=97 pg=255 erase_cnt=11 (vpc/ipc reset)
[EXP] [ERASE] ch=7 lun=6 pl=0 blk=97 pg=255 erase_cnt=11 (vpc/ipc reset)
[EXP] [ERASE] ch=7 lun=7 pl=0 blk=97 pg=255 erase_cnt=11 (vpc/ipc reset)
[EXP] [ERASE] ch=0 lun=0 pl=0 blk=51 pg=255 erase_cnt=9 (vpc/ipc reset)
[EXP] [ERASE] ch=0 lun=1 pl=0 blk=51 pg=255 erase_cnt=9 (vpc/ipc reset)
[EXP] [ERASE] ch=0 lun=2 pl=0 blk=51 pg=255 erase_cnt=9 (vpc/ipc reset)
[EXP] [ERASE] ch=0 lun=3 pl=0 blk=51 pg=255 erase_cnt=9 (vpc/ipc reset)
[EXP] [ERASE] ch=0 lun=4 pl=0 blk=51 pg=255 erase_cnt=9 (vpc/ipc reset)
[EXP] [ERASE] ch=0 lun=5 pl=0 blk=51 pg=255 erase_cnt=9 (vpc/ipc reset)
[EXP] [ERASE] ch=0 lun=6 pl=0 blk=51 pg=255 erase_cnt=9 (vpc/ipc reset)
[EXP] [ERASE] ch=0 lun=7 pl=0 blk=51 pg=255 erase_cnt=9 (vpc/ipc reset)
[EXP] [ERASE] ch=1 lun=0 pl=0 blk=51 pg=255 erase_cnt=9 (vpc/ipc reset)
[EXP] [ERASE] ch=1 lun=1 pl=0 blk=51 pg=255 erase_cnt=9 (vpc/ipc reset)
[EXP] [ERASE] ch=1 lun=2 pl=0 blk=51 pg=255 erase_cnt=9 (vpc/ipc reset)
[EXP] [ERASE] ch=1 lun=3 pl=0 blk=51 pg=255 erase_cnt=9 (vpc/ipc reset)
[EXP] [ERASE] ch=1 lun=4 pl=0 blk=51 pg=255 erase_cnt=9 (vpc/ipc reset)
[EXP] [ERASE] ch=1 lun=5 pl=0 blk=51 pg=255 erase_cnt=9 (vpc/ipc reset)
[EXP] [ERASE] ch=1 lun=6 pl=0 blk=51 pg=255 erase_cnt=9 (vpc/ipc reset)
[EXP] [ERASE] ch=1 lun=7 pl=0 blk=51 pg=255 erase_cnt=9 (vpc/ipc reset)
[EXP] [ERASE] ch=2 lun=0 pl=0 blk=51 pg=255 erase_cnt=9 (vpc/ipc reset)
[EXP] [ERASE] ch=2 lun=1 pl=0 blk=51 pg=255 erase_cnt=9 (vpc/ipc reset)
[EXP] [ERASE] ch=2 lun=2 pl=0 blk=51 pg=255 erase_cnt=9 (vpc/ipc reset)
[EXP] [ERASE] ch=2 lun=3 pl=0 blk=51 pg=255 erase_cnt=9 (vpc/ipc reset)
[EXP] [ERASE] ch=2 lun=4 pl=0 blk=51 pg=255 erase_cnt=9 (vpc/ipc reset)
[EXP] [ERASE] ch=2 lun=5 pl=0 blk=51 pg=255 erase_cnt=9 (vpc/ipc reset)
[EXP] [ERASE] ch=2 lun=6 pl=0 blk=51 pg=255 erase_cnt=9 (vpc/ipc reset)
[EXP] [ERASE] ch=2 lun=7 pl=0 blk=51 pg=255 erase_cnt=9 (vpc/ipc reset)
[EXP] [ERASE] ch=3 lun=0 pl=0 blk=51 pg=255 erase_cnt=9 (vpc/ipc reset)
[EXP] [ERASE] ch=3 lun=1 pl=0 blk=51 pg=255 erase_cnt=9 (vpc/ipc reset)
[EXP] [ERASE] ch=3 lun=2 pl=0 blk=51 pg=255 erase_cnt=9 (vpc/ipc reset)
[EXP] [ERASE] ch=3 lun=3 pl=0 blk=51 pg=255 erase_cnt=9 (vpc/ipc reset)
[EXP] [ERASE] ch=3 lun=4 pl=0 blk=51 pg=255 erase_cnt=9 (vpc/ipc reset)
[EXP] [ERASE] ch=3 lun=5 pl=0 blk=51 pg=255 erase_cnt=9 (vpc/ipc reset)
[EXP] [ERASE] ch=3 lun=6 pl=0 blk=51 pg=255 erase_cnt=9 (vpc/ipc reset)
[EXP] [ERASE] ch=3 lun=7 pl=0 blk=51 pg=255 erase_cnt=9 (vpc/ipc reset)
[EXP] [ERASE] ch=4 lun=0 pl=0 blk=51 pg=255 erase_cnt=9 (vpc/ipc reset)
[EXP] [ERASE] ch=4 lun=1 pl=0 blk=51 pg=255 erase_cnt=9 (vpc/ipc reset)
[EXP] [ERASE] ch=4 lun=2 pl=0 blk=51 pg=255 erase_cnt=9 (vpc/ipc reset)
[EXP] [ERASE] ch=4 lun=3 pl=0 blk=51 pg=255 erase_cnt=9 (vpc/ipc reset)
[EXP] [ERASE] ch=4 lun=4 pl=0 blk=51 pg=255 erase_cnt=9 (vpc/ipc reset)
[EXP] [ERASE] ch=4 lun=5 pl=0 blk=51 pg=255 erase_cnt=9 (vpc/ipc reset)
[EXP] [ERASE] ch=4 lun=6 pl=0 blk=51 pg=255 erase_cnt=9 (vpc/ipc reset)
[EXP] [ERASE] ch=4 lun=7 pl=0 blk=51 pg=255 erase_cnt=9 (vpc/ipc reset)
[EXP] [ERASE] ch=5 lun=0 pl=0 blk=51 pg=255 erase_cnt=9 (vpc/ipc reset)
[EXP] [ERASE] ch=5 lun=1 pl=0 blk=51 pg=255 erase_cnt=9 (vpc/ipc reset)
[EXP] [ERASE] ch=5 lun=2 pl=0 blk=51 pg=255 erase_cnt=9 (vpc/ipc reset)
[EXP] [ERASE] ch=5 lun=3 pl=0 blk=51 pg=255 erase_cnt=9 (vpc/ipc reset)
[EXP] [ERASE] ch=5 lun=4 pl=0 blk=51 pg=255 erase_cnt=9 (vpc/ipc reset)
[EXP] [ERASE] ch=5 lun=5 pl=0 blk=51 pg=255 erase_cnt=9 (vpc/ipc reset)
[EXP] [ERASE] ch=5 lun=6 pl=0 blk=51 pg=255 erase_cnt=9 (vpc/ipc reset)
[EXP] [ERASE] ch=5 lun=7 pl=0 blk=51 pg=255 erase_cnt=9 (vpc/ipc reset)
[EXP] [ERASE] ch=6 lun=0 pl=0 blk=51 pg=255 erase_cnt=9 (vpc/ipc reset)
[EXP] [ERASE] ch=6 lun=1 pl=0 blk=51 pg=255 erase_cnt=9 (vpc/ipc reset)
[EXP] [ERASE] ch=6 lun=2 pl=0 blk=51 pg=255 erase_cnt=9 (vpc/ipc reset)
[EXP] [ERASE] ch=6 lun=3 pl=0 blk=51 pg=255 erase_cnt=9 (vpc/ipc reset)
[EXP] [ERASE] ch=6 lun=4 pl=0 blk=51 pg=255 erase_cnt=9 (vpc/ipc reset)
[EXP] [ERASE] ch=6 lun=5 pl=0 blk=51 pg=255 erase_cnt=9 (vpc/ipc reset)
[EXP] [ERASE] ch=6 lun=6 pl=0 blk=51 pg=255 erase_cnt=9 (vpc/ipc reset)
[EXP] [ERASE] ch=6 lun=7 pl=0 blk=51 pg=255 erase_cnt=9 (vpc/ipc reset)
[EXP] [ERASE] ch=7 lun=0 pl=0 blk=51 pg=255 erase_cnt=9 (vpc/ipc reset)
[EXP] [ERASE] ch=7 lun=1 pl=0 blk=51 pg=255 erase_cnt=9 (vpc/ipc reset)
[EXP] [ERASE] ch=7 lun=2 pl=0 blk=51 pg=255 erase_cnt=9 (vpc/ipc reset)
[EXP] [ERASE] ch=7 lun=3 pl=0 blk=51 pg=255 erase_cnt=9 (vpc/ipc reset)
[EXP] [ERASE] ch=7 lun=4 pl=0 blk=51 pg=255 erase_cnt=9 (vpc/ipc reset)
[EXP] [ERASE] ch=7 lun=5 pl=0 blk=51 pg=255 erase_cnt=9 (vpc/ipc reset)
[EXP] [ERASE] ch=7 lun=6 pl=0 blk=51 pg=255 erase_cnt=9 (vpc/ipc reset)
[EXP] [ERASE] ch=7 lun=7 pl=0 blk=51 pg=255 erase_cnt=9 (vpc/ipc reset)
[EXP] [ERASE] ch=0 lun=0 pl=0 blk=45 pg=255 erase_cnt=10 (vpc/ipc reset)
[EXP] [ERASE] ch=0 lun=1 pl=0 blk=45 pg=255 erase_cnt=10 (vpc/ipc reset)
[EXP] [ERASE] ch=0 lun=2 pl=0 blk=45 pg=255 erase_cnt=10 (vpc/ipc reset)
[EXP] [ERASE] ch=0 lun=3 pl=0 blk=45 pg=255 erase_cnt=10 (vpc/ipc reset)
[EXP] [ERASE] ch=0 lun=4 pl=0 blk=45 pg=255 erase_cnt=10 (vpc/ipc reset)
[EXP] [ERASE] ch=0 lun=5 pl=0 blk=45 pg=255 erase_cnt=10 (vpc/ipc reset)
[EXP] [ERASE] ch=0 lun=6 pl=0 blk=45 pg=255 erase_cnt=10 (vpc/ipc reset)
[EXP] [ERASE] ch=0 lun=7 pl=0 blk=45 pg=255 erase_cnt=10 (vpc/ipc reset)
[EXP] [ERASE] ch=1 lun=0 pl=0 blk=45 pg=255 erase_cnt=10 (vpc/ipc reset)
[EXP] [ERASE] ch=1 lun=1 pl=0 blk=45 pg=255 erase_cnt=10 (vpc/ipc reset)
[EXP] [ERASE] ch=1 lun=2 pl=0 blk=45 pg=255 erase_cnt=10 (vpc/ipc reset)
[EXP] [ERASE] ch=1 lun=3 pl=0 blk=45 pg=255 erase_cnt=10 (vpc/ipc reset)
[EXP] [ERASE] ch=1 lun=4 pl=0 blk=45 pg=255 erase_cnt=10 (vpc/ipc reset)
[EXP] [ERASE] ch=1 lun=5 pl=0 blk=45 pg=255 erase_cnt=10 (vpc/ipc reset)
[EXP] [ERASE] ch=1 lun=6 pl=0 blk=45 pg=255 erase_cnt=10 (vpc/ipc reset)
[EXP] [ERASE] ch=1 lun=7 pl=0 blk=45 pg=255 erase_cnt=10 (vpc/ipc reset)
[EXP] [ERASE] ch=2 lun=0 pl=0 blk=45 pg=255 erase_cnt=10 (vpc/ipc reset)
[EXP] [ERASE] ch=2 lun=1 pl=0 blk=45 pg=255 erase_cnt=10 (vpc/ipc reset)
[EXP] [ERASE] ch=2 lun=2 pl=0 blk=45 pg=255 erase_cnt=10 (vpc/ipc reset)
[EXP] [ERASE] ch=2 lun=3 pl=0 blk=45 pg=255 erase_cnt=10 (vpc/ipc reset)
[EXP] [ERASE] ch=2 lun=4 pl=0 blk=45 pg=255 erase_cnt=10 (vpc/ipc reset)
[EXP] [ERASE] ch=2 lun=5 pl=0 blk=45 pg=255 erase_cnt=10 (vpc/ipc reset)
[EXP] [ERASE] ch=2 lun=6 pl=0 blk=45 pg=255 erase_cnt=10 (vpc/ipc reset)
[EXP] [ERASE] ch=2 lun=7 pl=0 blk=45 pg=255 erase_cnt=10 (vpc/ipc reset)
[EXP] [ERASE] ch=3 lun=0 pl=0 blk=45 pg=255 erase_cnt=10 (vpc/ipc reset)
[EXP] [ERASE] ch=3 lun=1 pl=0 blk=45 pg=255 erase_cnt=10 (vpc/ipc reset)
[EXP] [ERASE] ch=3 lun=2 pl=0 blk=45 pg=255 erase_cnt=10 (vpc/ipc reset)
[EXP] [ERASE] ch=3 lun=3 pl=0 blk=45 pg=255 erase_cnt=10 (vpc/ipc reset)
[EXP] [ERASE] ch=3 lun=4 pl=0 blk=45 pg=255 erase_cnt=10 (vpc/ipc reset)
[EXP] [ERASE] ch=3 lun=5 pl=0 blk=45 pg=255 erase_cnt=10 (vpc/ipc reset)
[EXP] [ERASE] ch=3 lun=6 pl=0 blk=45 pg=255 erase_cnt=10 (vpc/ipc reset)
[EXP] [ERASE] ch=3 lun=7 pl=0 blk=45 pg=255 erase_cnt=10 (vpc/ipc reset)
[EXP] [ERASE] ch=4 lun=0 pl=0 blk=45 pg=255 erase_cnt=10 (vpc/ipc reset)
[EXP] [ERASE] ch=4 lun=1 pl=0 blk=45 pg=255 erase_cnt=10 (vpc/ipc reset)
[EXP] [ERASE] ch=4 lun=2 pl=0 blk=45 pg=255 erase_cnt=10 (vpc/ipc reset)
[EXP] [ERASE] ch=4 lun=3 pl=0 blk=45 pg=255 erase_cnt=10 (vpc/ipc reset)
[EXP] [ERASE] ch=4 lun=4 pl=0 blk=45 pg=255 erase_cnt=10 (vpc/ipc reset)
[EXP] [ERASE] ch=4 lun=5 pl=0 blk=45 pg=255 erase_cnt=10 (vpc/ipc reset)
[EXP] [ERASE] ch=4 lun=6 pl=0 blk=45 pg=255 erase_cnt=10 (vpc/ipc reset)
[EXP] [ERASE] ch=4 lun=7 pl=0 blk=45 pg=255 erase_cnt=10 (vpc/ipc reset)
[EXP] [ERASE] ch=5 lun=0 pl=0 blk=45 pg=255 erase_cnt=10 (vpc/ipc reset)
[EXP] [ERASE] ch=5 lun=1 pl=0 blk=45 pg=255 erase_cnt=10 (vpc/ipc reset)
[EXP] [ERASE] ch=5 lun=2 pl=0 blk=45 pg=255 erase_cnt=10 (vpc/ipc reset)
[EXP] [ERASE] ch=5 lun=3 pl=0 blk=45 pg=255 erase_cnt=10 (vpc/ipc reset)
[EXP] [ERASE] ch=5 lun=4 pl=0 blk=45 pg=255 erase_cnt=10 (vpc/ipc reset)
[EXP] [ERASE] ch=5 lun=5 pl=0 blk=45 pg=255 erase_cnt=10 (vpc/ipc reset)
[EXP] [ERASE] ch=5 lun=6 pl=0 blk=45 pg=255 erase_cnt=10 (vpc/ipc reset)
[EXP] [ERASE] ch=5 lun=7 pl=0 blk=45 pg=255 erase_cnt=10 (vpc/ipc reset)
[EXP] [ERASE] ch=6 lun=0 pl=0 blk=45 pg=255 erase_cnt=10 (vpc/ipc reset)
[EXP] [ERASE] ch=6 lun=1 pl=0 blk=45 pg=255 erase_cnt=10 (vpc/ipc reset)
[EXP] [ERASE] ch=6 lun=2 pl=0 blk=45 pg=255 erase_cnt=10 (vpc/ipc reset)
[EXP] [ERASE] ch=6 lun=3 pl=0 blk=45 pg=255 erase_cnt=10 (vpc/ipc reset)
[EXP] [ERASE] ch=6 lun=4 pl=0 blk=45 pg=255 erase_cnt=10 (vpc/ipc reset)
[EXP] [ERASE] ch=6 lun=5 pl=0 blk=45 pg=255 erase_cnt=10 (vpc/ipc reset)
[EXP] [ERASE] ch=6 lun=6 pl=0 blk=45 pg=255 erase_cnt=10 (vpc/ipc reset)
[EXP] [ERASE] ch=6 lun=7 pl=0 blk=45 pg=255 erase_cnt=10 (vpc/ipc reset)
[EXP] [ERASE] ch=7 lun=0 pl=0 blk=45 pg=255 erase_cnt=10 (vpc/ipc reset)
[EXP] [ERASE] ch=7 lun=1 pl=0 blk=45 pg=255 erase_cnt=10 (vpc/ipc reset)
[EXP] [ERASE] ch=7 lun=2 pl=0 blk=45 pg=255 erase_cnt=10 (vpc/ipc reset)
[EXP] [ERASE] ch=7 lun=3 pl=0 blk=45 pg=255 erase_cnt=10 (vpc/ipc reset)
[EXP] [ERASE] ch=7 lun=4 pl=0 blk=45 pg=255 erase_cnt=10 (vpc/ipc reset)
[EXP] [ERASE] ch=7 lun=5 pl=0 blk=45 pg=255 erase_cnt=10 (vpc/ipc reset)
[EXP] [ERASE] ch=7 lun=6 pl=0 blk=45 pg=255 erase_cnt=10 (vpc/ipc reset)
[EXP] [ERASE] ch=7 lun=7 pl=0 blk=45 pg=255 erase_cnt=10 (vpc/ipc reset)
[EXP] [ERASE] ch=0 lun=0 pl=0 blk=29 pg=255 erase_cnt=7 (vpc/ipc reset)
[EXP] [ERASE] ch=0 lun=1 pl=0 blk=29 pg=255 erase_cnt=7 (vpc/ipc reset)
[EXP] [ERASE] ch=0 lun=2 pl=0 blk=29 pg=255 erase_cnt=7 (vpc/ipc reset)
[EXP] [ERASE] ch=0 lun=3 pl=0 blk=29 pg=255 erase_cnt=7 (vpc/ipc reset)
[EXP] [ERASE] ch=0 lun=4 pl=0 blk=29 pg=255 erase_cnt=7 (vpc/ipc reset)
[EXP] [ERASE] ch=0 lun=5 pl=0 blk=29 pg=255 erase_cnt=7 (vpc/ipc reset)
[EXP] [ERASE] ch=0 lun=6 pl=0 blk=29 pg=255 erase_cnt=7 (vpc/ipc reset)
[EXP] [ERASE] ch=0 lun=7 pl=0 blk=29 pg=255 erase_cnt=7 (vpc/ipc reset)
[EXP] [ERASE] ch=1 lun=0 pl=0 blk=29 pg=255 erase_cnt=7 (vpc/ipc reset)
[EXP] [ERASE] ch=1 lun=1 pl=0 blk=29 pg=255 erase_cnt=7 (vpc/ipc reset)
[EXP] [ERASE] ch=1 lun=2 pl=0 blk=29 pg=255 erase_cnt=7 (vpc/ipc reset)
[EXP] [ERASE] ch=1 lun=3 pl=0 blk=29 pg=255 erase_cnt=7 (vpc/ipc reset)
[EXP] [ERASE] ch=1 lun=4 pl=0 blk=29 pg=255 erase_cnt=7 (vpc/ipc reset)
[EXP] [ERASE] ch=1 lun=5 pl=0 blk=29 pg=255 erase_cnt=7 (vpc/ipc reset)
[EXP] [ERASE] ch=1 lun=6 pl=0 blk=29 pg=255 erase_cnt=7 (vpc/ipc reset)
[EXP] [ERASE] ch=1 lun=7 pl=0 blk=29 pg=255 erase_cnt=7 (vpc/ipc reset)
[EXP] [ERASE] ch=2 lun=0 pl=0 blk=29 pg=255 erase_cnt=7 (vpc/ipc reset)
[EXP] [ERASE] ch=2 lun=1 pl=0 blk=29 pg=255 erase_cnt=7 (vpc/ipc reset)
[EXP] [ERASE] ch=2 lun=2 pl=0 blk=29 pg=255 erase_cnt=7 (vpc/ipc reset)
[EXP] [ERASE] ch=2 lun=3 pl=0 blk=29 pg=255 erase_cnt=7 (vpc/ipc reset)
[EXP] [ERASE] ch=2 lun=4 pl=0 blk=29 pg=255 erase_cnt=7 (vpc/ipc reset)
[EXP] [ERASE] ch=2 lun=5 pl=0 blk=29 pg=255 erase_cnt=7 (vpc/ipc reset)
[EXP] [ERASE] ch=2 lun=6 pl=0 blk=29 pg=255 erase_cnt=7 (vpc/ipc reset)
[EXP] [ERASE] ch=2 lun=7 pl=0 blk=29 pg=255 erase_cnt=7 (vpc/ipc reset)
[EXP] [ERASE] ch=3 lun=0 pl=0 blk=29 pg=255 erase_cnt=7 (vpc/ipc reset)
[EXP] [ERASE] ch=3 lun=1 pl=0 blk=29 pg=255 erase_cnt=7 (vpc/ipc reset)
[EXP] [ERASE] ch=3 lun=2 pl=0 blk=29 pg=255 erase_cnt=7 (vpc/ipc reset)
[EXP] [ERASE] ch=3 lun=3 pl=0 blk=29 pg=255 erase_cnt=7 (vpc/ipc reset)
[EXP] [ERASE] ch=3 lun=4 pl=0 blk=29 pg=255 erase_cnt=7 (vpc/ipc reset)
[EXP] [ERASE] ch=3 lun=5 pl=0 blk=29 pg=255 erase_cnt=7 (vpc/ipc reset)
[EXP] [ERASE] ch=3 lun=6 pl=0 blk=29 pg=255 erase_cnt=7 (vpc/ipc reset)
[EXP] [ERASE] ch=3 lun=7 pl=0 blk=29 pg=255 erase_cnt=7 (vpc/ipc reset)
[EXP] [ERASE] ch=4 lun=0 pl=0 blk=29 pg=255 erase_cnt=7 (vpc/ipc reset)
[EXP] [ERASE] ch=4 lun=1 pl=0 blk=29 pg=255 erase_cnt=7 (vpc/ipc reset)
[EXP] [ERASE] ch=4 lun=2 pl=0 blk=29 pg=255 erase_cnt=7 (vpc/ipc reset)
[EXP] [ERASE] ch=4 lun=3 pl=0 blk=29 pg=255 erase_cnt=7 (vpc/ipc reset)
[EXP] [ERASE] ch=4 lun=4 pl=0 blk=29 pg=255 erase_cnt=7 (vpc/ipc reset)
[EXP] [ERASE] ch=4 lun=5 pl=0 blk=29 pg=255 erase_cnt=7 (vpc/ipc reset)
[EXP] [ERASE] ch=4 lun=6 pl=0 blk=29 pg=255 erase_cnt=7 (vpc/ipc reset)
[EXP] [ERASE] ch=4 lun=7 pl=0 blk=29 pg=255 erase_cnt=7 (vpc/ipc reset)
[EXP] [ERASE] ch=5 lun=0 pl=0 blk=29 pg=255 erase_cnt=7 (vpc/ipc reset)
[EXP] [ERASE] ch=5 lun=1 pl=0 blk=29 pg=255 erase_cnt=7 (vpc/ipc reset)
[EXP] [ERASE] ch=5 lun=2 pl=0 blk=29 pg=255 erase_cnt=7 (vpc/ipc reset)
[EXP] [ERASE] ch=5 lun=3 pl=0 blk=29 pg=255 erase_cnt=7 (vpc/ipc reset)
[EXP] [ERASE] ch=5 lun=4 pl=0 blk=29 pg=255 erase_cnt=7 (vpc/ipc reset)
[EXP] [ERASE] ch=5 lun=5 pl=0 blk=29 pg=255 erase_cnt=7 (vpc/ipc reset)
[EXP] [ERASE] ch=5 lun=6 pl=0 blk=29 pg=255 erase_cnt=7 (vpc/ipc reset)
[EXP] [ERASE] ch=5 lun=7 pl=0 blk=29 pg=255 erase_cnt=7 (vpc/ipc reset)
[EXP] [ERASE] ch=6 lun=0 pl=0 blk=29 pg=255 erase_cnt=7 (vpc/ipc reset)
[EXP] [ERASE] ch=6 lun=1 pl=0 blk=29 pg=255 erase_cnt=7 (vpc/ipc reset)
[EXP] [ERASE] ch=6 lun=2 pl=0 blk=29 pg=255 erase_cnt=7 (vpc/ipc reset)
[EXP] [ERASE] ch=6 lun=3 pl=0 blk=29 pg=255 erase_cnt=7 (vpc/ipc reset)
[EXP] [ERASE] ch=6 lun=4 pl=0 blk=29 pg=255 erase_cnt=7 (vpc/ipc reset)
[EXP] [ERASE] ch=6 lun=5 pl=0 blk=29 pg=255 erase_cnt=7 (vpc/ipc reset)
[EXP] [ERASE] ch=6 lun=6 pl=0 blk=29 pg=255 erase_cnt=7 (vpc/ipc reset)
[EXP] [ERASE] ch=6 lun=7 pl=0 blk=29 pg=255 erase_cnt=7 (vpc/ipc reset)
[EXP] [ERASE] ch=7 lun=0 pl=0 blk=29 pg=255 erase_cnt=7 (vpc/ipc reset)
[EXP] [ERASE] ch=7 lun=1 pl=0 blk=29 pg=255 erase_cnt=7 (vpc/ipc reset)
[EXP] [ERASE] ch=7 lun=2 pl=0 blk=29 pg=255 erase_cnt=7 (vpc/ipc reset)
[EXP] [ERASE] ch=7 lun=3 pl=0 blk=29 pg=255 erase_cnt=7 (vpc/ipc reset)
[EXP] [ERASE] ch=7 lun=4 pl=0 blk=29 pg=255 erase_cnt=7 (vpc/ipc reset)
[EXP] [ERASE] ch=7 lun=5 pl=0 blk=29 pg=255 erase_cnt=7 (vpc/ipc reset)
[EXP] [ERASE] ch=7 lun=6 pl=0 blk=29 pg=255 erase_cnt=7 (vpc/ipc reset)
[EXP] [ERASE] ch=7 lun=7 pl=0 blk=29 pg=255 erase_cnt=7 (vpc/ipc reset)
[EXP] [ERASE] ch=0 lun=0 pl=0 blk=63 pg=255 erase_cnt=6 (vpc/ipc reset)
[EXP] [ERASE] ch=0 lun=1 pl=0 blk=63 pg=255 erase_cnt=6 (vpc/ipc reset)
[EXP] [ERASE] ch=0 lun=2 pl=0 blk=63 pg=255 erase_cnt=6 (vpc/ipc reset)
[EXP] [ERASE] ch=0 lun=3 pl=0 blk=63 pg=255 erase_cnt=6 (vpc/ipc reset)
[EXP] [ERASE] ch=0 lun=4 pl=0 blk=63 pg=255 erase_cnt=6 (vpc/ipc reset)
[EXP] [ERASE] ch=0 lun=5 pl=0 blk=63 pg=255 erase_cnt=6 (vpc/ipc reset)
[EXP] [ERASE] ch=0 lun=6 pl=0 blk=63 pg=255 erase_cnt=6 (vpc/ipc reset)
[EXP] [ERASE] ch=0 lun=7 pl=0 blk=63 pg=255 erase_cnt=6 (vpc/ipc reset)
[EXP] [ERASE] ch=1 lun=0 pl=0 blk=63 pg=255 erase_cnt=6 (vpc/ipc reset)
[EXP] [ERASE] ch=1 lun=1 pl=0 blk=63 pg=255 erase_cnt=6 (vpc/ipc reset)
[EXP] [ERASE] ch=1 lun=2 pl=0 blk=63 pg=255 erase_cnt=6 (vpc/ipc reset)
[EXP] [ERASE] ch=1 lun=3 pl=0 blk=63 pg=255 erase_cnt=6 (vpc/ipc reset)
[EXP] [ERASE] ch=1 lun=4 pl=0 blk=63 pg=255 erase_cnt=6 (vpc/ipc reset)
[EXP] [ERASE] ch=1 lun=5 pl=0 blk=63 pg=255 erase_cnt=6 (vpc/ipc reset)
[EXP] [ERASE] ch=1 lun=6 pl=0 blk=63 pg=255 erase_cnt=6 (vpc/ipc reset)
[EXP] [ERASE] ch=1 lun=7 pl=0 blk=63 pg=255 erase_cnt=6 (vpc/ipc reset)
[EXP] [ERASE] ch=2 lun=0 pl=0 blk=63 pg=255 erase_cnt=6 (vpc/ipc reset)
[EXP] [ERASE] ch=2 lun=1 pl=0 blk=63 pg=255 erase_cnt=6 (vpc/ipc reset)
[EXP] [ERASE] ch=2 lun=2 pl=0 blk=63 pg=255 erase_cnt=6 (vpc/ipc reset)
[EXP] [ERASE] ch=2 lun=3 pl=0 blk=63 pg=255 erase_cnt=6 (vpc/ipc reset)
[EXP] [ERASE] ch=2 lun=4 pl=0 blk=63 pg=255 erase_cnt=6 (vpc/ipc reset)
[EXP] [ERASE] ch=2 lun=5 pl=0 blk=63 pg=255 erase_cnt=6 (vpc/ipc reset)
[EXP] [ERASE] ch=2 lun=6 pl=0 blk=63 pg=255 erase_cnt=6 (vpc/ipc reset)
[EXP] [ERASE] ch=2 lun=7 pl=0 blk=63 pg=255 erase_cnt=6 (vpc/ipc reset)
[EXP] [ERASE] ch=3 lun=0 pl=0 blk=63 pg=255 erase_cnt=6 (vpc/ipc reset)
[EXP] [ERASE] ch=3 lun=1 pl=0 blk=63 pg=255 erase_cnt=6 (vpc/ipc reset)
[EXP] [ERASE] ch=3 lun=2 pl=0 blk=63 pg=255 erase_cnt=6 (vpc/ipc reset)
[EXP] [ERASE] ch=3 lun=3 pl=0 blk=63 pg=255 erase_cnt=6 (vpc/ipc reset)
[EXP] [ERASE] ch=3 lun=4 pl=0 blk=63 pg=255 erase_cnt=6 (vpc/ipc reset)
[EXP] [ERASE] ch=3 lun=5 pl=0 blk=63 pg=255 erase_cnt=6 (vpc/ipc reset)
[EXP] [ERASE] ch=3 lun=6 pl=0 blk=63 pg=255 erase_cnt=6 (vpc/ipc reset)
[EXP] [ERASE] ch=3 lun=7 pl=0 blk=63 pg=255 erase_cnt=6 (vpc/ipc reset)
[EXP] [ERASE] ch=4 lun=0 pl=0 blk=63 pg=255 erase_cnt=6 (vpc/ipc reset)
[EXP] [ERASE] ch=4 lun=1 pl=0 blk=63 pg=255 erase_cnt=6 (vpc/ipc reset)
[EXP] [ERASE] ch=4 lun=2 pl=0 blk=63 pg=255 erase_cnt=6 (vpc/ipc reset)
[EXP] [ERASE] ch=4 lun=3 pl=0 blk=63 pg=255 erase_cnt=6 (vpc/ipc reset)
[EXP] [ERASE] ch=4 lun=4 pl=0 blk=63 pg=255 erase_cnt=6 (vpc/ipc reset)
[EXP] [ERASE] ch=4 lun=5 pl=0 blk=63 pg=255 erase_cnt=6 (vpc/ipc reset)
[EXP] [ERASE] ch=4 lun=6 pl=0 blk=63 pg=255 erase_cnt=6 (vpc/ipc reset)
[EXP] [ERASE] ch=4 lun=7 pl=0 blk=63 pg=255 erase_cnt=6 (vpc/ipc reset)
[EXP] [ERASE] ch=5 lun=0 pl=0 blk=63 pg=255 erase_cnt=6 (vpc/ipc reset)
[EXP] [ERASE] ch=5 lun=1 pl=0 blk=63 pg=255 erase_cnt=6 (vpc/ipc reset)
[EXP] [ERASE] ch=5 lun=2 pl=0 blk=63 pg=255 erase_cnt=6 (vpc/ipc reset)
[EXP] [ERASE] ch=5 lun=3 pl=0 blk=63 pg=255 erase_cnt=6 (vpc/ipc reset)
[EXP] [ERASE] ch=5 lun=4 pl=0 blk=63 pg=255 erase_cnt=6 (vpc/ipc reset)
[EXP] [ERASE] ch=5 lun=5 pl=0 blk=63 pg=255 erase_cnt=6 (vpc/ipc reset)
[EXP] [ERASE] ch=5 lun=6 pl=0 blk=63 pg=255 erase_cnt=6 (vpc/ipc reset)
[EXP] [ERASE] ch=5 lun=7 pl=0 blk=63 pg=255 erase_cnt=6 (vpc/ipc reset)
[EXP] [ERASE] ch=6 lun=0 pl=0 blk=63 pg=255 erase_cnt=6 (vpc/ipc reset)
[EXP] [ERASE] ch=6 lun=1 pl=0 blk=63 pg=255 erase_cnt=6 (vpc/ipc reset)
[EXP] [ERASE] ch=6 lun=2 pl=0 blk=63 pg=255 erase_cnt=6 (vpc/ipc reset)
[EXP] [ERASE] ch=6 lun=3 pl=0 blk=63 pg=255 erase_cnt=6 (vpc/ipc reset)
[EXP] [ERASE] ch=6 lun=4 pl=0 blk=63 pg=255 erase_cnt=6 (vpc/ipc reset)
[EXP] [ERASE] ch=6 lun=5 pl=0 blk=63 pg=255 erase_cnt=6 (vpc/ipc reset)
[EXP] [ERASE] ch=6 lun=6 pl=0 blk=63 pg=255 erase_cnt=6 (vpc/ipc reset)
[EXP] [ERASE] ch=6 lun=7 pl=0 blk=63 pg=255 erase_cnt=6 (vpc/ipc reset)
[EXP] [ERASE] ch=7 lun=0 pl=0 blk=63 pg=255 erase_cnt=6 (vpc/ipc reset)
[EXP] [ERASE] ch=7 lun=1 pl=0 blk=63 pg=255 erase_cnt=6 (vpc/ipc reset)
[EXP] [ERASE] ch=7 lun=2 pl=0 blk=63 pg=255 erase_cnt=6 (vpc/ipc reset)
[EXP] [ERASE] ch=7 lun=3 pl=0 blk=63 pg=255 erase_cnt=6 (vpc/ipc reset)
[EXP] [ERASE] ch=7 lun=4 pl=0 blk=63 pg=255 erase_cnt=6 (vpc/ipc reset)
[EXP] [ERASE] ch=7 lun=5 pl=0 blk=63 pg=255 erase_cnt=6 (vpc/ipc reset)
[EXP] [ERASE] ch=7 lun=6 pl=0 blk=63 pg=255 erase_cnt=6 (vpc/ipc reset)
[EXP] [ERASE] ch=7 lun=7 pl=0 blk=63 pg=255 erase_cnt=6 (vpc/ipc reset)
[EXP] [ERASE] ch=0 lun=0 pl=0 blk=19 pg=255 erase_cnt=8 (vpc/ipc reset)
[EXP] [ERASE] ch=0 lun=1 pl=0 blk=19 pg=255 erase_cnt=8 (vpc/ipc reset)
[EXP] [ERASE] ch=0 lun=2 pl=0 blk=19 pg=255 erase_cnt=8 (vpc/ipc reset)
[EXP] [ERASE] ch=0 lun=3 pl=0 blk=19 pg=255 erase_cnt=8 (vpc/ipc reset)
[EXP] [ERASE] ch=0 lun=4 pl=0 blk=19 pg=255 erase_cnt=8 (vpc/ipc reset)
[EXP] [ERASE] ch=0 lun=5 pl=0 blk=19 pg=255 erase_cnt=8 (vpc/ipc reset)
[EXP] [ERASE] ch=0 lun=6 pl=0 blk=19 pg=255 erase_cnt=8 (vpc/ipc reset)
[EXP] [ERASE] ch=0 lun=7 pl=0 blk=19 pg=255 erase_cnt=8 (vpc/ipc reset)
[EXP] [ERASE] ch=1 lun=0 pl=0 blk=19 pg=255 erase_cnt=8 (vpc/ipc reset)
[EXP] [ERASE] ch=1 lun=1 pl=0 blk=19 pg=255 erase_cnt=8 (vpc/ipc reset)
[EXP] [ERASE] ch=1 lun=2 pl=0 blk=19 pg=255 erase_cnt=8 (vpc/ipc reset)
[EXP] [ERASE] ch=1 lun=3 pl=0 blk=19 pg=255 erase_cnt=8 (vpc/ipc reset)
[EXP] [ERASE] ch=1 lun=4 pl=0 blk=19 pg=255 erase_cnt=8 (vpc/ipc reset)
[EXP] [ERASE] ch=1 lun=5 pl=0 blk=19 pg=255 erase_cnt=8 (vpc/ipc reset)
[EXP] [ERASE] ch=1 lun=6 pl=0 blk=19 pg=255 erase_cnt=8 (vpc/ipc reset)
[EXP] [ERASE] ch=1 lun=7 pl=0 blk=19 pg=255 erase_cnt=8 (vpc/ipc reset)
[EXP] [ERASE] ch=2 lun=0 pl=0 blk=19 pg=255 erase_cnt=8 (vpc/ipc reset)
[EXP] [ERASE] ch=2 lun=1 pl=0 blk=19 pg=255 erase_cnt=8 (vpc/ipc reset)
[EXP] [ERASE] ch=2 lun=2 pl=0 blk=19 pg=255 erase_cnt=8 (vpc/ipc reset)
[EXP] [ERASE] ch=2 lun=3 pl=0 blk=19 pg=255 erase_cnt=8 (vpc/ipc reset)
[EXP] [ERASE] ch=2 lun=4 pl=0 blk=19 pg=255 erase_cnt=8 (vpc/ipc reset)
[EXP] [ERASE] ch=2 lun=5 pl=0 blk=19 pg=255 erase_cnt=8 (vpc/ipc reset)
[EXP] [ERASE] ch=2 lun=6 pl=0 blk=19 pg=255 erase_cnt=8 (vpc/ipc reset)
[EXP] [ERASE] ch=2 lun=7 pl=0 blk=19 pg=255 erase_cnt=8 (vpc/ipc reset)
[EXP] [ERASE] ch=3 lun=0 pl=0 blk=19 pg=255 erase_cnt=8 (vpc/ipc reset)
[EXP] [ERASE] ch=3 lun=1 pl=0 blk=19 pg=255 erase_cnt=8 (vpc/ipc reset)
[EXP] [ERASE] ch=3 lun=2 pl=0 blk=19 pg=255 erase_cnt=8 (vpc/ipc reset)
[EXP] [ERASE] ch=3 lun=3 pl=0 blk=19 pg=255 erase_cnt=8 (vpc/ipc reset)
[EXP] [ERASE] ch=3 lun=4 pl=0 blk=19 pg=255 erase_cnt=8 (vpc/ipc reset)
[EXP] [ERASE] ch=3 lun=5 pl=0 blk=19 pg=255 erase_cnt=8 (vpc/ipc reset)
[EXP] [ERASE] ch=3 lun=6 pl=0 blk=19 pg=255 erase_cnt=8 (vpc/ipc reset)
[EXP] [ERASE] ch=3 lun=7 pl=0 blk=19 pg=255 erase_cnt=8 (vpc/ipc reset)
[EXP] [ERASE] ch=4 lun=0 pl=0 blk=19 pg=255 erase_cnt=8 (vpc/ipc reset)
[EXP] [ERASE] ch=4 lun=1 pl=0 blk=19 pg=255 erase_cnt=8 (vpc/ipc reset)
[EXP] [ERASE] ch=4 lun=2 pl=0 blk=19 pg=255 erase_cnt=8 (vpc/ipc reset)
[EXP] [ERASE] ch=4 lun=3 pl=0 blk=19 pg=255 erase_cnt=8 (vpc/ipc reset)
[EXP] [ERASE] ch=4 lun=4 pl=0 blk=19 pg=255 erase_cnt=8 (vpc/ipc reset)
[EXP] [ERASE] ch=4 lun=5 pl=0 blk=19 pg=255 erase_cnt=8 (vpc/ipc reset)
[EXP] [ERASE] ch=4 lun=6 pl=0 blk=19 pg=255 erase_cnt=8 (vpc/ipc reset)
[EXP] [ERASE] ch=4 lun=7 pl=0 blk=19 pg=255 erase_cnt=8 (vpc/ipc reset)
[EXP] [ERASE] ch=5 lun=0 pl=0 blk=19 pg=255 erase_cnt=8 (vpc/ipc reset)
[EXP] [ERASE] ch=5 lun=1 pl=0 blk=19 pg=255 erase_cnt=8 (vpc/ipc reset)
[EXP] [ERASE] ch=5 lun=2 pl=0 blk=19 pg=255 erase_cnt=8 (vpc/ipc reset)
[EXP] [ERASE] ch=5 lun=3 pl=0 blk=19 pg=255 erase_cnt=8 (vpc/ipc reset)
[EXP] [ERASE] ch=5 lun=4 pl=0 blk=19 pg=255 erase_cnt=8 (vpc/ipc reset)
[EXP] [ERASE] ch=5 lun=5 pl=0 blk=19 pg=255 erase_cnt=8 (vpc/ipc reset)
[EXP] [ERASE] ch=5 lun=6 pl=0 blk=19 pg=255 erase_cnt=8 (vpc/ipc reset)
[EXP] [ERASE] ch=5 lun=7 pl=0 blk=19 pg=255 erase_cnt=8 (vpc/ipc reset)
[EXP] [ERASE] ch=6 lun=0 pl=0 blk=19 pg=255 erase_cnt=8 (vpc/ipc reset)
[EXP] [ERASE] ch=6 lun=1 pl=0 blk=19 pg=255 erase_cnt=8 (vpc/ipc reset)
[EXP] [ERASE] ch=6 lun=2 pl=0 blk=19 pg=255 erase_cnt=8 (vpc/ipc reset)
[EXP] [ERASE] ch=6 lun=3 pl=0 blk=19 pg=255 erase_cnt=8 (vpc/ipc reset)
[EXP] [ERASE] ch=6 lun=4 pl=0 blk=19 pg=255 erase_cnt=8 (vpc/ipc reset)
[EXP] [ERASE] ch=6 lun=5 pl=0 blk=19 pg=255 erase_cnt=8 (vpc/ipc reset)
[EXP] [ERASE] ch=6 lun=6 pl=0 blk=19 pg=255 erase_cnt=8 (vpc/ipc reset)
[EXP] [ERASE] ch=6 lun=7 pl=0 blk=19 pg=255 erase_cnt=8 (vpc/ipc reset)
[EXP] [ERASE] ch=7 lun=0 pl=0 blk=19 pg=255 erase_cnt=8 (vpc/ipc reset)
[EXP] [ERASE] ch=7 lun=1 pl=0 blk=19 pg=255 erase_cnt=8 (vpc/ipc reset)
[EXP] [ERASE] ch=7 lun=2 pl=0 blk=19 pg=255 erase_cnt=8 (vpc/ipc reset)
[EXP] [ERASE] ch=7 lun=3 pl=0 blk=19 pg=255 erase_cnt=8 (vpc/ipc reset)
[EXP] [ERASE] ch=7 lun=4 pl=0 blk=19 pg=255 erase_cnt=8 (vpc/ipc reset)
[EXP] [ERASE] ch=7 lun=5 pl=0 blk=19 pg=255 erase_cnt=8 (vpc/ipc reset)
[EXP] [ERASE] ch=7 lun=6 pl=0 blk=19 pg=255 erase_cnt=8 (vpc/ipc reset)
[EXP] [ERASE] ch=7 lun=7 pl=0 blk=19 pg=255 erase_cnt=8 (vpc/ipc reset)
[EXP] [ERASE] ch=0 lun=0 pl=0 blk=101 pg=255 erase_cnt=12 (vpc/ipc reset)
[EXP] [ERASE] ch=0 lun=1 pl=0 blk=101 pg=255 erase_cnt=12 (vpc/ipc reset)
[EXP] [ERASE] ch=0 lun=2 pl=0 blk=101 pg=255 erase_cnt=12 (vpc/ipc reset)
[EXP] [ERASE] ch=0 lun=3 pl=0 blk=101 pg=255 erase_cnt=12 (vpc/ipc reset)
[EXP] [ERASE] ch=0 lun=4 pl=0 blk=101 pg=255 erase_cnt=12 (vpc/ipc reset)
[EXP] [ERASE] ch=0 lun=5 pl=0 blk=101 pg=255 erase_cnt=12 (vpc/ipc reset)
[EXP] [ERASE] ch=0 lun=6 pl=0 blk=101 pg=255 erase_cnt=12 (vpc/ipc reset)
[EXP] [ERASE] ch=0 lun=7 pl=0 blk=101 pg=255 erase_cnt=12 (vpc/ipc reset)
[EXP] [ERASE] ch=1 lun=0 pl=0 blk=101 pg=255 erase_cnt=12 (vpc/ipc reset)
[EXP] [ERASE] ch=1 lun=1 pl=0 blk=101 pg=255 erase_cnt=12 (vpc/ipc reset)
[EXP] [ERASE] ch=1 lun=2 pl=0 blk=101 pg=255 erase_cnt=12 (vpc/ipc reset)
[EXP] [ERASE] ch=1 lun=3 pl=0 blk=101 pg=255 erase_cnt=12 (vpc/ipc reset)
[EXP] [ERASE] ch=1 lun=4 pl=0 blk=101 pg=255 erase_cnt=12 (vpc/ipc reset)
[EXP] [ERASE] ch=1 lun=5 pl=0 blk=101 pg=255 erase_cnt=12 (vpc/ipc reset)
[EXP] [ERASE] ch=1 lun=6 pl=0 blk=101 pg=255 erase_cnt=12 (vpc/ipc reset)
[EXP] [ERASE] ch=1 lun=7 pl=0 blk=101 pg=255 erase_cnt=12 (vpc/ipc reset)
[EXP] [ERASE] ch=2 lun=0 pl=0 blk=101 pg=255 erase_cnt=12 (vpc/ipc reset)
[EXP] [ERASE] ch=2 lun=1 pl=0 blk=101 pg=255 erase_cnt=12 (vpc/ipc reset)
[EXP] [ERASE] ch=2 lun=2 pl=0 blk=101 pg=255 erase_cnt=12 (vpc/ipc reset)
[EXP] [ERASE] ch=2 lun=3 pl=0 blk=101 pg=255 erase_cnt=12 (vpc/ipc reset)
[EXP] [ERASE] ch=2 lun=4 pl=0 blk=101 pg=255 erase_cnt=12 (vpc/ipc reset)
[EXP] [ERASE] ch=2 lun=5 pl=0 blk=101 pg=255 erase_cnt=12 (vpc/ipc reset)
[EXP] [ERASE] ch=2 lun=6 pl=0 blk=101 pg=255 erase_cnt=12 (vpc/ipc reset)
[EXP] [ERASE] ch=2 lun=7 pl=0 blk=101 pg=255 erase_cnt=12 (vpc/ipc reset)
[EXP] [ERASE] ch=3 lun=0 pl=0 blk=101 pg=255 erase_cnt=12 (vpc/ipc reset)
[EXP] [ERASE] ch=3 lun=1 pl=0 blk=101 pg=255 erase_cnt=12 (vpc/ipc reset)
[EXP] [ERASE] ch=3 lun=2 pl=0 blk=101 pg=255 erase_cnt=12 (vpc/ipc reset)
[EXP] [ERASE] ch=3 lun=3 pl=0 blk=101 pg=255 erase_cnt=12 (vpc/ipc reset)
[EXP] [ERASE] ch=3 lun=4 pl=0 blk=101 pg=255 erase_cnt=12 (vpc/ipc reset)
[EXP] [ERASE] ch=3 lun=5 pl=0 blk=101 pg=255 erase_cnt=12 (vpc/ipc reset)
[EXP] [ERASE] ch=3 lun=6 pl=0 blk=101 pg=255 erase_cnt=12 (vpc/ipc reset)
[EXP] [ERASE] ch=3 lun=7 pl=0 blk=101 pg=255 erase_cnt=12 (vpc/ipc reset)
[EXP] [ERASE] ch=4 lun=0 pl=0 blk=101 pg=255 erase_cnt=12 (vpc/ipc reset)
[EXP] [ERASE] ch=4 lun=1 pl=0 blk=101 pg=255 erase_cnt=12 (vpc/ipc reset)
[EXP] [ERASE] ch=4 lun=2 pl=0 blk=101 pg=255 erase_cnt=12 (vpc/ipc reset)
[EXP] [ERASE] ch=4 lun=3 pl=0 blk=101 pg=255 erase_cnt=12 (vpc/ipc reset)
[EXP] [ERASE] ch=4 lun=4 pl=0 blk=101 pg=255 erase_cnt=12 (vpc/ipc reset)
[EXP] [ERASE] ch=4 lun=5 pl=0 blk=101 pg=255 erase_cnt=12 (vpc/ipc reset)
[EXP] [ERASE] ch=4 lun=6 pl=0 blk=101 pg=255 erase_cnt=12 (vpc/ipc reset)
[EXP] [ERASE] ch=4 lun=7 pl=0 blk=101 pg=255 erase_cnt=12 (vpc/ipc reset)
[EXP] [ERASE] ch=5 lun=0 pl=0 blk=101 pg=255 erase_cnt=12 (vpc/ipc reset)
[EXP] [ERASE] ch=5 lun=1 pl=0 blk=101 pg=255 erase_cnt=12 (vpc/ipc reset)
[EXP] [ERASE] ch=5 lun=2 pl=0 blk=101 pg=255 erase_cnt=12 (vpc/ipc reset)
[EXP] [ERASE] ch=5 lun=3 pl=0 blk=101 pg=255 erase_cnt=12 (vpc/ipc reset)
[EXP] [ERASE] ch=5 lun=4 pl=0 blk=101 pg=255 erase_cnt=12 (vpc/ipc reset)
[EXP] [ERASE] ch=5 lun=5 pl=0 blk=101 pg=255 erase_cnt=12 (vpc/ipc reset)
[EXP] [ERASE] ch=5 lun=6 pl=0 blk=101 pg=255 erase_cnt=12 (vpc/ipc reset)
[EXP] [ERASE] ch=5 lun=7 pl=0 blk=101 pg=255 erase_cnt=12 (vpc/ipc reset)
[EXP] [ERASE] ch=6 lun=0 pl=0 blk=101 pg=255 erase_cnt=12 (vpc/ipc reset)
[EXP] [ERASE] ch=6 lun=1 pl=0 blk=101 pg=255 erase_cnt=12 (vpc/ipc reset)
[EXP] [ERASE] ch=6 lun=2 pl=0 blk=101 pg=255 erase_cnt=12 (vpc/ipc reset)
[EXP] [ERASE] ch=6 lun=3 pl=0 blk=101 pg=255 erase_cnt=12 (vpc/ipc reset)
[EXP] [ERASE] ch=6 lun=4 pl=0 blk=101 pg=255 erase_cnt=12 (vpc/ipc reset)
[EXP] [ERASE] ch=6 lun=5 pl=0 blk=101 pg=255 erase_cnt=12 (vpc/ipc reset)
[EXP] [ERASE] ch=6 lun=6 pl=0 blk=101 pg=255 erase_cnt=12 (vpc/ipc reset)
[EXP] [ERASE] ch=6 lun=7 pl=0 blk=101 pg=255 erase_cnt=12 (vpc/ipc reset)
[EXP] [ERASE] ch=7 lun=0 pl=0 blk=101 pg=255 erase_cnt=12 (vpc/ipc reset)
[EXP] [ERASE] ch=7 lun=1 pl=0 blk=101 pg=255 erase_cnt=12 (vpc/ipc reset)
[EXP] [ERASE] ch=7 lun=2 pl=0 blk=101 pg=255 erase_cnt=12 (vpc/ipc reset)
[EXP] [ERASE] ch=7 lun=3 pl=0 blk=101 pg=255 erase_cnt=12 (vpc/ipc reset)
[EXP] [ERASE] ch=7 lun=4 pl=0 blk=101 pg=255 erase_cnt=12 (vpc/ipc reset)
[EXP] [ERASE] ch=7 lun=5 pl=0 blk=101 pg=255 erase_cnt=12 (vpc/ipc reset)
[EXP] [ERASE] ch=7 lun=6 pl=0 blk=101 pg=255 erase_cnt=12 (vpc/ipc reset)
[EXP] [ERASE] ch=7 lun=7 pl=0 blk=101 pg=255 erase_cnt=12 (vpc/ipc reset)
[FEMU] FTL-Log: BBSSD-STATS version=V2.5 hot_rewrite_window=1024 hot_access_threshold=3 hot_confirmation_threshold=2 hot_decay_window=65536 hot_decay_enabled=on hot_idle_expiration_window=4096 host_page_writes=966844 nand_page_writes=6630029 gc_page_writes=5663185 block_erases=25600 waf=6.857393 gc_count=400 average_gc_copy=14157.962500 host_hot_writes=94800 host_cold_writes=872044 hot_write_ratio=0.098051 gc_hot_writes=926 gc_cold_writes=5662259 stale_hot_gc_candidates_gt_t=2107 stale_hot_gc_candidates_gt_2t=1869 stale_hot_gc_candidates_gt_4t=1467 stale_hot_gc_candidates_gt_8t=927 stale_hot_gc_demotions=1467 cold_to_hot_count=44868 hot_to_cold_count=44216 hot_pool_empty_count=0 cold_pool_empty_count=6 borrow_count=6 emergency_gc_count=0 decay_application_count=661420 counter_invariant=PASS
[FEMU] Log: vSSD0,Reset tt_late_ios/tt_ios,120380/241861
