[FEMU] FTL-Log: LPN metadata: entries=2097152 entry_size=24 total=48 MiB hot_window=64
[FEMU] FTL-Log: Write pointers: hot_line=64 cold_line=0 free=126 hot_free=63 cold_free=63
c[?7l[2J[0mSeaBIOS (version rel-1.17.0-0-gb52ca86e094d-prebuilt.qemu.org)


iPXE (http://ipxe.org) 00:03.0 CA00 PCI2.10 PnP PMM+BEFD1D20+BEF31D20 CA00
Press Ctrl-B to configure iPXE (PCI 00:03.0)...                                                                               


Booting from Hard Disk...
[H[J[1;1H[?25l[m[H[J[1;1H[2;30HGNU GRUB  version 2.04

[m[4;2H+----------------------------------------------------------------------------+[5;2H|[5;79H|[6;2H|[6;79H|[7;2H|[7;79H|[8;2H|[8;79H|[9;2H|[9;79H|[10;2H|[10;79H|[11;2H|[11;79H|[12;2H|[12;79H|[13;2H|[13;79H|[14;2H|[14;79H|[15;2H|[15;79H|[16;2H|[16;79H|[17;2H+----------------------------------------------------------------------------+[m[18;2H[19;2H[m     Use the ^ and v keys to select which entry is highlighted.          
      Press enter to boot the selected OS, `e' to edit the commands       
      before booting or `c' for a command-line.                           [5;80H [7m[5;3H*Ubuntu, with Linux 5.4.0-64-generic                                        [m[5;78H[m[m[6;3H                                                                            [m[6;78H[m[m[7;3H                                                                            [m[7;78H[m[m[8;3H                                                                            [m[8;78H[m[m[9;3H                                                                            [m[9;78H[m[m[10;3H                                                                            [m[10;78H[m[m[11;3H                                                                            [m[11;78H[m[m[12;3H                                                                            [m[12;78H[m[m[13;3H                                                                            [m[13;78H[m[m[14;3H                                                                            [m[14;78H[m[m[15;3H                                                                            [m[15;78H[m[m[16;3H                                                                            [m[16;78H[m[16;80H [5;78H[22;1H   The highlighted entry will be executed automatically in 3s.                 [5;78H[22;1H   The highlighted entry will be executed automatically in 2s.                 [5;78H[22;1H   The highlighted entry will be executed automatically in 1s.                 [5;78H[22;1H   The highlighted entry will be executed automatically in 0s.                 [5;78H[?25h[H[J[1;1H[H[J[1;1HLoading Linux 5.4.0-64-generic ...
Loading initial ramdisk ...
[    0.000000] Linux version 5.4.0-64-generic (buildd@lcy01-amd64-021) (gcc version 9.3.0 (Ubuntu 9.3.0-17ubuntu1~20.04)) #72-Ubuntu SMP Fri Jan 15 10:27:54 UTC 2021 (Ubuntu 5.4.0-64.72-generic 5.4.78)
[    0.000000] Command line: BOOT_IMAGE=/boot/vmlinuz-5.4.0-64-generic root=UUID=66add23f-3d34-46f1-a540-ebfdd268827e ro ip=dhcp console=ttyS0,115200 console=tty console=ttyS0 text
[    0.000000] KERNEL supported cpus:
[    0.000000]   Intel GenuineIntel
[    0.000000]   AMD AuthenticAMD
[    0.000000]   Hygon HygonGenuine
[    0.000000]   Centaur CentaurHauls
[    0.000000]   zhaoxin   Shanghai  
[    0.000000] x86/fpu: Supporting XSAVE feature 0x001: 'x87 floating point registers'
[    0.000000] x86/fpu: Supporting XSAVE feature 0x002: 'SSE registers'
[    0.000000] x86/fpu: Supporting XSAVE feature 0x004: 'AVX registers'
[    0.000000] x86/fpu: xstate_offset[2]:  576, xstate_sizes[2]:  256
[    0.000000] x86/fpu: Enabled xstate features 0x7, context size is 832 bytes, using 'compacted' format.
[    0.000000] BIOS-provided physical RAM map:
[    0.000000] BIOS-e820: [mem 0x0000000000000000-0x000000000009fbff] usable
[    0.000000] BIOS-e820: [mem 0x000000000009fc00-0x000000000009ffff] reserved
[    0.000000] BIOS-e820: [mem 0x00000000000f0000-0x00000000000fffff] reserved
[    0.000000] BIOS-e820: [mem 0x0000000000100000-0x00000000bffdcfff] usable
[    0.000000] BIOS-e820: [mem 0x00000000bffdd000-0x00000000bfffffff] reserved
[    0.000000] BIOS-e820: [mem 0x00000000feffc000-0x00000000feffffff] reserved
[    0.000000] BIOS-e820: [mem 0x00000000fffc0000-0x00000000ffffffff] reserved
[    0.000000] BIOS-e820: [mem 0x0000000100000000-0x000000013fffffff] usable
[    0.000000] NX (Execute Disable) protection: active
[    0.000000] SMBIOS 2.8 present.
[    0.000000] DMI: QEMU Standard PC (i440FX + PIIX, 1996), BIOS rel-1.17.0-0-gb52ca86e094d-prebuilt.qemu.org 04/01/2014
[    0.000000] Hypervisor detected: KVM
[    0.000000] kvm-clock: Using msrs 4b564d01 and 4b564d00
[    0.000000] kvm-clock: cpu 0, msr 55001001, primary cpu clock
[    0.000000] kvm-clock: using sched offset of 13361792677 cycles
[    0.000003] clocksource: kvm-clock: mask: 0xffffffffffffffff max_cycles: 0x1cd42e4dffb, max_idle_ns: 881590591483 ns
[    0.000005] tsc: Detected 2995.202 MHz processor
[    0.002419] last_pfn = 0x140000 max_arch_pfn = 0x400000000
[    0.002655] x86/PAT: Configuration [0-7]: WB  WC  UC- UC  WB  WP  UC- WT  
[    0.002687] last_pfn = 0xbffdd max_arch_pfn = 0x400000000
[    0.009267] found SMP MP-table at [mem 0x000f54b0-0x000f54bf]
[    0.009475] check: Scanning 1 areas for low memory corruption
[    0.010026] Using GB pages for direct mapping
[    0.010504] RAMDISK: [mem 0x2d173000-0x328b0fff]
[    0.010642] ACPI: Early table checksum verification disabled
[    0.010693] ACPI: RSDP 0x00000000000F52B0 000014 (v00 BOCHS )
[    0.010711] ACPI: RSDT 0x00000000BFFE2458 000034 (v01 BOCHS  BXPC     00000001 BXPC 00000001)
[    0.010718] ACPI: FACP 0x00000000BFFE22F4 000074 (v01 BOCHS  BXPC     00000001 BXPC 00000001)
[    0.010723] ACPI: DSDT 0x00000000BFFE0040 0022B4 (v01 BOCHS  BXPC     00000001 BXPC 00000001)
[    0.010726] ACPI: FACS 0x00000000BFFE0000 000040
[    0.010728] ACPI: APIC 0x00000000BFFE2368 000090 (v03 BOCHS  BXPC     00000001 BXPC 00000001)
[    0.010731] ACPI: HPET 0x00000000BFFE23F8 000038 (v01 BOCHS  BXPC     00000001 BXPC 00000001)
[    0.010734] ACPI: WAET 0x00000000BFFE2430 000028 (v01 BOCHS  BXPC     00000001 BXPC 00000001)
[    0.011709] No NUMA configuration found
[    0.011711] Faking a node at [mem 0x0000000000000000-0x000000013fffffff]
[    0.011719] NODE_DATA(0) allocated [mem 0x13ffd3000-0x13fffdfff]
[    0.012591] Zone ranges:
[    0.012593]   DMA      [mem 0x0000000000001000-0x0000000000ffffff]
[    0.012595]   DMA32    [mem 0x0000000001000000-0x00000000ffffffff]
[    0.012596]   Normal   [mem 0x0000000100000000-0x000000013fffffff]
[    0.012596]   Device   empty
[    0.012598] Movable zone start for each node
[    0.012599] Early memory node ranges
[    0.012600]   node   0: [mem 0x0000000000001000-0x000000000009efff]
[    0.012601]   node   0: [mem 0x0000000000100000-0x00000000bffdcfff]
[    0.012602]   node   0: [mem 0x0000000100000000-0x000000013fffffff]
[    0.012770] Zeroed struct page in unavailable ranges: 133 pages
[    0.012772] Initmem setup node 0 [mem 0x0000000000001000-0x000000013fffffff]
[    0.307325] ACPI: PM-Timer IO Port: 0x608
[    0.307378] ACPI: LAPIC_NMI (acpi_id[0xff] dfl dfl lint[0x1])
[    0.307521] IOAPIC[0]: apic_id 0, version 17, address 0xfec00000, GSI 0-23
[    0.307525] ACPI: INT_SRC_OVR (bus 0 bus_irq 0 global_irq 2 dfl dfl)
[    0.307528] ACPI: INT_SRC_OVR (bus 0 bus_irq 5 global_irq 5 high level)
[    0.307528] ACPI: INT_SRC_OVR (bus 0 bus_irq 9 global_irq 9 high level)
[    0.307530] ACPI: INT_SRC_OVR (bus 0 bus_irq 10 global_irq 10 high level)
[    0.307531] ACPI: INT_SRC_OVR (bus 0 bus_irq 11 global_irq 11 high level)
[    0.307537] Using ACPI (MADT) for SMP configuration information
[    0.307539] ACPI: HPET id: 0x8086a201 base: 0xfed00000
[    0.307595] TSC deadline timer available
[    0.307608] smpboot: Allowing 4 CPUs, 0 hotplug CPUs
[    0.307679] KVM setup pv sched yield
[    0.307689] PM: Registered nosave memory: [mem 0x00000000-0x00000fff]
[    0.307691] PM: Registered nosave memory: [mem 0x0009f000-0x0009ffff]
[    0.307692] PM: Registered nosave memory: [mem 0x000a0000-0x000effff]
[    0.307692] PM: Registered nosave memory: [mem 0x000f0000-0x000fffff]
[    0.307693] PM: Registered nosave memory: [mem 0xbffdd000-0xbfffffff]
[    0.307694] PM: Registered nosave memory: [mem 0xc0000000-0xfeffbfff]
[    0.307695] PM: Registered nosave memory: [mem 0xfeffc000-0xfeffffff]
[    0.307695] PM: Registered nosave memory: [mem 0xff000000-0xfffbffff]
[    0.307696] PM: Registered nosave memory: [mem 0xfffc0000-0xffffffff]
[    0.307699] [mem 0xc0000000-0xfeffbfff] available for PCI devices
[    0.307700] Booting paravirtualized kernel on KVM
[    0.307703] clocksource: refined-jiffies: mask: 0xffffffff max_cycles: 0xffffffff, max_idle_ns: 7645519600211568 ns
[    0.307708] setup_percpu: NR_CPUS:8192 nr_cpumask_bits:4 nr_cpu_ids:4 nr_node_ids:1
[    0.313692] percpu: Embedded 55 pages/cpu s188416 r8192 d28672 u524288
[    0.313750] KVM setup async PF for cpu 0
[    0.313771] kvm-stealtime: cpu 0, msr 13ba2d040
[    0.313786] PV qspinlock hash table entries: 256 (order: 0, 4096 bytes, linear)
[    0.313797] Built 1 zonelists, mobility grouping on.  Total pages: 1032038
[    0.313798] Policy zone: Normal
[    0.313800] Kernel command line: BOOT_IMAGE=/boot/vmlinuz-5.4.0-64-generic root=UUID=66add23f-3d34-46f1-a540-ebfdd268827e ro ip=dhcp console=ttyS0,115200 console=tty console=ttyS0 text
[    0.325762] Dentry cache hash table entries: 524288 (order: 10, 4194304 bytes, linear)
[    0.331709] Inode-cache hash table entries: 262144 (order: 9, 2097152 bytes, linear)
[    0.331869] mem auto-init: stack:off, heap alloc:on, heap free:off
[    0.436093] Memory: 3932816K/4193772K available (14339K kernel code, 2399K rwdata, 4960K rodata, 2724K init, 4980K bss, 260956K reserved, 0K cma-reserved)
[    0.436105] random: get_random_u64 called from kmem_cache_open+0x2d/0x410 with crng_init=0
[    0.436689] SLUB: HWalign=64, Order=0-3, MinObjects=0, CPUs=4, Nodes=1
[    0.436737] ftrace: allocating 44555 entries in 175 pages
[    0.457041] rcu: Hierarchical RCU implementation.
[    0.457044] rcu: 	RCU restricting CPUs from NR_CPUS=8192 to nr_cpu_ids=4.
[    0.457046] 	Tasks RCU enabled.
[    0.457047] rcu: RCU calculated value of scheduler-enlistment delay is 25 jiffies.
[    0.457047] rcu: Adjusting geometry for rcu_fanout_leaf=16, nr_cpu_ids=4
[    0.459708] NR_IRQS: 524544, nr_irqs: 456, preallocated irqs: 16
[    0.460110] random: crng done (trusting CPU's manufacturer)
[    0.518801] Console: colour VGA+ 80x25
[    0.606983] printk: console [tty0] enabled
[    1.115210] printk: console [ttyS0] enabled
[    1.118325] ACPI: Core revision 20190816
[    1.131061] clocksource: hpet: mask: 0xffffffff max_cycles: 0xffffffff, max_idle_ns: 19112604467 ns
[    1.140984] APIC: Switch to symmetric I/O mode setup
[    1.150590] x2apic enabled
[    1.155985] Switched APIC routing to physical x2apic.
[    1.160423] KVM setup pv IPIs
[    1.171644] ..TIMER: vector=0x30 apic1=0 pin1=2 apic2=-1 pin2=-1
[    1.178098] clocksource: tsc-early: mask: 0xffffffffffffffff max_cycles: 0x2b2c909a7c7, max_idle_ns: 440795208498 ns
[    1.190176] Calibrating delay loop (skipped) preset value.. 5990.40 BogoMIPS (lpj=11980808)
[    1.194176] pid_max: default: 32768 minimum: 301
[    1.198291] LSM: Security Framework initializing
[    1.202247] Yama: becoming mindful.
[    1.210419] AppArmor: AppArmor initialized
[    1.214229] Mount-cache hash table entries: 8192 (order: 4, 65536 bytes, linear)
[    1.218429] Mountpoint-cache hash table entries: 8192 (order: 4, 65536 bytes, linear)
[    1.222510] *** VALIDATE tmpfs ***
[    1.226500] *** VALIDATE proc ***
[    1.229018] *** VALIDATE cgroup1 ***
[    1.230184] *** VALIDATE cgroup2 ***
[    1.240295] x86/cpu: User Mode Instruction Prevention (UMIP) activated
[    1.242806] Last level iTLB entries: 4KB 0, 2MB 0, 4MB 0
[    1.246180] Last level dTLB entries: 4KB 0, 2MB 0, 4MB 0, 1GB 0
[    1.250202] Spectre V1 : Mitigation: usercopy/swapgs barriers and __user pointer sanitization
[    1.254195] Spectre V2 : Mitigation: Enhanced IBRS
[    1.258178] Spectre V2 : Spectre v2 / SpectreRSB mitigation: Filling RSB on context switch
[    1.262185] Spectre V2 : mitigation: Enabling conditional Indirect Branch Prediction Barrier
[    1.266181] Speculative Store Bypass: Mitigation: Speculative Store Bypass disabled via prctl and seccomp
[    1.270718] Freeing SMP alternatives memory: 40K
[    1.285316] smpboot: CPU0: Intel(R) Core(TM) Ultra 5 125H (family: 0x6, model: 0xaa, stepping: 0x4)
[    1.286945] Performance Events: unsupported p6 CPU model 170 no PMU driver, software events only.
[    1.290386] rcu: Hierarchical SRCU implementation.
[    1.294679] NMI watchdog: Perf NMI watchdog permanently disabled
[    1.298326] smp: Bringing up secondary CPUs ...
[    1.302459] x86: Booting SMP configuration:
[    1.306199] .... node  #0, CPUs:      #1
[    0.710157] kvm-clock: cpu 1, msr 55001041, secondary cpu clock
[    1.316049] KVM setup async PF for cpu 1
[    1.318169] kvm-stealtime: cpu 1, msr 13baad040
[    1.334831]  #2
[    0.710157] kvm-clock: cpu 2, msr 55001081, secondary cpu clock
[    1.342772] KVM setup async PF for cpu 2
[    1.346169] kvm-stealtime: cpu 2, msr 13bb2d040
[    1.362845]  #3
[    0.710157] kvm-clock: cpu 3, msr 550010c1, secondary cpu clock
[    1.371169] KVM setup async PF for cpu 3
[    1.374169] kvm-stealtime: cpu 3, msr 13bbad040
[    1.394921] smp: Brought up 1 node, 4 CPUs
[    1.398191] smpboot: Max logical packages: 1
[    1.402408] smpboot: Total of 4 processors activated (23961.61 BogoMIPS)
[    1.412582] devtmpfs: initialized
[    1.414833] x86/mm: Memory block size: 128MB
[    1.419934] clocksource: jiffies: mask: 0xffffffff max_cycles: 0xffffffff, max_idle_ns: 7645041785100000 ns
[    1.428475] futex hash table entries: 1024 (order: 4, 65536 bytes, linear)
[    1.438976] pinctrl core: initialized pinctrl subsystem
[    1.443434] PM: RTC time: 17:59:58, date: 2026-08-18
[    1.448490] NET: Registered protocol family 16
[    1.450898] audit: initializing netlink subsys (disabled)
[    1.454408] audit: type=2000 audit(1787075998.382:1): state=initialized audit_enabled=0 res=1
[    1.455038] EISA bus registered
[    1.462627] cpuidle: using governor ladder
[    1.470696] cpuidle: using governor menu
[    1.475519] KVM setup pv remote TLB flush
[    1.482392] ACPI: bus type PCI registered
[    1.486244] acpiphp: ACPI Hot Plug PCI Controller Driver version: 0.5
[    1.500210] PCI: Using configuration type 1 for base access
[    1.519200] HugeTLB registered 1.00 GiB page size, pre-allocated 0 pages
[    1.530360] HugeTLB registered 2.00 MiB page size, pre-allocated 0 pages
[    1.591167] ACPI: Added _OSI(Module Device)
[    1.594417] ACPI: Added _OSI(Processor Device)
[    1.602275] ACPI: Added _OSI(3.0 _SCP Extensions)
[    1.610381] ACPI: Added _OSI(Processor Aggregator Device)
[    1.614387] ACPI: Added _OSI(Linux-Dell-Video)
[    1.618169] ACPI: Added _OSI(Linux-Lenovo-NV-HDMI-Audio)
[    1.630293] ACPI: Added _OSI(Linux-HPI-Hybrid-Graphics)
[    1.636381] ACPI: 1 ACPI AML tables successfully acquired and loaded
[    1.658999] ACPI: Interpreter enabled
[    1.666507] ACPI: (supports S0 S3 S4 S5)
[    1.670000] ACPI: Using IOAPIC for interrupt routing
[    1.682928] PCI: Using host bridge windows from ACPI; if necessary, use "pci=nocrs" and report a bug
[    1.690918] ACPI: Enabled 2 GPEs in block 00 to 0F
[    1.709262] ACPI: PCI Root Bridge [PCI0] (domain 0000 [bus 00-ff])
[    1.722716] acpi PNP0A03:00: _OSC: OS supports [ASPM ClockPM Segments MSI HPX-Type3]
[    1.734536] acpi PNP0A03:00: fail to add MMCONFIG information, can't access extended PCI configuration space under this bridge.
[    1.751866] acpiphp: Slot [3] registered
[    1.759019] acpiphp: Slot [4] registered
[    1.767112] acpiphp: Slot [5] registered
[    1.770303] acpiphp: Slot [6] registered
[    1.783167] acpiphp: Slot [7] registered
[    1.786301] acpiphp: Slot [8] registered
[    1.790899] acpiphp: Slot [9] registered
[    1.802851] acpiphp: Slot [10] registered
[    1.806894] acpiphp: Slot [11] registered
[    1.814881] acpiphp: Slot [12] registered
[    1.822292] acpiphp: Slot [13] registered
[    1.827442] acpiphp: Slot [14] registered
[    1.834636] acpiphp: Slot [15] registered
[    1.838278] acpiphp: Slot [16] registered
[    1.842573] acpiphp: Slot [17] registered
[    1.850893] acpiphp: Slot [18] registered
[    1.854598] acpiphp: Slot [19] registered
[    1.866461] acpiphp: Slot [20] registered
[    1.871252] acpiphp: Slot [21] registered
[    1.874311] acpiphp: Slot [22] registered
[    1.883017] acpiphp: Slot [23] registered
[    1.886287] acpiphp: Slot [24] registered
[    1.890850] acpiphp: Slot [25] registered
[    1.898296] acpiphp: Slot [26] registered
[    1.906300] acpiphp: Slot [27] registered
[    1.909724] acpiphp: Slot [28] registered
[    1.910940] acpiphp: Slot [29] registered
[    1.918296] acpiphp: Slot [30] registered
[    1.922772] acpiphp: Slot [31] registered
[    1.926251] PCI host bridge to bus 0000:00
[    1.930193] pci_bus 0000:00: root bus resource [io  0x0000-0x0cf7 window]
[    1.938194] pci_bus 0000:00: root bus resource [io  0x0d00-0xffff window]
[    1.946352] pci_bus 0000:00: root bus resource [mem 0x000a0000-0x000bffff window]
[    1.954359] pci_bus 0000:00: root bus resource [mem 0xc0000000-0xfebfffff window]
[    1.962529] pci_bus 0000:00: root bus resource [mem 0xe0000000000-0xe007fffffff window]
[    1.974336] pci_bus 0000:00: root bus resource [bus 00-ff]
[    1.982609] pci 0000:00:00.0: [8086:1237] type 00 class 0x060000
[    2.003712] pci 0000:00:01.0: [8086:7000] type 00 class 0x060100
[    2.020955] pci 0000:00:01.1: [8086:7010] type 00 class 0x010180
[    2.042346] pci 0000:00:01.1: reg 0x20: [io  0xc060-0xc06f]
[    2.061162] pci 0000:00:01.1: legacy IDE quirk: reg 0x10: [io  0x01f0-0x01f7]
[    2.070448] pci 0000:00:01.1: legacy IDE quirk: reg 0x14: [io  0x03f6]
[    2.074371] pci 0000:00:01.1: legacy IDE quirk: reg 0x18: [io  0x0170-0x0177]
[    2.086264] pci 0000:00:01.1: legacy IDE quirk: reg 0x1c: [io  0x0376]
[    2.093475] pci 0000:00:01.3: [8086:7113] type 00 class 0x068000
[    2.108845] pci 0000:00:01.3: quirk: [io  0x0600-0x063f] claimed by PIIX4 ACPI
[    2.114426] pci 0000:00:01.3: quirk: [io  0x0700-0x070f] claimed by PIIX4 SMB
[    2.122815] pci 0000:00:01.3: quirk_piix4_acpi+0x0/0x170 took 11718 usecs
[    2.136934] pci 0000:00:02.0: [1234:1111] type 00 class 0x030000
[    2.160488] pci 0000:00:02.0: reg 0x10: [mem 0xfd000000-0xfdffffff pref]
[    2.190600] pci 0000:00:02.0: reg 0x18: [mem 0xfebd0000-0xfebd0fff]
[    2.224601] pci 0000:00:02.0: reg 0x30: [mem 0xfebc0000-0xfebcffff pref]
[    2.240026] pci 0000:00:03.0: [1af4:1000] type 00 class 0x020000
[    2.253305] pci 0000:00:03.0: reg 0x10: [io  0xc040-0xc05f]
[    2.270268] pci 0000:00:03.0: reg 0x14: [mem 0xfebd1000-0xfebd1fff]
[    2.290250] pci 0000:00:03.0: reg 0x20: [mem 0xe0040000000-0xe0040003fff 64bit pref]
[    2.304514] pci 0000:00:03.0: reg 0x30: [mem 0xfeb80000-0xfebbffff pref]
[    2.321559] pci 0000:00:04.0: [1af4:1004] type 00 class 0x010000
[    2.339926] pci 0000:00:04.0: reg 0x10: [io  0xc000-0xc03f]
[    2.356385] pci 0000:00:04.0: reg 0x14: [mem 0xfebd2000-0xfebd2fff]
[    2.396497] pci 0000:00:04.0: reg 0x20: [mem 0xe0040004000-0xe0040007fff 64bit pref]
[    2.418264] pci 0000:00:05.0: [1d1d:1f1f] type 00 class 0x010802
[    2.429156] pci 0000:00:05.0: reg 0x10: [mem 0xe0000000000-0xe0000001fff 64bit]
[    2.442214] pci 0000:00:05.0: reg 0x20: [mem 0xfebd3000-0xfebd3fff]
[    2.461735] pci 0000:00:05.0: enabling Extended Tags
[    2.554523] ACPI: PCI Interrupt Link [LNKA] (IRQs 5 *10 11)
[    2.562746] ACPI: PCI Interrupt Link [LNKB] (IRQs 5 *10 11)
[    2.571094] ACPI: PCI Interrupt Link [LNKC] (IRQs 5 10 *11)
[    2.587649] ACPI: PCI Interrupt Link [LNKD] (IRQs 5 10 *11)
[    2.610843] ACPI: PCI Interrupt Link [LNKS] (IRQs *9)
[    2.655789] iommu: Default domain type: Translated 
[    2.671272] SCSI subsystem initialized
[    2.678455] pci 0000:00:02.0: vgaarb: setting as boot VGA device
[    2.682169] pci 0000:00:02.0: vgaarb: VGA device added: decodes=io+mem,owns=io+mem,locks=none
[    2.694266] pci 0000:00:02.0: vgaarb: bridge control possible
[    2.702203] vgaarb: loaded
[    2.705427] ACPI: bus type USB registered
[    2.706552] usbcore: registered new interface driver usbfs
[    2.714807] usbcore: registered new interface driver hub
[    2.722387] usbcore: registered new device driver usb
[    2.726543] pps_core: LinuxPPS API ver. 1 registered
[    2.730221] pps_core: Software ver. 5.3.6 - Copyright 2005-2007 Rodolfo Giometti <giometti@linux.it>
[    2.746407] PTP clock support registered
[    2.754434] EDAC MC: Ver: 3.0.0
[    2.758793] PCI: Using ACPI for IRQ routing
[    2.766194] NetLabel: Initializing
[    2.770211] NetLabel:  domain hash size = 128
[    2.782209] NetLabel:  protocols = UNLABELED CIPSOv4 CALIPSO
[    2.790544] NetLabel:  unlabeled traffic allowed by default
[    2.839905] hpet0: at MMIO 0xfed00000, IRQs 2, 8, 0
[    2.850225] hpet0: 3 comparators, 64-bit 100.000000 MHz counter
[    2.863403] clocksource: Switched to clocksource kvm-clock
[    2.946764] *** VALIDATE bpf ***
[    2.951063] VFS: Disk quotas dquot_6.6.0
[    2.960246] VFS: Dquot-cache hash table entries: 512 (order 0, 4096 bytes)
[    2.965354] *** VALIDATE ramfs ***
[    2.968388] *** VALIDATE hugetlbfs ***
[    2.973589] AppArmor: AppArmor Filesystem Enabled
[    2.982469] pnp: PnP ACPI init
[    2.987781] pnp: PnP ACPI: found 6 devices
[    3.016728] thermal_sys: Registered thermal governor 'fair_share'
[    3.016730] thermal_sys: Registered thermal governor 'bang_bang'
[    3.022622] thermal_sys: Registered thermal governor 'step_wise'
[    3.033658] thermal_sys: Registered thermal governor 'user_space'
[    3.039832] thermal_sys: Registered thermal governor 'power_allocator'
[    3.051117] clocksource: acpi_pm: mask: 0xffffff max_cycles: 0xffffff, max_idle_ns: 2085701024 ns
[    3.072489] pci_bus 0000:00: resource 4 [io  0x0000-0x0cf7 window]
[    3.077634] pci_bus 0000:00: resource 5 [io  0x0d00-0xffff window]
[    3.084213] pci_bus 0000:00: resource 6 [mem 0x000a0000-0x000bffff window]
[    3.097492] pci_bus 0000:00: resource 7 [mem 0xc0000000-0xfebfffff window]
[    3.107618] pci_bus 0000:00: resource 8 [mem 0xe0000000000-0xe007fffffff window]
[    3.126073] NET: Registered protocol family 2
[    3.140607] tcp_listen_portaddr_hash hash table entries: 2048 (order: 3, 32768 bytes, linear)
[    3.160319] TCP established hash table entries: 32768 (order: 6, 262144 bytes, linear)
[    3.193007] TCP bind hash table entries: 32768 (order: 7, 524288 bytes, linear)
[    3.198990] TCP: Hash tables configured (established 32768 bind 32768)
[    3.214115] UDP hash table entries: 2048 (order: 4, 65536 bytes, linear)
[    3.226270] UDP-Lite hash table entries: 2048 (order: 4, 65536 bytes, linear)
[    3.240025] NET: Registered protocol family 1
[    3.250650] NET: Registered protocol family 44
[    3.254519] pci 0000:00:01.0: PIIX3: Enabling Passive Release
[    3.267724] pci 0000:00:00.0: quirk_passive_release+0x0/0x80 took 12673 usecs
[    3.274887] pci 0000:00:00.0: Limiting direct PCI/PCI transfers
[    3.290276] pci 0000:00:00.0: quirk_natoma+0x0/0x20 took 15082 usecs
[    3.295532] pci 0000:00:01.0: Activating ISA DMA hang workarounds
[    3.310696] pci 0000:00:01.0: quirk_isa_dma_hangs+0x0/0x20 took 14802 usecs
[    3.316874] pci 0000:00:02.0: Video device with shadowed ROM at [mem 0x000c0000-0x000dffff]
[    3.329303] pci 0000:00:02.0: pci_fixup_video+0x0/0xe0 took 12226 usecs
[    3.336928] PCI: CLS 0 bytes, default 64
[    3.341859] Trying to unpack rootfs image as initramfs...
[    9.474330] Freeing initrd memory: 89336K
[    9.501744] PCI-DMA: Using software bounce buffering for IO (SWIOTLB)
[    9.508085] software IO TLB: mapped [mem 0xbbfdd000-0xbffdd000] (64MB)
[    9.563837] clocksource: tsc: mask: 0xffffffffffffffff max_cycles: 0x2b2c909a7c7, max_idle_ns: 440795208498 ns
[    9.602336] check: Scanning for low memory corruption every 60 seconds
[    9.679896] Initialise system trusted keyrings
[    9.695800] Key type blacklist registered
[    9.710241] workingset: timestamp_bits=36 max_order=20 bucket_order=0
[    9.729954] zbud: loaded
[    9.750595] squashfs: version 4.0 (2009/01/31) Phillip Lougher
[    9.760873] fuse: init (API version 7.31)
[    9.765102] *** VALIDATE fuse ***
[    9.767827] *** VALIDATE fuse ***
[    9.789525] Platform Keyring initialized
[    9.807432] Key type asymmetric registered
[    9.813512] Asymmetric key parser 'x509' registered
[    9.819610] Block layer SCSI generic (bsg) driver version 0.4 loaded (major 244)
[    9.839142] io scheduler mq-deadline registered
[    9.852855] shpchp: Standard Hot Plug PCI Controller Driver version: 0.4
[    9.880894] input: Power Button as /devices/LNXSYSTM:00/LNXPWRBN:00/input/input0
[    9.891419] ACPI: Power Button [PWRF]
[    9.932518] PCI Interrupt Link [LNKC] enabled at IRQ 11
[    9.959634] PCI Interrupt Link [LNKD] enabled at IRQ 10
[    9.987812] Serial: 8250/16550 driver, 32 ports, IRQ sharing enabled
[   10.035096] 00:04: ttyS0 at I/O 0x3f8 (irq = 4, base_baud = 115200) is a 16550A
[   10.067692] Linux agpgart interface v0.103
[   10.120348] loop: module loaded
[   10.145716] scsi host0: ata_piix
[   10.152065] scsi host1: ata_piix
[   10.158745] ata1: PATA max MWDMA2 cmd 0x1f0 ctl 0x3f6 bmdma 0xc060 irq 14
[   10.166215] ata2: PATA max MWDMA2 cmd 0x170 ctl 0x376 bmdma 0xc068 irq 15
[   10.184032] libphy: Fixed MDIO Bus: probed
[   10.187023] tun: Universal TUN/TAP device driver, 1.6
[   10.194568] PPP generic driver version 2.4.2
[   10.202911] VFIO - User Level meta-driver version: 0.3
[   10.211203] ehci_hcd: USB 2.0 'Enhanced' Host Controller (EHCI) Driver
[   10.216500] ehci-pci: EHCI PCI platform driver
[   10.225977] ehci-platform: EHCI generic platform driver
[   10.230899] ohci_hcd: USB 1.1 'Open' Host Controller (OHCI) Driver
[   10.237051] ohci-pci: OHCI PCI platform driver
[   10.247456] ohci-platform: OHCI generic platform driver
[   10.251621] uhci_hcd: USB Universal Host Controller Interface driver
[   10.260412] i8042: PNP: PS/2 Controller [PNP0303:KBD,PNP0f13:MOU] at 0x60,0x64 irq 1,12
[   10.276880] serio: i8042 KBD port at 0x60,0x64 irq 1
[   10.281805] serio: i8042 AUX port at 0x60,0x64 irq 12
[   10.295964] mousedev: PS/2 mouse device common for all mice
[   10.311338] input: AT Translated Set 2 keyboard as /devices/platform/i8042/serio0/input/input1
[   10.316797] rtc_cmos 00:05: RTC can wake from S4
[   10.329618] rtc_cmos 00:05: registered as rtc0
[   10.335894] rtc_cmos 00:05: alarms up to one day, y3k, 242 bytes nvram, hpet irqs
[   10.344513] i2c /dev entries driver
[   10.350313] device-mapper: uevent: version 1.0.3
[   10.361058] device-mapper: ioctl: 4.41.0-ioctl (2019-09-16) initialised: dm-devel@redhat.com
[   10.385973] platform eisa.0: Probing EISA bus 0
[   10.392490] platform eisa.0: EISA: Cannot allocate resource for mainboard
[   10.411392] platform eisa.0: Cannot allocate resource for EISA slot 1
[   10.416077] platform eisa.0: Cannot allocate resource for EISA slot 2
[   10.426599] platform eisa.0: Cannot allocate resource for EISA slot 3
[   10.436099] platform eisa.0: Cannot allocate resource for EISA slot 4
[   10.447536] platform eisa.0: Cannot allocate resource for EISA slot 5
[   10.452876] platform eisa.0: Cannot allocate resource for EISA slot 6
[   10.459174] platform eisa.0: Cannot allocate resource for EISA slot 7
[   10.465160] platform eisa.0: Cannot allocate resource for EISA slot 8
[   10.470857] platform eisa.0: EISA: Detected 0 cards
[   10.477492] intel_pstate: CPU model not supported
[   10.486103] ledtrig-cpu: registered to indicate activity on CPUs
[   10.503909] drop_monitor: Initializing network drop monitor service
[   10.523820] NET: Registered protocol family 10
[   10.622252] Segment Routing with IPv6
[   10.625621] NET: Registered protocol family 17
[   10.631322] Key type dns_resolver registered
[   10.644312] RAS: Correctable Errors collector initialized.
[   10.653222] IPI shorthand broadcast: enabled
[   10.660186] sched_clock: Marking stable (9952640547, 706157917)->(10903574377, -244775913)
[   10.676690] registered taskstats version 1
[   10.682580] Loading compiled-in X.509 certificates
[   10.696234] Loaded X.509 cert 'Build time autogenerated kernel key: 7f1af841edfbf04e4b72462ffb6202c30b2da0bb'
[   10.711107] zswap: loaded using pool lzo/zbud
[   10.732099] Key type ._fscrypt registered
[   10.735951] Key type .fscrypt registered
[   10.763360] Key type big_key registered
[   10.782395] Key type encrypted registered
[   10.787532] AppArmor: AppArmor sha1 policy hashing enabled
[   10.794088] ima: No TPM chip found, activating TPM-bypass!
[   10.802500] ima: Allocated hash algorithm: sha1
[   10.809004] ima: No architecture policies found
[   10.816120] evm: Initialising EVM extended attributes:
[   10.820402] evm: security.selinux
[   10.823514] evm: security.SMACK64
[   10.831699] evm: security.SMACK64EXEC
[   10.835135] evm: security.SMACK64TRANSMUTE
[   10.838542] evm: security.SMACK64MMAP
[   10.842021] evm: security.apparmor
[   10.847039] evm: security.ima
[   10.851075] evm: security.capability
[   10.854804] evm: HMAC attrs: 0x1
[   10.882419] PM:   Magic number: 6:611:997
[   10.891568] rtc_cmos 00:05: setting system clock to 2026-08-18T18:00:08 UTC (1787076008)
[   10.932968] Freeing unused decrypted memory: 2040K
[   10.982991] Freeing unused kernel image memory: 2724K
[   11.002435] Write protecting the kernel read-only data: 22528k
[   11.024410] Freeing unused kernel image memory: 2008K
[   11.112265] Freeing unused kernel image memory: 1184K
[   11.130819] x86/mm: Checked W+X mappings: passed, no W+X pages found.
[   11.135835] Run /init as init process
Loading, please wait...
Starting version 245.4-4ubuntu3.2
[   11.464484] piix4_smbus 0000:00:01.3: SMBus Host Controller at 0x700, revision 0
[   11.484498] input: VirtualPS/2 VMware VMMouse as /devices/platform/i8042/serio1/input/input4
[   11.498325] input: VirtualPS/2 VMware VMMouse as /devices/platform/i8042/serio1/input/input3
[   11.500526] scsi host2: Virtio SCSI HBA
[   11.524838] cryptd: max_cpu_qlen set to 1000
[   11.528649] scsi 2:0:0:0: Direct-Access     QEMU     QEMU HARDDISK    2.5+ PQ: 0 ANSI: 5
[   11.553071] Floppy drive(s): fd0 is 2.88M AMI BIOS
[   11.580907] nvme nvme0: pci function 0000:00:05.0
[   11.586533] AVX2 version of gcm_enc/dec engaged.
[   11.588308] PCI Interrupt Link [LNKA] enabled at IRQ 10
[   11.592284] AES CTR mode by8 optimization enabled
[   11.598972] virtio_net virtio0 ens3: renamed from eth0
[   11.628817] FDC 0 is a S82078B
[   11.641526] nvme nvme0: 4/0/0 default/read/poll queues
[   11.690703] bochs-drm 0000:00:02.0: remove_conflicting_pci_framebuffers: bar 0: 0xfd000000 -> 0xfdffffff
[   11.705164] bochs-drm 0000:00:02.0: remove_conflicting_pci_framebuffers: bar 2: 0xfebd0000 -> 0xfebd0fff
[   11.708665] sd 2:0:0:0: Attached scsi generic sg0 type 0
[   11.712010] sd 2:0:0:0: Power-on or device reset occurred
[   11.714072] bochs-drm 0000:00:02.0: vgaarb: deactivate vga console
[   11.723093] sd 2:0:0:0: [sda] 167772160 512-byte logical blocks: (85.9 GB/80.0 GiB)
[   11.723671] sd 2:0:0:0: [sda] Write Protect is off
[   11.724280] sd 2:0:0:0: [sda] Write cache: enabled, read cache: enabled, supports DPO and FUA
[   11.756585]  sda: sda1 sda2
[   11.828176] sd 2:0:0:0: [sda] Attached SCSI disk
[   11.839163] Console: switching to colour dummy device 80x25
[   11.854822] [drm] Found bochs VGA, ID 0xb0c5.
[   11.859961] [drm] Framebuffer size 16384 kB @ 0xfd000000, mmio @ 0xfebd0000.
[   11.866891] [TTM] Zone  kernel: Available graphics memory: 2015074 KiB
[   11.875894] [TTM] Initializing pool allocator
[   11.886041] [TTM] Initializing DMA pool allocator
[   11.910285] [drm] Found EDID data blob.
[   11.917691] [drm] Initialized bochs-drm 1.0.0 20130925 for 0000:00:02.0 on minor 0
[   11.946295] fbcon: bochs-drmdrmfb (fb0) is primary device
[   11.967660] Console: switching to colour frame buffer device 160x50
[   11.980994] bochs-drm 0000:00:02.0: fb0: bochs-drmdrmfb frame buffer device
Begin: Loading essential drivers ... [   12.166286] raid6: avx2x4   gen() 23370 MB/s
[   12.218357] raid6: avx2x4   xor() 10731 MB/s
[   12.270477] raid6: avx2x2   gen() 23706 MB/s
[   12.322380] raid6: avx2x2   xor() 14023 MB/s
[   12.370305] raid6: avx2x1   gen() 17339 MB/s
[   12.422387] raid6: avx2x1   xor() 10889 MB/s
[   12.474485] raid6: sse2x4   gen() 12151 MB/s
[   12.526363] raid6: sse2x4   xor()  6001 MB/s
[   12.574391] raid6: sse2x2   gen() 11485 MB/s
[   12.626337] raid6: sse2x2   xor()  6989 MB/s
[   12.674464] raid6: sse2x1   gen()  8802 MB/s
[   12.726402] raid6: sse2x1   xor()  6178 MB/s
[   12.728944] raid6: using algorithm avx2x2 gen() 23706 MB/s
[   12.734803] raid6: .... xor() 14023 MB/s, rmw enabled
[   12.738282] raid6: using avx2x2 recovery algorithm
[   12.747361] xor: automatically using best checksumming function   avx       
[   12.760329] async_tx: api initialized (async)
done.
Begin: Running /scripts/init-premount ... done.
Begin: Mounting root file system ... Begin: Running /scripts/local-top ... done.
Begin: Running /scripts/local-premount ... [   12.964510] Btrfs loaded, crc32c=crc32c-intel
Scanning for Btrfs filesystems
[   13.059393] blk_update_request: I/O error, dev fd0, sector 0 op 0x0:(READ) flags 0x0 phys_seg 1 prio class 0
[   13.071930] floppy: error 10 while reading block 0
done.
Warning: fsck not present, so skipping root file system
[   13.512990] EXT4-fs (sda2): mounted filesystem with ordered data mode. Opts: (null)
done.
Begin: Running /scripts/local-bottom ... done.
Begin: Running /scripts/init-bottom ... Internet Systems Consortium DHCP Client 4.4.1
Copyright 2004-2018 Internet Systems Consortium.
All rights reserved.
For info, please visit https://www.isc.org/software/dhcp/

Listening on LPF/ens3/52:54:00:12:34:56
Sending on   LPF/ens3/52:54:00:12:34:56
Sending on   Socket/fallback
DHCPDISCOVER on ens3 to 255.255.255.255 port 67 interval 3 (xid=0x7146a023)
DHCPOFFER of 10.0.2.15 from 10.0.2.2
DHCPREQUEST for 10.0.2.15 on ens3 to 255.255.255.255 port 67 (xid=0x23a04671)
DHCPACK of 10.0.2.15 from 10.0.2.2 (xid=0x7146a023)
bound to 10.0.2.15 -- renewal in 34237 seconds.
done.
[   14.239407] systemd[1]: Inserted module 'autofs4'
[   14.295511] systemd[1]: systemd 245.4-4ubuntu3.2 running in system mode. (+PAM +AUDIT +SELINUX +IMA +APPARMOR +SMACK +SYSVINIT +UTMP +LIBCRYPTSETUP +GCRYPT +GNUTLS +ACL +XZ +LZ4 +SECCOMP +BLKID +ELFUTILS +KMOD +IDN2 -IDN +PCRE2 default-hierarchy=hybrid)
[   14.321537] systemd[1]: Detected virtualization kvm.
[   14.329681] systemd[1]: Detected architecture x86-64.

Welcome to [1mUbuntu 20.04.1 LTS[0m!

[   14.395455] systemd[1]: Set hostname to <fvm>.
[   14.598424] systemd[1]: /lib/systemd/system/dbus.socket:5: ListenStream= references a path below legacy directory /var/run/, updating /var/run/dbus/system_bus_socket → /run/dbus/system_bus_socket; please update the unit file accordingly.
[   14.745998] systemd[1]: Created slice system-modprobe.slice.
[[0;32m  OK  [0m] Created slice [0;1;39msystem-modprobe.slice[0m.
[   14.782093] systemd[1]: Created slice system-serial\x2dgetty.slice.
[[0;32m  OK  [0m] Created slice [0;1;39msystem-serial\x2dgetty.slice[0m.
[   14.807766] systemd[1]: Created slice User and Session Slice.
[[0;32m  OK  [0m] Created slice [0;1;39mUser and Session Slice[0m.
[   14.823191] systemd[1]: Started Forward Password Requests to Wall Directory Watch.
[[0;32m  OK  [0m] Started [0;1;39mForward Password R…uests to Wall Directory Watch[0m.
[   14.845054] systemd[1]: Set up automount Arbitrary Executable File Formats File System Automount Point.
[[0;32m  OK  [0m] Set up automount [0;1;39mArbitrary…s File System Automount Point[0m.
[   14.866544] systemd[1]: Reached target User and Group Name Lookups.
[[0;32m  OK  [0m] Reached target [0;1;39mUser and Group Name Lookups[0m.
[   14.880713] systemd[1]: Reached target Slices.
[[0;32m  OK  [0m] Reached target [0;1;39mSlices[0m.
[   14.906760] systemd[1]: Listening on Device-mapper event daemon FIFOs.
[[0;32m  OK  [0m] Listening on [0;1;39mDevice-mapper event daemon FIFOs[0m.
[   14.926821] systemd[1]: Listening on LVM2 poll daemon socket.
[[0;32m  OK  [0m] Listening on [0;1;39mLVM2 poll daemon socket[0m.
[   14.939351] systemd[1]: Listening on multipathd control socket.
[[0;32m  OK  [0m] Listening on [0;1;39mmultipathd control socket[0m.
[   14.964658] systemd[1]: Listening on Syslog Socket.
[[0;32m  OK  [0m] Listening on [0;1;39mSyslog Socket[0m.
[   14.991896] systemd[1]: Listening on initctl Compatibility Named Pipe.
[[0;32m  OK  [0m] Listening on [0;1;39minitctl Compatibility Named Pipe[0m.
[   15.015296] systemd[1]: Listening on Journal Audit Socket.
[[0;32m  OK  [0m] Listening on [0;1;39mJournal Audit Socket[0m.
[   15.043131] systemd[1]: Listening on Journal Socket (/dev/log).
[[0;32m  OK  [0m] Listening on [0;1;39mJournal Socket (/dev/log)[0m.
[   15.059730] systemd[1]: Listening on Journal Socket.
[[0;32m  OK  [0m] Listening on [0;1;39mJournal Socket[0m.
[   15.082051] systemd[1]: Listening on Network Service Netlink Socket.
[[0;32m  OK  [0m] Listening on [0;1;39mNetwork Service Netlink Socket[0m.
[   15.149459] systemd[1]: Listening on udev Control Socket.
[[0;32m  OK  [0m] Listening on [0;1;39mudev Control Socket[0m.
[   15.171564] systemd[1]: Listening on udev Kernel Socket.
[[0;32m  OK  [0m] Listening on [0;1;39mudev Kernel Socket[0m.
[   15.207772] systemd[1]: Mounting Huge Pages File System...
         Mounting [0;1;39mHuge Pages File System[0m...
[   15.256334] systemd[1]: Mounting POSIX Message Queue File System...
         Mounting [0;1;39mPOSIX Message Queue File System[0m...
[   15.304643] systemd[1]: Mounting Kernel Debug File System...
         Mounting [0;1;39mKernel Debug File System[0m...
[   15.332206] systemd[1]: Mounting Kernel Trace File System...
         Mounting [0;1;39mKernel Trace File System[0m...
[   15.373302] systemd[1]: Starting Journal Service...
         Starting [0;1;39mJournal Service[0m...
[   15.394629] systemd[1]: Starting Set the console keyboard layout...
         Starting [0;1;39mSet the console keyboard layout[0m...
[   15.424116] systemd[1]: Starting Create list of static device nodes for the current kernel...
         Starting [0;1;39mCreate list of st…odes for the current kernel[0m...
[   15.454294] systemd[1]: Starting Monitoring of LVM2 mirrors, snapshots etc. using dmeventd or progress polling...
         Starting [0;1;39mMonitoring of LVM…meventd or progress polling[0m...
[   15.473331] systemd[1]: Condition check resulted in Load Kernel Module drm being skipped.
[   15.488599] systemd[1]: Condition check resulted in Set Up Additional Binary Formats being skipped.
[   15.509599] systemd[1]: Starting Load Kernel Modules...
         Starting [0;1;39mLoad Kernel Modules[0m...
[   15.527865] systemd[1]: Starting Remount Root and Kernel File Systems...
         Starting [0;1;39mRemount Root and Kernel File Systems[0m...
[   15.547314] EXT4-fs (sda2): re-mounted. Opts: (null)
[   15.554801] systemd[1]: Starting udev Coldplug all Devices...
         Starting [0;1;39mudev Coldplug all Devices[0m...
[   15.571044] systemd[1]: Starting Uncomplicated firewall...
         Starting [0;1;39mUncomplicated firewall[0m...
[   15.588805] systemd[1]: Started Journal Service.
[[0;32m  OK  [0m] Started [0;1;39mJournal Service[0m.
[[0;32m  OK  [0m] Mounted [0;1;39mHuge Pages File System[0m.
[[0;32m  OK  [0m] Mounted [0;1;39mPOSIX Message Queue File System[0m.
[[0;32m  OK  [0m] Mounted [0;1;39mKernel Debug File System[0m.
[[0;32m  OK  [0m] Mounted [0;1;39mKernel Trace File System[0m.
[[0;32m  OK  [0m] Finished [0;1;39mSet the console keyboard layout[0m.
[[0;32m  OK  [0m] Finished [0;1;39mCreate list of st… nodes for the current kernel[0m.
[[0;32m  OK  [0m] Finished [0;1;39mMonitoring of LVM… dmeventd or progress polling[0m.
[[0;32m  OK  [0m] Finished [0;1;39mLoad Kernel Modules[0m.
[[0;32m  OK  [0m] Finished [0;1;39mRemount Root and Kernel File Systems[0m.
[[0;32m  OK  [0m] Finished [0;1;39mUncomplicated firewall[0m.
         Activating swap [0;1;39m/swap.img[0m...
         Mounting [0;1;39mFUSE Control File System[0m...
         Mounting [0;1;39mKernel Configuration File System[0m...
         Starting [0;1;39mFlush Journal to Persistent Storage[0m...
         Starting [0;1;39mLoad/Save Random Seed[0m...
         Starting [0;1;39mApply Kernel Variables[0m...[   15.727909] systemd-journald[373]: Received client request to flush runtime journal.

         Starting [0;1;39mCreate System Users[0m...
[[0;32m  OK  [0m] Finished [0;1;39mudev Coldplug all Devices[0m.
[[0;32m  OK  [0m] Mounted [0;1;39mFUSE Control File System[0m.
[[0;32m  OK  [0m] Mounted [0;1;39mKernel Configuration File System[0m.
[[0;32m  OK  [0m] Finished [0;1;39mLoad/Save Random Seed[0m.
[[0;32m  OK  [0m] Finished [0;1;39mApply Kernel Variables[0m.
[[0;32m  OK  [0m] Activated swap [0;1;39m/swap.img[0m.
[[0;32m  OK  [0m] Reached target [0;1;39mSwap[0m.
         Starting [0;1;39mudev Wait for Complete Device Initialization[0m...
[[0;32m  OK  [0m] Finished [0;1;39mCreate System Users[0m.
         Starting [0;1;39mCreate Static Device Nodes in /dev[0m...
[[0;32m  OK  [0m] Finished [0;1;39mFlush Journal to Persistent Storage[0m.
[[0;32m  OK  [0m] Finished [0;1;39mCreate Static Device Nodes in /dev[0m.
         Starting [0;1;39mudev Kernel Device Manager[0m...
[[0;32m  OK  [0m] Started [0;1;39mudev Kernel Device Manager[0m.
[[0;32m  OK  [0m] Started [0;1;39mDispatch Password …ts to Console Directory Watch[0m.
[[0;32m  OK  [0m] Reached target [0;1;39mLocal Encrypted Volumes[0m.
         Starting [0;1;39mNetwork Service[0m...
[[0;32m  OK  [0m] Started [0;1;39mNetwork Service[0m.
         Starting [0;1;39mWait for Network to be Configured[0m...
[[0;32m  OK  [0m] Finished [0;1;39mWait for Network to be Configured[0m.
[[0;32m  OK  [0m] Found device [0;1;39m/dev/ttyS0[0m.
[[0;32m  OK  [0m] Listening on [0;1;39mLoad/Save RF …itch Status /dev/rfkill Watch[0m.
[[0;32m  OK  [0m] Finished [0;1;39mudev Wait for Complete Device Initialization[0m.
         Starting [0;1;39mDevice-Mapper Multipath Device Controller[0m...
[[0;32m  OK  [0m] Started [0;1;39mDevice-Mapper Multipath Device Controller[0m.
[[0;32m  OK  [0m] Reached target [0;1;39mLocal File Systems (Pre)[0m.
         Mounting [0;1;39mMount unit for core18, revision 1880[0m...
         Mounting [0;1;39mMount unit for lxd, revision 16099[0m...
         Mounting [0;1;39mMount unit for snapd, revision 8542[0m...
[[0;32m  OK  [0m] Mounted [0;1;39mMount unit for core18, revision 1880[0m.
[[0;32m  OK  [0m] Mounted [0;1;39mMount unit for lxd, revision 16099[0m.
[[0;32m  OK  [0m] Mounted [0;1;39mMount unit for snapd, revision 8542[0m.
[[0;32m  OK  [0m] Reached target [0;1;39mLocal File Systems[0m.
         Starting [0;1;39mLoad AppArmor profiles[0m...
         Starting [0;1;39mSet console font and keymap[0m...
         Starting [0;1;39mCreate final runt…dir for shutdown pivot root[0m...
         Starting [0;1;39mTell Plymouth To Write Out Runtime Data[0m...
         Starting [0;1;39mCreate Volatile Files and Directories[0m...
[[0;32m  OK  [0m] Finished [0;1;39mSet console font and keymap[0m.
[[0;32m  OK  [0m] Finished [0;1;39mCreate final runt…e dir for shutdown pivot root[0m.
[[0;32m  OK  [0m] Finished [0;1;39mTell Plymouth To Write Out Runtime Data[0m.
[[0;32m  OK  [0m] Finished [0;1;39mCreate Volatile Files and Directories[0m.
         Starting [0;1;39mNetwork Name Resolution[0m...
         Starting [0;1;39mNetwork Time Synchronization[0m...
         Starting [0;1;39mUpdate UTMP about System Boot/Shutdown[0m...
[[0;32m  OK  [0m] Finished [0;1;39mUpdate UTMP about System Boot/Shutdown[0m.
[[0;32m  OK  [0m] Finished [0;1;39mLoad AppArmor profiles[0m.
         Starting [0;1;39mLoad AppArmor pro…managed internally by snapd[0m...
[[0;32m  OK  [0m] Finished [0;1;39mLoad AppArmor pro…s managed internally by snapd[0m.
[[0;32m  OK  [0m] Started [0;1;39mNetwork Time Synchronization[0m.
[[0;32m  OK  [0m] Reached target [0;1;39mSystem Initialization[0m.
[[0;32m  OK  [0m] Started [0;1;39mDaily Cleanup of Temporary Directories[0m.
[[0;32m  OK  [0m] Reached target [0;1;39mPaths[0m.
[[0;32m  OK  [0m] Reached target [0;1;39mSystem Time Set[0m.
[[0;32m  OK  [0m] Reached target [0;1;39mSystem Time Synchronized[0m.
[[0;32m  OK  [0m] Started [0;1;39mDaily apt download activities[0m.
[[0;32m  OK  [0m] Started [0;1;39mDaily apt upgrade and clean activities[0m.
[[0;32m  OK  [0m] Started [0;1;39mPeriodic ext4 Onli…ata Check for All Filesystems[0m.
[[0;32m  OK  [0m] Started [0;1;39mDiscard unused blocks once a week[0m.
[[0;32m  OK  [0m] Started [0;1;39mRefresh fwupd metadata regularly[0m.
[[0;32m  OK  [0m] Started [0;1;39mDaily rotation of log files[0m.
[[0;32m  OK  [0m] Started [0;1;39mDaily man-db regeneration[0m.
[[0;32m  OK  [0m] Started [0;1;39mMessage of the Day[0m.
[[0;32m  OK  [0m] Reached target [0;1;39mTimers[0m.
[[0;32m  OK  [0m] Listening on [0;1;39mD-Bus System Message Bus Socket[0m.
[[0;32m  OK  [0m] Listening on [0;1;39mOpen-iSCSI iscsid Socket[0m.
[[0;32m  OK  [0m] Listening on [0;1;39mSocket unix for snap application lxd.daemon[0m.
         Starting [0;1;39mSocket activation for snappy daemon[0m.
[[0;32m  OK  [0m] Listening on [0;1;39mUUID daemon activation socket[0m.
[[0;32m  OK  [0m] Started [0;1;39mNetwork Name Resolution[0m.
[[0;32m  OK  [0m] Listening on [0;1;39mSocket activation for snappy daemon[0m.
[[0;32m  OK  [0m] Reached target [0;1;39mNetwork[0m.
[[0;32m  OK  [0m] Reached target [0;1;39mNetwork is Online[0m.
[[0;32m  OK  [0m] Reached target [0;1;39mHost and Network Name Lookups[0m.
[[0;32m  OK  [0m] Reached target [0;1;39mSockets[0m.
[[0;32m  OK  [0m] Reached target [0;1;39mBasic System[0m.
         Starting [0;1;39mAccounts Service[0m...
[[0;32m  OK  [0m] Started [0;1;39mD-Bus System Message Bus[0m.
[[0;32m  OK  [0m] Started [0;1;39mSave initial kernel messages after boot[0m.
         Starting [0;1;39mRemove Stale Onli…t4 Metadata Check Snapshots[0m...
         Starting [0;1;39mLSB: Record successful boot for GRUB[0m...
         Starting [0;1;39mGRUB failed boot detection[0m...
[[0;32m  OK  [0m] Started [0;1;39mirqbalance daemon[0m.
         Starting [0;1;39mDispatcher daemon for systemd-networkd[0m...
[[0;32m  OK  [0m] Reached target [0;1;39mRemote File Systems (Pre)[0m.
[[0;32m  OK  [0m] Reached target [0;1;39mRemote File Systems[0m.
         Starting [0;1;39mLSB: automatic crash report generation[0m...
         Starting [0;1;39mDeferred execution scheduler[0m...
         Starting [0;1;39mAvailability of block devices[0m...
[[0;32m  OK  [0m] Started [0;1;39mRegular background program processing daemon[0m.
         Starting [0;1;39mSystem Logging Service[0m...
         Starting [0;1;39mService for snap application lxd.activate[0m...
         Starting [0;1;39mSnap Daemon[0m...
         Starting [0;1;39mOpenBSD Secure Shell server[0m...
         Starting [0;1;39mLogin Service[0m...
         Starting [0;1;39mPermit User Sessions[0m...
         Starting [0;1;39mThermal Daemon Service[0m...
[[0;32m  OK  [0m] Finished [0;1;39mRemove Stale Onli…ext4 Metadata Check Snapshots[0m.
[[0;32m  OK  [0m] Started [0;1;39mDeferred execution scheduler[0m.
[[0;32m  OK  [0m] Finished [0;1;39mAvailability of block devices[0m.
[[0;32m  OK  [0m] Finished [0;1;39mPermit User Sessions[0m.
[[0;32m  OK  [0m] Finished [0;1;39mGRUB failed boot detection[0m.
[[0;32m  OK  [0m] Started [0;1;39mOpenBSD Secure Shell server[0m.
[[0;32m  OK  [0m] Started [0;1;39mSystem Logging Service[0m.
         Starting [0;1;39mHold until boot process finishes up[0m...
         Starting [0;1;39mTerminate Plymouth Boot Screen[0m...
[[0;32m  OK  [0m] Finished [0;1;39mHold until boot process finishes up[0m.
[[0;32m  OK  [0m] Finished [0;1;39mTerminate Plymouth Boot Screen[0m.
[[0;32m  OK  [0m] Started [0;1;39mSerial Getty on ttyS0[0m.
         Starting [0;1;39mSet console scheme[0m...
[[0;32m  OK  [0m] Started [0;1;39mLSB: Record successful boot for GRUB[0m.
[[0;32m  OK  [0m] Started [0;1;39mLSB: automatic crash report generation[0m.
[[0;32m  OK  [0m] Finished [0;1;39mSet console scheme[0m.

Ubuntu 20.04.1 LTS fvm ttyS0

fvm login: [EXP] [WRITE] lpn=0 -> ch=0 lun=0 pl=0 blk=97 pg=0 (secret)
[EXP] [INVALIDATE:overwrite] lpn=0 old ch=0 lun=0 pl=0 blk=97 pg=0
[EXP] [WRITE] lpn=0 -> ch=0 lun=0 pl=0 blk=64 pg=0 (secret)
[FEMU] FTL-Log: BBSSD-STATS version=V1 hot_rewrite_window=64 host_page_writes=1572866 nand_page_writes=1572866 gc_page_writes=0 block_erases=0 waf=1.000000 gc_count=0 average_gc_copy=N/A host_hot_writes=1 host_cold_writes=1572865 hot_write_ratio=0.000001 gc_hot_writes=0 gc_cold_writes=0 cold_to_hot_count=1 hot_to_cold_count=0 hot_pool_empty_count=0 cold_pool_empty_count=33 borrow_count=33 emergency_gc_count=0 counter_invariant=PASS
[FEMU] Log: vSSD0,Reset tt_late_ios/tt_ios,6810/7021
[EXP] [ERASE] ch=0 lun=0 pl=0 blk=97 pg=255 erase_cnt=1 (vpc/ipc reset)
[EXP] [ERASE] ch=0 lun=1 pl=0 blk=97 pg=255 erase_cnt=1 (vpc/ipc reset)
[EXP] [ERASE] ch=0 lun=2 pl=0 blk=97 pg=255 erase_cnt=1 (vpc/ipc reset)
[EXP] [ERASE] ch=0 lun=3 pl=0 blk=97 pg=255 erase_cnt=1 (vpc/ipc reset)
[EXP] [ERASE] ch=0 lun=4 pl=0 blk=97 pg=255 erase_cnt=1 (vpc/ipc reset)
[EXP] [ERASE] ch=0 lun=5 pl=0 blk=97 pg=255 erase_cnt=1 (vpc/ipc reset)
[EXP] [ERASE] ch=0 lun=6 pl=0 blk=97 pg=255 erase_cnt=1 (vpc/ipc reset)
[EXP] [ERASE] ch=0 lun=7 pl=0 blk=97 pg=255 erase_cnt=1 (vpc/ipc reset)
[EXP] [ERASE] ch=1 lun=0 pl=0 blk=97 pg=255 erase_cnt=1 (vpc/ipc reset)
[EXP] [ERASE] ch=1 lun=1 pl=0 blk=97 pg=255 erase_cnt=1 (vpc/ipc reset)
[EXP] [ERASE] ch=1 lun=2 pl=0 blk=97 pg=255 erase_cnt=1 (vpc/ipc reset)
[EXP] [ERASE] ch=1 lun=3 pl=0 blk=97 pg=255 erase_cnt=1 (vpc/ipc reset)
[EXP] [ERASE] ch=1 lun=4 pl=0 blk=97 pg=255 erase_cnt=1 (vpc/ipc reset)
[EXP] [ERASE] ch=1 lun=5 pl=0 blk=97 pg=255 erase_cnt=1 (vpc/ipc reset)
[EXP] [ERASE] ch=1 lun=6 pl=0 blk=97 pg=255 erase_cnt=1 (vpc/ipc reset)
[EXP] [ERASE] ch=1 lun=7 pl=0 blk=97 pg=255 erase_cnt=1 (vpc/ipc reset)
[EXP] [ERASE] ch=2 lun=0 pl=0 blk=97 pg=255 erase_cnt=1 (vpc/ipc reset)
[EXP] [ERASE] ch=2 lun=1 pl=0 blk=97 pg=255 erase_cnt=1 (vpc/ipc reset)
[EXP] [ERASE] ch=2 lun=2 pl=0 blk=97 pg=255 erase_cnt=1 (vpc/ipc reset)
[EXP] [ERASE] ch=2 lun=3 pl=0 blk=97 pg=255 erase_cnt=1 (vpc/ipc reset)
[EXP] [ERASE] ch=2 lun=4 pl=0 blk=97 pg=255 erase_cnt=1 (vpc/ipc reset)
[EXP] [ERASE] ch=2 lun=5 pl=0 blk=97 pg=255 erase_cnt=1 (vpc/ipc reset)
[EXP] [ERASE] ch=2 lun=6 pl=0 blk=97 pg=255 erase_cnt=1 (vpc/ipc reset)
[EXP] [ERASE] ch=2 lun=7 pl=0 blk=97 pg=255 erase_cnt=1 (vpc/ipc reset)
[EXP] [ERASE] ch=3 lun=0 pl=0 blk=97 pg=255 erase_cnt=1 (vpc/ipc reset)
[EXP] [ERASE] ch=3 lun=1 pl=0 blk=97 pg=255 erase_cnt=1 (vpc/ipc reset)
[EXP] [ERASE] ch=3 lun=2 pl=0 blk=97 pg=255 erase_cnt=1 (vpc/ipc reset)
[EXP] [ERASE] ch=3 lun=3 pl=0 blk=97 pg=255 erase_cnt=1 (vpc/ipc reset)
[EXP] [ERASE] ch=3 lun=4 pl=0 blk=97 pg=255 erase_cnt=1 (vpc/ipc reset)
[EXP] [ERASE] ch=3 lun=5 pl=0 blk=97 pg=255 erase_cnt=1 (vpc/ipc reset)
[EXP] [ERASE] ch=3 lun=6 pl=0 blk=97 pg=255 erase_cnt=1 (vpc/ipc reset)
[EXP] [ERASE] ch=3 lun=7 pl=0 blk=97 pg=255 erase_cnt=1 (vpc/ipc reset)
[EXP] [ERASE] ch=4 lun=0 pl=0 blk=97 pg=255 erase_cnt=1 (vpc/ipc reset)
[EXP] [ERASE] ch=4 lun=1 pl=0 blk=97 pg=255 erase_cnt=1 (vpc/ipc reset)
[EXP] [ERASE] ch=4 lun=2 pl=0 blk=97 pg=255 erase_cnt=1 (vpc/ipc reset)
[EXP] [ERASE] ch=4 lun=3 pl=0 blk=97 pg=255 erase_cnt=1 (vpc/ipc reset)
[EXP] [ERASE] ch=4 lun=4 pl=0 blk=97 pg=255 erase_cnt=1 (vpc/ipc reset)
[EXP] [ERASE] ch=4 lun=5 pl=0 blk=97 pg=255 erase_cnt=1 (vpc/ipc reset)
[EXP] [ERASE] ch=4 lun=6 pl=0 blk=97 pg=255 erase_cnt=1 (vpc/ipc reset)
[EXP] [ERASE] ch=4 lun=7 pl=0 blk=97 pg=255 erase_cnt=1 (vpc/ipc reset)
[EXP] [ERASE] ch=5 lun=0 pl=0 blk=97 pg=255 erase_cnt=1 (vpc/ipc reset)
[EXP] [ERASE] ch=5 lun=1 pl=0 blk=97 pg=255 erase_cnt=1 (vpc/ipc reset)
[EXP] [ERASE] ch=5 lun=2 pl=0 blk=97 pg=255 erase_cnt=1 (vpc/ipc reset)
[EXP] [ERASE] ch=5 lun=3 pl=0 blk=97 pg=255 erase_cnt=1 (vpc/ipc reset)
[EXP] [ERASE] ch=5 lun=4 pl=0 blk=97 pg=255 erase_cnt=1 (vpc/ipc reset)
[EXP] [ERASE] ch=5 lun=5 pl=0 blk=97 pg=255 erase_cnt=1 (vpc/ipc reset)
[EXP] [ERASE] ch=5 lun=6 pl=0 blk=97 pg=255 erase_cnt=1 (vpc/ipc reset)
[EXP] [ERASE] ch=5 lun=7 pl=0 blk=97 pg=255 erase_cnt=1 (vpc/ipc reset)
[EXP] [ERASE] ch=6 lun=0 pl=0 blk=97 pg=255 erase_cnt=1 (vpc/ipc reset)
[EXP] [ERASE] ch=6 lun=1 pl=0 blk=97 pg=255 erase_cnt=1 (vpc/ipc reset)
[EXP] [ERASE] ch=6 lun=2 pl=0 blk=97 pg=255 erase_cnt=1 (vpc/ipc reset)
[EXP] [ERASE] ch=6 lun=3 pl=0 blk=97 pg=255 erase_cnt=1 (vpc/ipc reset)
[EXP] [ERASE] ch=6 lun=4 pl=0 blk=97 pg=255 erase_cnt=1 (vpc/ipc reset)
[EXP] [ERASE] ch=6 lun=5 pl=0 blk=97 pg=255 erase_cnt=1 (vpc/ipc reset)
[EXP] [ERASE] ch=6 lun=6 pl=0 blk=97 pg=255 erase_cnt=1 (vpc/ipc reset)
[EXP] [ERASE] ch=6 lun=7 pl=0 blk=97 pg=255 erase_cnt=1 (vpc/ipc reset)
[EXP] [ERASE] ch=7 lun=0 pl=0 blk=97 pg=255 erase_cnt=1 (vpc/ipc reset)
[EXP] [ERASE] ch=7 lun=1 pl=0 blk=97 pg=255 erase_cnt=1 (vpc/ipc reset)
[EXP] [ERASE] ch=7 lun=2 pl=0 blk=97 pg=255 erase_cnt=1 (vpc/ipc reset)
[EXP] [ERASE] ch=7 lun=3 pl=0 blk=97 pg=255 erase_cnt=1 (vpc/ipc reset)
[EXP] [ERASE] ch=7 lun=4 pl=0 blk=97 pg=255 erase_cnt=1 (vpc/ipc reset)
[EXP] [ERASE] ch=7 lun=5 pl=0 blk=97 pg=255 erase_cnt=1 (vpc/ipc reset)
[EXP] [ERASE] ch=7 lun=6 pl=0 blk=97 pg=255 erase_cnt=1 (vpc/ipc reset)
[EXP] [ERASE] ch=7 lun=7 pl=0 blk=97 pg=255 erase_cnt=1 (vpc/ipc reset)
[EXP] [ERASE] ch=0 lun=0 pl=0 blk=97 pg=255 erase_cnt=2 (vpc/ipc reset)
[EXP] [ERASE] ch=0 lun=1 pl=0 blk=97 pg=255 erase_cnt=2 (vpc/ipc reset)
[EXP] [ERASE] ch=0 lun=2 pl=0 blk=97 pg=255 erase_cnt=2 (vpc/ipc reset)
[EXP] [ERASE] ch=0 lun=3 pl=0 blk=97 pg=255 erase_cnt=2 (vpc/ipc reset)
[EXP] [ERASE] ch=0 lun=4 pl=0 blk=97 pg=255 erase_cnt=2 (vpc/ipc reset)
[EXP] [ERASE] ch=0 lun=5 pl=0 blk=97 pg=255 erase_cnt=2 (vpc/ipc reset)
[EXP] [ERASE] ch=0 lun=6 pl=0 blk=97 pg=255 erase_cnt=2 (vpc/ipc reset)
[EXP] [ERASE] ch=0 lun=7 pl=0 blk=97 pg=255 erase_cnt=2 (vpc/ipc reset)
[EXP] [ERASE] ch=1 lun=0 pl=0 blk=97 pg=255 erase_cnt=2 (vpc/ipc reset)
[EXP] [ERASE] ch=1 lun=1 pl=0 blk=97 pg=255 erase_cnt=2 (vpc/ipc reset)
[EXP] [ERASE] ch=1 lun=2 pl=0 blk=97 pg=255 erase_cnt=2 (vpc/ipc reset)
[EXP] [ERASE] ch=1 lun=3 pl=0 blk=97 pg=255 erase_cnt=2 (vpc/ipc reset)
[EXP] [ERASE] ch=1 lun=4 pl=0 blk=97 pg=255 erase_cnt=2 (vpc/ipc reset)
[EXP] [ERASE] ch=1 lun=5 pl=0 blk=97 pg=255 erase_cnt=2 (vpc/ipc reset)
[EXP] [ERASE] ch=1 lun=6 pl=0 blk=97 pg=255 erase_cnt=2 (vpc/ipc reset)
[EXP] [ERASE] ch=1 lun=7 pl=0 blk=97 pg=255 erase_cnt=2 (vpc/ipc reset)
[EXP] [ERASE] ch=2 lun=0 pl=0 blk=97 pg=255 erase_cnt=2 (vpc/ipc reset)
[EXP] [ERASE] ch=2 lun=1 pl=0 blk=97 pg=255 erase_cnt=2 (vpc/ipc reset)
[EXP] [ERASE] ch=2 lun=2 pl=0 blk=97 pg=255 erase_cnt=2 (vpc/ipc reset)
[EXP] [ERASE] ch=2 lun=3 pl=0 blk=97 pg=255 erase_cnt=2 (vpc/ipc reset)
[EXP] [ERASE] ch=2 lun=4 pl=0 blk=97 pg=255 erase_cnt=2 (vpc/ipc reset)
[EXP] [ERASE] ch=2 lun=5 pl=0 blk=97 pg=255 erase_cnt=2 (vpc/ipc reset)
[EXP] [ERASE] ch=2 lun=6 pl=0 blk=97 pg=255 erase_cnt=2 (vpc/ipc reset)
[EXP] [ERASE] ch=2 lun=7 pl=0 blk=97 pg=255 erase_cnt=2 (vpc/ipc reset)
[EXP] [ERASE] ch=3 lun=0 pl=0 blk=97 pg=255 erase_cnt=2 (vpc/ipc reset)
[EXP] [ERASE] ch=3 lun=1 pl=0 blk=97 pg=255 erase_cnt=2 (vpc/ipc reset)
[EXP] [ERASE] ch=3 lun=2 pl=0 blk=97 pg=255 erase_cnt=2 (vpc/ipc reset)
[EXP] [ERASE] ch=3 lun=3 pl=0 blk=97 pg=255 erase_cnt=2 (vpc/ipc reset)
[EXP] [ERASE] ch=3 lun=4 pl=0 blk=97 pg=255 erase_cnt=2 (vpc/ipc reset)
[EXP] [ERASE] ch=3 lun=5 pl=0 blk=97 pg=255 erase_cnt=2 (vpc/ipc reset)
[EXP] [ERASE] ch=3 lun=6 pl=0 blk=97 pg=255 erase_cnt=2 (vpc/ipc reset)
[EXP] [ERASE] ch=3 lun=7 pl=0 blk=97 pg=255 erase_cnt=2 (vpc/ipc reset)
[EXP] [ERASE] ch=4 lun=0 pl=0 blk=97 pg=255 erase_cnt=2 (vpc/ipc reset)
[EXP] [ERASE] ch=4 lun=1 pl=0 blk=97 pg=255 erase_cnt=2 (vpc/ipc reset)
[EXP] [ERASE] ch=4 lun=2 pl=0 blk=97 pg=255 erase_cnt=2 (vpc/ipc reset)
[EXP] [ERASE] ch=4 lun=3 pl=0 blk=97 pg=255 erase_cnt=2 (vpc/ipc reset)
[EXP] [ERASE] ch=4 lun=4 pl=0 blk=97 pg=255 erase_cnt=2 (vpc/ipc reset)
[EXP] [ERASE] ch=4 lun=5 pl=0 blk=97 pg=255 erase_cnt=2 (vpc/ipc reset)
[EXP] [ERASE] ch=4 lun=6 pl=0 blk=97 pg=255 erase_cnt=2 (vpc/ipc reset)
[EXP] [ERASE] ch=4 lun=7 pl=0 blk=97 pg=255 erase_cnt=2 (vpc/ipc reset)
[EXP] [ERASE] ch=5 lun=0 pl=0 blk=97 pg=255 erase_cnt=2 (vpc/ipc reset)
[EXP] [ERASE] ch=5 lun=1 pl=0 blk=97 pg=255 erase_cnt=2 (vpc/ipc reset)
[EXP] [ERASE] ch=5 lun=2 pl=0 blk=97 pg=255 erase_cnt=2 (vpc/ipc reset)
[EXP] [ERASE] ch=5 lun=3 pl=0 blk=97 pg=255 erase_cnt=2 (vpc/ipc reset)
[EXP] [ERASE] ch=5 lun=4 pl=0 blk=97 pg=255 erase_cnt=2 (vpc/ipc reset)
[EXP] [ERASE] ch=5 lun=5 pl=0 blk=97 pg=255 erase_cnt=2 (vpc/ipc reset)
[EXP] [ERASE] ch=5 lun=6 pl=0 blk=97 pg=255 erase_cnt=2 (vpc/ipc reset)
[EXP] [ERASE] ch=5 lun=7 pl=0 blk=97 pg=255 erase_cnt=2 (vpc/ipc reset)
[EXP] [ERASE] ch=6 lun=0 pl=0 blk=97 pg=255 erase_cnt=2 (vpc/ipc reset)
[EXP] [ERASE] ch=6 lun=1 pl=0 blk=97 pg=255 erase_cnt=2 (vpc/ipc reset)
[EXP] [ERASE] ch=6 lun=2 pl=0 blk=97 pg=255 erase_cnt=2 (vpc/ipc reset)
[EXP] [ERASE] ch=6 lun=3 pl=0 blk=97 pg=255 erase_cnt=2 (vpc/ipc reset)
[EXP] [ERASE] ch=6 lun=4 pl=0 blk=97 pg=255 erase_cnt=2 (vpc/ipc reset)
[EXP] [ERASE] ch=6 lun=5 pl=0 blk=97 pg=255 erase_cnt=2 (vpc/ipc reset)
[EXP] [ERASE] ch=6 lun=6 pl=0 blk=97 pg=255 erase_cnt=2 (vpc/ipc reset)
[EXP] [ERASE] ch=6 lun=7 pl=0 blk=97 pg=255 erase_cnt=2 (vpc/ipc reset)
[EXP] [ERASE] ch=7 lun=0 pl=0 blk=97 pg=255 erase_cnt=2 (vpc/ipc reset)
[EXP] [ERASE] ch=7 lun=1 pl=0 blk=97 pg=255 erase_cnt=2 (vpc/ipc reset)
[EXP] [ERASE] ch=7 lun=2 pl=0 blk=97 pg=255 erase_cnt=2 (vpc/ipc reset)
[EXP] [ERASE] ch=7 lun=3 pl=0 blk=97 pg=255 erase_cnt=2 (vpc/ipc reset)
[EXP] [ERASE] ch=7 lun=4 pl=0 blk=97 pg=255 erase_cnt=2 (vpc/ipc reset)
[EXP] [ERASE] ch=7 lun=5 pl=0 blk=97 pg=255 erase_cnt=2 (vpc/ipc reset)
[EXP] [ERASE] ch=7 lun=6 pl=0 blk=97 pg=255 erase_cnt=2 (vpc/ipc reset)
[EXP] [ERASE] ch=7 lun=7 pl=0 blk=97 pg=255 erase_cnt=2 (vpc/ipc reset)
[EXP] [ERASE] ch=0 lun=0 pl=0 blk=97 pg=255 erase_cnt=3 (vpc/ipc reset)
[EXP] [ERASE] ch=0 lun=1 pl=0 blk=97 pg=255 erase_cnt=3 (vpc/ipc reset)
[EXP] [ERASE] ch=0 lun=2 pl=0 blk=97 pg=255 erase_cnt=3 (vpc/ipc reset)
[EXP] [ERASE] ch=0 lun=3 pl=0 blk=97 pg=255 erase_cnt=3 (vpc/ipc reset)
[EXP] [ERASE] ch=0 lun=4 pl=0 blk=97 pg=255 erase_cnt=3 (vpc/ipc reset)
[EXP] [ERASE] ch=0 lun=5 pl=0 blk=97 pg=255 erase_cnt=3 (vpc/ipc reset)
[EXP] [ERASE] ch=0 lun=6 pl=0 blk=97 pg=255 erase_cnt=3 (vpc/ipc reset)
[EXP] [ERASE] ch=0 lun=7 pl=0 blk=97 pg=255 erase_cnt=3 (vpc/ipc reset)
[EXP] [ERASE] ch=1 lun=0 pl=0 blk=97 pg=255 erase_cnt=3 (vpc/ipc reset)
[EXP] [ERASE] ch=1 lun=1 pl=0 blk=97 pg=255 erase_cnt=3 (vpc/ipc reset)
[EXP] [ERASE] ch=1 lun=2 pl=0 blk=97 pg=255 erase_cnt=3 (vpc/ipc reset)
[EXP] [ERASE] ch=1 lun=3 pl=0 blk=97 pg=255 erase_cnt=3 (vpc/ipc reset)
[EXP] [ERASE] ch=1 lun=4 pl=0 blk=97 pg=255 erase_cnt=3 (vpc/ipc reset)
[EXP] [ERASE] ch=1 lun=5 pl=0 blk=97 pg=255 erase_cnt=3 (vpc/ipc reset)
[EXP] [ERASE] ch=1 lun=6 pl=0 blk=97 pg=255 erase_cnt=3 (vpc/ipc reset)
[EXP] [ERASE] ch=1 lun=7 pl=0 blk=97 pg=255 erase_cnt=3 (vpc/ipc reset)
[EXP] [ERASE] ch=2 lun=0 pl=0 blk=97 pg=255 erase_cnt=3 (vpc/ipc reset)
[EXP] [ERASE] ch=2 lun=1 pl=0 blk=97 pg=255 erase_cnt=3 (vpc/ipc reset)
[EXP] [ERASE] ch=2 lun=2 pl=0 blk=97 pg=255 erase_cnt=3 (vpc/ipc reset)
[EXP] [ERASE] ch=2 lun=3 pl=0 blk=97 pg=255 erase_cnt=3 (vpc/ipc reset)
[EXP] [ERASE] ch=2 lun=4 pl=0 blk=97 pg=255 erase_cnt=3 (vpc/ipc reset)
[EXP] [ERASE] ch=2 lun=5 pl=0 blk=97 pg=255 erase_cnt=3 (vpc/ipc reset)
[EXP] [ERASE] ch=2 lun=6 pl=0 blk=97 pg=255 erase_cnt=3 (vpc/ipc reset)
[EXP] [ERASE] ch=2 lun=7 pl=0 blk=97 pg=255 erase_cnt=3 (vpc/ipc reset)
[EXP] [ERASE] ch=3 lun=0 pl=0 blk=97 pg=255 erase_cnt=3 (vpc/ipc reset)
[EXP] [ERASE] ch=3 lun=1 pl=0 blk=97 pg=255 erase_cnt=3 (vpc/ipc reset)
[EXP] [ERASE] ch=3 lun=2 pl=0 blk=97 pg=255 erase_cnt=3 (vpc/ipc reset)
[EXP] [ERASE] ch=3 lun=3 pl=0 blk=97 pg=255 erase_cnt=3 (vpc/ipc reset)
[EXP] [ERASE] ch=3 lun=4 pl=0 blk=97 pg=255 erase_cnt=3 (vpc/ipc reset)
[EXP] [ERASE] ch=3 lun=5 pl=0 blk=97 pg=255 erase_cnt=3 (vpc/ipc reset)
[EXP] [ERASE] ch=3 lun=6 pl=0 blk=97 pg=255 erase_cnt=3 (vpc/ipc reset)
[EXP] [ERASE] ch=3 lun=7 pl=0 blk=97 pg=255 erase_cnt=3 (vpc/ipc reset)
[EXP] [ERASE] ch=4 lun=0 pl=0 blk=97 pg=255 erase_cnt=3 (vpc/ipc reset)
[EXP] [ERASE] ch=4 lun=1 pl=0 blk=97 pg=255 erase_cnt=3 (vpc/ipc reset)
[EXP] [ERASE] ch=4 lun=2 pl=0 blk=97 pg=255 erase_cnt=3 (vpc/ipc reset)
[EXP] [ERASE] ch=4 lun=3 pl=0 blk=97 pg=255 erase_cnt=3 (vpc/ipc reset)
[EXP] [ERASE] ch=4 lun=4 pl=0 blk=97 pg=255 erase_cnt=3 (vpc/ipc reset)
[EXP] [ERASE] ch=4 lun=5 pl=0 blk=97 pg=255 erase_cnt=3 (vpc/ipc reset)
[EXP] [ERASE] ch=4 lun=6 pl=0 blk=97 pg=255 erase_cnt=3 (vpc/ipc reset)
[EXP] [ERASE] ch=4 lun=7 pl=0 blk=97 pg=255 erase_cnt=3 (vpc/ipc reset)
[EXP] [ERASE] ch=5 lun=0 pl=0 blk=97 pg=255 erase_cnt=3 (vpc/ipc reset)
[EXP] [ERASE] ch=5 lun=1 pl=0 blk=97 pg=255 erase_cnt=3 (vpc/ipc reset)
[EXP] [ERASE] ch=5 lun=2 pl=0 blk=97 pg=255 erase_cnt=3 (vpc/ipc reset)
[EXP] [ERASE] ch=5 lun=3 pl=0 blk=97 pg=255 erase_cnt=3 (vpc/ipc reset)
[EXP] [ERASE] ch=5 lun=4 pl=0 blk=97 pg=255 erase_cnt=3 (vpc/ipc reset)
[EXP] [ERASE] ch=5 lun=5 pl=0 blk=97 pg=255 erase_cnt=3 (vpc/ipc reset)
[EXP] [ERASE] ch=5 lun=6 pl=0 blk=97 pg=255 erase_cnt=3 (vpc/ipc reset)
[EXP] [ERASE] ch=5 lun=7 pl=0 blk=97 pg=255 erase_cnt=3 (vpc/ipc reset)
[EXP] [ERASE] ch=6 lun=0 pl=0 blk=97 pg=255 erase_cnt=3 (vpc/ipc reset)
[EXP] [ERASE] ch=6 lun=1 pl=0 blk=97 pg=255 erase_cnt=3 (vpc/ipc reset)
[EXP] [ERASE] ch=6 lun=2 pl=0 blk=97 pg=255 erase_cnt=3 (vpc/ipc reset)
[EXP] [ERASE] ch=6 lun=3 pl=0 blk=97 pg=255 erase_cnt=3 (vpc/ipc reset)
[EXP] [ERASE] ch=6 lun=4 pl=0 blk=97 pg=255 erase_cnt=3 (vpc/ipc reset)
[EXP] [ERASE] ch=6 lun=5 pl=0 blk=97 pg=255 erase_cnt=3 (vpc/ipc reset)
[EXP] [ERASE] ch=6 lun=6 pl=0 blk=97 pg=255 erase_cnt=3 (vpc/ipc reset)
[EXP] [ERASE] ch=6 lun=7 pl=0 blk=97 pg=255 erase_cnt=3 (vpc/ipc reset)
[EXP] [ERASE] ch=7 lun=0 pl=0 blk=97 pg=255 erase_cnt=3 (vpc/ipc reset)
[EXP] [ERASE] ch=7 lun=1 pl=0 blk=97 pg=255 erase_cnt=3 (vpc/ipc reset)
[EXP] [ERASE] ch=7 lun=2 pl=0 blk=97 pg=255 erase_cnt=3 (vpc/ipc reset)
[EXP] [ERASE] ch=7 lun=3 pl=0 blk=97 pg=255 erase_cnt=3 (vpc/ipc reset)
[EXP] [ERASE] ch=7 lun=4 pl=0 blk=97 pg=255 erase_cnt=3 (vpc/ipc reset)
[EXP] [ERASE] ch=7 lun=5 pl=0 blk=97 pg=255 erase_cnt=3 (vpc/ipc reset)
[EXP] [ERASE] ch=7 lun=6 pl=0 blk=97 pg=255 erase_cnt=3 (vpc/ipc reset)
[EXP] [ERASE] ch=7 lun=7 pl=0 blk=97 pg=255 erase_cnt=3 (vpc/ipc reset)
[EXP] [ERASE] ch=0 lun=0 pl=0 blk=97 pg=255 erase_cnt=4 (vpc/ipc reset)
[EXP] [ERASE] ch=0 lun=1 pl=0 blk=97 pg=255 erase_cnt=4 (vpc/ipc reset)
[EXP] [ERASE] ch=0 lun=2 pl=0 blk=97 pg=255 erase_cnt=4 (vpc/ipc reset)
[EXP] [ERASE] ch=0 lun=3 pl=0 blk=97 pg=255 erase_cnt=4 (vpc/ipc reset)
[EXP] [ERASE] ch=0 lun=4 pl=0 blk=97 pg=255 erase_cnt=4 (vpc/ipc reset)
[EXP] [ERASE] ch=0 lun=5 pl=0 blk=97 pg=255 erase_cnt=4 (vpc/ipc reset)
[EXP] [ERASE] ch=0 lun=6 pl=0 blk=97 pg=255 erase_cnt=4 (vpc/ipc reset)
[EXP] [ERASE] ch=0 lun=7 pl=0 blk=97 pg=255 erase_cnt=4 (vpc/ipc reset)
[EXP] [ERASE] ch=1 lun=0 pl=0 blk=97 pg=255 erase_cnt=4 (vpc/ipc reset)
[EXP] [ERASE] ch=1 lun=1 pl=0 blk=97 pg=255 erase_cnt=4 (vpc/ipc reset)
[EXP] [ERASE] ch=1 lun=2 pl=0 blk=97 pg=255 erase_cnt=4 (vpc/ipc reset)
[EXP] [ERASE] ch=1 lun=3 pl=0 blk=97 pg=255 erase_cnt=4 (vpc/ipc reset)
[EXP] [ERASE] ch=1 lun=4 pl=0 blk=97 pg=255 erase_cnt=4 (vpc/ipc reset)
[EXP] [ERASE] ch=1 lun=5 pl=0 blk=97 pg=255 erase_cnt=4 (vpc/ipc reset)
[EXP] [ERASE] ch=1 lun=6 pl=0 blk=97 pg=255 erase_cnt=4 (vpc/ipc reset)
[EXP] [ERASE] ch=1 lun=7 pl=0 blk=97 pg=255 erase_cnt=4 (vpc/ipc reset)
[EXP] [ERASE] ch=2 lun=0 pl=0 blk=97 pg=255 erase_cnt=4 (vpc/ipc reset)
[EXP] [ERASE] ch=2 lun=1 pl=0 blk=97 pg=255 erase_cnt=4 (vpc/ipc reset)
[EXP] [ERASE] ch=2 lun=2 pl=0 blk=97 pg=255 erase_cnt=4 (vpc/ipc reset)
[EXP] [ERASE] ch=2 lun=3 pl=0 blk=97 pg=255 erase_cnt=4 (vpc/ipc reset)
[EXP] [ERASE] ch=2 lun=4 pl=0 blk=97 pg=255 erase_cnt=4 (vpc/ipc reset)
[EXP] [ERASE] ch=2 lun=5 pl=0 blk=97 pg=255 erase_cnt=4 (vpc/ipc reset)
[EXP] [ERASE] ch=2 lun=6 pl=0 blk=97 pg=255 erase_cnt=4 (vpc/ipc reset)
[EXP] [ERASE] ch=2 lun=7 pl=0 blk=97 pg=255 erase_cnt=4 (vpc/ipc reset)
[EXP] [ERASE] ch=3 lun=0 pl=0 blk=97 pg=255 erase_cnt=4 (vpc/ipc reset)
[EXP] [ERASE] ch=3 lun=1 pl=0 blk=97 pg=255 erase_cnt=4 (vpc/ipc reset)
[EXP] [ERASE] ch=3 lun=2 pl=0 blk=97 pg=255 erase_cnt=4 (vpc/ipc reset)
[EXP] [ERASE] ch=3 lun=3 pl=0 blk=97 pg=255 erase_cnt=4 (vpc/ipc reset)
[EXP] [ERASE] ch=3 lun=4 pl=0 blk=97 pg=255 erase_cnt=4 (vpc/ipc reset)
[EXP] [ERASE] ch=3 lun=5 pl=0 blk=97 pg=255 erase_cnt=4 (vpc/ipc reset)
[EXP] [ERASE] ch=3 lun=6 pl=0 blk=97 pg=255 erase_cnt=4 (vpc/ipc reset)
[EXP] [ERASE] ch=3 lun=7 pl=0 blk=97 pg=255 erase_cnt=4 (vpc/ipc reset)
[EXP] [ERASE] ch=4 lun=0 pl=0 blk=97 pg=255 erase_cnt=4 (vpc/ipc reset)
[EXP] [ERASE] ch=4 lun=1 pl=0 blk=97 pg=255 erase_cnt=4 (vpc/ipc reset)
[EXP] [ERASE] ch=4 lun=2 pl=0 blk=97 pg=255 erase_cnt=4 (vpc/ipc reset)
[EXP] [ERASE] ch=4 lun=3 pl=0 blk=97 pg=255 erase_cnt=4 (vpc/ipc reset)
[EXP] [ERASE] ch=4 lun=4 pl=0 blk=97 pg=255 erase_cnt=4 (vpc/ipc reset)
[EXP] [ERASE] ch=4 lun=5 pl=0 blk=97 pg=255 erase_cnt=4 (vpc/ipc reset)
[EXP] [ERASE] ch=4 lun=6 pl=0 blk=97 pg=255 erase_cnt=4 (vpc/ipc reset)
[EXP] [ERASE] ch=4 lun=7 pl=0 blk=97 pg=255 erase_cnt=4 (vpc/ipc reset)
[EXP] [ERASE] ch=5 lun=0 pl=0 blk=97 pg=255 erase_cnt=4 (vpc/ipc reset)
[EXP] [ERASE] ch=5 lun=1 pl=0 blk=97 pg=255 erase_cnt=4 (vpc/ipc reset)
[EXP] [ERASE] ch=5 lun=2 pl=0 blk=97 pg=255 erase_cnt=4 (vpc/ipc reset)
[EXP] [ERASE] ch=5 lun=3 pl=0 blk=97 pg=255 erase_cnt=4 (vpc/ipc reset)
[EXP] [ERASE] ch=5 lun=4 pl=0 blk=97 pg=255 erase_cnt=4 (vpc/ipc reset)
[EXP] [ERASE] ch=5 lun=5 pl=0 blk=97 pg=255 erase_cnt=4 (vpc/ipc reset)
[EXP] [ERASE] ch=5 lun=6 pl=0 blk=97 pg=255 erase_cnt=4 (vpc/ipc reset)
[EXP] [ERASE] ch=5 lun=7 pl=0 blk=97 pg=255 erase_cnt=4 (vpc/ipc reset)
[EXP] [ERASE] ch=6 lun=0 pl=0 blk=97 pg=255 erase_cnt=4 (vpc/ipc reset)
[EXP] [ERASE] ch=6 lun=1 pl=0 blk=97 pg=255 erase_cnt=4 (vpc/ipc reset)
[EXP] [ERASE] ch=6 lun=2 pl=0 blk=97 pg=255 erase_cnt=4 (vpc/ipc reset)
[EXP] [ERASE] ch=6 lun=3 pl=0 blk=97 pg=255 erase_cnt=4 (vpc/ipc reset)
[EXP] [ERASE] ch=6 lun=4 pl=0 blk=97 pg=255 erase_cnt=4 (vpc/ipc reset)
[EXP] [ERASE] ch=6 lun=5 pl=0 blk=97 pg=255 erase_cnt=4 (vpc/ipc reset)
[EXP] [ERASE] ch=6 lun=6 pl=0 blk=97 pg=255 erase_cnt=4 (vpc/ipc reset)
[EXP] [ERASE] ch=6 lun=7 pl=0 blk=97 pg=255 erase_cnt=4 (vpc/ipc reset)
[EXP] [ERASE] ch=7 lun=0 pl=0 blk=97 pg=255 erase_cnt=4 (vpc/ipc reset)
[EXP] [ERASE] ch=7 lun=1 pl=0 blk=97 pg=255 erase_cnt=4 (vpc/ipc reset)
[EXP] [ERASE] ch=7 lun=2 pl=0 blk=97 pg=255 erase_cnt=4 (vpc/ipc reset)
[EXP] [ERASE] ch=7 lun=3 pl=0 blk=97 pg=255 erase_cnt=4 (vpc/ipc reset)
[EXP] [ERASE] ch=7 lun=4 pl=0 blk=97 pg=255 erase_cnt=4 (vpc/ipc reset)
[EXP] [ERASE] ch=7 lun=5 pl=0 blk=97 pg=255 erase_cnt=4 (vpc/ipc reset)
[EXP] [ERASE] ch=7 lun=6 pl=0 blk=97 pg=255 erase_cnt=4 (vpc/ipc reset)
[EXP] [ERASE] ch=7 lun=7 pl=0 blk=97 pg=255 erase_cnt=4 (vpc/ipc reset)
[EXP] [ERASE] ch=0 lun=0 pl=0 blk=97 pg=255 erase_cnt=5 (vpc/ipc reset)
[EXP] [ERASE] ch=0 lun=1 pl=0 blk=97 pg=255 erase_cnt=5 (vpc/ipc reset)
[EXP] [ERASE] ch=0 lun=2 pl=0 blk=97 pg=255 erase_cnt=5 (vpc/ipc reset)
[EXP] [ERASE] ch=0 lun=3 pl=0 blk=97 pg=255 erase_cnt=5 (vpc/ipc reset)
[EXP] [ERASE] ch=0 lun=4 pl=0 blk=97 pg=255 erase_cnt=5 (vpc/ipc reset)
[EXP] [ERASE] ch=0 lun=5 pl=0 blk=97 pg=255 erase_cnt=5 (vpc/ipc reset)
[EXP] [ERASE] ch=0 lun=6 pl=0 blk=97 pg=255 erase_cnt=5 (vpc/ipc reset)
[EXP] [ERASE] ch=0 lun=7 pl=0 blk=97 pg=255 erase_cnt=5 (vpc/ipc reset)
[EXP] [ERASE] ch=1 lun=0 pl=0 blk=97 pg=255 erase_cnt=5 (vpc/ipc reset)
[EXP] [ERASE] ch=1 lun=1 pl=0 blk=97 pg=255 erase_cnt=5 (vpc/ipc reset)
[EXP] [ERASE] ch=1 lun=2 pl=0 blk=97 pg=255 erase_cnt=5 (vpc/ipc reset)
[EXP] [ERASE] ch=1 lun=3 pl=0 blk=97 pg=255 erase_cnt=5 (vpc/ipc reset)
[EXP] [ERASE] ch=1 lun=4 pl=0 blk=97 pg=255 erase_cnt=5 (vpc/ipc reset)
[EXP] [ERASE] ch=1 lun=5 pl=0 blk=97 pg=255 erase_cnt=5 (vpc/ipc reset)
[EXP] [ERASE] ch=1 lun=6 pl=0 blk=97 pg=255 erase_cnt=5 (vpc/ipc reset)
[EXP] [ERASE] ch=1 lun=7 pl=0 blk=97 pg=255 erase_cnt=5 (vpc/ipc reset)
[EXP] [ERASE] ch=2 lun=0 pl=0 blk=97 pg=255 erase_cnt=5 (vpc/ipc reset)
[EXP] [ERASE] ch=2 lun=1 pl=0 blk=97 pg=255 erase_cnt=5 (vpc/ipc reset)
[EXP] [ERASE] ch=2 lun=2 pl=0 blk=97 pg=255 erase_cnt=5 (vpc/ipc reset)
[EXP] [ERASE] ch=2 lun=3 pl=0 blk=97 pg=255 erase_cnt=5 (vpc/ipc reset)
[EXP] [ERASE] ch=2 lun=4 pl=0 blk=97 pg=255 erase_cnt=5 (vpc/ipc reset)
[EXP] [ERASE] ch=2 lun=5 pl=0 blk=97 pg=255 erase_cnt=5 (vpc/ipc reset)
[EXP] [ERASE] ch=2 lun=6 pl=0 blk=97 pg=255 erase_cnt=5 (vpc/ipc reset)
[EXP] [ERASE] ch=2 lun=7 pl=0 blk=97 pg=255 erase_cnt=5 (vpc/ipc reset)
[EXP] [ERASE] ch=3 lun=0 pl=0 blk=97 pg=255 erase_cnt=5 (vpc/ipc reset)
[EXP] [ERASE] ch=3 lun=1 pl=0 blk=97 pg=255 erase_cnt=5 (vpc/ipc reset)
[EXP] [ERASE] ch=3 lun=2 pl=0 blk=97 pg=255 erase_cnt=5 (vpc/ipc reset)
[EXP] [ERASE] ch=3 lun=3 pl=0 blk=97 pg=255 erase_cnt=5 (vpc/ipc reset)
[EXP] [ERASE] ch=3 lun=4 pl=0 blk=97 pg=255 erase_cnt=5 (vpc/ipc reset)
[EXP] [ERASE] ch=3 lun=5 pl=0 blk=97 pg=255 erase_cnt=5 (vpc/ipc reset)
[EXP] [ERASE] ch=3 lun=6 pl=0 blk=97 pg=255 erase_cnt=5 (vpc/ipc reset)
[EXP] [ERASE] ch=3 lun=7 pl=0 blk=97 pg=255 erase_cnt=5 (vpc/ipc reset)
[EXP] [ERASE] ch=4 lun=0 pl=0 blk=97 pg=255 erase_cnt=5 (vpc/ipc reset)
[EXP] [ERASE] ch=4 lun=1 pl=0 blk=97 pg=255 erase_cnt=5 (vpc/ipc reset)
[EXP] [ERASE] ch=4 lun=2 pl=0 blk=97 pg=255 erase_cnt=5 (vpc/ipc reset)
[EXP] [ERASE] ch=4 lun=3 pl=0 blk=97 pg=255 erase_cnt=5 (vpc/ipc reset)
[EXP] [ERASE] ch=4 lun=4 pl=0 blk=97 pg=255 erase_cnt=5 (vpc/ipc reset)
[EXP] [ERASE] ch=4 lun=5 pl=0 blk=97 pg=255 erase_cnt=5 (vpc/ipc reset)
[EXP] [ERASE] ch=4 lun=6 pl=0 blk=97 pg=255 erase_cnt=5 (vpc/ipc reset)
[EXP] [ERASE] ch=4 lun=7 pl=0 blk=97 pg=255 erase_cnt=5 (vpc/ipc reset)
[EXP] [ERASE] ch=5 lun=0 pl=0 blk=97 pg=255 erase_cnt=5 (vpc/ipc reset)
[EXP] [ERASE] ch=5 lun=1 pl=0 blk=97 pg=255 erase_cnt=5 (vpc/ipc reset)
[EXP] [ERASE] ch=5 lun=2 pl=0 blk=97 pg=255 erase_cnt=5 (vpc/ipc reset)
[EXP] [ERASE] ch=5 lun=3 pl=0 blk=97 pg=255 erase_cnt=5 (vpc/ipc reset)
[EXP] [ERASE] ch=5 lun=4 pl=0 blk=97 pg=255 erase_cnt=5 (vpc/ipc reset)
[EXP] [ERASE] ch=5 lun=5 pl=0 blk=97 pg=255 erase_cnt=5 (vpc/ipc reset)
[EXP] [ERASE] ch=5 lun=6 pl=0 blk=97 pg=255 erase_cnt=5 (vpc/ipc reset)
[EXP] [ERASE] ch=5 lun=7 pl=0 blk=97 pg=255 erase_cnt=5 (vpc/ipc reset)
[EXP] [ERASE] ch=6 lun=0 pl=0 blk=97 pg=255 erase_cnt=5 (vpc/ipc reset)
[EXP] [ERASE] ch=6 lun=1 pl=0 blk=97 pg=255 erase_cnt=5 (vpc/ipc reset)
[EXP] [ERASE] ch=6 lun=2 pl=0 blk=97 pg=255 erase_cnt=5 (vpc/ipc reset)
[EXP] [ERASE] ch=6 lun=3 pl=0 blk=97 pg=255 erase_cnt=5 (vpc/ipc reset)
[EXP] [ERASE] ch=6 lun=4 pl=0 blk=97 pg=255 erase_cnt=5 (vpc/ipc reset)
[EXP] [ERASE] ch=6 lun=5 pl=0 blk=97 pg=255 erase_cnt=5 (vpc/ipc reset)
[EXP] [ERASE] ch=6 lun=6 pl=0 blk=97 pg=255 erase_cnt=5 (vpc/ipc reset)
[EXP] [ERASE] ch=6 lun=7 pl=0 blk=97 pg=255 erase_cnt=5 (vpc/ipc reset)
[EXP] [ERASE] ch=7 lun=0 pl=0 blk=97 pg=255 erase_cnt=5 (vpc/ipc reset)
[EXP] [ERASE] ch=7 lun=1 pl=0 blk=97 pg=255 erase_cnt=5 (vpc/ipc reset)
[EXP] [ERASE] ch=7 lun=2 pl=0 blk=97 pg=255 erase_cnt=5 (vpc/ipc reset)
[EXP] [ERASE] ch=7 lun=3 pl=0 blk=97 pg=255 erase_cnt=5 (vpc/ipc reset)
[EXP] [ERASE] ch=7 lun=4 pl=0 blk=97 pg=255 erase_cnt=5 (vpc/ipc reset)
[EXP] [ERASE] ch=7 lun=5 pl=0 blk=97 pg=255 erase_cnt=5 (vpc/ipc reset)
[EXP] [ERASE] ch=7 lun=6 pl=0 blk=97 pg=255 erase_cnt=5 (vpc/ipc reset)
[EXP] [ERASE] ch=7 lun=7 pl=0 blk=97 pg=255 erase_cnt=5 (vpc/ipc reset)
[EXP] [ERASE] ch=0 lun=0 pl=0 blk=97 pg=255 erase_cnt=6 (vpc/ipc reset)
[EXP] [ERASE] ch=0 lun=1 pl=0 blk=97 pg=255 erase_cnt=6 (vpc/ipc reset)
[EXP] [ERASE] ch=0 lun=2 pl=0 blk=97 pg=255 erase_cnt=6 (vpc/ipc reset)
[EXP] [ERASE] ch=0 lun=3 pl=0 blk=97 pg=255 erase_cnt=6 (vpc/ipc reset)
[EXP] [ERASE] ch=0 lun=4 pl=0 blk=97 pg=255 erase_cnt=6 (vpc/ipc reset)
[EXP] [ERASE] ch=0 lun=5 pl=0 blk=97 pg=255 erase_cnt=6 (vpc/ipc reset)
[EXP] [ERASE] ch=0 lun=6 pl=0 blk=97 pg=255 erase_cnt=6 (vpc/ipc reset)
[EXP] [ERASE] ch=0 lun=7 pl=0 blk=97 pg=255 erase_cnt=6 (vpc/ipc reset)
[EXP] [ERASE] ch=1 lun=0 pl=0 blk=97 pg=255 erase_cnt=6 (vpc/ipc reset)
[EXP] [ERASE] ch=1 lun=1 pl=0 blk=97 pg=255 erase_cnt=6 (vpc/ipc reset)
[EXP] [ERASE] ch=1 lun=2 pl=0 blk=97 pg=255 erase_cnt=6 (vpc/ipc reset)
[EXP] [ERASE] ch=1 lun=3 pl=0 blk=97 pg=255 erase_cnt=6 (vpc/ipc reset)
[EXP] [ERASE] ch=1 lun=4 pl=0 blk=97 pg=255 erase_cnt=6 (vpc/ipc reset)
[EXP] [ERASE] ch=1 lun=5 pl=0 blk=97 pg=255 erase_cnt=6 (vpc/ipc reset)
[EXP] [ERASE] ch=1 lun=6 pl=0 blk=97 pg=255 erase_cnt=6 (vpc/ipc reset)
[EXP] [ERASE] ch=1 lun=7 pl=0 blk=97 pg=255 erase_cnt=6 (vpc/ipc reset)
[EXP] [ERASE] ch=2 lun=0 pl=0 blk=97 pg=255 erase_cnt=6 (vpc/ipc reset)
[EXP] [ERASE] ch=2 lun=1 pl=0 blk=97 pg=255 erase_cnt=6 (vpc/ipc reset)
[EXP] [ERASE] ch=2 lun=2 pl=0 blk=97 pg=255 erase_cnt=6 (vpc/ipc reset)
[EXP] [ERASE] ch=2 lun=3 pl=0 blk=97 pg=255 erase_cnt=6 (vpc/ipc reset)
[EXP] [ERASE] ch=2 lun=4 pl=0 blk=97 pg=255 erase_cnt=6 (vpc/ipc reset)
[EXP] [ERASE] ch=2 lun=5 pl=0 blk=97 pg=255 erase_cnt=6 (vpc/ipc reset)
[EXP] [ERASE] ch=2 lun=6 pl=0 blk=97 pg=255 erase_cnt=6 (vpc/ipc reset)
[EXP] [ERASE] ch=2 lun=7 pl=0 blk=97 pg=255 erase_cnt=6 (vpc/ipc reset)
[EXP] [ERASE] ch=3 lun=0 pl=0 blk=97 pg=255 erase_cnt=6 (vpc/ipc reset)
[EXP] [ERASE] ch=3 lun=1 pl=0 blk=97 pg=255 erase_cnt=6 (vpc/ipc reset)
[EXP] [ERASE] ch=3 lun=2 pl=0 blk=97 pg=255 erase_cnt=6 (vpc/ipc reset)
[EXP] [ERASE] ch=3 lun=3 pl=0 blk=97 pg=255 erase_cnt=6 (vpc/ipc reset)
[EXP] [ERASE] ch=3 lun=4 pl=0 blk=97 pg=255 erase_cnt=6 (vpc/ipc reset)
[EXP] [ERASE] ch=3 lun=5 pl=0 blk=97 pg=255 erase_cnt=6 (vpc/ipc reset)
[EXP] [ERASE] ch=3 lun=6 pl=0 blk=97 pg=255 erase_cnt=6 (vpc/ipc reset)
[EXP] [ERASE] ch=3 lun=7 pl=0 blk=97 pg=255 erase_cnt=6 (vpc/ipc reset)
[EXP] [ERASE] ch=4 lun=0 pl=0 blk=97 pg=255 erase_cnt=6 (vpc/ipc reset)
[EXP] [ERASE] ch=4 lun=1 pl=0 blk=97 pg=255 erase_cnt=6 (vpc/ipc reset)
[EXP] [ERASE] ch=4 lun=2 pl=0 blk=97 pg=255 erase_cnt=6 (vpc/ipc reset)
[EXP] [ERASE] ch=4 lun=3 pl=0 blk=97 pg=255 erase_cnt=6 (vpc/ipc reset)
[EXP] [ERASE] ch=4 lun=4 pl=0 blk=97 pg=255 erase_cnt=6 (vpc/ipc reset)
[EXP] [ERASE] ch=4 lun=5 pl=0 blk=97 pg=255 erase_cnt=6 (vpc/ipc reset)
[EXP] [ERASE] ch=4 lun=6 pl=0 blk=97 pg=255 erase_cnt=6 (vpc/ipc reset)
[EXP] [ERASE] ch=4 lun=7 pl=0 blk=97 pg=255 erase_cnt=6 (vpc/ipc reset)
[EXP] [ERASE] ch=5 lun=0 pl=0 blk=97 pg=255 erase_cnt=6 (vpc/ipc reset)
[EXP] [ERASE] ch=5 lun=1 pl=0 blk=97 pg=255 erase_cnt=6 (vpc/ipc reset)
[EXP] [ERASE] ch=5 lun=2 pl=0 blk=97 pg=255 erase_cnt=6 (vpc/ipc reset)
[EXP] [ERASE] ch=5 lun=3 pl=0 blk=97 pg=255 erase_cnt=6 (vpc/ipc reset)
[EXP] [ERASE] ch=5 lun=4 pl=0 blk=97 pg=255 erase_cnt=6 (vpc/ipc reset)
[EXP] [ERASE] ch=5 lun=5 pl=0 blk=97 pg=255 erase_cnt=6 (vpc/ipc reset)
[EXP] [ERASE] ch=5 lun=6 pl=0 blk=97 pg=255 erase_cnt=6 (vpc/ipc reset)
[EXP] [ERASE] ch=5 lun=7 pl=0 blk=97 pg=255 erase_cnt=6 (vpc/ipc reset)
[EXP] [ERASE] ch=6 lun=0 pl=0 blk=97 pg=255 erase_cnt=6 (vpc/ipc reset)
[EXP] [ERASE] ch=6 lun=1 pl=0 blk=97 pg=255 erase_cnt=6 (vpc/ipc reset)
[EXP] [ERASE] ch=6 lun=2 pl=0 blk=97 pg=255 erase_cnt=6 (vpc/ipc reset)
[EXP] [ERASE] ch=6 lun=3 pl=0 blk=97 pg=255 erase_cnt=6 (vpc/ipc reset)
[EXP] [ERASE] ch=6 lun=4 pl=0 blk=97 pg=255 erase_cnt=6 (vpc/ipc reset)
[EXP] [ERASE] ch=6 lun=5 pl=0 blk=97 pg=255 erase_cnt=6 (vpc/ipc reset)
[EXP] [ERASE] ch=6 lun=6 pl=0 blk=97 pg=255 erase_cnt=6 (vpc/ipc reset)
[EXP] [ERASE] ch=6 lun=7 pl=0 blk=97 pg=255 erase_cnt=6 (vpc/ipc reset)
[EXP] [ERASE] ch=7 lun=0 pl=0 blk=97 pg=255 erase_cnt=6 (vpc/ipc reset)
[EXP] [ERASE] ch=7 lun=1 pl=0 blk=97 pg=255 erase_cnt=6 (vpc/ipc reset)
[EXP] [ERASE] ch=7 lun=2 pl=0 blk=97 pg=255 erase_cnt=6 (vpc/ipc reset)
[EXP] [ERASE] ch=7 lun=3 pl=0 blk=97 pg=255 erase_cnt=6 (vpc/ipc reset)
[EXP] [ERASE] ch=7 lun=4 pl=0 blk=97 pg=255 erase_cnt=6 (vpc/ipc reset)
[EXP] [ERASE] ch=7 lun=5 pl=0 blk=97 pg=255 erase_cnt=6 (vpc/ipc reset)
[EXP] [ERASE] ch=7 lun=6 pl=0 blk=97 pg=255 erase_cnt=6 (vpc/ipc reset)
[EXP] [ERASE] ch=7 lun=7 pl=0 blk=97 pg=255 erase_cnt=6 (vpc/ipc reset)
[EXP] [ERASE] ch=0 lun=0 pl=0 blk=97 pg=255 erase_cnt=7 (vpc/ipc reset)
[EXP] [ERASE] ch=0 lun=1 pl=0 blk=97 pg=255 erase_cnt=7 (vpc/ipc reset)
[EXP] [ERASE] ch=0 lun=2 pl=0 blk=97 pg=255 erase_cnt=7 (vpc/ipc reset)
[EXP] [ERASE] ch=0 lun=3 pl=0 blk=97 pg=255 erase_cnt=7 (vpc/ipc reset)
[EXP] [ERASE] ch=0 lun=4 pl=0 blk=97 pg=255 erase_cnt=7 (vpc/ipc reset)
[EXP] [ERASE] ch=0 lun=5 pl=0 blk=97 pg=255 erase_cnt=7 (vpc/ipc reset)
[EXP] [ERASE] ch=0 lun=6 pl=0 blk=97 pg=255 erase_cnt=7 (vpc/ipc reset)
[EXP] [ERASE] ch=0 lun=7 pl=0 blk=97 pg=255 erase_cnt=7 (vpc/ipc reset)
[EXP] [ERASE] ch=1 lun=0 pl=0 blk=97 pg=255 erase_cnt=7 (vpc/ipc reset)
[EXP] [ERASE] ch=1 lun=1 pl=0 blk=97 pg=255 erase_cnt=7 (vpc/ipc reset)
[EXP] [ERASE] ch=1 lun=2 pl=0 blk=97 pg=255 erase_cnt=7 (vpc/ipc reset)
[EXP] [ERASE] ch=1 lun=3 pl=0 blk=97 pg=255 erase_cnt=7 (vpc/ipc reset)
[EXP] [ERASE] ch=1 lun=4 pl=0 blk=97 pg=255 erase_cnt=7 (vpc/ipc reset)
[EXP] [ERASE] ch=1 lun=5 pl=0 blk=97 pg=255 erase_cnt=7 (vpc/ipc reset)
[EXP] [ERASE] ch=1 lun=6 pl=0 blk=97 pg=255 erase_cnt=7 (vpc/ipc reset)
[EXP] [ERASE] ch=1 lun=7 pl=0 blk=97 pg=255 erase_cnt=7 (vpc/ipc reset)
[EXP] [ERASE] ch=2 lun=0 pl=0 blk=97 pg=255 erase_cnt=7 (vpc/ipc reset)
[EXP] [ERASE] ch=2 lun=1 pl=0 blk=97 pg=255 erase_cnt=7 (vpc/ipc reset)
[EXP] [ERASE] ch=2 lun=2 pl=0 blk=97 pg=255 erase_cnt=7 (vpc/ipc reset)
[EXP] [ERASE] ch=2 lun=3 pl=0 blk=97 pg=255 erase_cnt=7 (vpc/ipc reset)
[EXP] [ERASE] ch=2 lun=4 pl=0 blk=97 pg=255 erase_cnt=7 (vpc/ipc reset)
[EXP] [ERASE] ch=2 lun=5 pl=0 blk=97 pg=255 erase_cnt=7 (vpc/ipc reset)
[EXP] [ERASE] ch=2 lun=6 pl=0 blk=97 pg=255 erase_cnt=7 (vpc/ipc reset)
[EXP] [ERASE] ch=2 lun=7 pl=0 blk=97 pg=255 erase_cnt=7 (vpc/ipc reset)
[EXP] [ERASE] ch=3 lun=0 pl=0 blk=97 pg=255 erase_cnt=7 (vpc/ipc reset)
[EXP] [ERASE] ch=3 lun=1 pl=0 blk=97 pg=255 erase_cnt=7 (vpc/ipc reset)
[EXP] [ERASE] ch=3 lun=2 pl=0 blk=97 pg=255 erase_cnt=7 (vpc/ipc reset)
[EXP] [ERASE] ch=3 lun=3 pl=0 blk=97 pg=255 erase_cnt=7 (vpc/ipc reset)
[EXP] [ERASE] ch=3 lun=4 pl=0 blk=97 pg=255 erase_cnt=7 (vpc/ipc reset)
[EXP] [ERASE] ch=3 lun=5 pl=0 blk=97 pg=255 erase_cnt=7 (vpc/ipc reset)
[EXP] [ERASE] ch=3 lun=6 pl=0 blk=97 pg=255 erase_cnt=7 (vpc/ipc reset)
[EXP] [ERASE] ch=3 lun=7 pl=0 blk=97 pg=255 erase_cnt=7 (vpc/ipc reset)
[EXP] [ERASE] ch=4 lun=0 pl=0 blk=97 pg=255 erase_cnt=7 (vpc/ipc reset)
[EXP] [ERASE] ch=4 lun=1 pl=0 blk=97 pg=255 erase_cnt=7 (vpc/ipc reset)
[EXP] [ERASE] ch=4 lun=2 pl=0 blk=97 pg=255 erase_cnt=7 (vpc/ipc reset)
[EXP] [ERASE] ch=4 lun=3 pl=0 blk=97 pg=255 erase_cnt=7 (vpc/ipc reset)
[EXP] [ERASE] ch=4 lun=4 pl=0 blk=97 pg=255 erase_cnt=7 (vpc/ipc reset)
[EXP] [ERASE] ch=4 lun=5 pl=0 blk=97 pg=255 erase_cnt=7 (vpc/ipc reset)
[EXP] [ERASE] ch=4 lun=6 pl=0 blk=97 pg=255 erase_cnt=7 (vpc/ipc reset)
[EXP] [ERASE] ch=4 lun=7 pl=0 blk=97 pg=255 erase_cnt=7 (vpc/ipc reset)
[EXP] [ERASE] ch=5 lun=0 pl=0 blk=97 pg=255 erase_cnt=7 (vpc/ipc reset)
[EXP] [ERASE] ch=5 lun=1 pl=0 blk=97 pg=255 erase_cnt=7 (vpc/ipc reset)
[EXP] [ERASE] ch=5 lun=2 pl=0 blk=97 pg=255 erase_cnt=7 (vpc/ipc reset)
[EXP] [ERASE] ch=5 lun=3 pl=0 blk=97 pg=255 erase_cnt=7 (vpc/ipc reset)
[EXP] [ERASE] ch=5 lun=4 pl=0 blk=97 pg=255 erase_cnt=7 (vpc/ipc reset)
[EXP] [ERASE] ch=5 lun=5 pl=0 blk=97 pg=255 erase_cnt=7 (vpc/ipc reset)
[EXP] [ERASE] ch=5 lun=6 pl=0 blk=97 pg=255 erase_cnt=7 (vpc/ipc reset)
[EXP] [ERASE] ch=5 lun=7 pl=0 blk=97 pg=255 erase_cnt=7 (vpc/ipc reset)
[EXP] [ERASE] ch=6 lun=0 pl=0 blk=97 pg=255 erase_cnt=7 (vpc/ipc reset)
[EXP] [ERASE] ch=6 lun=1 pl=0 blk=97 pg=255 erase_cnt=7 (vpc/ipc reset)
[EXP] [ERASE] ch=6 lun=2 pl=0 blk=97 pg=255 erase_cnt=7 (vpc/ipc reset)
[EXP] [ERASE] ch=6 lun=3 pl=0 blk=97 pg=255 erase_cnt=7 (vpc/ipc reset)
[EXP] [ERASE] ch=6 lun=4 pl=0 blk=97 pg=255 erase_cnt=7 (vpc/ipc reset)
[EXP] [ERASE] ch=6 lun=5 pl=0 blk=97 pg=255 erase_cnt=7 (vpc/ipc reset)
[EXP] [ERASE] ch=6 lun=6 pl=0 blk=97 pg=255 erase_cnt=7 (vpc/ipc reset)
[EXP] [ERASE] ch=6 lun=7 pl=0 blk=97 pg=255 erase_cnt=7 (vpc/ipc reset)
[EXP] [ERASE] ch=7 lun=0 pl=0 blk=97 pg=255 erase_cnt=7 (vpc/ipc reset)
[EXP] [ERASE] ch=7 lun=1 pl=0 blk=97 pg=255 erase_cnt=7 (vpc/ipc reset)
[EXP] [ERASE] ch=7 lun=2 pl=0 blk=97 pg=255 erase_cnt=7 (vpc/ipc reset)
[EXP] [ERASE] ch=7 lun=3 pl=0 blk=97 pg=255 erase_cnt=7 (vpc/ipc reset)
[EXP] [ERASE] ch=7 lun=4 pl=0 blk=97 pg=255 erase_cnt=7 (vpc/ipc reset)
[EXP] [ERASE] ch=7 lun=5 pl=0 blk=97 pg=255 erase_cnt=7 (vpc/ipc reset)
[EXP] [ERASE] ch=7 lun=6 pl=0 blk=97 pg=255 erase_cnt=7 (vpc/ipc reset)
[EXP] [ERASE] ch=7 lun=7 pl=0 blk=97 pg=255 erase_cnt=7 (vpc/ipc reset)
[EXP] [GC_MOVE] lpn=0 ch=0 lun=0 pl=0 blk=64 pg=0 -> ch=1 lun=0 pl=0 blk=104 pg=0
[EXP] [ERASE] ch=0 lun=0 pl=0 blk=64 pg=255 erase_cnt=1 (vpc/ipc reset)
[EXP] [ERASE] ch=0 lun=1 pl=0 blk=64 pg=255 erase_cnt=1 (vpc/ipc reset)
[EXP] [ERASE] ch=0 lun=2 pl=0 blk=64 pg=255 erase_cnt=1 (vpc/ipc reset)
[EXP] [ERASE] ch=0 lun=3 pl=0 blk=64 pg=255 erase_cnt=1 (vpc/ipc reset)
[EXP] [ERASE] ch=0 lun=4 pl=0 blk=64 pg=255 erase_cnt=1 (vpc/ipc reset)
[EXP] [ERASE] ch=0 lun=5 pl=0 blk=64 pg=255 erase_cnt=1 (vpc/ipc reset)
[EXP] [ERASE] ch=0 lun=6 pl=0 blk=64 pg=255 erase_cnt=1 (vpc/ipc reset)
[EXP] [ERASE] ch=0 lun=7 pl=0 blk=64 pg=255 erase_cnt=1 (vpc/ipc reset)
[EXP] [ERASE] ch=1 lun=0 pl=0 blk=64 pg=255 erase_cnt=1 (vpc/ipc reset)
[EXP] [ERASE] ch=1 lun=1 pl=0 blk=64 pg=255 erase_cnt=1 (vpc/ipc reset)
[EXP] [ERASE] ch=1 lun=2 pl=0 blk=64 pg=255 erase_cnt=1 (vpc/ipc reset)
[EXP] [ERASE] ch=1 lun=3 pl=0 blk=64 pg=255 erase_cnt=1 (vpc/ipc reset)
[EXP] [ERASE] ch=1 lun=4 pl=0 blk=64 pg=255 erase_cnt=1 (vpc/ipc reset)
[EXP] [ERASE] ch=1 lun=5 pl=0 blk=64 pg=255 erase_cnt=1 (vpc/ipc reset)
[EXP] [ERASE] ch=1 lun=6 pl=0 blk=64 pg=255 erase_cnt=1 (vpc/ipc reset)
[EXP] [ERASE] ch=1 lun=7 pl=0 blk=64 pg=255 erase_cnt=1 (vpc/ipc reset)
[EXP] [ERASE] ch=2 lun=0 pl=0 blk=64 pg=255 erase_cnt=1 (vpc/ipc reset)
[EXP] [ERASE] ch=2 lun=1 pl=0 blk=64 pg=255 erase_cnt=1 (vpc/ipc reset)
[EXP] [ERASE] ch=2 lun=2 pl=0 blk=64 pg=255 erase_cnt=1 (vpc/ipc reset)
[EXP] [ERASE] ch=2 lun=3 pl=0 blk=64 pg=255 erase_cnt=1 (vpc/ipc reset)
[EXP] [ERASE] ch=2 lun=4 pl=0 blk=64 pg=255 erase_cnt=1 (vpc/ipc reset)
[EXP] [ERASE] ch=2 lun=5 pl=0 blk=64 pg=255 erase_cnt=1 (vpc/ipc reset)
[EXP] [ERASE] ch=2 lun=6 pl=0 blk=64 pg=255 erase_cnt=1 (vpc/ipc reset)
[EXP] [ERASE] ch=2 lun=7 pl=0 blk=64 pg=255 erase_cnt=1 (vpc/ipc reset)
[EXP] [ERASE] ch=3 lun=0 pl=0 blk=64 pg=255 erase_cnt=1 (vpc/ipc reset)
[EXP] [ERASE] ch=3 lun=1 pl=0 blk=64 pg=255 erase_cnt=1 (vpc/ipc reset)
[EXP] [ERASE] ch=3 lun=2 pl=0 blk=64 pg=255 erase_cnt=1 (vpc/ipc reset)
[EXP] [ERASE] ch=3 lun=3 pl=0 blk=64 pg=255 erase_cnt=1 (vpc/ipc reset)
[EXP] [ERASE] ch=3 lun=4 pl=0 blk=64 pg=255 erase_cnt=1 (vpc/ipc reset)
[EXP] [ERASE] ch=3 lun=5 pl=0 blk=64 pg=255 erase_cnt=1 (vpc/ipc reset)
[EXP] [ERASE] ch=3 lun=6 pl=0 blk=64 pg=255 erase_cnt=1 (vpc/ipc reset)
[EXP] [ERASE] ch=3 lun=7 pl=0 blk=64 pg=255 erase_cnt=1 (vpc/ipc reset)
[EXP] [ERASE] ch=4 lun=0 pl=0 blk=64 pg=255 erase_cnt=1 (vpc/ipc reset)
[EXP] [ERASE] ch=4 lun=1 pl=0 blk=64 pg=255 erase_cnt=1 (vpc/ipc reset)
[EXP] [ERASE] ch=4 lun=2 pl=0 blk=64 pg=255 erase_cnt=1 (vpc/ipc reset)
[EXP] [ERASE] ch=4 lun=3 pl=0 blk=64 pg=255 erase_cnt=1 (vpc/ipc reset)
[EXP] [ERASE] ch=4 lun=4 pl=0 blk=64 pg=255 erase_cnt=1 (vpc/ipc reset)
[EXP] [ERASE] ch=4 lun=5 pl=0 blk=64 pg=255 erase_cnt=1 (vpc/ipc reset)
[EXP] [ERASE] ch=4 lun=6 pl=0 blk=64 pg=255 erase_cnt=1 (vpc/ipc reset)
[EXP] [ERASE] ch=4 lun=7 pl=0 blk=64 pg=255 erase_cnt=1 (vpc/ipc reset)
[EXP] [ERASE] ch=5 lun=0 pl=0 blk=64 pg=255 erase_cnt=1 (vpc/ipc reset)
[EXP] [ERASE] ch=5 lun=1 pl=0 blk=64 pg=255 erase_cnt=1 (vpc/ipc reset)
[EXP] [ERASE] ch=5 lun=2 pl=0 blk=64 pg=255 erase_cnt=1 (vpc/ipc reset)
[EXP] [ERASE] ch=5 lun=3 pl=0 blk=64 pg=255 erase_cnt=1 (vpc/ipc reset)
[EXP] [ERASE] ch=5 lun=4 pl=0 blk=64 pg=255 erase_cnt=1 (vpc/ipc reset)
[EXP] [ERASE] ch=5 lun=5 pl=0 blk=64 pg=255 erase_cnt=1 (vpc/ipc reset)
[EXP] [ERASE] ch=5 lun=6 pl=0 blk=64 pg=255 erase_cnt=1 (vpc/ipc reset)
[EXP] [ERASE] ch=5 lun=7 pl=0 blk=64 pg=255 erase_cnt=1 (vpc/ipc reset)
[EXP] [ERASE] ch=6 lun=0 pl=0 blk=64 pg=255 erase_cnt=1 (vpc/ipc reset)
[EXP] [ERASE] ch=6 lun=1 pl=0 blk=64 pg=255 erase_cnt=1 (vpc/ipc reset)
[EXP] [ERASE] ch=6 lun=2 pl=0 blk=64 pg=255 erase_cnt=1 (vpc/ipc reset)
[EXP] [ERASE] ch=6 lun=3 pl=0 blk=64 pg=255 erase_cnt=1 (vpc/ipc reset)
[EXP] [ERASE] ch=6 lun=4 pl=0 blk=64 pg=255 erase_cnt=1 (vpc/ipc reset)
[EXP] [ERASE] ch=6 lun=5 pl=0 blk=64 pg=255 erase_cnt=1 (vpc/ipc reset)
[EXP] [ERASE] ch=6 lun=6 pl=0 blk=64 pg=255 erase_cnt=1 (vpc/ipc reset)
[EXP] [ERASE] ch=6 lun=7 pl=0 blk=64 pg=255 erase_cnt=1 (vpc/ipc reset)
[EXP] [ERASE] ch=7 lun=0 pl=0 blk=64 pg=255 erase_cnt=1 (vpc/ipc reset)
[EXP] [ERASE] ch=7 lun=1 pl=0 blk=64 pg=255 erase_cnt=1 (vpc/ipc reset)
[EXP] [ERASE] ch=7 lun=2 pl=0 blk=64 pg=255 erase_cnt=1 (vpc/ipc reset)
[EXP] [ERASE] ch=7 lun=3 pl=0 blk=64 pg=255 erase_cnt=1 (vpc/ipc reset)
[EXP] [ERASE] ch=7 lun=4 pl=0 blk=64 pg=255 erase_cnt=1 (vpc/ipc reset)
[EXP] [ERASE] ch=7 lun=5 pl=0 blk=64 pg=255 erase_cnt=1 (vpc/ipc reset)
[EXP] [ERASE] ch=7 lun=6 pl=0 blk=64 pg=255 erase_cnt=1 (vpc/ipc reset)
[EXP] [ERASE] ch=7 lun=7 pl=0 blk=64 pg=255 erase_cnt=1 (vpc/ipc reset)
[EXP] [ERASE] ch=0 lun=0 pl=0 blk=97 pg=255 erase_cnt=8 (vpc/ipc reset)
[EXP] [ERASE] ch=0 lun=1 pl=0 blk=97 pg=255 erase_cnt=8 (vpc/ipc reset)
[EXP] [ERASE] ch=0 lun=2 pl=0 blk=97 pg=255 erase_cnt=8 (vpc/ipc reset)
[EXP] [ERASE] ch=0 lun=3 pl=0 blk=97 pg=255 erase_cnt=8 (vpc/ipc reset)
[EXP] [ERASE] ch=0 lun=4 pl=0 blk=97 pg=255 erase_cnt=8 (vpc/ipc reset)
[EXP] [ERASE] ch=0 lun=5 pl=0 blk=97 pg=255 erase_cnt=8 (vpc/ipc reset)
[EXP] [ERASE] ch=0 lun=6 pl=0 blk=97 pg=255 erase_cnt=8 (vpc/ipc reset)
[EXP] [ERASE] ch=0 lun=7 pl=0 blk=97 pg=255 erase_cnt=8 (vpc/ipc reset)
[EXP] [ERASE] ch=1 lun=0 pl=0 blk=97 pg=255 erase_cnt=8 (vpc/ipc reset)
[EXP] [ERASE] ch=1 lun=1 pl=0 blk=97 pg=255 erase_cnt=8 (vpc/ipc reset)
[EXP] [ERASE] ch=1 lun=2 pl=0 blk=97 pg=255 erase_cnt=8 (vpc/ipc reset)
[EXP] [ERASE] ch=1 lun=3 pl=0 blk=97 pg=255 erase_cnt=8 (vpc/ipc reset)
[EXP] [ERASE] ch=1 lun=4 pl=0 blk=97 pg=255 erase_cnt=8 (vpc/ipc reset)
[EXP] [ERASE] ch=1 lun=5 pl=0 blk=97 pg=255 erase_cnt=8 (vpc/ipc reset)
[EXP] [ERASE] ch=1 lun=6 pl=0 blk=97 pg=255 erase_cnt=8 (vpc/ipc reset)
[EXP] [ERASE] ch=1 lun=7 pl=0 blk=97 pg=255 erase_cnt=8 (vpc/ipc reset)
[EXP] [ERASE] ch=2 lun=0 pl=0 blk=97 pg=255 erase_cnt=8 (vpc/ipc reset)
[EXP] [ERASE] ch=2 lun=1 pl=0 blk=97 pg=255 erase_cnt=8 (vpc/ipc reset)
[EXP] [ERASE] ch=2 lun=2 pl=0 blk=97 pg=255 erase_cnt=8 (vpc/ipc reset)
[EXP] [ERASE] ch=2 lun=3 pl=0 blk=97 pg=255 erase_cnt=8 (vpc/ipc reset)
[EXP] [ERASE] ch=2 lun=4 pl=0 blk=97 pg=255 erase_cnt=8 (vpc/ipc reset)
[EXP] [ERASE] ch=2 lun=5 pl=0 blk=97 pg=255 erase_cnt=8 (vpc/ipc reset)
[EXP] [ERASE] ch=2 lun=6 pl=0 blk=97 pg=255 erase_cnt=8 (vpc/ipc reset)
[EXP] [ERASE] ch=2 lun=7 pl=0 blk=97 pg=255 erase_cnt=8 (vpc/ipc reset)
[EXP] [ERASE] ch=3 lun=0 pl=0 blk=97 pg=255 erase_cnt=8 (vpc/ipc reset)
[EXP] [ERASE] ch=3 lun=1 pl=0 blk=97 pg=255 erase_cnt=8 (vpc/ipc reset)
[EXP] [ERASE] ch=3 lun=2 pl=0 blk=97 pg=255 erase_cnt=8 (vpc/ipc reset)
[EXP] [ERASE] ch=3 lun=3 pl=0 blk=97 pg=255 erase_cnt=8 (vpc/ipc reset)
[EXP] [ERASE] ch=3 lun=4 pl=0 blk=97 pg=255 erase_cnt=8 (vpc/ipc reset)
[EXP] [ERASE] ch=3 lun=5 pl=0 blk=97 pg=255 erase_cnt=8 (vpc/ipc reset)
[EXP] [ERASE] ch=3 lun=6 pl=0 blk=97 pg=255 erase_cnt=8 (vpc/ipc reset)
[EXP] [ERASE] ch=3 lun=7 pl=0 blk=97 pg=255 erase_cnt=8 (vpc/ipc reset)
[EXP] [ERASE] ch=4 lun=0 pl=0 blk=97 pg=255 erase_cnt=8 (vpc/ipc reset)
[EXP] [ERASE] ch=4 lun=1 pl=0 blk=97 pg=255 erase_cnt=8 (vpc/ipc reset)
[EXP] [ERASE] ch=4 lun=2 pl=0 blk=97 pg=255 erase_cnt=8 (vpc/ipc reset)
[EXP] [ERASE] ch=4 lun=3 pl=0 blk=97 pg=255 erase_cnt=8 (vpc/ipc reset)
[EXP] [ERASE] ch=4 lun=4 pl=0 blk=97 pg=255 erase_cnt=8 (vpc/ipc reset)
[EXP] [ERASE] ch=4 lun=5 pl=0 blk=97 pg=255 erase_cnt=8 (vpc/ipc reset)
[EXP] [ERASE] ch=4 lun=6 pl=0 blk=97 pg=255 erase_cnt=8 (vpc/ipc reset)
[EXP] [ERASE] ch=4 lun=7 pl=0 blk=97 pg=255 erase_cnt=8 (vpc/ipc reset)
[EXP] [ERASE] ch=5 lun=0 pl=0 blk=97 pg=255 erase_cnt=8 (vpc/ipc reset)
[EXP] [ERASE] ch=5 lun=1 pl=0 blk=97 pg=255 erase_cnt=8 (vpc/ipc reset)
[EXP] [ERASE] ch=5 lun=2 pl=0 blk=97 pg=255 erase_cnt=8 (vpc/ipc reset)
[EXP] [ERASE] ch=5 lun=3 pl=0 blk=97 pg=255 erase_cnt=8 (vpc/ipc reset)
[EXP] [ERASE] ch=5 lun=4 pl=0 blk=97 pg=255 erase_cnt=8 (vpc/ipc reset)
[EXP] [ERASE] ch=5 lun=5 pl=0 blk=97 pg=255 erase_cnt=8 (vpc/ipc reset)
[EXP] [ERASE] ch=5 lun=6 pl=0 blk=97 pg=255 erase_cnt=8 (vpc/ipc reset)
[EXP] [ERASE] ch=5 lun=7 pl=0 blk=97 pg=255 erase_cnt=8 (vpc/ipc reset)
[EXP] [ERASE] ch=6 lun=0 pl=0 blk=97 pg=255 erase_cnt=8 (vpc/ipc reset)
[EXP] [ERASE] ch=6 lun=1 pl=0 blk=97 pg=255 erase_cnt=8 (vpc/ipc reset)
[EXP] [ERASE] ch=6 lun=2 pl=0 blk=97 pg=255 erase_cnt=8 (vpc/ipc reset)
[EXP] [ERASE] ch=6 lun=3 pl=0 blk=97 pg=255 erase_cnt=8 (vpc/ipc reset)
[EXP] [ERASE] ch=6 lun=4 pl=0 blk=97 pg=255 erase_cnt=8 (vpc/ipc reset)
[EXP] [ERASE] ch=6 lun=5 pl=0 blk=97 pg=255 erase_cnt=8 (vpc/ipc reset)
[EXP] [ERASE] ch=6 lun=6 pl=0 blk=97 pg=255 erase_cnt=8 (vpc/ipc reset)
[EXP] [ERASE] ch=6 lun=7 pl=0 blk=97 pg=255 erase_cnt=8 (vpc/ipc reset)
[EXP] [ERASE] ch=7 lun=0 pl=0 blk=97 pg=255 erase_cnt=8 (vpc/ipc reset)
[EXP] [ERASE] ch=7 lun=1 pl=0 blk=97 pg=255 erase_cnt=8 (vpc/ipc reset)
[EXP] [ERASE] ch=7 lun=2 pl=0 blk=97 pg=255 erase_cnt=8 (vpc/ipc reset)
[EXP] [ERASE] ch=7 lun=3 pl=0 blk=97 pg=255 erase_cnt=8 (vpc/ipc reset)
[EXP] [ERASE] ch=7 lun=4 pl=0 blk=97 pg=255 erase_cnt=8 (vpc/ipc reset)
[EXP] [ERASE] ch=7 lun=5 pl=0 blk=97 pg=255 erase_cnt=8 (vpc/ipc reset)
[EXP] [ERASE] ch=7 lun=6 pl=0 blk=97 pg=255 erase_cnt=8 (vpc/ipc reset)
[EXP] [ERASE] ch=7 lun=7 pl=0 blk=97 pg=255 erase_cnt=8 (vpc/ipc reset)
[EXP] [ERASE] ch=0 lun=0 pl=0 blk=104 pg=255 erase_cnt=1 (vpc/ipc reset)
[EXP] [ERASE] ch=0 lun=1 pl=0 blk=104 pg=255 erase_cnt=1 (vpc/ipc reset)
[EXP] [ERASE] ch=0 lun=2 pl=0 blk=104 pg=255 erase_cnt=1 (vpc/ipc reset)
[EXP] [ERASE] ch=0 lun=3 pl=0 blk=104 pg=255 erase_cnt=1 (vpc/ipc reset)
[EXP] [ERASE] ch=0 lun=4 pl=0 blk=104 pg=255 erase_cnt=1 (vpc/ipc reset)
[EXP] [ERASE] ch=0 lun=5 pl=0 blk=104 pg=255 erase_cnt=1 (vpc/ipc reset)
[EXP] [ERASE] ch=0 lun=6 pl=0 blk=104 pg=255 erase_cnt=1 (vpc/ipc reset)
[EXP] [ERASE] ch=0 lun=7 pl=0 blk=104 pg=255 erase_cnt=1 (vpc/ipc reset)
[EXP] [GC_MOVE] lpn=0 ch=1 lun=0 pl=0 blk=104 pg=0 -> ch=3 lun=6 pl=0 blk=105 pg=0
[EXP] [ERASE] ch=1 lun=0 pl=0 blk=104 pg=255 erase_cnt=1 (vpc/ipc reset)
[EXP] [ERASE] ch=1 lun=1 pl=0 blk=104 pg=255 erase_cnt=1 (vpc/ipc reset)
[EXP] [ERASE] ch=1 lun=2 pl=0 blk=104 pg=255 erase_cnt=1 (vpc/ipc reset)
[EXP] [ERASE] ch=1 lun=3 pl=0 blk=104 pg=255 erase_cnt=1 (vpc/ipc reset)
[EXP] [ERASE] ch=1 lun=4 pl=0 blk=104 pg=255 erase_cnt=1 (vpc/ipc reset)
[EXP] [ERASE] ch=1 lun=5 pl=0 blk=104 pg=255 erase_cnt=1 (vpc/ipc reset)
[EXP] [ERASE] ch=1 lun=6 pl=0 blk=104 pg=255 erase_cnt=1 (vpc/ipc reset)
[EXP] [ERASE] ch=1 lun=7 pl=0 blk=104 pg=255 erase_cnt=1 (vpc/ipc reset)
[EXP] [ERASE] ch=2 lun=0 pl=0 blk=104 pg=255 erase_cnt=1 (vpc/ipc reset)
[EXP] [ERASE] ch=2 lun=1 pl=0 blk=104 pg=255 erase_cnt=1 (vpc/ipc reset)
[EXP] [ERASE] ch=2 lun=2 pl=0 blk=104 pg=255 erase_cnt=1 (vpc/ipc reset)
[EXP] [ERASE] ch=2 lun=3 pl=0 blk=104 pg=255 erase_cnt=1 (vpc/ipc reset)
[EXP] [ERASE] ch=2 lun=4 pl=0 blk=104 pg=255 erase_cnt=1 (vpc/ipc reset)
[EXP] [ERASE] ch=2 lun=5 pl=0 blk=104 pg=255 erase_cnt=1 (vpc/ipc reset)
[EXP] [ERASE] ch=2 lun=6 pl=0 blk=104 pg=255 erase_cnt=1 (vpc/ipc reset)
[EXP] [ERASE] ch=2 lun=7 pl=0 blk=104 pg=255 erase_cnt=1 (vpc/ipc reset)
[EXP] [ERASE] ch=3 lun=0 pl=0 blk=104 pg=255 erase_cnt=1 (vpc/ipc reset)
[EXP] [ERASE] ch=3 lun=1 pl=0 blk=104 pg=255 erase_cnt=1 (vpc/ipc reset)
[EXP] [ERASE] ch=3 lun=2 pl=0 blk=104 pg=255 erase_cnt=1 (vpc/ipc reset)
[EXP] [ERASE] ch=3 lun=3 pl=0 blk=104 pg=255 erase_cnt=1 (vpc/ipc reset)
[EXP] [ERASE] ch=3 lun=4 pl=0 blk=104 pg=255 erase_cnt=1 (vpc/ipc reset)
[EXP] [ERASE] ch=3 lun=5 pl=0 blk=104 pg=255 erase_cnt=1 (vpc/ipc reset)
[EXP] [ERASE] ch=3 lun=6 pl=0 blk=104 pg=255 erase_cnt=1 (vpc/ipc reset)
[EXP] [ERASE] ch=3 lun=7 pl=0 blk=104 pg=255 erase_cnt=1 (vpc/ipc reset)
[EXP] [ERASE] ch=4 lun=0 pl=0 blk=104 pg=255 erase_cnt=1 (vpc/ipc reset)
[EXP] [ERASE] ch=4 lun=1 pl=0 blk=104 pg=255 erase_cnt=1 (vpc/ipc reset)
[EXP] [ERASE] ch=4 lun=2 pl=0 blk=104 pg=255 erase_cnt=1 (vpc/ipc reset)
[EXP] [ERASE] ch=4 lun=3 pl=0 blk=104 pg=255 erase_cnt=1 (vpc/ipc reset)
[EXP] [ERASE] ch=4 lun=4 pl=0 blk=104 pg=255 erase_cnt=1 (vpc/ipc reset)
[EXP] [ERASE] ch=4 lun=5 pl=0 blk=104 pg=255 erase_cnt=1 (vpc/ipc reset)
[EXP] [ERASE] ch=4 lun=6 pl=0 blk=104 pg=255 erase_cnt=1 (vpc/ipc reset)
[EXP] [ERASE] ch=4 lun=7 pl=0 blk=104 pg=255 erase_cnt=1 (vpc/ipc reset)
[EXP] [ERASE] ch=5 lun=0 pl=0 blk=104 pg=255 erase_cnt=1 (vpc/ipc reset)
[EXP] [ERASE] ch=5 lun=1 pl=0 blk=104 pg=255 erase_cnt=1 (vpc/ipc reset)
[EXP] [ERASE] ch=5 lun=2 pl=0 blk=104 pg=255 erase_cnt=1 (vpc/ipc reset)
[EXP] [ERASE] ch=5 lun=3 pl=0 blk=104 pg=255 erase_cnt=1 (vpc/ipc reset)
[EXP] [ERASE] ch=5 lun=4 pl=0 blk=104 pg=255 erase_cnt=1 (vpc/ipc reset)
[EXP] [ERASE] ch=5 lun=5 pl=0 blk=104 pg=255 erase_cnt=1 (vpc/ipc reset)
[EXP] [ERASE] ch=5 lun=6 pl=0 blk=104 pg=255 erase_cnt=1 (vpc/ipc reset)
[EXP] [ERASE] ch=5 lun=7 pl=0 blk=104 pg=255 erase_cnt=1 (vpc/ipc reset)
[EXP] [ERASE] ch=6 lun=0 pl=0 blk=104 pg=255 erase_cnt=1 (vpc/ipc reset)
[EXP] [ERASE] ch=6 lun=1 pl=0 blk=104 pg=255 erase_cnt=1 (vpc/ipc reset)
[EXP] [ERASE] ch=6 lun=2 pl=0 blk=104 pg=255 erase_cnt=1 (vpc/ipc reset)
[EXP] [ERASE] ch=6 lun=3 pl=0 blk=104 pg=255 erase_cnt=1 (vpc/ipc reset)
[EXP] [ERASE] ch=6 lun=4 pl=0 blk=104 pg=255 erase_cnt=1 (vpc/ipc reset)
[EXP] [ERASE] ch=6 lun=5 pl=0 blk=104 pg=255 erase_cnt=1 (vpc/ipc reset)
[EXP] [ERASE] ch=6 lun=6 pl=0 blk=104 pg=255 erase_cnt=1 (vpc/ipc reset)
[EXP] [ERASE] ch=6 lun=7 pl=0 blk=104 pg=255 erase_cnt=1 (vpc/ipc reset)
[EXP] [ERASE] ch=7 lun=0 pl=0 blk=104 pg=255 erase_cnt=1 (vpc/ipc reset)
[EXP] [ERASE] ch=7 lun=1 pl=0 blk=104 pg=255 erase_cnt=1 (vpc/ipc reset)
[EXP] [ERASE] ch=7 lun=2 pl=0 blk=104 pg=255 erase_cnt=1 (vpc/ipc reset)
[EXP] [ERASE] ch=7 lun=3 pl=0 blk=104 pg=255 erase_cnt=1 (vpc/ipc reset)
[EXP] [ERASE] ch=7 lun=4 pl=0 blk=104 pg=255 erase_cnt=1 (vpc/ipc reset)
[EXP] [ERASE] ch=7 lun=5 pl=0 blk=104 pg=255 erase_cnt=1 (vpc/ipc reset)
[EXP] [ERASE] ch=7 lun=6 pl=0 blk=104 pg=255 erase_cnt=1 (vpc/ipc reset)
[EXP] [ERASE] ch=7 lun=7 pl=0 blk=104 pg=255 erase_cnt=1 (vpc/ipc reset)
[EXP] [ERASE] ch=0 lun=0 pl=0 blk=97 pg=255 erase_cnt=9 (vpc/ipc reset)
[EXP] [ERASE] ch=0 lun=1 pl=0 blk=97 pg=255 erase_cnt=9 (vpc/ipc reset)
[EXP] [ERASE] ch=0 lun=2 pl=0 blk=97 pg=255 erase_cnt=9 (vpc/ipc reset)
[EXP] [ERASE] ch=0 lun=3 pl=0 blk=97 pg=255 erase_cnt=9 (vpc/ipc reset)
[EXP] [ERASE] ch=0 lun=4 pl=0 blk=97 pg=255 erase_cnt=9 (vpc/ipc reset)
[EXP] [ERASE] ch=0 lun=5 pl=0 blk=97 pg=255 erase_cnt=9 (vpc/ipc reset)
[EXP] [ERASE] ch=0 lun=6 pl=0 blk=97 pg=255 erase_cnt=9 (vpc/ipc reset)
[EXP] [ERASE] ch=0 lun=7 pl=0 blk=97 pg=255 erase_cnt=9 (vpc/ipc reset)
[EXP] [ERASE] ch=1 lun=0 pl=0 blk=97 pg=255 erase_cnt=9 (vpc/ipc reset)
[EXP] [ERASE] ch=1 lun=1 pl=0 blk=97 pg=255 erase_cnt=9 (vpc/ipc reset)
[EXP] [ERASE] ch=1 lun=2 pl=0 blk=97 pg=255 erase_cnt=9 (vpc/ipc reset)
[EXP] [ERASE] ch=1 lun=3 pl=0 blk=97 pg=255 erase_cnt=9 (vpc/ipc reset)
[EXP] [ERASE] ch=1 lun=4 pl=0 blk=97 pg=255 erase_cnt=9 (vpc/ipc reset)
[EXP] [ERASE] ch=1 lun=5 pl=0 blk=97 pg=255 erase_cnt=9 (vpc/ipc reset)
[EXP] [ERASE] ch=1 lun=6 pl=0 blk=97 pg=255 erase_cnt=9 (vpc/ipc reset)
[EXP] [ERASE] ch=1 lun=7 pl=0 blk=97 pg=255 erase_cnt=9 (vpc/ipc reset)
[EXP] [ERASE] ch=2 lun=0 pl=0 blk=97 pg=255 erase_cnt=9 (vpc/ipc reset)
[EXP] [ERASE] ch=2 lun=1 pl=0 blk=97 pg=255 erase_cnt=9 (vpc/ipc reset)
[EXP] [ERASE] ch=2 lun=2 pl=0 blk=97 pg=255 erase_cnt=9 (vpc/ipc reset)
[EXP] [ERASE] ch=2 lun=3 pl=0 blk=97 pg=255 erase_cnt=9 (vpc/ipc reset)
[EXP] [ERASE] ch=2 lun=4 pl=0 blk=97 pg=255 erase_cnt=9 (vpc/ipc reset)
[EXP] [ERASE] ch=2 lun=5 pl=0 blk=97 pg=255 erase_cnt=9 (vpc/ipc reset)
[EXP] [ERASE] ch=2 lun=6 pl=0 blk=97 pg=255 erase_cnt=9 (vpc/ipc reset)
[EXP] [ERASE] ch=2 lun=7 pl=0 blk=97 pg=255 erase_cnt=9 (vpc/ipc reset)
[EXP] [ERASE] ch=3 lun=0 pl=0 blk=97 pg=255 erase_cnt=9 (vpc/ipc reset)
[EXP] [ERASE] ch=3 lun=1 pl=0 blk=97 pg=255 erase_cnt=9 (vpc/ipc reset)
[EXP] [ERASE] ch=3 lun=2 pl=0 blk=97 pg=255 erase_cnt=9 (vpc/ipc reset)
[EXP] [ERASE] ch=3 lun=3 pl=0 blk=97 pg=255 erase_cnt=9 (vpc/ipc reset)
[EXP] [ERASE] ch=3 lun=4 pl=0 blk=97 pg=255 erase_cnt=9 (vpc/ipc reset)
[EXP] [ERASE] ch=3 lun=5 pl=0 blk=97 pg=255 erase_cnt=9 (vpc/ipc reset)
[EXP] [ERASE] ch=3 lun=6 pl=0 blk=97 pg=255 erase_cnt=9 (vpc/ipc reset)
[EXP] [ERASE] ch=3 lun=7 pl=0 blk=97 pg=255 erase_cnt=9 (vpc/ipc reset)
[EXP] [ERASE] ch=4 lun=0 pl=0 blk=97 pg=255 erase_cnt=9 (vpc/ipc reset)
[EXP] [ERASE] ch=4 lun=1 pl=0 blk=97 pg=255 erase_cnt=9 (vpc/ipc reset)
[EXP] [ERASE] ch=4 lun=2 pl=0 blk=97 pg=255 erase_cnt=9 (vpc/ipc reset)
[EXP] [ERASE] ch=4 lun=3 pl=0 blk=97 pg=255 erase_cnt=9 (vpc/ipc reset)
[EXP] [ERASE] ch=4 lun=4 pl=0 blk=97 pg=255 erase_cnt=9 (vpc/ipc reset)
[EXP] [ERASE] ch=4 lun=5 pl=0 blk=97 pg=255 erase_cnt=9 (vpc/ipc reset)
[EXP] [ERASE] ch=4 lun=6 pl=0 blk=97 pg=255 erase_cnt=9 (vpc/ipc reset)
[EXP] [ERASE] ch=4 lun=7 pl=0 blk=97 pg=255 erase_cnt=9 (vpc/ipc reset)
[EXP] [ERASE] ch=5 lun=0 pl=0 blk=97 pg=255 erase_cnt=9 (vpc/ipc reset)
[EXP] [ERASE] ch=5 lun=1 pl=0 blk=97 pg=255 erase_cnt=9 (vpc/ipc reset)
[EXP] [ERASE] ch=5 lun=2 pl=0 blk=97 pg=255 erase_cnt=9 (vpc/ipc reset)
[EXP] [ERASE] ch=5 lun=3 pl=0 blk=97 pg=255 erase_cnt=9 (vpc/ipc reset)
[EXP] [ERASE] ch=5 lun=4 pl=0 blk=97 pg=255 erase_cnt=9 (vpc/ipc reset)
[EXP] [ERASE] ch=5 lun=5 pl=0 blk=97 pg=255 erase_cnt=9 (vpc/ipc reset)
[EXP] [ERASE] ch=5 lun=6 pl=0 blk=97 pg=255 erase_cnt=9 (vpc/ipc reset)
[EXP] [ERASE] ch=5 lun=7 pl=0 blk=97 pg=255 erase_cnt=9 (vpc/ipc reset)
[EXP] [ERASE] ch=6 lun=0 pl=0 blk=97 pg=255 erase_cnt=9 (vpc/ipc reset)
[EXP] [ERASE] ch=6 lun=1 pl=0 blk=97 pg=255 erase_cnt=9 (vpc/ipc reset)
[EXP] [ERASE] ch=6 lun=2 pl=0 blk=97 pg=255 erase_cnt=9 (vpc/ipc reset)
[EXP] [ERASE] ch=6 lun=3 pl=0 blk=97 pg=255 erase_cnt=9 (vpc/ipc reset)
[EXP] [ERASE] ch=6 lun=4 pl=0 blk=97 pg=255 erase_cnt=9 (vpc/ipc reset)
[EXP] [ERASE] ch=6 lun=5 pl=0 blk=97 pg=255 erase_cnt=9 (vpc/ipc reset)
[EXP] [ERASE] ch=6 lun=6 pl=0 blk=97 pg=255 erase_cnt=9 (vpc/ipc reset)
[EXP] [ERASE] ch=6 lun=7 pl=0 blk=97 pg=255 erase_cnt=9 (vpc/ipc reset)
[EXP] [ERASE] ch=7 lun=0 pl=0 blk=97 pg=255 erase_cnt=9 (vpc/ipc reset)
[EXP] [ERASE] ch=7 lun=1 pl=0 blk=97 pg=255 erase_cnt=9 (vpc/ipc reset)
[EXP] [ERASE] ch=7 lun=2 pl=0 blk=97 pg=255 erase_cnt=9 (vpc/ipc reset)
[EXP] [ERASE] ch=7 lun=3 pl=0 blk=97 pg=255 erase_cnt=9 (vpc/ipc reset)
[EXP] [ERASE] ch=7 lun=4 pl=0 blk=97 pg=255 erase_cnt=9 (vpc/ipc reset)
[EXP] [ERASE] ch=7 lun=5 pl=0 blk=97 pg=255 erase_cnt=9 (vpc/ipc reset)
[EXP] [ERASE] ch=7 lun=6 pl=0 blk=97 pg=255 erase_cnt=9 (vpc/ipc reset)
[EXP] [ERASE] ch=7 lun=7 pl=0 blk=97 pg=255 erase_cnt=9 (vpc/ipc reset)
[EXP] [ERASE] ch=0 lun=0 pl=0 blk=97 pg=255 erase_cnt=10 (vpc/ipc reset)
[EXP] [ERASE] ch=0 lun=1 pl=0 blk=97 pg=255 erase_cnt=10 (vpc/ipc reset)
[EXP] [ERASE] ch=0 lun=2 pl=0 blk=97 pg=255 erase_cnt=10 (vpc/ipc reset)
[EXP] [ERASE] ch=0 lun=3 pl=0 blk=97 pg=255 erase_cnt=10 (vpc/ipc reset)
[EXP] [ERASE] ch=0 lun=4 pl=0 blk=97 pg=255 erase_cnt=10 (vpc/ipc reset)
[EXP] [ERASE] ch=0 lun=5 pl=0 blk=97 pg=255 erase_cnt=10 (vpc/ipc reset)
[EXP] [ERASE] ch=0 lun=6 pl=0 blk=97 pg=255 erase_cnt=10 (vpc/ipc reset)
[EXP] [ERASE] ch=0 lun=7 pl=0 blk=97 pg=255 erase_cnt=10 (vpc/ipc reset)
[EXP] [ERASE] ch=1 lun=0 pl=0 blk=97 pg=255 erase_cnt=10 (vpc/ipc reset)
[EXP] [ERASE] ch=1 lun=1 pl=0 blk=97 pg=255 erase_cnt=10 (vpc/ipc reset)
[EXP] [ERASE] ch=1 lun=2 pl=0 blk=97 pg=255 erase_cnt=10 (vpc/ipc reset)
[EXP] [ERASE] ch=1 lun=3 pl=0 blk=97 pg=255 erase_cnt=10 (vpc/ipc reset)
[EXP] [ERASE] ch=1 lun=4 pl=0 blk=97 pg=255 erase_cnt=10 (vpc/ipc reset)
[EXP] [ERASE] ch=1 lun=5 pl=0 blk=97 pg=255 erase_cnt=10 (vpc/ipc reset)
[EXP] [ERASE] ch=1 lun=6 pl=0 blk=97 pg=255 erase_cnt=10 (vpc/ipc reset)
[EXP] [ERASE] ch=1 lun=7 pl=0 blk=97 pg=255 erase_cnt=10 (vpc/ipc reset)
[EXP] [ERASE] ch=2 lun=0 pl=0 blk=97 pg=255 erase_cnt=10 (vpc/ipc reset)
[EXP] [ERASE] ch=2 lun=1 pl=0 blk=97 pg=255 erase_cnt=10 (vpc/ipc reset)
[EXP] [ERASE] ch=2 lun=2 pl=0 blk=97 pg=255 erase_cnt=10 (vpc/ipc reset)
[EXP] [ERASE] ch=2 lun=3 pl=0 blk=97 pg=255 erase_cnt=10 (vpc/ipc reset)
[EXP] [ERASE] ch=2 lun=4 pl=0 blk=97 pg=255 erase_cnt=10 (vpc/ipc reset)
[EXP] [ERASE] ch=2 lun=5 pl=0 blk=97 pg=255 erase_cnt=10 (vpc/ipc reset)
[EXP] [ERASE] ch=2 lun=6 pl=0 blk=97 pg=255 erase_cnt=10 (vpc/ipc reset)
[EXP] [ERASE] ch=2 lun=7 pl=0 blk=97 pg=255 erase_cnt=10 (vpc/ipc reset)
[EXP] [ERASE] ch=3 lun=0 pl=0 blk=97 pg=255 erase_cnt=10 (vpc/ipc reset)
[EXP] [ERASE] ch=3 lun=1 pl=0 blk=97 pg=255 erase_cnt=10 (vpc/ipc reset)
[EXP] [ERASE] ch=3 lun=2 pl=0 blk=97 pg=255 erase_cnt=10 (vpc/ipc reset)
[EXP] [ERASE] ch=3 lun=3 pl=0 blk=97 pg=255 erase_cnt=10 (vpc/ipc reset)
[EXP] [ERASE] ch=3 lun=4 pl=0 blk=97 pg=255 erase_cnt=10 (vpc/ipc reset)
[EXP] [ERASE] ch=3 lun=5 pl=0 blk=97 pg=255 erase_cnt=10 (vpc/ipc reset)
[EXP] [ERASE] ch=3 lun=6 pl=0 blk=97 pg=255 erase_cnt=10 (vpc/ipc reset)
[EXP] [ERASE] ch=3 lun=7 pl=0 blk=97 pg=255 erase_cnt=10 (vpc/ipc reset)
[EXP] [ERASE] ch=4 lun=0 pl=0 blk=97 pg=255 erase_cnt=10 (vpc/ipc reset)
[EXP] [ERASE] ch=4 lun=1 pl=0 blk=97 pg=255 erase_cnt=10 (vpc/ipc reset)
[EXP] [ERASE] ch=4 lun=2 pl=0 blk=97 pg=255 erase_cnt=10 (vpc/ipc reset)
[EXP] [ERASE] ch=4 lun=3 pl=0 blk=97 pg=255 erase_cnt=10 (vpc/ipc reset)
[EXP] [ERASE] ch=4 lun=4 pl=0 blk=97 pg=255 erase_cnt=10 (vpc/ipc reset)
[EXP] [ERASE] ch=4 lun=5 pl=0 blk=97 pg=255 erase_cnt=10 (vpc/ipc reset)
[EXP] [ERASE] ch=4 lun=6 pl=0 blk=97 pg=255 erase_cnt=10 (vpc/ipc reset)
[EXP] [ERASE] ch=4 lun=7 pl=0 blk=97 pg=255 erase_cnt=10 (vpc/ipc reset)
[EXP] [ERASE] ch=5 lun=0 pl=0 blk=97 pg=255 erase_cnt=10 (vpc/ipc reset)
[EXP] [ERASE] ch=5 lun=1 pl=0 blk=97 pg=255 erase_cnt=10 (vpc/ipc reset)
[EXP] [ERASE] ch=5 lun=2 pl=0 blk=97 pg=255 erase_cnt=10 (vpc/ipc reset)
[EXP] [ERASE] ch=5 lun=3 pl=0 blk=97 pg=255 erase_cnt=10 (vpc/ipc reset)
[EXP] [ERASE] ch=5 lun=4 pl=0 blk=97 pg=255 erase_cnt=10 (vpc/ipc reset)
[EXP] [ERASE] ch=5 lun=5 pl=0 blk=97 pg=255 erase_cnt=10 (vpc/ipc reset)
[EXP] [ERASE] ch=5 lun=6 pl=0 blk=97 pg=255 erase_cnt=10 (vpc/ipc reset)
[EXP] [ERASE] ch=5 lun=7 pl=0 blk=97 pg=255 erase_cnt=10 (vpc/ipc reset)
[EXP] [ERASE] ch=6 lun=0 pl=0 blk=97 pg=255 erase_cnt=10 (vpc/ipc reset)
[EXP] [ERASE] ch=6 lun=1 pl=0 blk=97 pg=255 erase_cnt=10 (vpc/ipc reset)
[EXP] [ERASE] ch=6 lun=2 pl=0 blk=97 pg=255 erase_cnt=10 (vpc/ipc reset)
[EXP] [ERASE] ch=6 lun=3 pl=0 blk=97 pg=255 erase_cnt=10 (vpc/ipc reset)
[EXP] [ERASE] ch=6 lun=4 pl=0 blk=97 pg=255 erase_cnt=10 (vpc/ipc reset)
[EXP] [ERASE] ch=6 lun=5 pl=0 blk=97 pg=255 erase_cnt=10 (vpc/ipc reset)
[EXP] [ERASE] ch=6 lun=6 pl=0 blk=97 pg=255 erase_cnt=10 (vpc/ipc reset)
[EXP] [ERASE] ch=6 lun=7 pl=0 blk=97 pg=255 erase_cnt=10 (vpc/ipc reset)
[EXP] [ERASE] ch=7 lun=0 pl=0 blk=97 pg=255 erase_cnt=10 (vpc/ipc reset)
[EXP] [ERASE] ch=7 lun=1 pl=0 blk=97 pg=255 erase_cnt=10 (vpc/ipc reset)
[EXP] [ERASE] ch=7 lun=2 pl=0 blk=97 pg=255 erase_cnt=10 (vpc/ipc reset)
[EXP] [ERASE] ch=7 lun=3 pl=0 blk=97 pg=255 erase_cnt=10 (vpc/ipc reset)
[EXP] [ERASE] ch=7 lun=4 pl=0 blk=97 pg=255 erase_cnt=10 (vpc/ipc reset)
[EXP] [ERASE] ch=7 lun=5 pl=0 blk=97 pg=255 erase_cnt=10 (vpc/ipc reset)
[EXP] [ERASE] ch=7 lun=6 pl=0 blk=97 pg=255 erase_cnt=10 (vpc/ipc reset)
[EXP] [ERASE] ch=7 lun=7 pl=0 blk=97 pg=255 erase_cnt=10 (vpc/ipc reset)
[EXP] [ERASE] ch=0 lun=0 pl=0 blk=97 pg=255 erase_cnt=11 (vpc/ipc reset)
[EXP] [ERASE] ch=0 lun=1 pl=0 blk=97 pg=255 erase_cnt=11 (vpc/ipc reset)
[EXP] [ERASE] ch=0 lun=2 pl=0 blk=97 pg=255 erase_cnt=11 (vpc/ipc reset)
[EXP] [ERASE] ch=0 lun=3 pl=0 blk=97 pg=255 erase_cnt=11 (vpc/ipc reset)
[EXP] [ERASE] ch=0 lun=4 pl=0 blk=97 pg=255 erase_cnt=11 (vpc/ipc reset)
[EXP] [ERASE] ch=0 lun=5 pl=0 blk=97 pg=255 erase_cnt=11 (vpc/ipc reset)
[EXP] [ERASE] ch=0 lun=6 pl=0 blk=97 pg=255 erase_cnt=11 (vpc/ipc reset)
[EXP] [ERASE] ch=0 lun=7 pl=0 blk=97 pg=255 erase_cnt=11 (vpc/ipc reset)
[EXP] [ERASE] ch=1 lun=0 pl=0 blk=97 pg=255 erase_cnt=11 (vpc/ipc reset)
[EXP] [ERASE] ch=1 lun=1 pl=0 blk=97 pg=255 erase_cnt=11 (vpc/ipc reset)
[EXP] [ERASE] ch=1 lun=2 pl=0 blk=97 pg=255 erase_cnt=11 (vpc/ipc reset)
[EXP] [ERASE] ch=1 lun=3 pl=0 blk=97 pg=255 erase_cnt=11 (vpc/ipc reset)
[EXP] [ERASE] ch=1 lun=4 pl=0 blk=97 pg=255 erase_cnt=11 (vpc/ipc reset)
[EXP] [ERASE] ch=1 lun=5 pl=0 blk=97 pg=255 erase_cnt=11 (vpc/ipc reset)
[EXP] [ERASE] ch=1 lun=6 pl=0 blk=97 pg=255 erase_cnt=11 (vpc/ipc reset)
[EXP] [ERASE] ch=1 lun=7 pl=0 blk=97 pg=255 erase_cnt=11 (vpc/ipc reset)
[EXP] [ERASE] ch=2 lun=0 pl=0 blk=97 pg=255 erase_cnt=11 (vpc/ipc reset)
[EXP] [ERASE] ch=2 lun=1 pl=0 blk=97 pg=255 erase_cnt=11 (vpc/ipc reset)
[EXP] [ERASE] ch=2 lun=2 pl=0 blk=97 pg=255 erase_cnt=11 (vpc/ipc reset)
[EXP] [ERASE] ch=2 lun=3 pl=0 blk=97 pg=255 erase_cnt=11 (vpc/ipc reset)
[EXP] [ERASE] ch=2 lun=4 pl=0 blk=97 pg=255 erase_cnt=11 (vpc/ipc reset)
[EXP] [ERASE] ch=2 lun=5 pl=0 blk=97 pg=255 erase_cnt=11 (vpc/ipc reset)
[EXP] [ERASE] ch=2 lun=6 pl=0 blk=97 pg=255 erase_cnt=11 (vpc/ipc reset)
[EXP] [ERASE] ch=2 lun=7 pl=0 blk=97 pg=255 erase_cnt=11 (vpc/ipc reset)
[EXP] [ERASE] ch=3 lun=0 pl=0 blk=97 pg=255 erase_cnt=11 (vpc/ipc reset)
[EXP] [ERASE] ch=3 lun=1 pl=0 blk=97 pg=255 erase_cnt=11 (vpc/ipc reset)
[EXP] [ERASE] ch=3 lun=2 pl=0 blk=97 pg=255 erase_cnt=11 (vpc/ipc reset)
[EXP] [ERASE] ch=3 lun=3 pl=0 blk=97 pg=255 erase_cnt=11 (vpc/ipc reset)
[EXP] [ERASE] ch=3 lun=4 pl=0 blk=97 pg=255 erase_cnt=11 (vpc/ipc reset)
[EXP] [ERASE] ch=3 lun=5 pl=0 blk=97 pg=255 erase_cnt=11 (vpc/ipc reset)
[EXP] [ERASE] ch=3 lun=6 pl=0 blk=97 pg=255 erase_cnt=11 (vpc/ipc reset)
[EXP] [ERASE] ch=3 lun=7 pl=0 blk=97 pg=255 erase_cnt=11 (vpc/ipc reset)
[EXP] [ERASE] ch=4 lun=0 pl=0 blk=97 pg=255 erase_cnt=11 (vpc/ipc reset)
[EXP] [ERASE] ch=4 lun=1 pl=0 blk=97 pg=255 erase_cnt=11 (vpc/ipc reset)
[EXP] [ERASE] ch=4 lun=2 pl=0 blk=97 pg=255 erase_cnt=11 (vpc/ipc reset)
[EXP] [ERASE] ch=4 lun=3 pl=0 blk=97 pg=255 erase_cnt=11 (vpc/ipc reset)
[EXP] [ERASE] ch=4 lun=4 pl=0 blk=97 pg=255 erase_cnt=11 (vpc/ipc reset)
[EXP] [ERASE] ch=4 lun=5 pl=0 blk=97 pg=255 erase_cnt=11 (vpc/ipc reset)
[EXP] [ERASE] ch=4 lun=6 pl=0 blk=97 pg=255 erase_cnt=11 (vpc/ipc reset)
[EXP] [ERASE] ch=4 lun=7 pl=0 blk=97 pg=255 erase_cnt=11 (vpc/ipc reset)
[EXP] [ERASE] ch=5 lun=0 pl=0 blk=97 pg=255 erase_cnt=11 (vpc/ipc reset)
[EXP] [ERASE] ch=5 lun=1 pl=0 blk=97 pg=255 erase_cnt=11 (vpc/ipc reset)
[EXP] [ERASE] ch=5 lun=2 pl=0 blk=97 pg=255 erase_cnt=11 (vpc/ipc reset)
[EXP] [ERASE] ch=5 lun=3 pl=0 blk=97 pg=255 erase_cnt=11 (vpc/ipc reset)
[EXP] [ERASE] ch=5 lun=4 pl=0 blk=97 pg=255 erase_cnt=11 (vpc/ipc reset)
[EXP] [ERASE] ch=5 lun=5 pl=0 blk=97 pg=255 erase_cnt=11 (vpc/ipc reset)
[EXP] [ERASE] ch=5 lun=6 pl=0 blk=97 pg=255 erase_cnt=11 (vpc/ipc reset)
[EXP] [ERASE] ch=5 lun=7 pl=0 blk=97 pg=255 erase_cnt=11 (vpc/ipc reset)
[EXP] [ERASE] ch=6 lun=0 pl=0 blk=97 pg=255 erase_cnt=11 (vpc/ipc reset)
[EXP] [ERASE] ch=6 lun=1 pl=0 blk=97 pg=255 erase_cnt=11 (vpc/ipc reset)
[EXP] [ERASE] ch=6 lun=2 pl=0 blk=97 pg=255 erase_cnt=11 (vpc/ipc reset)
[EXP] [ERASE] ch=6 lun=3 pl=0 blk=97 pg=255 erase_cnt=11 (vpc/ipc reset)
[EXP] [ERASE] ch=6 lun=4 pl=0 blk=97 pg=255 erase_cnt=11 (vpc/ipc reset)
[EXP] [ERASE] ch=6 lun=5 pl=0 blk=97 pg=255 erase_cnt=11 (vpc/ipc reset)
[EXP] [ERASE] ch=6 lun=6 pl=0 blk=97 pg=255 erase_cnt=11 (vpc/ipc reset)
[EXP] [ERASE] ch=6 lun=7 pl=0 blk=97 pg=255 erase_cnt=11 (vpc/ipc reset)
[EXP] [ERASE] ch=7 lun=0 pl=0 blk=97 pg=255 erase_cnt=11 (vpc/ipc reset)
[EXP] [ERASE] ch=7 lun=1 pl=0 blk=97 pg=255 erase_cnt=11 (vpc/ipc reset)
[EXP] [ERASE] ch=7 lun=2 pl=0 blk=97 pg=255 erase_cnt=11 (vpc/ipc reset)
[EXP] [ERASE] ch=7 lun=3 pl=0 blk=97 pg=255 erase_cnt=11 (vpc/ipc reset)
[EXP] [ERASE] ch=7 lun=4 pl=0 blk=97 pg=255 erase_cnt=11 (vpc/ipc reset)
[EXP] [ERASE] ch=7 lun=5 pl=0 blk=97 pg=255 erase_cnt=11 (vpc/ipc reset)
[EXP] [ERASE] ch=7 lun=6 pl=0 blk=97 pg=255 erase_cnt=11 (vpc/ipc reset)
[EXP] [ERASE] ch=7 lun=7 pl=0 blk=97 pg=255 erase_cnt=11 (vpc/ipc reset)
[EXP] [ERASE] ch=0 lun=0 pl=0 blk=97 pg=255 erase_cnt=12 (vpc/ipc reset)
[EXP] [ERASE] ch=0 lun=1 pl=0 blk=97 pg=255 erase_cnt=12 (vpc/ipc reset)
[EXP] [ERASE] ch=0 lun=2 pl=0 blk=97 pg=255 erase_cnt=12 (vpc/ipc reset)
[EXP] [ERASE] ch=0 lun=3 pl=0 blk=97 pg=255 erase_cnt=12 (vpc/ipc reset)
[EXP] [ERASE] ch=0 lun=4 pl=0 blk=97 pg=255 erase_cnt=12 (vpc/ipc reset)
[EXP] [ERASE] ch=0 lun=5 pl=0 blk=97 pg=255 erase_cnt=12 (vpc/ipc reset)
[EXP] [ERASE] ch=0 lun=6 pl=0 blk=97 pg=255 erase_cnt=12 (vpc/ipc reset)
[EXP] [ERASE] ch=0 lun=7 pl=0 blk=97 pg=255 erase_cnt=12 (vpc/ipc reset)
[EXP] [ERASE] ch=1 lun=0 pl=0 blk=97 pg=255 erase_cnt=12 (vpc/ipc reset)
[EXP] [ERASE] ch=1 lun=1 pl=0 blk=97 pg=255 erase_cnt=12 (vpc/ipc reset)
[EXP] [ERASE] ch=1 lun=2 pl=0 blk=97 pg=255 erase_cnt=12 (vpc/ipc reset)
[EXP] [ERASE] ch=1 lun=3 pl=0 blk=97 pg=255 erase_cnt=12 (vpc/ipc reset)
[EXP] [ERASE] ch=1 lun=4 pl=0 blk=97 pg=255 erase_cnt=12 (vpc/ipc reset)
[EXP] [ERASE] ch=1 lun=5 pl=0 blk=97 pg=255 erase_cnt=12 (vpc/ipc reset)
[EXP] [ERASE] ch=1 lun=6 pl=0 blk=97 pg=255 erase_cnt=12 (vpc/ipc reset)
[EXP] [ERASE] ch=1 lun=7 pl=0 blk=97 pg=255 erase_cnt=12 (vpc/ipc reset)
[EXP] [ERASE] ch=2 lun=0 pl=0 blk=97 pg=255 erase_cnt=12 (vpc/ipc reset)
[EXP] [ERASE] ch=2 lun=1 pl=0 blk=97 pg=255 erase_cnt=12 (vpc/ipc reset)
[EXP] [ERASE] ch=2 lun=2 pl=0 blk=97 pg=255 erase_cnt=12 (vpc/ipc reset)
[EXP] [ERASE] ch=2 lun=3 pl=0 blk=97 pg=255 erase_cnt=12 (vpc/ipc reset)
[EXP] [ERASE] ch=2 lun=4 pl=0 blk=97 pg=255 erase_cnt=12 (vpc/ipc reset)
[EXP] [ERASE] ch=2 lun=5 pl=0 blk=97 pg=255 erase_cnt=12 (vpc/ipc reset)
[EXP] [ERASE] ch=2 lun=6 pl=0 blk=97 pg=255 erase_cnt=12 (vpc/ipc reset)
[EXP] [ERASE] ch=2 lun=7 pl=0 blk=97 pg=255 erase_cnt=12 (vpc/ipc reset)
[EXP] [ERASE] ch=3 lun=0 pl=0 blk=97 pg=255 erase_cnt=12 (vpc/ipc reset)
[EXP] [ERASE] ch=3 lun=1 pl=0 blk=97 pg=255 erase_cnt=12 (vpc/ipc reset)
[EXP] [ERASE] ch=3 lun=2 pl=0 blk=97 pg=255 erase_cnt=12 (vpc/ipc reset)
[EXP] [ERASE] ch=3 lun=3 pl=0 blk=97 pg=255 erase_cnt=12 (vpc/ipc reset)
[EXP] [ERASE] ch=3 lun=4 pl=0 blk=97 pg=255 erase_cnt=12 (vpc/ipc reset)
[EXP] [ERASE] ch=3 lun=5 pl=0 blk=97 pg=255 erase_cnt=12 (vpc/ipc reset)
[EXP] [ERASE] ch=3 lun=6 pl=0 blk=97 pg=255 erase_cnt=12 (vpc/ipc reset)
[EXP] [ERASE] ch=3 lun=7 pl=0 blk=97 pg=255 erase_cnt=12 (vpc/ipc reset)
[EXP] [ERASE] ch=4 lun=0 pl=0 blk=97 pg=255 erase_cnt=12 (vpc/ipc reset)
[EXP] [ERASE] ch=4 lun=1 pl=0 blk=97 pg=255 erase_cnt=12 (vpc/ipc reset)
[EXP] [ERASE] ch=4 lun=2 pl=0 blk=97 pg=255 erase_cnt=12 (vpc/ipc reset)
[EXP] [ERASE] ch=4 lun=3 pl=0 blk=97 pg=255 erase_cnt=12 (vpc/ipc reset)
[EXP] [ERASE] ch=4 lun=4 pl=0 blk=97 pg=255 erase_cnt=12 (vpc/ipc reset)
[EXP] [ERASE] ch=4 lun=5 pl=0 blk=97 pg=255 erase_cnt=12 (vpc/ipc reset)
[EXP] [ERASE] ch=4 lun=6 pl=0 blk=97 pg=255 erase_cnt=12 (vpc/ipc reset)
[EXP] [ERASE] ch=4 lun=7 pl=0 blk=97 pg=255 erase_cnt=12 (vpc/ipc reset)
[EXP] [ERASE] ch=5 lun=0 pl=0 blk=97 pg=255 erase_cnt=12 (vpc/ipc reset)
[EXP] [ERASE] ch=5 lun=1 pl=0 blk=97 pg=255 erase_cnt=12 (vpc/ipc reset)
[EXP] [ERASE] ch=5 lun=2 pl=0 blk=97 pg=255 erase_cnt=12 (vpc/ipc reset)
[EXP] [ERASE] ch=5 lun=3 pl=0 blk=97 pg=255 erase_cnt=12 (vpc/ipc reset)
[EXP] [ERASE] ch=5 lun=4 pl=0 blk=97 pg=255 erase_cnt=12 (vpc/ipc reset)
[EXP] [ERASE] ch=5 lun=5 pl=0 blk=97 pg=255 erase_cnt=12 (vpc/ipc reset)
[EXP] [ERASE] ch=5 lun=6 pl=0 blk=97 pg=255 erase_cnt=12 (vpc/ipc reset)
[EXP] [ERASE] ch=5 lun=7 pl=0 blk=97 pg=255 erase_cnt=12 (vpc/ipc reset)
[EXP] [ERASE] ch=6 lun=0 pl=0 blk=97 pg=255 erase_cnt=12 (vpc/ipc reset)
[EXP] [ERASE] ch=6 lun=1 pl=0 blk=97 pg=255 erase_cnt=12 (vpc/ipc reset)
[EXP] [ERASE] ch=6 lun=2 pl=0 blk=97 pg=255 erase_cnt=12 (vpc/ipc reset)
[EXP] [ERASE] ch=6 lun=3 pl=0 blk=97 pg=255 erase_cnt=12 (vpc/ipc reset)
[EXP] [ERASE] ch=6 lun=4 pl=0 blk=97 pg=255 erase_cnt=12 (vpc/ipc reset)
[EXP] [ERASE] ch=6 lun=5 pl=0 blk=97 pg=255 erase_cnt=12 (vpc/ipc reset)
[EXP] [ERASE] ch=6 lun=6 pl=0 blk=97 pg=255 erase_cnt=12 (vpc/ipc reset)
[EXP] [ERASE] ch=6 lun=7 pl=0 blk=97 pg=255 erase_cnt=12 (vpc/ipc reset)
[EXP] [ERASE] ch=7 lun=0 pl=0 blk=97 pg=255 erase_cnt=12 (vpc/ipc reset)
[EXP] [ERASE] ch=7 lun=1 pl=0 blk=97 pg=255 erase_cnt=12 (vpc/ipc reset)
[EXP] [ERASE] ch=7 lun=2 pl=0 blk=97 pg=255 erase_cnt=12 (vpc/ipc reset)
[EXP] [ERASE] ch=7 lun=3 pl=0 blk=97 pg=255 erase_cnt=12 (vpc/ipc reset)
[EXP] [ERASE] ch=7 lun=4 pl=0 blk=97 pg=255 erase_cnt=12 (vpc/ipc reset)
[EXP] [ERASE] ch=7 lun=5 pl=0 blk=97 pg=255 erase_cnt=12 (vpc/ipc reset)
[EXP] [ERASE] ch=7 lun=6 pl=0 blk=97 pg=255 erase_cnt=12 (vpc/ipc reset)
[EXP] [ERASE] ch=7 lun=7 pl=0 blk=97 pg=255 erase_cnt=12 (vpc/ipc reset)
[EXP] [ERASE] ch=0 lun=0 pl=0 blk=105 pg=255 erase_cnt=1 (vpc/ipc reset)
[EXP] [ERASE] ch=0 lun=1 pl=0 blk=105 pg=255 erase_cnt=1 (vpc/ipc reset)
[EXP] [ERASE] ch=0 lun=2 pl=0 blk=105 pg=255 erase_cnt=1 (vpc/ipc reset)
[EXP] [ERASE] ch=0 lun=3 pl=0 blk=105 pg=255 erase_cnt=1 (vpc/ipc reset)
[EXP] [ERASE] ch=0 lun=4 pl=0 blk=105 pg=255 erase_cnt=1 (vpc/ipc reset)
[EXP] [ERASE] ch=0 lun=5 pl=0 blk=105 pg=255 erase_cnt=1 (vpc/ipc reset)
[EXP] [ERASE] ch=0 lun=6 pl=0 blk=105 pg=255 erase_cnt=1 (vpc/ipc reset)
[EXP] [ERASE] ch=0 lun=7 pl=0 blk=105 pg=255 erase_cnt=1 (vpc/ipc reset)
[EXP] [ERASE] ch=1 lun=0 pl=0 blk=105 pg=255 erase_cnt=1 (vpc/ipc reset)
[EXP] [ERASE] ch=1 lun=1 pl=0 blk=105 pg=255 erase_cnt=1 (vpc/ipc reset)
[EXP] [ERASE] ch=1 lun=2 pl=0 blk=105 pg=255 erase_cnt=1 (vpc/ipc reset)
[EXP] [ERASE] ch=1 lun=3 pl=0 blk=105 pg=255 erase_cnt=1 (vpc/ipc reset)
[EXP] [ERASE] ch=1 lun=4 pl=0 blk=105 pg=255 erase_cnt=1 (vpc/ipc reset)
[EXP] [ERASE] ch=1 lun=5 pl=0 blk=105 pg=255 erase_cnt=1 (vpc/ipc reset)
[EXP] [ERASE] ch=1 lun=6 pl=0 blk=105 pg=255 erase_cnt=1 (vpc/ipc reset)
[EXP] [ERASE] ch=1 lun=7 pl=0 blk=105 pg=255 erase_cnt=1 (vpc/ipc reset)
[EXP] [ERASE] ch=2 lun=0 pl=0 blk=105 pg=255 erase_cnt=1 (vpc/ipc reset)
[EXP] [ERASE] ch=2 lun=1 pl=0 blk=105 pg=255 erase_cnt=1 (vpc/ipc reset)
[EXP] [ERASE] ch=2 lun=2 pl=0 blk=105 pg=255 erase_cnt=1 (vpc/ipc reset)
[EXP] [ERASE] ch=2 lun=3 pl=0 blk=105 pg=255 erase_cnt=1 (vpc/ipc reset)
[EXP] [ERASE] ch=2 lun=4 pl=0 blk=105 pg=255 erase_cnt=1 (vpc/ipc reset)
[EXP] [ERASE] ch=2 lun=5 pl=0 blk=105 pg=255 erase_cnt=1 (vpc/ipc reset)
[EXP] [ERASE] ch=2 lun=6 pl=0 blk=105 pg=255 erase_cnt=1 (vpc/ipc reset)
[EXP] [ERASE] ch=2 lun=7 pl=0 blk=105 pg=255 erase_cnt=1 (vpc/ipc reset)
[EXP] [ERASE] ch=3 lun=0 pl=0 blk=105 pg=255 erase_cnt=1 (vpc/ipc reset)
[EXP] [ERASE] ch=3 lun=1 pl=0 blk=105 pg=255 erase_cnt=1 (vpc/ipc reset)
[EXP] [ERASE] ch=3 lun=2 pl=0 blk=105 pg=255 erase_cnt=1 (vpc/ipc reset)
[EXP] [ERASE] ch=3 lun=3 pl=0 blk=105 pg=255 erase_cnt=1 (vpc/ipc reset)
[EXP] [ERASE] ch=3 lun=4 pl=0 blk=105 pg=255 erase_cnt=1 (vpc/ipc reset)
[EXP] [ERASE] ch=3 lun=5 pl=0 blk=105 pg=255 erase_cnt=1 (vpc/ipc reset)
[EXP] [GC_MOVE] lpn=0 ch=3 lun=6 pl=0 blk=105 pg=0 -> ch=0 lun=4 pl=0 blk=106 pg=3
[EXP] [ERASE] ch=3 lun=6 pl=0 blk=105 pg=255 erase_cnt=1 (vpc/ipc reset)
[EXP] [ERASE] ch=3 lun=7 pl=0 blk=105 pg=255 erase_cnt=1 (vpc/ipc reset)
[EXP] [ERASE] ch=4 lun=0 pl=0 blk=105 pg=255 erase_cnt=1 (vpc/ipc reset)
[EXP] [ERASE] ch=4 lun=1 pl=0 blk=105 pg=255 erase_cnt=1 (vpc/ipc reset)
[EXP] [ERASE] ch=4 lun=2 pl=0 blk=105 pg=255 erase_cnt=1 (vpc/ipc reset)
[EXP] [ERASE] ch=4 lun=3 pl=0 blk=105 pg=255 erase_cnt=1 (vpc/ipc reset)
[EXP] [ERASE] ch=4 lun=4 pl=0 blk=105 pg=255 erase_cnt=1 (vpc/ipc reset)
[EXP] [ERASE] ch=4 lun=5 pl=0 blk=105 pg=255 erase_cnt=1 (vpc/ipc reset)
[EXP] [ERASE] ch=4 lun=6 pl=0 blk=105 pg=255 erase_cnt=1 (vpc/ipc reset)
[EXP] [ERASE] ch=4 lun=7 pl=0 blk=105 pg=255 erase_cnt=1 (vpc/ipc reset)
[EXP] [ERASE] ch=5 lun=0 pl=0 blk=105 pg=255 erase_cnt=1 (vpc/ipc reset)
[EXP] [ERASE] ch=5 lun=1 pl=0 blk=105 pg=255 erase_cnt=1 (vpc/ipc reset)
[EXP] [ERASE] ch=5 lun=2 pl=0 blk=105 pg=255 erase_cnt=1 (vpc/ipc reset)
[EXP] [ERASE] ch=5 lun=3 pl=0 blk=105 pg=255 erase_cnt=1 (vpc/ipc reset)
[EXP] [ERASE] ch=5 lun=4 pl=0 blk=105 pg=255 erase_cnt=1 (vpc/ipc reset)
[EXP] [ERASE] ch=5 lun=5 pl=0 blk=105 pg=255 erase_cnt=1 (vpc/ipc reset)
[EXP] [ERASE] ch=5 lun=6 pl=0 blk=105 pg=255 erase_cnt=1 (vpc/ipc reset)
[EXP] [ERASE] ch=5 lun=7 pl=0 blk=105 pg=255 erase_cnt=1 (vpc/ipc reset)
[EXP] [ERASE] ch=6 lun=0 pl=0 blk=105 pg=255 erase_cnt=1 (vpc/ipc reset)
[EXP] [ERASE] ch=6 lun=1 pl=0 blk=105 pg=255 erase_cnt=1 (vpc/ipc reset)
[EXP] [ERASE] ch=6 lun=2 pl=0 blk=105 pg=255 erase_cnt=1 (vpc/ipc reset)
[EXP] [ERASE] ch=6 lun=3 pl=0 blk=105 pg=255 erase_cnt=1 (vpc/ipc reset)
[EXP] [ERASE] ch=6 lun=4 pl=0 blk=105 pg=255 erase_cnt=1 (vpc/ipc reset)
[EXP] [ERASE] ch=6 lun=5 pl=0 blk=105 pg=255 erase_cnt=1 (vpc/ipc reset)
[EXP] [ERASE] ch=6 lun=6 pl=0 blk=105 pg=255 erase_cnt=1 (vpc/ipc reset)
[EXP] [ERASE] ch=6 lun=7 pl=0 blk=105 pg=255 erase_cnt=1 (vpc/ipc reset)
[EXP] [ERASE] ch=7 lun=0 pl=0 blk=105 pg=255 erase_cnt=1 (vpc/ipc reset)
[EXP] [ERASE] ch=7 lun=1 pl=0 blk=105 pg=255 erase_cnt=1 (vpc/ipc reset)
[EXP] [ERASE] ch=7 lun=2 pl=0 blk=105 pg=255 erase_cnt=1 (vpc/ipc reset)
[EXP] [ERASE] ch=7 lun=3 pl=0 blk=105 pg=255 erase_cnt=1 (vpc/ipc reset)
[EXP] [ERASE] ch=7 lun=4 pl=0 blk=105 pg=255 erase_cnt=1 (vpc/ipc reset)
[EXP] [ERASE] ch=7 lun=5 pl=0 blk=105 pg=255 erase_cnt=1 (vpc/ipc reset)
[EXP] [ERASE] ch=7 lun=6 pl=0 blk=105 pg=255 erase_cnt=1 (vpc/ipc reset)
[EXP] [ERASE] ch=7 lun=7 pl=0 blk=105 pg=255 erase_cnt=1 (vpc/ipc reset)
[EXP] [ERASE] ch=0 lun=0 pl=0 blk=97 pg=255 erase_cnt=13 (vpc/ipc reset)
[EXP] [ERASE] ch=0 lun=1 pl=0 blk=97 pg=255 erase_cnt=13 (vpc/ipc reset)
[EXP] [ERASE] ch=0 lun=2 pl=0 blk=97 pg=255 erase_cnt=13 (vpc/ipc reset)
[EXP] [ERASE] ch=0 lun=3 pl=0 blk=97 pg=255 erase_cnt=13 (vpc/ipc reset)
[EXP] [ERASE] ch=0 lun=4 pl=0 blk=97 pg=255 erase_cnt=13 (vpc/ipc reset)
[EXP] [ERASE] ch=0 lun=5 pl=0 blk=97 pg=255 erase_cnt=13 (vpc/ipc reset)
[EXP] [ERASE] ch=0 lun=6 pl=0 blk=97 pg=255 erase_cnt=13 (vpc/ipc reset)
[EXP] [ERASE] ch=0 lun=7 pl=0 blk=97 pg=255 erase_cnt=13 (vpc/ipc reset)
[EXP] [ERASE] ch=1 lun=0 pl=0 blk=97 pg=255 erase_cnt=13 (vpc/ipc reset)
[EXP] [ERASE] ch=1 lun=1 pl=0 blk=97 pg=255 erase_cnt=13 (vpc/ipc reset)
[EXP] [ERASE] ch=1 lun=2 pl=0 blk=97 pg=255 erase_cnt=13 (vpc/ipc reset)
[EXP] [ERASE] ch=1 lun=3 pl=0 blk=97 pg=255 erase_cnt=13 (vpc/ipc reset)
[EXP] [ERASE] ch=1 lun=4 pl=0 blk=97 pg=255 erase_cnt=13 (vpc/ipc reset)
[EXP] [ERASE] ch=1 lun=5 pl=0 blk=97 pg=255 erase_cnt=13 (vpc/ipc reset)
[EXP] [ERASE] ch=1 lun=6 pl=0 blk=97 pg=255 erase_cnt=13 (vpc/ipc reset)
[EXP] [ERASE] ch=1 lun=7 pl=0 blk=97 pg=255 erase_cnt=13 (vpc/ipc reset)
[EXP] [ERASE] ch=2 lun=0 pl=0 blk=97 pg=255 erase_cnt=13 (vpc/ipc reset)
[EXP] [ERASE] ch=2 lun=1 pl=0 blk=97 pg=255 erase_cnt=13 (vpc/ipc reset)
[EXP] [ERASE] ch=2 lun=2 pl=0 blk=97 pg=255 erase_cnt=13 (vpc/ipc reset)
[EXP] [ERASE] ch=2 lun=3 pl=0 blk=97 pg=255 erase_cnt=13 (vpc/ipc reset)
[EXP] [ERASE] ch=2 lun=4 pl=0 blk=97 pg=255 erase_cnt=13 (vpc/ipc reset)
[EXP] [ERASE] ch=2 lun=5 pl=0 blk=97 pg=255 erase_cnt=13 (vpc/ipc reset)
[EXP] [ERASE] ch=2 lun=6 pl=0 blk=97 pg=255 erase_cnt=13 (vpc/ipc reset)
[EXP] [ERASE] ch=2 lun=7 pl=0 blk=97 pg=255 erase_cnt=13 (vpc/ipc reset)
[EXP] [ERASE] ch=3 lun=0 pl=0 blk=97 pg=255 erase_cnt=13 (vpc/ipc reset)
[EXP] [ERASE] ch=3 lun=1 pl=0 blk=97 pg=255 erase_cnt=13 (vpc/ipc reset)
[EXP] [ERASE] ch=3 lun=2 pl=0 blk=97 pg=255 erase_cnt=13 (vpc/ipc reset)
[EXP] [ERASE] ch=3 lun=3 pl=0 blk=97 pg=255 erase_cnt=13 (vpc/ipc reset)
[EXP] [ERASE] ch=3 lun=4 pl=0 blk=97 pg=255 erase_cnt=13 (vpc/ipc reset)
[EXP] [ERASE] ch=3 lun=5 pl=0 blk=97 pg=255 erase_cnt=13 (vpc/ipc reset)
[EXP] [ERASE] ch=3 lun=6 pl=0 blk=97 pg=255 erase_cnt=13 (vpc/ipc reset)
[EXP] [ERASE] ch=3 lun=7 pl=0 blk=97 pg=255 erase_cnt=13 (vpc/ipc reset)
[EXP] [ERASE] ch=4 lun=0 pl=0 blk=97 pg=255 erase_cnt=13 (vpc/ipc reset)
[EXP] [ERASE] ch=4 lun=1 pl=0 blk=97 pg=255 erase_cnt=13 (vpc/ipc reset)
[EXP] [ERASE] ch=4 lun=2 pl=0 blk=97 pg=255 erase_cnt=13 (vpc/ipc reset)
[EXP] [ERASE] ch=4 lun=3 pl=0 blk=97 pg=255 erase_cnt=13 (vpc/ipc reset)
[EXP] [ERASE] ch=4 lun=4 pl=0 blk=97 pg=255 erase_cnt=13 (vpc/ipc reset)
[EXP] [ERASE] ch=4 lun=5 pl=0 blk=97 pg=255 erase_cnt=13 (vpc/ipc reset)
[EXP] [ERASE] ch=4 lun=6 pl=0 blk=97 pg=255 erase_cnt=13 (vpc/ipc reset)
[EXP] [ERASE] ch=4 lun=7 pl=0 blk=97 pg=255 erase_cnt=13 (vpc/ipc reset)
[EXP] [ERASE] ch=5 lun=0 pl=0 blk=97 pg=255 erase_cnt=13 (vpc/ipc reset)
[EXP] [ERASE] ch=5 lun=1 pl=0 blk=97 pg=255 erase_cnt=13 (vpc/ipc reset)
[EXP] [ERASE] ch=5 lun=2 pl=0 blk=97 pg=255 erase_cnt=13 (vpc/ipc reset)
[EXP] [ERASE] ch=5 lun=3 pl=0 blk=97 pg=255 erase_cnt=13 (vpc/ipc reset)
[EXP] [ERASE] ch=5 lun=4 pl=0 blk=97 pg=255 erase_cnt=13 (vpc/ipc reset)
[EXP] [ERASE] ch=5 lun=5 pl=0 blk=97 pg=255 erase_cnt=13 (vpc/ipc reset)
[EXP] [ERASE] ch=5 lun=6 pl=0 blk=97 pg=255 erase_cnt=13 (vpc/ipc reset)
[EXP] [ERASE] ch=5 lun=7 pl=0 blk=97 pg=255 erase_cnt=13 (vpc/ipc reset)
[EXP] [ERASE] ch=6 lun=0 pl=0 blk=97 pg=255 erase_cnt=13 (vpc/ipc reset)
[EXP] [ERASE] ch=6 lun=1 pl=0 blk=97 pg=255 erase_cnt=13 (vpc/ipc reset)
[EXP] [ERASE] ch=6 lun=2 pl=0 blk=97 pg=255 erase_cnt=13 (vpc/ipc reset)
[EXP] [ERASE] ch=6 lun=3 pl=0 blk=97 pg=255 erase_cnt=13 (vpc/ipc reset)
[EXP] [ERASE] ch=6 lun=4 pl=0 blk=97 pg=255 erase_cnt=13 (vpc/ipc reset)
[EXP] [ERASE] ch=6 lun=5 pl=0 blk=97 pg=255 erase_cnt=13 (vpc/ipc reset)
[EXP] [ERASE] ch=6 lun=6 pl=0 blk=97 pg=255 erase_cnt=13 (vpc/ipc reset)
[EXP] [ERASE] ch=6 lun=7 pl=0 blk=97 pg=255 erase_cnt=13 (vpc/ipc reset)
[EXP] [ERASE] ch=7 lun=0 pl=0 blk=97 pg=255 erase_cnt=13 (vpc/ipc reset)
[EXP] [ERASE] ch=7 lun=1 pl=0 blk=97 pg=255 erase_cnt=13 (vpc/ipc reset)
[EXP] [ERASE] ch=7 lun=2 pl=0 blk=97 pg=255 erase_cnt=13 (vpc/ipc reset)
[EXP] [ERASE] ch=7 lun=3 pl=0 blk=97 pg=255 erase_cnt=13 (vpc/ipc reset)
[EXP] [ERASE] ch=7 lun=4 pl=0 blk=97 pg=255 erase_cnt=13 (vpc/ipc reset)
[EXP] [ERASE] ch=7 lun=5 pl=0 blk=97 pg=255 erase_cnt=13 (vpc/ipc reset)
[EXP] [ERASE] ch=7 lun=6 pl=0 blk=97 pg=255 erase_cnt=13 (vpc/ipc reset)
[EXP] [ERASE] ch=7 lun=7 pl=0 blk=97 pg=255 erase_cnt=13 (vpc/ipc reset)
[EXP] [ERASE] ch=0 lun=0 pl=0 blk=106 pg=255 erase_cnt=1 (vpc/ipc reset)
[EXP] [ERASE] ch=0 lun=1 pl=0 blk=106 pg=255 erase_cnt=1 (vpc/ipc reset)
[EXP] [ERASE] ch=0 lun=2 pl=0 blk=106 pg=255 erase_cnt=1 (vpc/ipc reset)
[EXP] [ERASE] ch=0 lun=3 pl=0 blk=106 pg=255 erase_cnt=1 (vpc/ipc reset)
[EXP] [GC_MOVE] lpn=0 ch=0 lun=4 pl=0 blk=106 pg=3 -> ch=7 lun=3 pl=0 blk=107 pg=0
[EXP] [ERASE] ch=0 lun=4 pl=0 blk=106 pg=255 erase_cnt=1 (vpc/ipc reset)
[EXP] [ERASE] ch=0 lun=5 pl=0 blk=106 pg=255 erase_cnt=1 (vpc/ipc reset)
[EXP] [ERASE] ch=0 lun=6 pl=0 blk=106 pg=255 erase_cnt=1 (vpc/ipc reset)
[EXP] [ERASE] ch=0 lun=7 pl=0 blk=106 pg=255 erase_cnt=1 (vpc/ipc reset)
[EXP] [ERASE] ch=1 lun=0 pl=0 blk=106 pg=255 erase_cnt=1 (vpc/ipc reset)
[EXP] [ERASE] ch=1 lun=1 pl=0 blk=106 pg=255 erase_cnt=1 (vpc/ipc reset)
[EXP] [ERASE] ch=1 lun=2 pl=0 blk=106 pg=255 erase_cnt=1 (vpc/ipc reset)
[EXP] [ERASE] ch=1 lun=3 pl=0 blk=106 pg=255 erase_cnt=1 (vpc/ipc reset)
[EXP] [ERASE] ch=1 lun=4 pl=0 blk=106 pg=255 erase_cnt=1 (vpc/ipc reset)
[EXP] [ERASE] ch=1 lun=5 pl=0 blk=106 pg=255 erase_cnt=1 (vpc/ipc reset)
[EXP] [ERASE] ch=1 lun=6 pl=0 blk=106 pg=255 erase_cnt=1 (vpc/ipc reset)
[EXP] [ERASE] ch=1 lun=7 pl=0 blk=106 pg=255 erase_cnt=1 (vpc/ipc reset)
[EXP] [ERASE] ch=2 lun=0 pl=0 blk=106 pg=255 erase_cnt=1 (vpc/ipc reset)
[EXP] [ERASE] ch=2 lun=1 pl=0 blk=106 pg=255 erase_cnt=1 (vpc/ipc reset)
[EXP] [ERASE] ch=2 lun=2 pl=0 blk=106 pg=255 erase_cnt=1 (vpc/ipc reset)
[EXP] [ERASE] ch=2 lun=3 pl=0 blk=106 pg=255 erase_cnt=1 (vpc/ipc reset)
[EXP] [ERASE] ch=2 lun=4 pl=0 blk=106 pg=255 erase_cnt=1 (vpc/ipc reset)
[EXP] [ERASE] ch=2 lun=5 pl=0 blk=106 pg=255 erase_cnt=1 (vpc/ipc reset)
[EXP] [ERASE] ch=2 lun=6 pl=0 blk=106 pg=255 erase_cnt=1 (vpc/ipc reset)
[EXP] [ERASE] ch=2 lun=7 pl=0 blk=106 pg=255 erase_cnt=1 (vpc/ipc reset)
[EXP] [ERASE] ch=3 lun=0 pl=0 blk=106 pg=255 erase_cnt=1 (vpc/ipc reset)
[EXP] [ERASE] ch=3 lun=1 pl=0 blk=106 pg=255 erase_cnt=1 (vpc/ipc reset)
[EXP] [ERASE] ch=3 lun=2 pl=0 blk=106 pg=255 erase_cnt=1 (vpc/ipc reset)
[EXP] [ERASE] ch=3 lun=3 pl=0 blk=106 pg=255 erase_cnt=1 (vpc/ipc reset)
[EXP] [ERASE] ch=3 lun=4 pl=0 blk=106 pg=255 erase_cnt=1 (vpc/ipc reset)
[EXP] [ERASE] ch=3 lun=5 pl=0 blk=106 pg=255 erase_cnt=1 (vpc/ipc reset)
[EXP] [ERASE] ch=3 lun=6 pl=0 blk=106 pg=255 erase_cnt=1 (vpc/ipc reset)
[EXP] [ERASE] ch=3 lun=7 pl=0 blk=106 pg=255 erase_cnt=1 (vpc/ipc reset)
[EXP] [ERASE] ch=4 lun=0 pl=0 blk=106 pg=255 erase_cnt=1 (vpc/ipc reset)
[EXP] [ERASE] ch=4 lun=1 pl=0 blk=106 pg=255 erase_cnt=1 (vpc/ipc reset)
[EXP] [ERASE] ch=4 lun=2 pl=0 blk=106 pg=255 erase_cnt=1 (vpc/ipc reset)
[EXP] [ERASE] ch=4 lun=3 pl=0 blk=106 pg=255 erase_cnt=1 (vpc/ipc reset)
[EXP] [ERASE] ch=4 lun=4 pl=0 blk=106 pg=255 erase_cnt=1 (vpc/ipc reset)
[EXP] [ERASE] ch=4 lun=5 pl=0 blk=106 pg=255 erase_cnt=1 (vpc/ipc reset)
[EXP] [ERASE] ch=4 lun=6 pl=0 blk=106 pg=255 erase_cnt=1 (vpc/ipc reset)
[EXP] [ERASE] ch=4 lun=7 pl=0 blk=106 pg=255 erase_cnt=1 (vpc/ipc reset)
[EXP] [ERASE] ch=5 lun=0 pl=0 blk=106 pg=255 erase_cnt=1 (vpc/ipc reset)
[EXP] [ERASE] ch=5 lun=1 pl=0 blk=106 pg=255 erase_cnt=1 (vpc/ipc reset)
[EXP] [ERASE] ch=5 lun=2 pl=0 blk=106 pg=255 erase_cnt=1 (vpc/ipc reset)
[EXP] [ERASE] ch=5 lun=3 pl=0 blk=106 pg=255 erase_cnt=1 (vpc/ipc reset)
[EXP] [ERASE] ch=5 lun=4 pl=0 blk=106 pg=255 erase_cnt=1 (vpc/ipc reset)
[EXP] [ERASE] ch=5 lun=5 pl=0 blk=106 pg=255 erase_cnt=1 (vpc/ipc reset)
[EXP] [ERASE] ch=5 lun=6 pl=0 blk=106 pg=255 erase_cnt=1 (vpc/ipc reset)
[EXP] [ERASE] ch=5 lun=7 pl=0 blk=106 pg=255 erase_cnt=1 (vpc/ipc reset)
[EXP] [ERASE] ch=6 lun=0 pl=0 blk=106 pg=255 erase_cnt=1 (vpc/ipc reset)
[EXP] [ERASE] ch=6 lun=1 pl=0 blk=106 pg=255 erase_cnt=1 (vpc/ipc reset)
[EXP] [ERASE] ch=6 lun=2 pl=0 blk=106 pg=255 erase_cnt=1 (vpc/ipc reset)
[EXP] [ERASE] ch=6 lun=3 pl=0 blk=106 pg=255 erase_cnt=1 (vpc/ipc reset)
[EXP] [ERASE] ch=6 lun=4 pl=0 blk=106 pg=255 erase_cnt=1 (vpc/ipc reset)
[EXP] [ERASE] ch=6 lun=5 pl=0 blk=106 pg=255 erase_cnt=1 (vpc/ipc reset)
[EXP] [ERASE] ch=6 lun=6 pl=0 blk=106 pg=255 erase_cnt=1 (vpc/ipc reset)
[EXP] [ERASE] ch=6 lun=7 pl=0 blk=106 pg=255 erase_cnt=1 (vpc/ipc reset)
[EXP] [ERASE] ch=7 lun=0 pl=0 blk=106 pg=255 erase_cnt=1 (vpc/ipc reset)
[EXP] [ERASE] ch=7 lun=1 pl=0 blk=106 pg=255 erase_cnt=1 (vpc/ipc reset)
[EXP] [ERASE] ch=7 lun=2 pl=0 blk=106 pg=255 erase_cnt=1 (vpc/ipc reset)
[EXP] [ERASE] ch=7 lun=3 pl=0 blk=106 pg=255 erase_cnt=1 (vpc/ipc reset)
[EXP] [ERASE] ch=7 lun=4 pl=0 blk=106 pg=255 erase_cnt=1 (vpc/ipc reset)
[EXP] [ERASE] ch=7 lun=5 pl=0 blk=106 pg=255 erase_cnt=1 (vpc/ipc reset)
[EXP] [ERASE] ch=7 lun=6 pl=0 blk=106 pg=255 erase_cnt=1 (vpc/ipc reset)
[EXP] [ERASE] ch=7 lun=7 pl=0 blk=106 pg=255 erase_cnt=1 (vpc/ipc reset)
[EXP] [ERASE] ch=0 lun=0 pl=0 blk=97 pg=255 erase_cnt=14 (vpc/ipc reset)
[EXP] [ERASE] ch=0 lun=1 pl=0 blk=97 pg=255 erase_cnt=14 (vpc/ipc reset)
[EXP] [ERASE] ch=0 lun=2 pl=0 blk=97 pg=255 erase_cnt=14 (vpc/ipc reset)
[EXP] [ERASE] ch=0 lun=3 pl=0 blk=97 pg=255 erase_cnt=14 (vpc/ipc reset)
[EXP] [ERASE] ch=0 lun=4 pl=0 blk=97 pg=255 erase_cnt=14 (vpc/ipc reset)
[EXP] [ERASE] ch=0 lun=5 pl=0 blk=97 pg=255 erase_cnt=14 (vpc/ipc reset)
[EXP] [ERASE] ch=0 lun=6 pl=0 blk=97 pg=255 erase_cnt=14 (vpc/ipc reset)
[EXP] [ERASE] ch=0 lun=7 pl=0 blk=97 pg=255 erase_cnt=14 (vpc/ipc reset)
[EXP] [ERASE] ch=1 lun=0 pl=0 blk=97 pg=255 erase_cnt=14 (vpc/ipc reset)
[EXP] [ERASE] ch=1 lun=1 pl=0 blk=97 pg=255 erase_cnt=14 (vpc/ipc reset)
[EXP] [ERASE] ch=1 lun=2 pl=0 blk=97 pg=255 erase_cnt=14 (vpc/ipc reset)
[EXP] [ERASE] ch=1 lun=3 pl=0 blk=97 pg=255 erase_cnt=14 (vpc/ipc reset)
[EXP] [ERASE] ch=1 lun=4 pl=0 blk=97 pg=255 erase_cnt=14 (vpc/ipc reset)
[EXP] [ERASE] ch=1 lun=5 pl=0 blk=97 pg=255 erase_cnt=14 (vpc/ipc reset)
[EXP] [ERASE] ch=1 lun=6 pl=0 blk=97 pg=255 erase_cnt=14 (vpc/ipc reset)
[EXP] [ERASE] ch=1 lun=7 pl=0 blk=97 pg=255 erase_cnt=14 (vpc/ipc reset)
[EXP] [ERASE] ch=2 lun=0 pl=0 blk=97 pg=255 erase_cnt=14 (vpc/ipc reset)
[EXP] [ERASE] ch=2 lun=1 pl=0 blk=97 pg=255 erase_cnt=14 (vpc/ipc reset)
[EXP] [ERASE] ch=2 lun=2 pl=0 blk=97 pg=255 erase_cnt=14 (vpc/ipc reset)
[EXP] [ERASE] ch=2 lun=3 pl=0 blk=97 pg=255 erase_cnt=14 (vpc/ipc reset)
[EXP] [ERASE] ch=2 lun=4 pl=0 blk=97 pg=255 erase_cnt=14 (vpc/ipc reset)
[EXP] [ERASE] ch=2 lun=5 pl=0 blk=97 pg=255 erase_cnt=14 (vpc/ipc reset)
[EXP] [ERASE] ch=2 lun=6 pl=0 blk=97 pg=255 erase_cnt=14 (vpc/ipc reset)
[EXP] [ERASE] ch=2 lun=7 pl=0 blk=97 pg=255 erase_cnt=14 (vpc/ipc reset)
[EXP] [ERASE] ch=3 lun=0 pl=0 blk=97 pg=255 erase_cnt=14 (vpc/ipc reset)
[EXP] [ERASE] ch=3 lun=1 pl=0 blk=97 pg=255 erase_cnt=14 (vpc/ipc reset)
[EXP] [ERASE] ch=3 lun=2 pl=0 blk=97 pg=255 erase_cnt=14 (vpc/ipc reset)
[EXP] [ERASE] ch=3 lun=3 pl=0 blk=97 pg=255 erase_cnt=14 (vpc/ipc reset)
[EXP] [ERASE] ch=3 lun=4 pl=0 blk=97 pg=255 erase_cnt=14 (vpc/ipc reset)
[EXP] [ERASE] ch=3 lun=5 pl=0 blk=97 pg=255 erase_cnt=14 (vpc/ipc reset)
[EXP] [ERASE] ch=3 lun=6 pl=0 blk=97 pg=255 erase_cnt=14 (vpc/ipc reset)
[EXP] [ERASE] ch=3 lun=7 pl=0 blk=97 pg=255 erase_cnt=14 (vpc/ipc reset)
[EXP] [ERASE] ch=4 lun=0 pl=0 blk=97 pg=255 erase_cnt=14 (vpc/ipc reset)
[EXP] [ERASE] ch=4 lun=1 pl=0 blk=97 pg=255 erase_cnt=14 (vpc/ipc reset)
[EXP] [ERASE] ch=4 lun=2 pl=0 blk=97 pg=255 erase_cnt=14 (vpc/ipc reset)
[EXP] [ERASE] ch=4 lun=3 pl=0 blk=97 pg=255 erase_cnt=14 (vpc/ipc reset)
[EXP] [ERASE] ch=4 lun=4 pl=0 blk=97 pg=255 erase_cnt=14 (vpc/ipc reset)
[EXP] [ERASE] ch=4 lun=5 pl=0 blk=97 pg=255 erase_cnt=14 (vpc/ipc reset)
[EXP] [ERASE] ch=4 lun=6 pl=0 blk=97 pg=255 erase_cnt=14 (vpc/ipc reset)
[EXP] [ERASE] ch=4 lun=7 pl=0 blk=97 pg=255 erase_cnt=14 (vpc/ipc reset)
[EXP] [ERASE] ch=5 lun=0 pl=0 blk=97 pg=255 erase_cnt=14 (vpc/ipc reset)
[EXP] [ERASE] ch=5 lun=1 pl=0 blk=97 pg=255 erase_cnt=14 (vpc/ipc reset)
[EXP] [ERASE] ch=5 lun=2 pl=0 blk=97 pg=255 erase_cnt=14 (vpc/ipc reset)
[EXP] [ERASE] ch=5 lun=3 pl=0 blk=97 pg=255 erase_cnt=14 (vpc/ipc reset)
[EXP] [ERASE] ch=5 lun=4 pl=0 blk=97 pg=255 erase_cnt=14 (vpc/ipc reset)
[EXP] [ERASE] ch=5 lun=5 pl=0 blk=97 pg=255 erase_cnt=14 (vpc/ipc reset)
[EXP] [ERASE] ch=5 lun=6 pl=0 blk=97 pg=255 erase_cnt=14 (vpc/ipc reset)
[EXP] [ERASE] ch=5 lun=7 pl=0 blk=97 pg=255 erase_cnt=14 (vpc/ipc reset)
[EXP] [ERASE] ch=6 lun=0 pl=0 blk=97 pg=255 erase_cnt=14 (vpc/ipc reset)
[EXP] [ERASE] ch=6 lun=1 pl=0 blk=97 pg=255 erase_cnt=14 (vpc/ipc reset)
[EXP] [ERASE] ch=6 lun=2 pl=0 blk=97 pg=255 erase_cnt=14 (vpc/ipc reset)
[EXP] [ERASE] ch=6 lun=3 pl=0 blk=97 pg=255 erase_cnt=14 (vpc/ipc reset)
[EXP] [ERASE] ch=6 lun=4 pl=0 blk=97 pg=255 erase_cnt=14 (vpc/ipc reset)
[EXP] [ERASE] ch=6 lun=5 pl=0 blk=97 pg=255 erase_cnt=14 (vpc/ipc reset)
[EXP] [ERASE] ch=6 lun=6 pl=0 blk=97 pg=255 erase_cnt=14 (vpc/ipc reset)
[EXP] [ERASE] ch=6 lun=7 pl=0 blk=97 pg=255 erase_cnt=14 (vpc/ipc reset)
[EXP] [ERASE] ch=7 lun=0 pl=0 blk=97 pg=255 erase_cnt=14 (vpc/ipc reset)
[EXP] [ERASE] ch=7 lun=1 pl=0 blk=97 pg=255 erase_cnt=14 (vpc/ipc reset)
[EXP] [ERASE] ch=7 lun=2 pl=0 blk=97 pg=255 erase_cnt=14 (vpc/ipc reset)
[EXP] [ERASE] ch=7 lun=3 pl=0 blk=97 pg=255 erase_cnt=14 (vpc/ipc reset)
[EXP] [ERASE] ch=7 lun=4 pl=0 blk=97 pg=255 erase_cnt=14 (vpc/ipc reset)
[EXP] [ERASE] ch=7 lun=5 pl=0 blk=97 pg=255 erase_cnt=14 (vpc/ipc reset)
[EXP] [ERASE] ch=7 lun=6 pl=0 blk=97 pg=255 erase_cnt=14 (vpc/ipc reset)
[EXP] [ERASE] ch=7 lun=7 pl=0 blk=97 pg=255 erase_cnt=14 (vpc/ipc reset)
[EXP] [ERASE] ch=0 lun=0 pl=0 blk=97 pg=255 erase_cnt=15 (vpc/ipc reset)
[EXP] [ERASE] ch=0 lun=1 pl=0 blk=97 pg=255 erase_cnt=15 (vpc/ipc reset)
[EXP] [ERASE] ch=0 lun=2 pl=0 blk=97 pg=255 erase_cnt=15 (vpc/ipc reset)
[EXP] [ERASE] ch=0 lun=3 pl=0 blk=97 pg=255 erase_cnt=15 (vpc/ipc reset)
[EXP] [ERASE] ch=0 lun=4 pl=0 blk=97 pg=255 erase_cnt=15 (vpc/ipc reset)
[EXP] [ERASE] ch=0 lun=5 pl=0 blk=97 pg=255 erase_cnt=15 (vpc/ipc reset)
[EXP] [ERASE] ch=0 lun=6 pl=0 blk=97 pg=255 erase_cnt=15 (vpc/ipc reset)
[EXP] [ERASE] ch=0 lun=7 pl=0 blk=97 pg=255 erase_cnt=15 (vpc/ipc reset)
[EXP] [ERASE] ch=1 lun=0 pl=0 blk=97 pg=255 erase_cnt=15 (vpc/ipc reset)
[EXP] [ERASE] ch=1 lun=1 pl=0 blk=97 pg=255 erase_cnt=15 (vpc/ipc reset)
[EXP] [ERASE] ch=1 lun=2 pl=0 blk=97 pg=255 erase_cnt=15 (vpc/ipc reset)
[EXP] [ERASE] ch=1 lun=3 pl=0 blk=97 pg=255 erase_cnt=15 (vpc/ipc reset)
[EXP] [ERASE] ch=1 lun=4 pl=0 blk=97 pg=255 erase_cnt=15 (vpc/ipc reset)
[EXP] [ERASE] ch=1 lun=5 pl=0 blk=97 pg=255 erase_cnt=15 (vpc/ipc reset)
[EXP] [ERASE] ch=1 lun=6 pl=0 blk=97 pg=255 erase_cnt=15 (vpc/ipc reset)
[EXP] [ERASE] ch=1 lun=7 pl=0 blk=97 pg=255 erase_cnt=15 (vpc/ipc reset)
[EXP] [ERASE] ch=2 lun=0 pl=0 blk=97 pg=255 erase_cnt=15 (vpc/ipc reset)
[EXP] [ERASE] ch=2 lun=1 pl=0 blk=97 pg=255 erase_cnt=15 (vpc/ipc reset)
[EXP] [ERASE] ch=2 lun=2 pl=0 blk=97 pg=255 erase_cnt=15 (vpc/ipc reset)
[EXP] [ERASE] ch=2 lun=3 pl=0 blk=97 pg=255 erase_cnt=15 (vpc/ipc reset)
[EXP] [ERASE] ch=2 lun=4 pl=0 blk=97 pg=255 erase_cnt=15 (vpc/ipc reset)
[EXP] [ERASE] ch=2 lun=5 pl=0 blk=97 pg=255 erase_cnt=15 (vpc/ipc reset)
[EXP] [ERASE] ch=2 lun=6 pl=0 blk=97 pg=255 erase_cnt=15 (vpc/ipc reset)
[EXP] [ERASE] ch=2 lun=7 pl=0 blk=97 pg=255 erase_cnt=15 (vpc/ipc reset)
[EXP] [ERASE] ch=3 lun=0 pl=0 blk=97 pg=255 erase_cnt=15 (vpc/ipc reset)
[EXP] [ERASE] ch=3 lun=1 pl=0 blk=97 pg=255 erase_cnt=15 (vpc/ipc reset)
[EXP] [ERASE] ch=3 lun=2 pl=0 blk=97 pg=255 erase_cnt=15 (vpc/ipc reset)
[EXP] [ERASE] ch=3 lun=3 pl=0 blk=97 pg=255 erase_cnt=15 (vpc/ipc reset)
[EXP] [ERASE] ch=3 lun=4 pl=0 blk=97 pg=255 erase_cnt=15 (vpc/ipc reset)
[EXP] [ERASE] ch=3 lun=5 pl=0 blk=97 pg=255 erase_cnt=15 (vpc/ipc reset)
[EXP] [ERASE] ch=3 lun=6 pl=0 blk=97 pg=255 erase_cnt=15 (vpc/ipc reset)
[EXP] [ERASE] ch=3 lun=7 pl=0 blk=97 pg=255 erase_cnt=15 (vpc/ipc reset)
[EXP] [ERASE] ch=4 lun=0 pl=0 blk=97 pg=255 erase_cnt=15 (vpc/ipc reset)
[EXP] [ERASE] ch=4 lun=1 pl=0 blk=97 pg=255 erase_cnt=15 (vpc/ipc reset)
[EXP] [ERASE] ch=4 lun=2 pl=0 blk=97 pg=255 erase_cnt=15 (vpc/ipc reset)
[EXP] [ERASE] ch=4 lun=3 pl=0 blk=97 pg=255 erase_cnt=15 (vpc/ipc reset)
[EXP] [ERASE] ch=4 lun=4 pl=0 blk=97 pg=255 erase_cnt=15 (vpc/ipc reset)
[EXP] [ERASE] ch=4 lun=5 pl=0 blk=97 pg=255 erase_cnt=15 (vpc/ipc reset)
[EXP] [ERASE] ch=4 lun=6 pl=0 blk=97 pg=255 erase_cnt=15 (vpc/ipc reset)
[EXP] [ERASE] ch=4 lun=7 pl=0 blk=97 pg=255 erase_cnt=15 (vpc/ipc reset)
[EXP] [ERASE] ch=5 lun=0 pl=0 blk=97 pg=255 erase_cnt=15 (vpc/ipc reset)
[EXP] [ERASE] ch=5 lun=1 pl=0 blk=97 pg=255 erase_cnt=15 (vpc/ipc reset)
[EXP] [ERASE] ch=5 lun=2 pl=0 blk=97 pg=255 erase_cnt=15 (vpc/ipc reset)
[EXP] [ERASE] ch=5 lun=3 pl=0 blk=97 pg=255 erase_cnt=15 (vpc/ipc reset)
[EXP] [ERASE] ch=5 lun=4 pl=0 blk=97 pg=255 erase_cnt=15 (vpc/ipc reset)
[EXP] [ERASE] ch=5 lun=5 pl=0 blk=97 pg=255 erase_cnt=15 (vpc/ipc reset)
[EXP] [ERASE] ch=5 lun=6 pl=0 blk=97 pg=255 erase_cnt=15 (vpc/ipc reset)
[EXP] [ERASE] ch=5 lun=7 pl=0 blk=97 pg=255 erase_cnt=15 (vpc/ipc reset)
[EXP] [ERASE] ch=6 lun=0 pl=0 blk=97 pg=255 erase_cnt=15 (vpc/ipc reset)
[EXP] [ERASE] ch=6 lun=1 pl=0 blk=97 pg=255 erase_cnt=15 (vpc/ipc reset)
[EXP] [ERASE] ch=6 lun=2 pl=0 blk=97 pg=255 erase_cnt=15 (vpc/ipc reset)
[EXP] [ERASE] ch=6 lun=3 pl=0 blk=97 pg=255 erase_cnt=15 (vpc/ipc reset)
[EXP] [ERASE] ch=6 lun=4 pl=0 blk=97 pg=255 erase_cnt=15 (vpc/ipc reset)
[EXP] [ERASE] ch=6 lun=5 pl=0 blk=97 pg=255 erase_cnt=15 (vpc/ipc reset)
[EXP] [ERASE] ch=6 lun=6 pl=0 blk=97 pg=255 erase_cnt=15 (vpc/ipc reset)
[EXP] [ERASE] ch=6 lun=7 pl=0 blk=97 pg=255 erase_cnt=15 (vpc/ipc reset)
[EXP] [ERASE] ch=7 lun=0 pl=0 blk=97 pg=255 erase_cnt=15 (vpc/ipc reset)
[EXP] [ERASE] ch=7 lun=1 pl=0 blk=97 pg=255 erase_cnt=15 (vpc/ipc reset)
[EXP] [ERASE] ch=7 lun=2 pl=0 blk=97 pg=255 erase_cnt=15 (vpc/ipc reset)
[EXP] [ERASE] ch=7 lun=3 pl=0 blk=97 pg=255 erase_cnt=15 (vpc/ipc reset)
[EXP] [ERASE] ch=7 lun=4 pl=0 blk=97 pg=255 erase_cnt=15 (vpc/ipc reset)
[EXP] [ERASE] ch=7 lun=5 pl=0 blk=97 pg=255 erase_cnt=15 (vpc/ipc reset)
[EXP] [ERASE] ch=7 lun=6 pl=0 blk=97 pg=255 erase_cnt=15 (vpc/ipc reset)
[EXP] [ERASE] ch=7 lun=7 pl=0 blk=97 pg=255 erase_cnt=15 (vpc/ipc reset)
[EXP] [ERASE] ch=0 lun=0 pl=0 blk=97 pg=255 erase_cnt=16 (vpc/ipc reset)
[EXP] [ERASE] ch=0 lun=1 pl=0 blk=97 pg=255 erase_cnt=16 (vpc/ipc reset)
[EXP] [ERASE] ch=0 lun=2 pl=0 blk=97 pg=255 erase_cnt=16 (vpc/ipc reset)
[EXP] [ERASE] ch=0 lun=3 pl=0 blk=97 pg=255 erase_cnt=16 (vpc/ipc reset)
[EXP] [ERASE] ch=0 lun=4 pl=0 blk=97 pg=255 erase_cnt=16 (vpc/ipc reset)
[EXP] [ERASE] ch=0 lun=5 pl=0 blk=97 pg=255 erase_cnt=16 (vpc/ipc reset)
[EXP] [ERASE] ch=0 lun=6 pl=0 blk=97 pg=255 erase_cnt=16 (vpc/ipc reset)
[EXP] [ERASE] ch=0 lun=7 pl=0 blk=97 pg=255 erase_cnt=16 (vpc/ipc reset)
[EXP] [ERASE] ch=1 lun=0 pl=0 blk=97 pg=255 erase_cnt=16 (vpc/ipc reset)
[EXP] [ERASE] ch=1 lun=1 pl=0 blk=97 pg=255 erase_cnt=16 (vpc/ipc reset)
[EXP] [ERASE] ch=1 lun=2 pl=0 blk=97 pg=255 erase_cnt=16 (vpc/ipc reset)
[EXP] [ERASE] ch=1 lun=3 pl=0 blk=97 pg=255 erase_cnt=16 (vpc/ipc reset)
[EXP] [ERASE] ch=1 lun=4 pl=0 blk=97 pg=255 erase_cnt=16 (vpc/ipc reset)
[EXP] [ERASE] ch=1 lun=5 pl=0 blk=97 pg=255 erase_cnt=16 (vpc/ipc reset)
[EXP] [ERASE] ch=1 lun=6 pl=0 blk=97 pg=255 erase_cnt=16 (vpc/ipc reset)
[EXP] [ERASE] ch=1 lun=7 pl=0 blk=97 pg=255 erase_cnt=16 (vpc/ipc reset)
[EXP] [ERASE] ch=2 lun=0 pl=0 blk=97 pg=255 erase_cnt=16 (vpc/ipc reset)
[EXP] [ERASE] ch=2 lun=1 pl=0 blk=97 pg=255 erase_cnt=16 (vpc/ipc reset)
[EXP] [ERASE] ch=2 lun=2 pl=0 blk=97 pg=255 erase_cnt=16 (vpc/ipc reset)
[EXP] [ERASE] ch=2 lun=3 pl=0 blk=97 pg=255 erase_cnt=16 (vpc/ipc reset)
[EXP] [ERASE] ch=2 lun=4 pl=0 blk=97 pg=255 erase_cnt=16 (vpc/ipc reset)
[EXP] [ERASE] ch=2 lun=5 pl=0 blk=97 pg=255 erase_cnt=16 (vpc/ipc reset)
[EXP] [ERASE] ch=2 lun=6 pl=0 blk=97 pg=255 erase_cnt=16 (vpc/ipc reset)
[EXP] [ERASE] ch=2 lun=7 pl=0 blk=97 pg=255 erase_cnt=16 (vpc/ipc reset)
[EXP] [ERASE] ch=3 lun=0 pl=0 blk=97 pg=255 erase_cnt=16 (vpc/ipc reset)
[EXP] [ERASE] ch=3 lun=1 pl=0 blk=97 pg=255 erase_cnt=16 (vpc/ipc reset)
[EXP] [ERASE] ch=3 lun=2 pl=0 blk=97 pg=255 erase_cnt=16 (vpc/ipc reset)
[EXP] [ERASE] ch=3 lun=3 pl=0 blk=97 pg=255 erase_cnt=16 (vpc/ipc reset)
[EXP] [ERASE] ch=3 lun=4 pl=0 blk=97 pg=255 erase_cnt=16 (vpc/ipc reset)
[EXP] [ERASE] ch=3 lun=5 pl=0 blk=97 pg=255 erase_cnt=16 (vpc/ipc reset)
[EXP] [ERASE] ch=3 lun=6 pl=0 blk=97 pg=255 erase_cnt=16 (vpc/ipc reset)
[EXP] [ERASE] ch=3 lun=7 pl=0 blk=97 pg=255 erase_cnt=16 (vpc/ipc reset)
[EXP] [ERASE] ch=4 lun=0 pl=0 blk=97 pg=255 erase_cnt=16 (vpc/ipc reset)
[EXP] [ERASE] ch=4 lun=1 pl=0 blk=97 pg=255 erase_cnt=16 (vpc/ipc reset)
[EXP] [ERASE] ch=4 lun=2 pl=0 blk=97 pg=255 erase_cnt=16 (vpc/ipc reset)
[EXP] [ERASE] ch=4 lun=3 pl=0 blk=97 pg=255 erase_cnt=16 (vpc/ipc reset)
[EXP] [ERASE] ch=4 lun=4 pl=0 blk=97 pg=255 erase_cnt=16 (vpc/ipc reset)
[EXP] [ERASE] ch=4 lun=5 pl=0 blk=97 pg=255 erase_cnt=16 (vpc/ipc reset)
[EXP] [ERASE] ch=4 lun=6 pl=0 blk=97 pg=255 erase_cnt=16 (vpc/ipc reset)
[EXP] [ERASE] ch=4 lun=7 pl=0 blk=97 pg=255 erase_cnt=16 (vpc/ipc reset)
[EXP] [ERASE] ch=5 lun=0 pl=0 blk=97 pg=255 erase_cnt=16 (vpc/ipc reset)
[EXP] [ERASE] ch=5 lun=1 pl=0 blk=97 pg=255 erase_cnt=16 (vpc/ipc reset)
[EXP] [ERASE] ch=5 lun=2 pl=0 blk=97 pg=255 erase_cnt=16 (vpc/ipc reset)
[EXP] [ERASE] ch=5 lun=3 pl=0 blk=97 pg=255 erase_cnt=16 (vpc/ipc reset)
[EXP] [ERASE] ch=5 lun=4 pl=0 blk=97 pg=255 erase_cnt=16 (vpc/ipc reset)
[EXP] [ERASE] ch=5 lun=5 pl=0 blk=97 pg=255 erase_cnt=16 (vpc/ipc reset)
[EXP] [ERASE] ch=5 lun=6 pl=0 blk=97 pg=255 erase_cnt=16 (vpc/ipc reset)
[EXP] [ERASE] ch=5 lun=7 pl=0 blk=97 pg=255 erase_cnt=16 (vpc/ipc reset)
[EXP] [ERASE] ch=6 lun=0 pl=0 blk=97 pg=255 erase_cnt=16 (vpc/ipc reset)
[EXP] [ERASE] ch=6 lun=1 pl=0 blk=97 pg=255 erase_cnt=16 (vpc/ipc reset)
[EXP] [ERASE] ch=6 lun=2 pl=0 blk=97 pg=255 erase_cnt=16 (vpc/ipc reset)
[EXP] [ERASE] ch=6 lun=3 pl=0 blk=97 pg=255 erase_cnt=16 (vpc/ipc reset)
[EXP] [ERASE] ch=6 lun=4 pl=0 blk=97 pg=255 erase_cnt=16 (vpc/ipc reset)
[EXP] [ERASE] ch=6 lun=5 pl=0 blk=97 pg=255 erase_cnt=16 (vpc/ipc reset)
[EXP] [ERASE] ch=6 lun=6 pl=0 blk=97 pg=255 erase_cnt=16 (vpc/ipc reset)
[EXP] [ERASE] ch=6 lun=7 pl=0 blk=97 pg=255 erase_cnt=16 (vpc/ipc reset)
[EXP] [ERASE] ch=7 lun=0 pl=0 blk=97 pg=255 erase_cnt=16 (vpc/ipc reset)
[EXP] [ERASE] ch=7 lun=1 pl=0 blk=97 pg=255 erase_cnt=16 (vpc/ipc reset)
[EXP] [ERASE] ch=7 lun=2 pl=0 blk=97 pg=255 erase_cnt=16 (vpc/ipc reset)
[EXP] [ERASE] ch=7 lun=3 pl=0 blk=97 pg=255 erase_cnt=16 (vpc/ipc reset)
[EXP] [ERASE] ch=7 lun=4 pl=0 blk=97 pg=255 erase_cnt=16 (vpc/ipc reset)
[EXP] [ERASE] ch=7 lun=5 pl=0 blk=97 pg=255 erase_cnt=16 (vpc/ipc reset)
[EXP] [ERASE] ch=7 lun=6 pl=0 blk=97 pg=255 erase_cnt=16 (vpc/ipc reset)
[EXP] [ERASE] ch=7 lun=7 pl=0 blk=97 pg=255 erase_cnt=16 (vpc/ipc reset)
[EXP] [ERASE] ch=0 lun=0 pl=0 blk=107 pg=255 erase_cnt=1 (vpc/ipc reset)
[EXP] [ERASE] ch=0 lun=1 pl=0 blk=107 pg=255 erase_cnt=1 (vpc/ipc reset)
[EXP] [ERASE] ch=0 lun=2 pl=0 blk=107 pg=255 erase_cnt=1 (vpc/ipc reset)
[EXP] [ERASE] ch=0 lun=3 pl=0 blk=107 pg=255 erase_cnt=1 (vpc/ipc reset)
[EXP] [ERASE] ch=0 lun=4 pl=0 blk=107 pg=255 erase_cnt=1 (vpc/ipc reset)
[EXP] [ERASE] ch=0 lun=5 pl=0 blk=107 pg=255 erase_cnt=1 (vpc/ipc reset)
[EXP] [ERASE] ch=0 lun=6 pl=0 blk=107 pg=255 erase_cnt=1 (vpc/ipc reset)
[EXP] [ERASE] ch=0 lun=7 pl=0 blk=107 pg=255 erase_cnt=1 (vpc/ipc reset)
[EXP] [ERASE] ch=1 lun=0 pl=0 blk=107 pg=255 erase_cnt=1 (vpc/ipc reset)
[EXP] [ERASE] ch=1 lun=1 pl=0 blk=107 pg=255 erase_cnt=1 (vpc/ipc reset)
[EXP] [ERASE] ch=1 lun=2 pl=0 blk=107 pg=255 erase_cnt=1 (vpc/ipc reset)
[EXP] [ERASE] ch=1 lun=3 pl=0 blk=107 pg=255 erase_cnt=1 (vpc/ipc reset)
[EXP] [ERASE] ch=1 lun=4 pl=0 blk=107 pg=255 erase_cnt=1 (vpc/ipc reset)
[EXP] [ERASE] ch=1 lun=5 pl=0 blk=107 pg=255 erase_cnt=1 (vpc/ipc reset)
[EXP] [ERASE] ch=1 lun=6 pl=0 blk=107 pg=255 erase_cnt=1 (vpc/ipc reset)
[EXP] [ERASE] ch=1 lun=7 pl=0 blk=107 pg=255 erase_cnt=1 (vpc/ipc reset)
[EXP] [ERASE] ch=2 lun=0 pl=0 blk=107 pg=255 erase_cnt=1 (vpc/ipc reset)
[EXP] [ERASE] ch=2 lun=1 pl=0 blk=107 pg=255 erase_cnt=1 (vpc/ipc reset)
[EXP] [ERASE] ch=2 lun=2 pl=0 blk=107 pg=255 erase_cnt=1 (vpc/ipc reset)
[EXP] [ERASE] ch=2 lun=3 pl=0 blk=107 pg=255 erase_cnt=1 (vpc/ipc reset)
[EXP] [ERASE] ch=2 lun=4 pl=0 blk=107 pg=255 erase_cnt=1 (vpc/ipc reset)
[EXP] [ERASE] ch=2 lun=5 pl=0 blk=107 pg=255 erase_cnt=1 (vpc/ipc reset)
[EXP] [ERASE] ch=2 lun=6 pl=0 blk=107 pg=255 erase_cnt=1 (vpc/ipc reset)
[EXP] [ERASE] ch=2 lun=7 pl=0 blk=107 pg=255 erase_cnt=1 (vpc/ipc reset)
[EXP] [ERASE] ch=3 lun=0 pl=0 blk=107 pg=255 erase_cnt=1 (vpc/ipc reset)
[EXP] [ERASE] ch=3 lun=1 pl=0 blk=107 pg=255 erase_cnt=1 (vpc/ipc reset)
[EXP] [ERASE] ch=3 lun=2 pl=0 blk=107 pg=255 erase_cnt=1 (vpc/ipc reset)
[EXP] [ERASE] ch=3 lun=3 pl=0 blk=107 pg=255 erase_cnt=1 (vpc/ipc reset)
[EXP] [ERASE] ch=3 lun=4 pl=0 blk=107 pg=255 erase_cnt=1 (vpc/ipc reset)
[EXP] [ERASE] ch=3 lun=5 pl=0 blk=107 pg=255 erase_cnt=1 (vpc/ipc reset)
[EXP] [ERASE] ch=3 lun=6 pl=0 blk=107 pg=255 erase_cnt=1 (vpc/ipc reset)
[EXP] [ERASE] ch=3 lun=7 pl=0 blk=107 pg=255 erase_cnt=1 (vpc/ipc reset)
[EXP] [ERASE] ch=4 lun=0 pl=0 blk=107 pg=255 erase_cnt=1 (vpc/ipc reset)
[EXP] [ERASE] ch=4 lun=1 pl=0 blk=107 pg=255 erase_cnt=1 (vpc/ipc reset)
[EXP] [ERASE] ch=4 lun=2 pl=0 blk=107 pg=255 erase_cnt=1 (vpc/ipc reset)
[EXP] [ERASE] ch=4 lun=3 pl=0 blk=107 pg=255 erase_cnt=1 (vpc/ipc reset)
[EXP] [ERASE] ch=4 lun=4 pl=0 blk=107 pg=255 erase_cnt=1 (vpc/ipc reset)
[EXP] [ERASE] ch=4 lun=5 pl=0 blk=107 pg=255 erase_cnt=1 (vpc/ipc reset)
[EXP] [ERASE] ch=4 lun=6 pl=0 blk=107 pg=255 erase_cnt=1 (vpc/ipc reset)
[EXP] [ERASE] ch=4 lun=7 pl=0 blk=107 pg=255 erase_cnt=1 (vpc/ipc reset)
[EXP] [ERASE] ch=5 lun=0 pl=0 blk=107 pg=255 erase_cnt=1 (vpc/ipc reset)
[EXP] [ERASE] ch=5 lun=1 pl=0 blk=107 pg=255 erase_cnt=1 (vpc/ipc reset)
[EXP] [ERASE] ch=5 lun=2 pl=0 blk=107 pg=255 erase_cnt=1 (vpc/ipc reset)
[EXP] [ERASE] ch=5 lun=3 pl=0 blk=107 pg=255 erase_cnt=1 (vpc/ipc reset)
[EXP] [ERASE] ch=5 lun=4 pl=0 blk=107 pg=255 erase_cnt=1 (vpc/ipc reset)
[EXP] [ERASE] ch=5 lun=5 pl=0 blk=107 pg=255 erase_cnt=1 (vpc/ipc reset)
[EXP] [ERASE] ch=5 lun=6 pl=0 blk=107 pg=255 erase_cnt=1 (vpc/ipc reset)
[EXP] [ERASE] ch=5 lun=7 pl=0 blk=107 pg=255 erase_cnt=1 (vpc/ipc reset)
[EXP] [ERASE] ch=6 lun=0 pl=0 blk=107 pg=255 erase_cnt=1 (vpc/ipc reset)
[EXP] [ERASE] ch=6 lun=1 pl=0 blk=107 pg=255 erase_cnt=1 (vpc/ipc reset)
[EXP] [ERASE] ch=6 lun=2 pl=0 blk=107 pg=255 erase_cnt=1 (vpc/ipc reset)
[EXP] [ERASE] ch=6 lun=3 pl=0 blk=107 pg=255 erase_cnt=1 (vpc/ipc reset)
[EXP] [ERASE] ch=6 lun=4 pl=0 blk=107 pg=255 erase_cnt=1 (vpc/ipc reset)
[EXP] [ERASE] ch=6 lun=5 pl=0 blk=107 pg=255 erase_cnt=1 (vpc/ipc reset)
[EXP] [ERASE] ch=6 lun=6 pl=0 blk=107 pg=255 erase_cnt=1 (vpc/ipc reset)
[EXP] [ERASE] ch=6 lun=7 pl=0 blk=107 pg=255 erase_cnt=1 (vpc/ipc reset)
[EXP] [ERASE] ch=7 lun=0 pl=0 blk=107 pg=255 erase_cnt=1 (vpc/ipc reset)
[EXP] [ERASE] ch=7 lun=1 pl=0 blk=107 pg=255 erase_cnt=1 (vpc/ipc reset)
[EXP] [ERASE] ch=7 lun=2 pl=0 blk=107 pg=255 erase_cnt=1 (vpc/ipc reset)
[EXP] [GC_MOVE] lpn=0 ch=7 lun=3 pl=0 blk=107 pg=0 -> ch=2 lun=0 pl=0 blk=108 pg=8
[EXP] [ERASE] ch=7 lun=3 pl=0 blk=107 pg=255 erase_cnt=1 (vpc/ipc reset)
[EXP] [ERASE] ch=7 lun=4 pl=0 blk=107 pg=255 erase_cnt=1 (vpc/ipc reset)
[EXP] [ERASE] ch=7 lun=5 pl=0 blk=107 pg=255 erase_cnt=1 (vpc/ipc reset)
[EXP] [ERASE] ch=7 lun=6 pl=0 blk=107 pg=255 erase_cnt=1 (vpc/ipc reset)
[EXP] [ERASE] ch=7 lun=7 pl=0 blk=107 pg=255 erase_cnt=1 (vpc/ipc reset)
[EXP] [ERASE] ch=0 lun=0 pl=0 blk=97 pg=255 erase_cnt=17 (vpc/ipc reset)
[EXP] [ERASE] ch=0 lun=1 pl=0 blk=97 pg=255 erase_cnt=17 (vpc/ipc reset)
[EXP] [ERASE] ch=0 lun=2 pl=0 blk=97 pg=255 erase_cnt=17 (vpc/ipc reset)
[EXP] [ERASE] ch=0 lun=3 pl=0 blk=97 pg=255 erase_cnt=17 (vpc/ipc reset)
[EXP] [ERASE] ch=0 lun=4 pl=0 blk=97 pg=255 erase_cnt=17 (vpc/ipc reset)
[EXP] [ERASE] ch=0 lun=5 pl=0 blk=97 pg=255 erase_cnt=17 (vpc/ipc reset)
[EXP] [ERASE] ch=0 lun=6 pl=0 blk=97 pg=255 erase_cnt=17 (vpc/ipc reset)
[EXP] [ERASE] ch=0 lun=7 pl=0 blk=97 pg=255 erase_cnt=17 (vpc/ipc reset)
[EXP] [ERASE] ch=1 lun=0 pl=0 blk=97 pg=255 erase_cnt=17 (vpc/ipc reset)
[EXP] [ERASE] ch=1 lun=1 pl=0 blk=97 pg=255 erase_cnt=17 (vpc/ipc reset)
[EXP] [ERASE] ch=1 lun=2 pl=0 blk=97 pg=255 erase_cnt=17 (vpc/ipc reset)
[EXP] [ERASE] ch=1 lun=3 pl=0 blk=97 pg=255 erase_cnt=17 (vpc/ipc reset)
[EXP] [ERASE] ch=1 lun=4 pl=0 blk=97 pg=255 erase_cnt=17 (vpc/ipc reset)
[EXP] [ERASE] ch=1 lun=5 pl=0 blk=97 pg=255 erase_cnt=17 (vpc/ipc reset)
[EXP] [ERASE] ch=1 lun=6 pl=0 blk=97 pg=255 erase_cnt=17 (vpc/ipc reset)
[EXP] [ERASE] ch=1 lun=7 pl=0 blk=97 pg=255 erase_cnt=17 (vpc/ipc reset)
[EXP] [ERASE] ch=2 lun=0 pl=0 blk=97 pg=255 erase_cnt=17 (vpc/ipc reset)
[EXP] [ERASE] ch=2 lun=1 pl=0 blk=97 pg=255 erase_cnt=17 (vpc/ipc reset)
[EXP] [ERASE] ch=2 lun=2 pl=0 blk=97 pg=255 erase_cnt=17 (vpc/ipc reset)
[EXP] [ERASE] ch=2 lun=3 pl=0 blk=97 pg=255 erase_cnt=17 (vpc/ipc reset)
[EXP] [ERASE] ch=2 lun=4 pl=0 blk=97 pg=255 erase_cnt=17 (vpc/ipc reset)
[EXP] [ERASE] ch=2 lun=5 pl=0 blk=97 pg=255 erase_cnt=17 (vpc/ipc reset)
[EXP] [ERASE] ch=2 lun=6 pl=0 blk=97 pg=255 erase_cnt=17 (vpc/ipc reset)
[EXP] [ERASE] ch=2 lun=7 pl=0 blk=97 pg=255 erase_cnt=17 (vpc/ipc reset)
[EXP] [ERASE] ch=3 lun=0 pl=0 blk=97 pg=255 erase_cnt=17 (vpc/ipc reset)
[EXP] [ERASE] ch=3 lun=1 pl=0 blk=97 pg=255 erase_cnt=17 (vpc/ipc reset)
[EXP] [ERASE] ch=3 lun=2 pl=0 blk=97 pg=255 erase_cnt=17 (vpc/ipc reset)
[EXP] [ERASE] ch=3 lun=3 pl=0 blk=97 pg=255 erase_cnt=17 (vpc/ipc reset)
[EXP] [ERASE] ch=3 lun=4 pl=0 blk=97 pg=255 erase_cnt=17 (vpc/ipc reset)
[EXP] [ERASE] ch=3 lun=5 pl=0 blk=97 pg=255 erase_cnt=17 (vpc/ipc reset)
[EXP] [ERASE] ch=3 lun=6 pl=0 blk=97 pg=255 erase_cnt=17 (vpc/ipc reset)
[EXP] [ERASE] ch=3 lun=7 pl=0 blk=97 pg=255 erase_cnt=17 (vpc/ipc reset)
[EXP] [ERASE] ch=4 lun=0 pl=0 blk=97 pg=255 erase_cnt=17 (vpc/ipc reset)
[EXP] [ERASE] ch=4 lun=1 pl=0 blk=97 pg=255 erase_cnt=17 (vpc/ipc reset)
[EXP] [ERASE] ch=4 lun=2 pl=0 blk=97 pg=255 erase_cnt=17 (vpc/ipc reset)
[EXP] [ERASE] ch=4 lun=3 pl=0 blk=97 pg=255 erase_cnt=17 (vpc/ipc reset)
[EXP] [ERASE] ch=4 lun=4 pl=0 blk=97 pg=255 erase_cnt=17 (vpc/ipc reset)
[EXP] [ERASE] ch=4 lun=5 pl=0 blk=97 pg=255 erase_cnt=17 (vpc/ipc reset)
[EXP] [ERASE] ch=4 lun=6 pl=0 blk=97 pg=255 erase_cnt=17 (vpc/ipc reset)
[EXP] [ERASE] ch=4 lun=7 pl=0 blk=97 pg=255 erase_cnt=17 (vpc/ipc reset)
[EXP] [ERASE] ch=5 lun=0 pl=0 blk=97 pg=255 erase_cnt=17 (vpc/ipc reset)
[EXP] [ERASE] ch=5 lun=1 pl=0 blk=97 pg=255 erase_cnt=17 (vpc/ipc reset)
[EXP] [ERASE] ch=5 lun=2 pl=0 blk=97 pg=255 erase_cnt=17 (vpc/ipc reset)
[EXP] [ERASE] ch=5 lun=3 pl=0 blk=97 pg=255 erase_cnt=17 (vpc/ipc reset)
[EXP] [ERASE] ch=5 lun=4 pl=0 blk=97 pg=255 erase_cnt=17 (vpc/ipc reset)
[EXP] [ERASE] ch=5 lun=5 pl=0 blk=97 pg=255 erase_cnt=17 (vpc/ipc reset)
[EXP] [ERASE] ch=5 lun=6 pl=0 blk=97 pg=255 erase_cnt=17 (vpc/ipc reset)
[EXP] [ERASE] ch=5 lun=7 pl=0 blk=97 pg=255 erase_cnt=17 (vpc/ipc reset)
[EXP] [ERASE] ch=6 lun=0 pl=0 blk=97 pg=255 erase_cnt=17 (vpc/ipc reset)
[EXP] [ERASE] ch=6 lun=1 pl=0 blk=97 pg=255 erase_cnt=17 (vpc/ipc reset)
[EXP] [ERASE] ch=6 lun=2 pl=0 blk=97 pg=255 erase_cnt=17 (vpc/ipc reset)
[EXP] [ERASE] ch=6 lun=3 pl=0 blk=97 pg=255 erase_cnt=17 (vpc/ipc reset)
[EXP] [ERASE] ch=6 lun=4 pl=0 blk=97 pg=255 erase_cnt=17 (vpc/ipc reset)
[EXP] [ERASE] ch=6 lun=5 pl=0 blk=97 pg=255 erase_cnt=17 (vpc/ipc reset)
[EXP] [ERASE] ch=6 lun=6 pl=0 blk=97 pg=255 erase_cnt=17 (vpc/ipc reset)
[EXP] [ERASE] ch=6 lun=7 pl=0 blk=97 pg=255 erase_cnt=17 (vpc/ipc reset)
[EXP] [ERASE] ch=7 lun=0 pl=0 blk=97 pg=255 erase_cnt=17 (vpc/ipc reset)
[EXP] [ERASE] ch=7 lun=1 pl=0 blk=97 pg=255 erase_cnt=17 (vpc/ipc reset)
[EXP] [ERASE] ch=7 lun=2 pl=0 blk=97 pg=255 erase_cnt=17 (vpc/ipc reset)
[EXP] [ERASE] ch=7 lun=3 pl=0 blk=97 pg=255 erase_cnt=17 (vpc/ipc reset)
[EXP] [ERASE] ch=7 lun=4 pl=0 blk=97 pg=255 erase_cnt=17 (vpc/ipc reset)
[EXP] [ERASE] ch=7 lun=5 pl=0 blk=97 pg=255 erase_cnt=17 (vpc/ipc reset)
[EXP] [ERASE] ch=7 lun=6 pl=0 blk=97 pg=255 erase_cnt=17 (vpc/ipc reset)
[EXP] [ERASE] ch=7 lun=7 pl=0 blk=97 pg=255 erase_cnt=17 (vpc/ipc reset)
[EXP] [ERASE] ch=0 lun=0 pl=0 blk=97 pg=255 erase_cnt=18 (vpc/ipc reset)
[EXP] [ERASE] ch=0 lun=1 pl=0 blk=97 pg=255 erase_cnt=18 (vpc/ipc reset)
[EXP] [ERASE] ch=0 lun=2 pl=0 blk=97 pg=255 erase_cnt=18 (vpc/ipc reset)
[EXP] [ERASE] ch=0 lun=3 pl=0 blk=97 pg=255 erase_cnt=18 (vpc/ipc reset)
[EXP] [ERASE] ch=0 lun=4 pl=0 blk=97 pg=255 erase_cnt=18 (vpc/ipc reset)
[EXP] [ERASE] ch=0 lun=5 pl=0 blk=97 pg=255 erase_cnt=18 (vpc/ipc reset)
[EXP] [ERASE] ch=0 lun=6 pl=0 blk=97 pg=255 erase_cnt=18 (vpc/ipc reset)
[EXP] [ERASE] ch=0 lun=7 pl=0 blk=97 pg=255 erase_cnt=18 (vpc/ipc reset)
[EXP] [ERASE] ch=1 lun=0 pl=0 blk=97 pg=255 erase_cnt=18 (vpc/ipc reset)
[EXP] [ERASE] ch=1 lun=1 pl=0 blk=97 pg=255 erase_cnt=18 (vpc/ipc reset)
[EXP] [ERASE] ch=1 lun=2 pl=0 blk=97 pg=255 erase_cnt=18 (vpc/ipc reset)
[EXP] [ERASE] ch=1 lun=3 pl=0 blk=97 pg=255 erase_cnt=18 (vpc/ipc reset)
[EXP] [ERASE] ch=1 lun=4 pl=0 blk=97 pg=255 erase_cnt=18 (vpc/ipc reset)
[EXP] [ERASE] ch=1 lun=5 pl=0 blk=97 pg=255 erase_cnt=18 (vpc/ipc reset)
[EXP] [ERASE] ch=1 lun=6 pl=0 blk=97 pg=255 erase_cnt=18 (vpc/ipc reset)
[EXP] [ERASE] ch=1 lun=7 pl=0 blk=97 pg=255 erase_cnt=18 (vpc/ipc reset)
[EXP] [ERASE] ch=2 lun=0 pl=0 blk=97 pg=255 erase_cnt=18 (vpc/ipc reset)
[EXP] [ERASE] ch=2 lun=1 pl=0 blk=97 pg=255 erase_cnt=18 (vpc/ipc reset)
[EXP] [ERASE] ch=2 lun=2 pl=0 blk=97 pg=255 erase_cnt=18 (vpc/ipc reset)
[EXP] [ERASE] ch=2 lun=3 pl=0 blk=97 pg=255 erase_cnt=18 (vpc/ipc reset)
[EXP] [ERASE] ch=2 lun=4 pl=0 blk=97 pg=255 erase_cnt=18 (vpc/ipc reset)
[EXP] [ERASE] ch=2 lun=5 pl=0 blk=97 pg=255 erase_cnt=18 (vpc/ipc reset)
[EXP] [ERASE] ch=2 lun=6 pl=0 blk=97 pg=255 erase_cnt=18 (vpc/ipc reset)
[EXP] [ERASE] ch=2 lun=7 pl=0 blk=97 pg=255 erase_cnt=18 (vpc/ipc reset)
[EXP] [ERASE] ch=3 lun=0 pl=0 blk=97 pg=255 erase_cnt=18 (vpc/ipc reset)
[EXP] [ERASE] ch=3 lun=1 pl=0 blk=97 pg=255 erase_cnt=18 (vpc/ipc reset)
[EXP] [ERASE] ch=3 lun=2 pl=0 blk=97 pg=255 erase_cnt=18 (vpc/ipc reset)
[EXP] [ERASE] ch=3 lun=3 pl=0 blk=97 pg=255 erase_cnt=18 (vpc/ipc reset)
[EXP] [ERASE] ch=3 lun=4 pl=0 blk=97 pg=255 erase_cnt=18 (vpc/ipc reset)
[EXP] [ERASE] ch=3 lun=5 pl=0 blk=97 pg=255 erase_cnt=18 (vpc/ipc reset)
[EXP] [ERASE] ch=3 lun=6 pl=0 blk=97 pg=255 erase_cnt=18 (vpc/ipc reset)
[EXP] [ERASE] ch=3 lun=7 pl=0 blk=97 pg=255 erase_cnt=18 (vpc/ipc reset)
[EXP] [ERASE] ch=4 lun=0 pl=0 blk=97 pg=255 erase_cnt=18 (vpc/ipc reset)
[EXP] [ERASE] ch=4 lun=1 pl=0 blk=97 pg=255 erase_cnt=18 (vpc/ipc reset)
[EXP] [ERASE] ch=4 lun=2 pl=0 blk=97 pg=255 erase_cnt=18 (vpc/ipc reset)
[EXP] [ERASE] ch=4 lun=3 pl=0 blk=97 pg=255 erase_cnt=18 (vpc/ipc reset)
[EXP] [ERASE] ch=4 lun=4 pl=0 blk=97 pg=255 erase_cnt=18 (vpc/ipc reset)
[EXP] [ERASE] ch=4 lun=5 pl=0 blk=97 pg=255 erase_cnt=18 (vpc/ipc reset)
[EXP] [ERASE] ch=4 lun=6 pl=0 blk=97 pg=255 erase_cnt=18 (vpc/ipc reset)
[EXP] [ERASE] ch=4 lun=7 pl=0 blk=97 pg=255 erase_cnt=18 (vpc/ipc reset)
[EXP] [ERASE] ch=5 lun=0 pl=0 blk=97 pg=255 erase_cnt=18 (vpc/ipc reset)
[EXP] [ERASE] ch=5 lun=1 pl=0 blk=97 pg=255 erase_cnt=18 (vpc/ipc reset)
[EXP] [ERASE] ch=5 lun=2 pl=0 blk=97 pg=255 erase_cnt=18 (vpc/ipc reset)
[EXP] [ERASE] ch=5 lun=3 pl=0 blk=97 pg=255 erase_cnt=18 (vpc/ipc reset)
[EXP] [ERASE] ch=5 lun=4 pl=0 blk=97 pg=255 erase_cnt=18 (vpc/ipc reset)
[EXP] [ERASE] ch=5 lun=5 pl=0 blk=97 pg=255 erase_cnt=18 (vpc/ipc reset)
[EXP] [ERASE] ch=5 lun=6 pl=0 blk=97 pg=255 erase_cnt=18 (vpc/ipc reset)
[EXP] [ERASE] ch=5 lun=7 pl=0 blk=97 pg=255 erase_cnt=18 (vpc/ipc reset)
[EXP] [ERASE] ch=6 lun=0 pl=0 blk=97 pg=255 erase_cnt=18 (vpc/ipc reset)
[EXP] [ERASE] ch=6 lun=1 pl=0 blk=97 pg=255 erase_cnt=18 (vpc/ipc reset)
[EXP] [ERASE] ch=6 lun=2 pl=0 blk=97 pg=255 erase_cnt=18 (vpc/ipc reset)
[EXP] [ERASE] ch=6 lun=3 pl=0 blk=97 pg=255 erase_cnt=18 (vpc/ipc reset)
[EXP] [ERASE] ch=6 lun=4 pl=0 blk=97 pg=255 erase_cnt=18 (vpc/ipc reset)
[EXP] [ERASE] ch=6 lun=5 pl=0 blk=97 pg=255 erase_cnt=18 (vpc/ipc reset)
[EXP] [ERASE] ch=6 lun=6 pl=0 blk=97 pg=255 erase_cnt=18 (vpc/ipc reset)
[EXP] [ERASE] ch=6 lun=7 pl=0 blk=97 pg=255 erase_cnt=18 (vpc/ipc reset)
[EXP] [ERASE] ch=7 lun=0 pl=0 blk=97 pg=255 erase_cnt=18 (vpc/ipc reset)
[EXP] [ERASE] ch=7 lun=1 pl=0 blk=97 pg=255 erase_cnt=18 (vpc/ipc reset)
[EXP] [ERASE] ch=7 lun=2 pl=0 blk=97 pg=255 erase_cnt=18 (vpc/ipc reset)
[EXP] [ERASE] ch=7 lun=3 pl=0 blk=97 pg=255 erase_cnt=18 (vpc/ipc reset)
[EXP] [ERASE] ch=7 lun=4 pl=0 blk=97 pg=255 erase_cnt=18 (vpc/ipc reset)
[EXP] [ERASE] ch=7 lun=5 pl=0 blk=97 pg=255 erase_cnt=18 (vpc/ipc reset)
[EXP] [ERASE] ch=7 lun=6 pl=0 blk=97 pg=255 erase_cnt=18 (vpc/ipc reset)
[EXP] [ERASE] ch=7 lun=7 pl=0 blk=97 pg=255 erase_cnt=18 (vpc/ipc reset)
[EXP] [ERASE] ch=0 lun=0 pl=0 blk=108 pg=255 erase_cnt=1 (vpc/ipc reset)
[EXP] [ERASE] ch=0 lun=1 pl=0 blk=108 pg=255 erase_cnt=1 (vpc/ipc reset)
[EXP] [ERASE] ch=0 lun=2 pl=0 blk=108 pg=255 erase_cnt=1 (vpc/ipc reset)
[EXP] [ERASE] ch=0 lun=3 pl=0 blk=108 pg=255 erase_cnt=1 (vpc/ipc reset)
[EXP] [ERASE] ch=0 lun=4 pl=0 blk=108 pg=255 erase_cnt=1 (vpc/ipc reset)
[EXP] [ERASE] ch=0 lun=5 pl=0 blk=108 pg=255 erase_cnt=1 (vpc/ipc reset)
[EXP] [ERASE] ch=0 lun=6 pl=0 blk=108 pg=255 erase_cnt=1 (vpc/ipc reset)
[EXP] [ERASE] ch=0 lun=7 pl=0 blk=108 pg=255 erase_cnt=1 (vpc/ipc reset)
[EXP] [ERASE] ch=1 lun=0 pl=0 blk=108 pg=255 erase_cnt=1 (vpc/ipc reset)
[EXP] [ERASE] ch=1 lun=1 pl=0 blk=108 pg=255 erase_cnt=1 (vpc/ipc reset)
[EXP] [ERASE] ch=1 lun=2 pl=0 blk=108 pg=255 erase_cnt=1 (vpc/ipc reset)
[EXP] [ERASE] ch=1 lun=3 pl=0 blk=108 pg=255 erase_cnt=1 (vpc/ipc reset)
[EXP] [ERASE] ch=1 lun=4 pl=0 blk=108 pg=255 erase_cnt=1 (vpc/ipc reset)
[EXP] [ERASE] ch=1 lun=5 pl=0 blk=108 pg=255 erase_cnt=1 (vpc/ipc reset)
[EXP] [ERASE] ch=1 lun=6 pl=0 blk=108 pg=255 erase_cnt=1 (vpc/ipc reset)
[EXP] [ERASE] ch=1 lun=7 pl=0 blk=108 pg=255 erase_cnt=1 (vpc/ipc reset)
[EXP] [GC_MOVE] lpn=0 ch=2 lun=0 pl=0 blk=108 pg=8 -> ch=0 lun=5 pl=0 blk=109 pg=1
[EXP] [ERASE] ch=2 lun=0 pl=0 blk=108 pg=255 erase_cnt=1 (vpc/ipc reset)
[EXP] [ERASE] ch=2 lun=1 pl=0 blk=108 pg=255 erase_cnt=1 (vpc/ipc reset)
[EXP] [ERASE] ch=2 lun=2 pl=0 blk=108 pg=255 erase_cnt=1 (vpc/ipc reset)
[EXP] [ERASE] ch=2 lun=3 pl=0 blk=108 pg=255 erase_cnt=1 (vpc/ipc reset)
[EXP] [ERASE] ch=2 lun=4 pl=0 blk=108 pg=255 erase_cnt=1 (vpc/ipc reset)
[EXP] [ERASE] ch=2 lun=5 pl=0 blk=108 pg=255 erase_cnt=1 (vpc/ipc reset)
[EXP] [ERASE] ch=2 lun=6 pl=0 blk=108 pg=255 erase_cnt=1 (vpc/ipc reset)
[EXP] [ERASE] ch=2 lun=7 pl=0 blk=108 pg=255 erase_cnt=1 (vpc/ipc reset)
[EXP] [ERASE] ch=3 lun=0 pl=0 blk=108 pg=255 erase_cnt=1 (vpc/ipc reset)
[EXP] [ERASE] ch=3 lun=1 pl=0 blk=108 pg=255 erase_cnt=1 (vpc/ipc reset)
[EXP] [ERASE] ch=3 lun=2 pl=0 blk=108 pg=255 erase_cnt=1 (vpc/ipc reset)
[EXP] [ERASE] ch=3 lun=3 pl=0 blk=108 pg=255 erase_cnt=1 (vpc/ipc reset)
[EXP] [ERASE] ch=3 lun=4 pl=0 blk=108 pg=255 erase_cnt=1 (vpc/ipc reset)
[EXP] [ERASE] ch=3 lun=5 pl=0 blk=108 pg=255 erase_cnt=1 (vpc/ipc reset)
[EXP] [ERASE] ch=3 lun=6 pl=0 blk=108 pg=255 erase_cnt=1 (vpc/ipc reset)
[EXP] [ERASE] ch=3 lun=7 pl=0 blk=108 pg=255 erase_cnt=1 (vpc/ipc reset)
[EXP] [ERASE] ch=4 lun=0 pl=0 blk=108 pg=255 erase_cnt=1 (vpc/ipc reset)
[EXP] [ERASE] ch=4 lun=1 pl=0 blk=108 pg=255 erase_cnt=1 (vpc/ipc reset)
[EXP] [ERASE] ch=4 lun=2 pl=0 blk=108 pg=255 erase_cnt=1 (vpc/ipc reset)
[EXP] [ERASE] ch=4 lun=3 pl=0 blk=108 pg=255 erase_cnt=1 (vpc/ipc reset)
[EXP] [ERASE] ch=4 lun=4 pl=0 blk=108 pg=255 erase_cnt=1 (vpc/ipc reset)
[EXP] [ERASE] ch=4 lun=5 pl=0 blk=108 pg=255 erase_cnt=1 (vpc/ipc reset)
[EXP] [ERASE] ch=4 lun=6 pl=0 blk=108 pg=255 erase_cnt=1 (vpc/ipc reset)
[EXP] [ERASE] ch=4 lun=7 pl=0 blk=108 pg=255 erase_cnt=1 (vpc/ipc reset)
[EXP] [ERASE] ch=5 lun=0 pl=0 blk=108 pg=255 erase_cnt=1 (vpc/ipc reset)
[EXP] [ERASE] ch=5 lun=1 pl=0 blk=108 pg=255 erase_cnt=1 (vpc/ipc reset)
[EXP] [ERASE] ch=5 lun=2 pl=0 blk=108 pg=255 erase_cnt=1 (vpc/ipc reset)
[EXP] [ERASE] ch=5 lun=3 pl=0 blk=108 pg=255 erase_cnt=1 (vpc/ipc reset)
[EXP] [ERASE] ch=5 lun=4 pl=0 blk=108 pg=255 erase_cnt=1 (vpc/ipc reset)
[EXP] [ERASE] ch=5 lun=5 pl=0 blk=108 pg=255 erase_cnt=1 (vpc/ipc reset)
[EXP] [ERASE] ch=5 lun=6 pl=0 blk=108 pg=255 erase_cnt=1 (vpc/ipc reset)
[EXP] [ERASE] ch=5 lun=7 pl=0 blk=108 pg=255 erase_cnt=1 (vpc/ipc reset)
[EXP] [ERASE] ch=6 lun=0 pl=0 blk=108 pg=255 erase_cnt=1 (vpc/ipc reset)
[EXP] [ERASE] ch=6 lun=1 pl=0 blk=108 pg=255 erase_cnt=1 (vpc/ipc reset)
[EXP] [ERASE] ch=6 lun=2 pl=0 blk=108 pg=255 erase_cnt=1 (vpc/ipc reset)
[EXP] [ERASE] ch=6 lun=3 pl=0 blk=108 pg=255 erase_cnt=1 (vpc/ipc reset)
[EXP] [ERASE] ch=6 lun=4 pl=0 blk=108 pg=255 erase_cnt=1 (vpc/ipc reset)
[EXP] [ERASE] ch=6 lun=5 pl=0 blk=108 pg=255 erase_cnt=1 (vpc/ipc reset)
[EXP] [ERASE] ch=6 lun=6 pl=0 blk=108 pg=255 erase_cnt=1 (vpc/ipc reset)
[EXP] [ERASE] ch=6 lun=7 pl=0 blk=108 pg=255 erase_cnt=1 (vpc/ipc reset)
[EXP] [ERASE] ch=7 lun=0 pl=0 blk=108 pg=255 erase_cnt=1 (vpc/ipc reset)
[EXP] [ERASE] ch=7 lun=1 pl=0 blk=108 pg=255 erase_cnt=1 (vpc/ipc reset)
[EXP] [ERASE] ch=7 lun=2 pl=0 blk=108 pg=255 erase_cnt=1 (vpc/ipc reset)
[EXP] [ERASE] ch=7 lun=3 pl=0 blk=108 pg=255 erase_cnt=1 (vpc/ipc reset)
[EXP] [ERASE] ch=7 lun=4 pl=0 blk=108 pg=255 erase_cnt=1 (vpc/ipc reset)
[EXP] [ERASE] ch=7 lun=5 pl=0 blk=108 pg=255 erase_cnt=1 (vpc/ipc reset)
[EXP] [ERASE] ch=7 lun=6 pl=0 blk=108 pg=255 erase_cnt=1 (vpc/ipc reset)
[EXP] [ERASE] ch=7 lun=7 pl=0 blk=108 pg=255 erase_cnt=1 (vpc/ipc reset)
[EXP] [ERASE] ch=0 lun=0 pl=0 blk=97 pg=255 erase_cnt=19 (vpc/ipc reset)
[EXP] [ERASE] ch=0 lun=1 pl=0 blk=97 pg=255 erase_cnt=19 (vpc/ipc reset)
[EXP] [ERASE] ch=0 lun=2 pl=0 blk=97 pg=255 erase_cnt=19 (vpc/ipc reset)
[EXP] [ERASE] ch=0 lun=3 pl=0 blk=97 pg=255 erase_cnt=19 (vpc/ipc reset)
[EXP] [ERASE] ch=0 lun=4 pl=0 blk=97 pg=255 erase_cnt=19 (vpc/ipc reset)
[EXP] [ERASE] ch=0 lun=5 pl=0 blk=97 pg=255 erase_cnt=19 (vpc/ipc reset)
[EXP] [ERASE] ch=0 lun=6 pl=0 blk=97 pg=255 erase_cnt=19 (vpc/ipc reset)
[EXP] [ERASE] ch=0 lun=7 pl=0 blk=97 pg=255 erase_cnt=19 (vpc/ipc reset)
[EXP] [ERASE] ch=1 lun=0 pl=0 blk=97 pg=255 erase_cnt=19 (vpc/ipc reset)
[EXP] [ERASE] ch=1 lun=1 pl=0 blk=97 pg=255 erase_cnt=19 (vpc/ipc reset)
[EXP] [ERASE] ch=1 lun=2 pl=0 blk=97 pg=255 erase_cnt=19 (vpc/ipc reset)
[EXP] [ERASE] ch=1 lun=3 pl=0 blk=97 pg=255 erase_cnt=19 (vpc/ipc reset)
[EXP] [ERASE] ch=1 lun=4 pl=0 blk=97 pg=255 erase_cnt=19 (vpc/ipc reset)
[EXP] [ERASE] ch=1 lun=5 pl=0 blk=97 pg=255 erase_cnt=19 (vpc/ipc reset)
[EXP] [ERASE] ch=1 lun=6 pl=0 blk=97 pg=255 erase_cnt=19 (vpc/ipc reset)
[EXP] [ERASE] ch=1 lun=7 pl=0 blk=97 pg=255 erase_cnt=19 (vpc/ipc reset)
[EXP] [ERASE] ch=2 lun=0 pl=0 blk=97 pg=255 erase_cnt=19 (vpc/ipc reset)
[EXP] [ERASE] ch=2 lun=1 pl=0 blk=97 pg=255 erase_cnt=19 (vpc/ipc reset)
[EXP] [ERASE] ch=2 lun=2 pl=0 blk=97 pg=255 erase_cnt=19 (vpc/ipc reset)
[EXP] [ERASE] ch=2 lun=3 pl=0 blk=97 pg=255 erase_cnt=19 (vpc/ipc reset)
[EXP] [ERASE] ch=2 lun=4 pl=0 blk=97 pg=255 erase_cnt=19 (vpc/ipc reset)
[EXP] [ERASE] ch=2 lun=5 pl=0 blk=97 pg=255 erase_cnt=19 (vpc/ipc reset)
[EXP] [ERASE] ch=2 lun=6 pl=0 blk=97 pg=255 erase_cnt=19 (vpc/ipc reset)
[EXP] [ERASE] ch=2 lun=7 pl=0 blk=97 pg=255 erase_cnt=19 (vpc/ipc reset)
[EXP] [ERASE] ch=3 lun=0 pl=0 blk=97 pg=255 erase_cnt=19 (vpc/ipc reset)
[EXP] [ERASE] ch=3 lun=1 pl=0 blk=97 pg=255 erase_cnt=19 (vpc/ipc reset)
[EXP] [ERASE] ch=3 lun=2 pl=0 blk=97 pg=255 erase_cnt=19 (vpc/ipc reset)
[EXP] [ERASE] ch=3 lun=3 pl=0 blk=97 pg=255 erase_cnt=19 (vpc/ipc reset)
[EXP] [ERASE] ch=3 lun=4 pl=0 blk=97 pg=255 erase_cnt=19 (vpc/ipc reset)
[EXP] [ERASE] ch=3 lun=5 pl=0 blk=97 pg=255 erase_cnt=19 (vpc/ipc reset)
[EXP] [ERASE] ch=3 lun=6 pl=0 blk=97 pg=255 erase_cnt=19 (vpc/ipc reset)
[EXP] [ERASE] ch=3 lun=7 pl=0 blk=97 pg=255 erase_cnt=19 (vpc/ipc reset)
[EXP] [ERASE] ch=4 lun=0 pl=0 blk=97 pg=255 erase_cnt=19 (vpc/ipc reset)
[EXP] [ERASE] ch=4 lun=1 pl=0 blk=97 pg=255 erase_cnt=19 (vpc/ipc reset)
[EXP] [ERASE] ch=4 lun=2 pl=0 blk=97 pg=255 erase_cnt=19 (vpc/ipc reset)
[EXP] [ERASE] ch=4 lun=3 pl=0 blk=97 pg=255 erase_cnt=19 (vpc/ipc reset)
[EXP] [ERASE] ch=4 lun=4 pl=0 blk=97 pg=255 erase_cnt=19 (vpc/ipc reset)
[EXP] [ERASE] ch=4 lun=5 pl=0 blk=97 pg=255 erase_cnt=19 (vpc/ipc reset)
[EXP] [ERASE] ch=4 lun=6 pl=0 blk=97 pg=255 erase_cnt=19 (vpc/ipc reset)
[EXP] [ERASE] ch=4 lun=7 pl=0 blk=97 pg=255 erase_cnt=19 (vpc/ipc reset)
[EXP] [ERASE] ch=5 lun=0 pl=0 blk=97 pg=255 erase_cnt=19 (vpc/ipc reset)
[EXP] [ERASE] ch=5 lun=1 pl=0 blk=97 pg=255 erase_cnt=19 (vpc/ipc reset)
[EXP] [ERASE] ch=5 lun=2 pl=0 blk=97 pg=255 erase_cnt=19 (vpc/ipc reset)
[EXP] [ERASE] ch=5 lun=3 pl=0 blk=97 pg=255 erase_cnt=19 (vpc/ipc reset)
[EXP] [ERASE] ch=5 lun=4 pl=0 blk=97 pg=255 erase_cnt=19 (vpc/ipc reset)
[EXP] [ERASE] ch=5 lun=5 pl=0 blk=97 pg=255 erase_cnt=19 (vpc/ipc reset)
[EXP] [ERASE] ch=5 lun=6 pl=0 blk=97 pg=255 erase_cnt=19 (vpc/ipc reset)
[EXP] [ERASE] ch=5 lun=7 pl=0 blk=97 pg=255 erase_cnt=19 (vpc/ipc reset)
[EXP] [ERASE] ch=6 lun=0 pl=0 blk=97 pg=255 erase_cnt=19 (vpc/ipc reset)
[EXP] [ERASE] ch=6 lun=1 pl=0 blk=97 pg=255 erase_cnt=19 (vpc/ipc reset)
[EXP] [ERASE] ch=6 lun=2 pl=0 blk=97 pg=255 erase_cnt=19 (vpc/ipc reset)
[EXP] [ERASE] ch=6 lun=3 pl=0 blk=97 pg=255 erase_cnt=19 (vpc/ipc reset)
[EXP] [ERASE] ch=6 lun=4 pl=0 blk=97 pg=255 erase_cnt=19 (vpc/ipc reset)
[EXP] [ERASE] ch=6 lun=5 pl=0 blk=97 pg=255 erase_cnt=19 (vpc/ipc reset)
[EXP] [ERASE] ch=6 lun=6 pl=0 blk=97 pg=255 erase_cnt=19 (vpc/ipc reset)
[EXP] [ERASE] ch=6 lun=7 pl=0 blk=97 pg=255 erase_cnt=19 (vpc/ipc reset)
[EXP] [ERASE] ch=7 lun=0 pl=0 blk=97 pg=255 erase_cnt=19 (vpc/ipc reset)
[EXP] [ERASE] ch=7 lun=1 pl=0 blk=97 pg=255 erase_cnt=19 (vpc/ipc reset)
[EXP] [ERASE] ch=7 lun=2 pl=0 blk=97 pg=255 erase_cnt=19 (vpc/ipc reset)
[EXP] [ERASE] ch=7 lun=3 pl=0 blk=97 pg=255 erase_cnt=19 (vpc/ipc reset)
[EXP] [ERASE] ch=7 lun=4 pl=0 blk=97 pg=255 erase_cnt=19 (vpc/ipc reset)
[EXP] [ERASE] ch=7 lun=5 pl=0 blk=97 pg=255 erase_cnt=19 (vpc/ipc reset)
[EXP] [ERASE] ch=7 lun=6 pl=0 blk=97 pg=255 erase_cnt=19 (vpc/ipc reset)
[EXP] [ERASE] ch=7 lun=7 pl=0 blk=97 pg=255 erase_cnt=19 (vpc/ipc reset)
[EXP] [ERASE] ch=0 lun=0 pl=0 blk=97 pg=255 erase_cnt=20 (vpc/ipc reset)
[EXP] [ERASE] ch=0 lun=1 pl=0 blk=97 pg=255 erase_cnt=20 (vpc/ipc reset)
[EXP] [ERASE] ch=0 lun=2 pl=0 blk=97 pg=255 erase_cnt=20 (vpc/ipc reset)
[EXP] [ERASE] ch=0 lun=3 pl=0 blk=97 pg=255 erase_cnt=20 (vpc/ipc reset)
[EXP] [ERASE] ch=0 lun=4 pl=0 blk=97 pg=255 erase_cnt=20 (vpc/ipc reset)
[EXP] [ERASE] ch=0 lun=5 pl=0 blk=97 pg=255 erase_cnt=20 (vpc/ipc reset)
[EXP] [ERASE] ch=0 lun=6 pl=0 blk=97 pg=255 erase_cnt=20 (vpc/ipc reset)
[EXP] [ERASE] ch=0 lun=7 pl=0 blk=97 pg=255 erase_cnt=20 (vpc/ipc reset)
[EXP] [ERASE] ch=1 lun=0 pl=0 blk=97 pg=255 erase_cnt=20 (vpc/ipc reset)
[EXP] [ERASE] ch=1 lun=1 pl=0 blk=97 pg=255 erase_cnt=20 (vpc/ipc reset)
[EXP] [ERASE] ch=1 lun=2 pl=0 blk=97 pg=255 erase_cnt=20 (vpc/ipc reset)
[EXP] [ERASE] ch=1 lun=3 pl=0 blk=97 pg=255 erase_cnt=20 (vpc/ipc reset)
[EXP] [ERASE] ch=1 lun=4 pl=0 blk=97 pg=255 erase_cnt=20 (vpc/ipc reset)
[EXP] [ERASE] ch=1 lun=5 pl=0 blk=97 pg=255 erase_cnt=20 (vpc/ipc reset)
[EXP] [ERASE] ch=1 lun=6 pl=0 blk=97 pg=255 erase_cnt=20 (vpc/ipc reset)
[EXP] [ERASE] ch=1 lun=7 pl=0 blk=97 pg=255 erase_cnt=20 (vpc/ipc reset)
[EXP] [ERASE] ch=2 lun=0 pl=0 blk=97 pg=255 erase_cnt=20 (vpc/ipc reset)
[EXP] [ERASE] ch=2 lun=1 pl=0 blk=97 pg=255 erase_cnt=20 (vpc/ipc reset)
[EXP] [ERASE] ch=2 lun=2 pl=0 blk=97 pg=255 erase_cnt=20 (vpc/ipc reset)
[EXP] [ERASE] ch=2 lun=3 pl=0 blk=97 pg=255 erase_cnt=20 (vpc/ipc reset)
[EXP] [ERASE] ch=2 lun=4 pl=0 blk=97 pg=255 erase_cnt=20 (vpc/ipc reset)
[EXP] [ERASE] ch=2 lun=5 pl=0 blk=97 pg=255 erase_cnt=20 (vpc/ipc reset)
[EXP] [ERASE] ch=2 lun=6 pl=0 blk=97 pg=255 erase_cnt=20 (vpc/ipc reset)
[EXP] [ERASE] ch=2 lun=7 pl=0 blk=97 pg=255 erase_cnt=20 (vpc/ipc reset)
[EXP] [ERASE] ch=3 lun=0 pl=0 blk=97 pg=255 erase_cnt=20 (vpc/ipc reset)
[EXP] [ERASE] ch=3 lun=1 pl=0 blk=97 pg=255 erase_cnt=20 (vpc/ipc reset)
[EXP] [ERASE] ch=3 lun=2 pl=0 blk=97 pg=255 erase_cnt=20 (vpc/ipc reset)
[EXP] [ERASE] ch=3 lun=3 pl=0 blk=97 pg=255 erase_cnt=20 (vpc/ipc reset)
[EXP] [ERASE] ch=3 lun=4 pl=0 blk=97 pg=255 erase_cnt=20 (vpc/ipc reset)
[EXP] [ERASE] ch=3 lun=5 pl=0 blk=97 pg=255 erase_cnt=20 (vpc/ipc reset)
[EXP] [ERASE] ch=3 lun=6 pl=0 blk=97 pg=255 erase_cnt=20 (vpc/ipc reset)
[EXP] [ERASE] ch=3 lun=7 pl=0 blk=97 pg=255 erase_cnt=20 (vpc/ipc reset)
[EXP] [ERASE] ch=4 lun=0 pl=0 blk=97 pg=255 erase_cnt=20 (vpc/ipc reset)
[EXP] [ERASE] ch=4 lun=1 pl=0 blk=97 pg=255 erase_cnt=20 (vpc/ipc reset)
[EXP] [ERASE] ch=4 lun=2 pl=0 blk=97 pg=255 erase_cnt=20 (vpc/ipc reset)
[EXP] [ERASE] ch=4 lun=3 pl=0 blk=97 pg=255 erase_cnt=20 (vpc/ipc reset)
[EXP] [ERASE] ch=4 lun=4 pl=0 blk=97 pg=255 erase_cnt=20 (vpc/ipc reset)
[EXP] [ERASE] ch=4 lun=5 pl=0 blk=97 pg=255 erase_cnt=20 (vpc/ipc reset)
[EXP] [ERASE] ch=4 lun=6 pl=0 blk=97 pg=255 erase_cnt=20 (vpc/ipc reset)
[EXP] [ERASE] ch=4 lun=7 pl=0 blk=97 pg=255 erase_cnt=20 (vpc/ipc reset)
[EXP] [ERASE] ch=5 lun=0 pl=0 blk=97 pg=255 erase_cnt=20 (vpc/ipc reset)
[EXP] [ERASE] ch=5 lun=1 pl=0 blk=97 pg=255 erase_cnt=20 (vpc/ipc reset)
[EXP] [ERASE] ch=5 lun=2 pl=0 blk=97 pg=255 erase_cnt=20 (vpc/ipc reset)
[EXP] [ERASE] ch=5 lun=3 pl=0 blk=97 pg=255 erase_cnt=20 (vpc/ipc reset)
[EXP] [ERASE] ch=5 lun=4 pl=0 blk=97 pg=255 erase_cnt=20 (vpc/ipc reset)
[EXP] [ERASE] ch=5 lun=5 pl=0 blk=97 pg=255 erase_cnt=20 (vpc/ipc reset)
[EXP] [ERASE] ch=5 lun=6 pl=0 blk=97 pg=255 erase_cnt=20 (vpc/ipc reset)
[EXP] [ERASE] ch=5 lun=7 pl=0 blk=97 pg=255 erase_cnt=20 (vpc/ipc reset)
[EXP] [ERASE] ch=6 lun=0 pl=0 blk=97 pg=255 erase_cnt=20 (vpc/ipc reset)
[EXP] [ERASE] ch=6 lun=1 pl=0 blk=97 pg=255 erase_cnt=20 (vpc/ipc reset)
[EXP] [ERASE] ch=6 lun=2 pl=0 blk=97 pg=255 erase_cnt=20 (vpc/ipc reset)
[EXP] [ERASE] ch=6 lun=3 pl=0 blk=97 pg=255 erase_cnt=20 (vpc/ipc reset)
[EXP] [ERASE] ch=6 lun=4 pl=0 blk=97 pg=255 erase_cnt=20 (vpc/ipc reset)
[EXP] [ERASE] ch=6 lun=5 pl=0 blk=97 pg=255 erase_cnt=20 (vpc/ipc reset)
[EXP] [ERASE] ch=6 lun=6 pl=0 blk=97 pg=255 erase_cnt=20 (vpc/ipc reset)
[EXP] [ERASE] ch=6 lun=7 pl=0 blk=97 pg=255 erase_cnt=20 (vpc/ipc reset)
[EXP] [ERASE] ch=7 lun=0 pl=0 blk=97 pg=255 erase_cnt=20 (vpc/ipc reset)
[EXP] [ERASE] ch=7 lun=1 pl=0 blk=97 pg=255 erase_cnt=20 (vpc/ipc reset)
[EXP] [ERASE] ch=7 lun=2 pl=0 blk=97 pg=255 erase_cnt=20 (vpc/ipc reset)
[EXP] [ERASE] ch=7 lun=3 pl=0 blk=97 pg=255 erase_cnt=20 (vpc/ipc reset)
[EXP] [ERASE] ch=7 lun=4 pl=0 blk=97 pg=255 erase_cnt=20 (vpc/ipc reset)
[EXP] [ERASE] ch=7 lun=5 pl=0 blk=97 pg=255 erase_cnt=20 (vpc/ipc reset)
[EXP] [ERASE] ch=7 lun=6 pl=0 blk=97 pg=255 erase_cnt=20 (vpc/ipc reset)
[EXP] [ERASE] ch=7 lun=7 pl=0 blk=97 pg=255 erase_cnt=20 (vpc/ipc reset)
[EXP] [ERASE] ch=0 lun=0 pl=0 blk=97 pg=255 erase_cnt=21 (vpc/ipc reset)
[EXP] [ERASE] ch=0 lun=1 pl=0 blk=97 pg=255 erase_cnt=21 (vpc/ipc reset)
[EXP] [ERASE] ch=0 lun=2 pl=0 blk=97 pg=255 erase_cnt=21 (vpc/ipc reset)
[EXP] [ERASE] ch=0 lun=3 pl=0 blk=97 pg=255 erase_cnt=21 (vpc/ipc reset)
[EXP] [ERASE] ch=0 lun=4 pl=0 blk=97 pg=255 erase_cnt=21 (vpc/ipc reset)
[EXP] [ERASE] ch=0 lun=5 pl=0 blk=97 pg=255 erase_cnt=21 (vpc/ipc reset)
[EXP] [ERASE] ch=0 lun=6 pl=0 blk=97 pg=255 erase_cnt=21 (vpc/ipc reset)
[EXP] [ERASE] ch=0 lun=7 pl=0 blk=97 pg=255 erase_cnt=21 (vpc/ipc reset)
[EXP] [ERASE] ch=1 lun=0 pl=0 blk=97 pg=255 erase_cnt=21 (vpc/ipc reset)
[EXP] [ERASE] ch=1 lun=1 pl=0 blk=97 pg=255 erase_cnt=21 (vpc/ipc reset)
[EXP] [ERASE] ch=1 lun=2 pl=0 blk=97 pg=255 erase_cnt=21 (vpc/ipc reset)
[EXP] [ERASE] ch=1 lun=3 pl=0 blk=97 pg=255 erase_cnt=21 (vpc/ipc reset)
[EXP] [ERASE] ch=1 lun=4 pl=0 blk=97 pg=255 erase_cnt=21 (vpc/ipc reset)
[EXP] [ERASE] ch=1 lun=5 pl=0 blk=97 pg=255 erase_cnt=21 (vpc/ipc reset)
[EXP] [ERASE] ch=1 lun=6 pl=0 blk=97 pg=255 erase_cnt=21 (vpc/ipc reset)
[EXP] [ERASE] ch=1 lun=7 pl=0 blk=97 pg=255 erase_cnt=21 (vpc/ipc reset)
[EXP] [ERASE] ch=2 lun=0 pl=0 blk=97 pg=255 erase_cnt=21 (vpc/ipc reset)
[EXP] [ERASE] ch=2 lun=1 pl=0 blk=97 pg=255 erase_cnt=21 (vpc/ipc reset)
[EXP] [ERASE] ch=2 lun=2 pl=0 blk=97 pg=255 erase_cnt=21 (vpc/ipc reset)
[EXP] [ERASE] ch=2 lun=3 pl=0 blk=97 pg=255 erase_cnt=21 (vpc/ipc reset)
[EXP] [ERASE] ch=2 lun=4 pl=0 blk=97 pg=255 erase_cnt=21 (vpc/ipc reset)
[EXP] [ERASE] ch=2 lun=5 pl=0 blk=97 pg=255 erase_cnt=21 (vpc/ipc reset)
[EXP] [ERASE] ch=2 lun=6 pl=0 blk=97 pg=255 erase_cnt=21 (vpc/ipc reset)
[EXP] [ERASE] ch=2 lun=7 pl=0 blk=97 pg=255 erase_cnt=21 (vpc/ipc reset)
[EXP] [ERASE] ch=3 lun=0 pl=0 blk=97 pg=255 erase_cnt=21 (vpc/ipc reset)
[EXP] [ERASE] ch=3 lun=1 pl=0 blk=97 pg=255 erase_cnt=21 (vpc/ipc reset)
[EXP] [ERASE] ch=3 lun=2 pl=0 blk=97 pg=255 erase_cnt=21 (vpc/ipc reset)
[EXP] [ERASE] ch=3 lun=3 pl=0 blk=97 pg=255 erase_cnt=21 (vpc/ipc reset)
[EXP] [ERASE] ch=3 lun=4 pl=0 blk=97 pg=255 erase_cnt=21 (vpc/ipc reset)
[EXP] [ERASE] ch=3 lun=5 pl=0 blk=97 pg=255 erase_cnt=21 (vpc/ipc reset)
[EXP] [ERASE] ch=3 lun=6 pl=0 blk=97 pg=255 erase_cnt=21 (vpc/ipc reset)
[EXP] [ERASE] ch=3 lun=7 pl=0 blk=97 pg=255 erase_cnt=21 (vpc/ipc reset)
[EXP] [ERASE] ch=4 lun=0 pl=0 blk=97 pg=255 erase_cnt=21 (vpc/ipc reset)
[EXP] [ERASE] ch=4 lun=1 pl=0 blk=97 pg=255 erase_cnt=21 (vpc/ipc reset)
[EXP] [ERASE] ch=4 lun=2 pl=0 blk=97 pg=255 erase_cnt=21 (vpc/ipc reset)
[EXP] [ERASE] ch=4 lun=3 pl=0 blk=97 pg=255 erase_cnt=21 (vpc/ipc reset)
[EXP] [ERASE] ch=4 lun=4 pl=0 blk=97 pg=255 erase_cnt=21 (vpc/ipc reset)
[EXP] [ERASE] ch=4 lun=5 pl=0 blk=97 pg=255 erase_cnt=21 (vpc/ipc reset)
[EXP] [ERASE] ch=4 lun=6 pl=0 blk=97 pg=255 erase_cnt=21 (vpc/ipc reset)
[EXP] [ERASE] ch=4 lun=7 pl=0 blk=97 pg=255 erase_cnt=21 (vpc/ipc reset)
[EXP] [ERASE] ch=5 lun=0 pl=0 blk=97 pg=255 erase_cnt=21 (vpc/ipc reset)
[EXP] [ERASE] ch=5 lun=1 pl=0 blk=97 pg=255 erase_cnt=21 (vpc/ipc reset)
[EXP] [ERASE] ch=5 lun=2 pl=0 blk=97 pg=255 erase_cnt=21 (vpc/ipc reset)
[EXP] [ERASE] ch=5 lun=3 pl=0 blk=97 pg=255 erase_cnt=21 (vpc/ipc reset)
[EXP] [ERASE] ch=5 lun=4 pl=0 blk=97 pg=255 erase_cnt=21 (vpc/ipc reset)
[EXP] [ERASE] ch=5 lun=5 pl=0 blk=97 pg=255 erase_cnt=21 (vpc/ipc reset)
[EXP] [ERASE] ch=5 lun=6 pl=0 blk=97 pg=255 erase_cnt=21 (vpc/ipc reset)
[EXP] [ERASE] ch=5 lun=7 pl=0 blk=97 pg=255 erase_cnt=21 (vpc/ipc reset)
[EXP] [ERASE] ch=6 lun=0 pl=0 blk=97 pg=255 erase_cnt=21 (vpc/ipc reset)
[EXP] [ERASE] ch=6 lun=1 pl=0 blk=97 pg=255 erase_cnt=21 (vpc/ipc reset)
[EXP] [ERASE] ch=6 lun=2 pl=0 blk=97 pg=255 erase_cnt=21 (vpc/ipc reset)
[EXP] [ERASE] ch=6 lun=3 pl=0 blk=97 pg=255 erase_cnt=21 (vpc/ipc reset)
[EXP] [ERASE] ch=6 lun=4 pl=0 blk=97 pg=255 erase_cnt=21 (vpc/ipc reset)
[EXP] [ERASE] ch=6 lun=5 pl=0 blk=97 pg=255 erase_cnt=21 (vpc/ipc reset)
[EXP] [ERASE] ch=6 lun=6 pl=0 blk=97 pg=255 erase_cnt=21 (vpc/ipc reset)
[EXP] [ERASE] ch=6 lun=7 pl=0 blk=97 pg=255 erase_cnt=21 (vpc/ipc reset)
[EXP] [ERASE] ch=7 lun=0 pl=0 blk=97 pg=255 erase_cnt=21 (vpc/ipc reset)
[EXP] [ERASE] ch=7 lun=1 pl=0 blk=97 pg=255 erase_cnt=21 (vpc/ipc reset)
[EXP] [ERASE] ch=7 lun=2 pl=0 blk=97 pg=255 erase_cnt=21 (vpc/ipc reset)
[EXP] [ERASE] ch=7 lun=3 pl=0 blk=97 pg=255 erase_cnt=21 (vpc/ipc reset)
[EXP] [ERASE] ch=7 lun=4 pl=0 blk=97 pg=255 erase_cnt=21 (vpc/ipc reset)
[EXP] [ERASE] ch=7 lun=5 pl=0 blk=97 pg=255 erase_cnt=21 (vpc/ipc reset)
[EXP] [ERASE] ch=7 lun=6 pl=0 blk=97 pg=255 erase_cnt=21 (vpc/ipc reset)
[EXP] [ERASE] ch=7 lun=7 pl=0 blk=97 pg=255 erase_cnt=21 (vpc/ipc reset)
[EXP] [ERASE] ch=0 lun=0 pl=0 blk=97 pg=255 erase_cnt=22 (vpc/ipc reset)
[EXP] [ERASE] ch=0 lun=1 pl=0 blk=97 pg=255 erase_cnt=22 (vpc/ipc reset)
[EXP] [ERASE] ch=0 lun=2 pl=0 blk=97 pg=255 erase_cnt=22 (vpc/ipc reset)
[EXP] [ERASE] ch=0 lun=3 pl=0 blk=97 pg=255 erase_cnt=22 (vpc/ipc reset)
[EXP] [ERASE] ch=0 lun=4 pl=0 blk=97 pg=255 erase_cnt=22 (vpc/ipc reset)
[EXP] [ERASE] ch=0 lun=5 pl=0 blk=97 pg=255 erase_cnt=22 (vpc/ipc reset)
[EXP] [ERASE] ch=0 lun=6 pl=0 blk=97 pg=255 erase_cnt=22 (vpc/ipc reset)
[EXP] [ERASE] ch=0 lun=7 pl=0 blk=97 pg=255 erase_cnt=22 (vpc/ipc reset)
[EXP] [ERASE] ch=1 lun=0 pl=0 blk=97 pg=255 erase_cnt=22 (vpc/ipc reset)
[EXP] [ERASE] ch=1 lun=1 pl=0 blk=97 pg=255 erase_cnt=22 (vpc/ipc reset)
[EXP] [ERASE] ch=1 lun=2 pl=0 blk=97 pg=255 erase_cnt=22 (vpc/ipc reset)
[EXP] [ERASE] ch=1 lun=3 pl=0 blk=97 pg=255 erase_cnt=22 (vpc/ipc reset)
[EXP] [ERASE] ch=1 lun=4 pl=0 blk=97 pg=255 erase_cnt=22 (vpc/ipc reset)
[EXP] [ERASE] ch=1 lun=5 pl=0 blk=97 pg=255 erase_cnt=22 (vpc/ipc reset)
[EXP] [ERASE] ch=1 lun=6 pl=0 blk=97 pg=255 erase_cnt=22 (vpc/ipc reset)
[EXP] [ERASE] ch=1 lun=7 pl=0 blk=97 pg=255 erase_cnt=22 (vpc/ipc reset)
[EXP] [ERASE] ch=2 lun=0 pl=0 blk=97 pg=255 erase_cnt=22 (vpc/ipc reset)
[EXP] [ERASE] ch=2 lun=1 pl=0 blk=97 pg=255 erase_cnt=22 (vpc/ipc reset)
[EXP] [ERASE] ch=2 lun=2 pl=0 blk=97 pg=255 erase_cnt=22 (vpc/ipc reset)
[EXP] [ERASE] ch=2 lun=3 pl=0 blk=97 pg=255 erase_cnt=22 (vpc/ipc reset)
[EXP] [ERASE] ch=2 lun=4 pl=0 blk=97 pg=255 erase_cnt=22 (vpc/ipc reset)
[EXP] [ERASE] ch=2 lun=5 pl=0 blk=97 pg=255 erase_cnt=22 (vpc/ipc reset)
[EXP] [ERASE] ch=2 lun=6 pl=0 blk=97 pg=255 erase_cnt=22 (vpc/ipc reset)
[EXP] [ERASE] ch=2 lun=7 pl=0 blk=97 pg=255 erase_cnt=22 (vpc/ipc reset)
[EXP] [ERASE] ch=3 lun=0 pl=0 blk=97 pg=255 erase_cnt=22 (vpc/ipc reset)
[EXP] [ERASE] ch=3 lun=1 pl=0 blk=97 pg=255 erase_cnt=22 (vpc/ipc reset)
[EXP] [ERASE] ch=3 lun=2 pl=0 blk=97 pg=255 erase_cnt=22 (vpc/ipc reset)
[EXP] [ERASE] ch=3 lun=3 pl=0 blk=97 pg=255 erase_cnt=22 (vpc/ipc reset)
[EXP] [ERASE] ch=3 lun=4 pl=0 blk=97 pg=255 erase_cnt=22 (vpc/ipc reset)
[EXP] [ERASE] ch=3 lun=5 pl=0 blk=97 pg=255 erase_cnt=22 (vpc/ipc reset)
[EXP] [ERASE] ch=3 lun=6 pl=0 blk=97 pg=255 erase_cnt=22 (vpc/ipc reset)
[EXP] [ERASE] ch=3 lun=7 pl=0 blk=97 pg=255 erase_cnt=22 (vpc/ipc reset)
[EXP] [ERASE] ch=4 lun=0 pl=0 blk=97 pg=255 erase_cnt=22 (vpc/ipc reset)
[EXP] [ERASE] ch=4 lun=1 pl=0 blk=97 pg=255 erase_cnt=22 (vpc/ipc reset)
[EXP] [ERASE] ch=4 lun=2 pl=0 blk=97 pg=255 erase_cnt=22 (vpc/ipc reset)
[EXP] [ERASE] ch=4 lun=3 pl=0 blk=97 pg=255 erase_cnt=22 (vpc/ipc reset)
[EXP] [ERASE] ch=4 lun=4 pl=0 blk=97 pg=255 erase_cnt=22 (vpc/ipc reset)
[EXP] [ERASE] ch=4 lun=5 pl=0 blk=97 pg=255 erase_cnt=22 (vpc/ipc reset)
[EXP] [ERASE] ch=4 lun=6 pl=0 blk=97 pg=255 erase_cnt=22 (vpc/ipc reset)
[EXP] [ERASE] ch=4 lun=7 pl=0 blk=97 pg=255 erase_cnt=22 (vpc/ipc reset)
[EXP] [ERASE] ch=5 lun=0 pl=0 blk=97 pg=255 erase_cnt=22 (vpc/ipc reset)
[EXP] [ERASE] ch=5 lun=1 pl=0 blk=97 pg=255 erase_cnt=22 (vpc/ipc reset)
[EXP] [ERASE] ch=5 lun=2 pl=0 blk=97 pg=255 erase_cnt=22 (vpc/ipc reset)
[EXP] [ERASE] ch=5 lun=3 pl=0 blk=97 pg=255 erase_cnt=22 (vpc/ipc reset)
[EXP] [ERASE] ch=5 lun=4 pl=0 blk=97 pg=255 erase_cnt=22 (vpc/ipc reset)
[EXP] [ERASE] ch=5 lun=5 pl=0 blk=97 pg=255 erase_cnt=22 (vpc/ipc reset)
[EXP] [ERASE] ch=5 lun=6 pl=0 blk=97 pg=255 erase_cnt=22 (vpc/ipc reset)
[EXP] [ERASE] ch=5 lun=7 pl=0 blk=97 pg=255 erase_cnt=22 (vpc/ipc reset)
[EXP] [ERASE] ch=6 lun=0 pl=0 blk=97 pg=255 erase_cnt=22 (vpc/ipc reset)
[EXP] [ERASE] ch=6 lun=1 pl=0 blk=97 pg=255 erase_cnt=22 (vpc/ipc reset)
[EXP] [ERASE] ch=6 lun=2 pl=0 blk=97 pg=255 erase_cnt=22 (vpc/ipc reset)
[EXP] [ERASE] ch=6 lun=3 pl=0 blk=97 pg=255 erase_cnt=22 (vpc/ipc reset)
[EXP] [ERASE] ch=6 lun=4 pl=0 blk=97 pg=255 erase_cnt=22 (vpc/ipc reset)
[EXP] [ERASE] ch=6 lun=5 pl=0 blk=97 pg=255 erase_cnt=22 (vpc/ipc reset)
[EXP] [ERASE] ch=6 lun=6 pl=0 blk=97 pg=255 erase_cnt=22 (vpc/ipc reset)
[EXP] [ERASE] ch=6 lun=7 pl=0 blk=97 pg=255 erase_cnt=22 (vpc/ipc reset)
[EXP] [ERASE] ch=7 lun=0 pl=0 blk=97 pg=255 erase_cnt=22 (vpc/ipc reset)
[EXP] [ERASE] ch=7 lun=1 pl=0 blk=97 pg=255 erase_cnt=22 (vpc/ipc reset)
[EXP] [ERASE] ch=7 lun=2 pl=0 blk=97 pg=255 erase_cnt=22 (vpc/ipc reset)
[EXP] [ERASE] ch=7 lun=3 pl=0 blk=97 pg=255 erase_cnt=22 (vpc/ipc reset)
[EXP] [ERASE] ch=7 lun=4 pl=0 blk=97 pg=255 erase_cnt=22 (vpc/ipc reset)
[EXP] [ERASE] ch=7 lun=5 pl=0 blk=97 pg=255 erase_cnt=22 (vpc/ipc reset)
[EXP] [ERASE] ch=7 lun=6 pl=0 blk=97 pg=255 erase_cnt=22 (vpc/ipc reset)
[EXP] [ERASE] ch=7 lun=7 pl=0 blk=97 pg=255 erase_cnt=22 (vpc/ipc reset)
[EXP] [ERASE] ch=0 lun=0 pl=0 blk=109 pg=255 erase_cnt=1 (vpc/ipc reset)
[EXP] [ERASE] ch=0 lun=1 pl=0 blk=109 pg=255 erase_cnt=1 (vpc/ipc reset)
[EXP] [ERASE] ch=0 lun=2 pl=0 blk=109 pg=255 erase_cnt=1 (vpc/ipc reset)
[EXP] [ERASE] ch=0 lun=3 pl=0 blk=109 pg=255 erase_cnt=1 (vpc/ipc reset)
[EXP] [ERASE] ch=0 lun=4 pl=0 blk=109 pg=255 erase_cnt=1 (vpc/ipc reset)
[EXP] [GC_MOVE] lpn=0 ch=0 lun=5 pl=0 blk=109 pg=1 -> ch=5 lun=2 pl=0 blk=110 pg=0
[EXP] [ERASE] ch=0 lun=5 pl=0 blk=109 pg=255 erase_cnt=1 (vpc/ipc reset)
[EXP] [ERASE] ch=0 lun=6 pl=0 blk=109 pg=255 erase_cnt=1 (vpc/ipc reset)
[EXP] [ERASE] ch=0 lun=7 pl=0 blk=109 pg=255 erase_cnt=1 (vpc/ipc reset)
[EXP] [ERASE] ch=1 lun=0 pl=0 blk=109 pg=255 erase_cnt=1 (vpc/ipc reset)
[EXP] [ERASE] ch=1 lun=1 pl=0 blk=109 pg=255 erase_cnt=1 (vpc/ipc reset)
[EXP] [ERASE] ch=1 lun=2 pl=0 blk=109 pg=255 erase_cnt=1 (vpc/ipc reset)
[EXP] [ERASE] ch=1 lun=3 pl=0 blk=109 pg=255 erase_cnt=1 (vpc/ipc reset)
[EXP] [ERASE] ch=1 lun=4 pl=0 blk=109 pg=255 erase_cnt=1 (vpc/ipc reset)
[EXP] [ERASE] ch=1 lun=5 pl=0 blk=109 pg=255 erase_cnt=1 (vpc/ipc reset)
[EXP] [ERASE] ch=1 lun=6 pl=0 blk=109 pg=255 erase_cnt=1 (vpc/ipc reset)
[EXP] [ERASE] ch=1 lun=7 pl=0 blk=109 pg=255 erase_cnt=1 (vpc/ipc reset)
[EXP] [ERASE] ch=2 lun=0 pl=0 blk=109 pg=255 erase_cnt=1 (vpc/ipc reset)
[EXP] [ERASE] ch=2 lun=1 pl=0 blk=109 pg=255 erase_cnt=1 (vpc/ipc reset)
[EXP] [ERASE] ch=2 lun=2 pl=0 blk=109 pg=255 erase_cnt=1 (vpc/ipc reset)
[EXP] [ERASE] ch=2 lun=3 pl=0 blk=109 pg=255 erase_cnt=1 (vpc/ipc reset)
[EXP] [ERASE] ch=2 lun=4 pl=0 blk=109 pg=255 erase_cnt=1 (vpc/ipc reset)
[EXP] [ERASE] ch=2 lun=5 pl=0 blk=109 pg=255 erase_cnt=1 (vpc/ipc reset)
[EXP] [ERASE] ch=2 lun=6 pl=0 blk=109 pg=255 erase_cnt=1 (vpc/ipc reset)
[EXP] [ERASE] ch=2 lun=7 pl=0 blk=109 pg=255 erase_cnt=1 (vpc/ipc reset)
[EXP] [ERASE] ch=3 lun=0 pl=0 blk=109 pg=255 erase_cnt=1 (vpc/ipc reset)
[EXP] [ERASE] ch=3 lun=1 pl=0 blk=109 pg=255 erase_cnt=1 (vpc/ipc reset)
[EXP] [ERASE] ch=3 lun=2 pl=0 blk=109 pg=255 erase_cnt=1 (vpc/ipc reset)
[EXP] [ERASE] ch=3 lun=3 pl=0 blk=109 pg=255 erase_cnt=1 (vpc/ipc reset)
[EXP] [ERASE] ch=3 lun=4 pl=0 blk=109 pg=255 erase_cnt=1 (vpc/ipc reset)
[EXP] [ERASE] ch=3 lun=5 pl=0 blk=109 pg=255 erase_cnt=1 (vpc/ipc reset)
[EXP] [ERASE] ch=3 lun=6 pl=0 blk=109 pg=255 erase_cnt=1 (vpc/ipc reset)
[EXP] [ERASE] ch=3 lun=7 pl=0 blk=109 pg=255 erase_cnt=1 (vpc/ipc reset)
[EXP] [ERASE] ch=4 lun=0 pl=0 blk=109 pg=255 erase_cnt=1 (vpc/ipc reset)
[EXP] [ERASE] ch=4 lun=1 pl=0 blk=109 pg=255 erase_cnt=1 (vpc/ipc reset)
[EXP] [ERASE] ch=4 lun=2 pl=0 blk=109 pg=255 erase_cnt=1 (vpc/ipc reset)
[EXP] [ERASE] ch=4 lun=3 pl=0 blk=109 pg=255 erase_cnt=1 (vpc/ipc reset)
[EXP] [ERASE] ch=4 lun=4 pl=0 blk=109 pg=255 erase_cnt=1 (vpc/ipc reset)
[EXP] [ERASE] ch=4 lun=5 pl=0 blk=109 pg=255 erase_cnt=1 (vpc/ipc reset)
[EXP] [ERASE] ch=4 lun=6 pl=0 blk=109 pg=255 erase_cnt=1 (vpc/ipc reset)
[EXP] [ERASE] ch=4 lun=7 pl=0 blk=109 pg=255 erase_cnt=1 (vpc/ipc reset)
[EXP] [ERASE] ch=5 lun=0 pl=0 blk=109 pg=255 erase_cnt=1 (vpc/ipc reset)
[EXP] [ERASE] ch=5 lun=1 pl=0 blk=109 pg=255 erase_cnt=1 (vpc/ipc reset)
[EXP] [ERASE] ch=5 lun=2 pl=0 blk=109 pg=255 erase_cnt=1 (vpc/ipc reset)
[EXP] [ERASE] ch=5 lun=3 pl=0 blk=109 pg=255 erase_cnt=1 (vpc/ipc reset)
[EXP] [ERASE] ch=5 lun=4 pl=0 blk=109 pg=255 erase_cnt=1 (vpc/ipc reset)
[EXP] [ERASE] ch=5 lun=5 pl=0 blk=109 pg=255 erase_cnt=1 (vpc/ipc reset)
[EXP] [ERASE] ch=5 lun=6 pl=0 blk=109 pg=255 erase_cnt=1 (vpc/ipc reset)
[EXP] [ERASE] ch=5 lun=7 pl=0 blk=109 pg=255 erase_cnt=1 (vpc/ipc reset)
[EXP] [ERASE] ch=6 lun=0 pl=0 blk=109 pg=255 erase_cnt=1 (vpc/ipc reset)
[EXP] [ERASE] ch=6 lun=1 pl=0 blk=109 pg=255 erase_cnt=1 (vpc/ipc reset)
[EXP] [ERASE] ch=6 lun=2 pl=0 blk=109 pg=255 erase_cnt=1 (vpc/ipc reset)
[EXP] [ERASE] ch=6 lun=3 pl=0 blk=109 pg=255 erase_cnt=1 (vpc/ipc reset)
[EXP] [ERASE] ch=6 lun=4 pl=0 blk=109 pg=255 erase_cnt=1 (vpc/ipc reset)
[EXP] [ERASE] ch=6 lun=5 pl=0 blk=109 pg=255 erase_cnt=1 (vpc/ipc reset)
[EXP] [ERASE] ch=6 lun=6 pl=0 blk=109 pg=255 erase_cnt=1 (vpc/ipc reset)
[EXP] [ERASE] ch=6 lun=7 pl=0 blk=109 pg=255 erase_cnt=1 (vpc/ipc reset)
[EXP] [ERASE] ch=7 lun=0 pl=0 blk=109 pg=255 erase_cnt=1 (vpc/ipc reset)
[EXP] [ERASE] ch=7 lun=1 pl=0 blk=109 pg=255 erase_cnt=1 (vpc/ipc reset)
[EXP] [ERASE] ch=7 lun=2 pl=0 blk=109 pg=255 erase_cnt=1 (vpc/ipc reset)
[EXP] [ERASE] ch=7 lun=3 pl=0 blk=109 pg=255 erase_cnt=1 (vpc/ipc reset)
[EXP] [ERASE] ch=7 lun=4 pl=0 blk=109 pg=255 erase_cnt=1 (vpc/ipc reset)
[EXP] [ERASE] ch=7 lun=5 pl=0 blk=109 pg=255 erase_cnt=1 (vpc/ipc reset)
[EXP] [ERASE] ch=7 lun=6 pl=0 blk=109 pg=255 erase_cnt=1 (vpc/ipc reset)
[EXP] [ERASE] ch=7 lun=7 pl=0 blk=109 pg=255 erase_cnt=1 (vpc/ipc reset)
[EXP] [ERASE] ch=0 lun=0 pl=0 blk=97 pg=255 erase_cnt=23 (vpc/ipc reset)
[EXP] [ERASE] ch=0 lun=1 pl=0 blk=97 pg=255 erase_cnt=23 (vpc/ipc reset)
[EXP] [ERASE] ch=0 lun=2 pl=0 blk=97 pg=255 erase_cnt=23 (vpc/ipc reset)
[EXP] [ERASE] ch=0 lun=3 pl=0 blk=97 pg=255 erase_cnt=23 (vpc/ipc reset)
[EXP] [ERASE] ch=0 lun=4 pl=0 blk=97 pg=255 erase_cnt=23 (vpc/ipc reset)
[EXP] [ERASE] ch=0 lun=5 pl=0 blk=97 pg=255 erase_cnt=23 (vpc/ipc reset)
[EXP] [ERASE] ch=0 lun=6 pl=0 blk=97 pg=255 erase_cnt=23 (vpc/ipc reset)
[EXP] [ERASE] ch=0 lun=7 pl=0 blk=97 pg=255 erase_cnt=23 (vpc/ipc reset)
[EXP] [ERASE] ch=1 lun=0 pl=0 blk=97 pg=255 erase_cnt=23 (vpc/ipc reset)
[EXP] [ERASE] ch=1 lun=1 pl=0 blk=97 pg=255 erase_cnt=23 (vpc/ipc reset)
[EXP] [ERASE] ch=1 lun=2 pl=0 blk=97 pg=255 erase_cnt=23 (vpc/ipc reset)
[EXP] [ERASE] ch=1 lun=3 pl=0 blk=97 pg=255 erase_cnt=23 (vpc/ipc reset)
[EXP] [ERASE] ch=1 lun=4 pl=0 blk=97 pg=255 erase_cnt=23 (vpc/ipc reset)
[EXP] [ERASE] ch=1 lun=5 pl=0 blk=97 pg=255 erase_cnt=23 (vpc/ipc reset)
[EXP] [ERASE] ch=1 lun=6 pl=0 blk=97 pg=255 erase_cnt=23 (vpc/ipc reset)
[EXP] [ERASE] ch=1 lun=7 pl=0 blk=97 pg=255 erase_cnt=23 (vpc/ipc reset)
[EXP] [ERASE] ch=2 lun=0 pl=0 blk=97 pg=255 erase_cnt=23 (vpc/ipc reset)
[EXP] [ERASE] ch=2 lun=1 pl=0 blk=97 pg=255 erase_cnt=23 (vpc/ipc reset)
[EXP] [ERASE] ch=2 lun=2 pl=0 blk=97 pg=255 erase_cnt=23 (vpc/ipc reset)
[EXP] [ERASE] ch=2 lun=3 pl=0 blk=97 pg=255 erase_cnt=23 (vpc/ipc reset)
[EXP] [ERASE] ch=2 lun=4 pl=0 blk=97 pg=255 erase_cnt=23 (vpc/ipc reset)
[EXP] [ERASE] ch=2 lun=5 pl=0 blk=97 pg=255 erase_cnt=23 (vpc/ipc reset)
[EXP] [ERASE] ch=2 lun=6 pl=0 blk=97 pg=255 erase_cnt=23 (vpc/ipc reset)
[EXP] [ERASE] ch=2 lun=7 pl=0 blk=97 pg=255 erase_cnt=23 (vpc/ipc reset)
[EXP] [ERASE] ch=3 lun=0 pl=0 blk=97 pg=255 erase_cnt=23 (vpc/ipc reset)
[EXP] [ERASE] ch=3 lun=1 pl=0 blk=97 pg=255 erase_cnt=23 (vpc/ipc reset)
[EXP] [ERASE] ch=3 lun=2 pl=0 blk=97 pg=255 erase_cnt=23 (vpc/ipc reset)
[EXP] [ERASE] ch=3 lun=3 pl=0 blk=97 pg=255 erase_cnt=23 (vpc/ipc reset)
[EXP] [ERASE] ch=3 lun=4 pl=0 blk=97 pg=255 erase_cnt=23 (vpc/ipc reset)
[EXP] [ERASE] ch=3 lun=5 pl=0 blk=97 pg=255 erase_cnt=23 (vpc/ipc reset)
[EXP] [ERASE] ch=3 lun=6 pl=0 blk=97 pg=255 erase_cnt=23 (vpc/ipc reset)
[EXP] [ERASE] ch=3 lun=7 pl=0 blk=97 pg=255 erase_cnt=23 (vpc/ipc reset)
[EXP] [ERASE] ch=4 lun=0 pl=0 blk=97 pg=255 erase_cnt=23 (vpc/ipc reset)
[EXP] [ERASE] ch=4 lun=1 pl=0 blk=97 pg=255 erase_cnt=23 (vpc/ipc reset)
[EXP] [ERASE] ch=4 lun=2 pl=0 blk=97 pg=255 erase_cnt=23 (vpc/ipc reset)
[EXP] [ERASE] ch=4 lun=3 pl=0 blk=97 pg=255 erase_cnt=23 (vpc/ipc reset)
[EXP] [ERASE] ch=4 lun=4 pl=0 blk=97 pg=255 erase_cnt=23 (vpc/ipc reset)
[EXP] [ERASE] ch=4 lun=5 pl=0 blk=97 pg=255 erase_cnt=23 (vpc/ipc reset)
[EXP] [ERASE] ch=4 lun=6 pl=0 blk=97 pg=255 erase_cnt=23 (vpc/ipc reset)
[EXP] [ERASE] ch=4 lun=7 pl=0 blk=97 pg=255 erase_cnt=23 (vpc/ipc reset)
[EXP] [ERASE] ch=5 lun=0 pl=0 blk=97 pg=255 erase_cnt=23 (vpc/ipc reset)
[EXP] [ERASE] ch=5 lun=1 pl=0 blk=97 pg=255 erase_cnt=23 (vpc/ipc reset)
[EXP] [ERASE] ch=5 lun=2 pl=0 blk=97 pg=255 erase_cnt=23 (vpc/ipc reset)
[EXP] [ERASE] ch=5 lun=3 pl=0 blk=97 pg=255 erase_cnt=23 (vpc/ipc reset)
[EXP] [ERASE] ch=5 lun=4 pl=0 blk=97 pg=255 erase_cnt=23 (vpc/ipc reset)
[EXP] [ERASE] ch=5 lun=5 pl=0 blk=97 pg=255 erase_cnt=23 (vpc/ipc reset)
[EXP] [ERASE] ch=5 lun=6 pl=0 blk=97 pg=255 erase_cnt=23 (vpc/ipc reset)
[EXP] [ERASE] ch=5 lun=7 pl=0 blk=97 pg=255 erase_cnt=23 (vpc/ipc reset)
[EXP] [ERASE] ch=6 lun=0 pl=0 blk=97 pg=255 erase_cnt=23 (vpc/ipc reset)
[EXP] [ERASE] ch=6 lun=1 pl=0 blk=97 pg=255 erase_cnt=23 (vpc/ipc reset)
[EXP] [ERASE] ch=6 lun=2 pl=0 blk=97 pg=255 erase_cnt=23 (vpc/ipc reset)
[EXP] [ERASE] ch=6 lun=3 pl=0 blk=97 pg=255 erase_cnt=23 (vpc/ipc reset)
[EXP] [ERASE] ch=6 lun=4 pl=0 blk=97 pg=255 erase_cnt=23 (vpc/ipc reset)
[EXP] [ERASE] ch=6 lun=5 pl=0 blk=97 pg=255 erase_cnt=23 (vpc/ipc reset)
[EXP] [ERASE] ch=6 lun=6 pl=0 blk=97 pg=255 erase_cnt=23 (vpc/ipc reset)
[EXP] [ERASE] ch=6 lun=7 pl=0 blk=97 pg=255 erase_cnt=23 (vpc/ipc reset)
[EXP] [ERASE] ch=7 lun=0 pl=0 blk=97 pg=255 erase_cnt=23 (vpc/ipc reset)
[EXP] [ERASE] ch=7 lun=1 pl=0 blk=97 pg=255 erase_cnt=23 (vpc/ipc reset)
[EXP] [ERASE] ch=7 lun=2 pl=0 blk=97 pg=255 erase_cnt=23 (vpc/ipc reset)
[EXP] [ERASE] ch=7 lun=3 pl=0 blk=97 pg=255 erase_cnt=23 (vpc/ipc reset)
[EXP] [ERASE] ch=7 lun=4 pl=0 blk=97 pg=255 erase_cnt=23 (vpc/ipc reset)
[EXP] [ERASE] ch=7 lun=5 pl=0 blk=97 pg=255 erase_cnt=23 (vpc/ipc reset)
[EXP] [ERASE] ch=7 lun=6 pl=0 blk=97 pg=255 erase_cnt=23 (vpc/ipc reset)
[EXP] [ERASE] ch=7 lun=7 pl=0 blk=97 pg=255 erase_cnt=23 (vpc/ipc reset)
[EXP] [ERASE] ch=0 lun=0 pl=0 blk=97 pg=255 erase_cnt=24 (vpc/ipc reset)
[EXP] [ERASE] ch=0 lun=1 pl=0 blk=97 pg=255 erase_cnt=24 (vpc/ipc reset)
[EXP] [ERASE] ch=0 lun=2 pl=0 blk=97 pg=255 erase_cnt=24 (vpc/ipc reset)
[EXP] [ERASE] ch=0 lun=3 pl=0 blk=97 pg=255 erase_cnt=24 (vpc/ipc reset)
[EXP] [ERASE] ch=0 lun=4 pl=0 blk=97 pg=255 erase_cnt=24 (vpc/ipc reset)
[EXP] [ERASE] ch=0 lun=5 pl=0 blk=97 pg=255 erase_cnt=24 (vpc/ipc reset)
[EXP] [ERASE] ch=0 lun=6 pl=0 blk=97 pg=255 erase_cnt=24 (vpc/ipc reset)
[EXP] [ERASE] ch=0 lun=7 pl=0 blk=97 pg=255 erase_cnt=24 (vpc/ipc reset)
[EXP] [ERASE] ch=1 lun=0 pl=0 blk=97 pg=255 erase_cnt=24 (vpc/ipc reset)
[EXP] [ERASE] ch=1 lun=1 pl=0 blk=97 pg=255 erase_cnt=24 (vpc/ipc reset)
[EXP] [ERASE] ch=1 lun=2 pl=0 blk=97 pg=255 erase_cnt=24 (vpc/ipc reset)
[EXP] [ERASE] ch=1 lun=3 pl=0 blk=97 pg=255 erase_cnt=24 (vpc/ipc reset)
[EXP] [ERASE] ch=1 lun=4 pl=0 blk=97 pg=255 erase_cnt=24 (vpc/ipc reset)
[EXP] [ERASE] ch=1 lun=5 pl=0 blk=97 pg=255 erase_cnt=24 (vpc/ipc reset)
[EXP] [ERASE] ch=1 lun=6 pl=0 blk=97 pg=255 erase_cnt=24 (vpc/ipc reset)
[EXP] [ERASE] ch=1 lun=7 pl=0 blk=97 pg=255 erase_cnt=24 (vpc/ipc reset)
[EXP] [ERASE] ch=2 lun=0 pl=0 blk=97 pg=255 erase_cnt=24 (vpc/ipc reset)
[EXP] [ERASE] ch=2 lun=1 pl=0 blk=97 pg=255 erase_cnt=24 (vpc/ipc reset)
[EXP] [ERASE] ch=2 lun=2 pl=0 blk=97 pg=255 erase_cnt=24 (vpc/ipc reset)
[EXP] [ERASE] ch=2 lun=3 pl=0 blk=97 pg=255 erase_cnt=24 (vpc/ipc reset)
[EXP] [ERASE] ch=2 lun=4 pl=0 blk=97 pg=255 erase_cnt=24 (vpc/ipc reset)
[EXP] [ERASE] ch=2 lun=5 pl=0 blk=97 pg=255 erase_cnt=24 (vpc/ipc reset)
[EXP] [ERASE] ch=2 lun=6 pl=0 blk=97 pg=255 erase_cnt=24 (vpc/ipc reset)
[EXP] [ERASE] ch=2 lun=7 pl=0 blk=97 pg=255 erase_cnt=24 (vpc/ipc reset)
[EXP] [ERASE] ch=3 lun=0 pl=0 blk=97 pg=255 erase_cnt=24 (vpc/ipc reset)
[EXP] [ERASE] ch=3 lun=1 pl=0 blk=97 pg=255 erase_cnt=24 (vpc/ipc reset)
[EXP] [ERASE] ch=3 lun=2 pl=0 blk=97 pg=255 erase_cnt=24 (vpc/ipc reset)
[EXP] [ERASE] ch=3 lun=3 pl=0 blk=97 pg=255 erase_cnt=24 (vpc/ipc reset)
[EXP] [ERASE] ch=3 lun=4 pl=0 blk=97 pg=255 erase_cnt=24 (vpc/ipc reset)
[EXP] [ERASE] ch=3 lun=5 pl=0 blk=97 pg=255 erase_cnt=24 (vpc/ipc reset)
[EXP] [ERASE] ch=3 lun=6 pl=0 blk=97 pg=255 erase_cnt=24 (vpc/ipc reset)
[EXP] [ERASE] ch=3 lun=7 pl=0 blk=97 pg=255 erase_cnt=24 (vpc/ipc reset)
[EXP] [ERASE] ch=4 lun=0 pl=0 blk=97 pg=255 erase_cnt=24 (vpc/ipc reset)
[EXP] [ERASE] ch=4 lun=1 pl=0 blk=97 pg=255 erase_cnt=24 (vpc/ipc reset)
[EXP] [ERASE] ch=4 lun=2 pl=0 blk=97 pg=255 erase_cnt=24 (vpc/ipc reset)
[EXP] [ERASE] ch=4 lun=3 pl=0 blk=97 pg=255 erase_cnt=24 (vpc/ipc reset)
[EXP] [ERASE] ch=4 lun=4 pl=0 blk=97 pg=255 erase_cnt=24 (vpc/ipc reset)
[EXP] [ERASE] ch=4 lun=5 pl=0 blk=97 pg=255 erase_cnt=24 (vpc/ipc reset)
[EXP] [ERASE] ch=4 lun=6 pl=0 blk=97 pg=255 erase_cnt=24 (vpc/ipc reset)
[EXP] [ERASE] ch=4 lun=7 pl=0 blk=97 pg=255 erase_cnt=24 (vpc/ipc reset)
[EXP] [ERASE] ch=5 lun=0 pl=0 blk=97 pg=255 erase_cnt=24 (vpc/ipc reset)
[EXP] [ERASE] ch=5 lun=1 pl=0 blk=97 pg=255 erase_cnt=24 (vpc/ipc reset)
[EXP] [ERASE] ch=5 lun=2 pl=0 blk=97 pg=255 erase_cnt=24 (vpc/ipc reset)
[EXP] [ERASE] ch=5 lun=3 pl=0 blk=97 pg=255 erase_cnt=24 (vpc/ipc reset)
[EXP] [ERASE] ch=5 lun=4 pl=0 blk=97 pg=255 erase_cnt=24 (vpc/ipc reset)
[EXP] [ERASE] ch=5 lun=5 pl=0 blk=97 pg=255 erase_cnt=24 (vpc/ipc reset)
[EXP] [ERASE] ch=5 lun=6 pl=0 blk=97 pg=255 erase_cnt=24 (vpc/ipc reset)
[EXP] [ERASE] ch=5 lun=7 pl=0 blk=97 pg=255 erase_cnt=24 (vpc/ipc reset)
[EXP] [ERASE] ch=6 lun=0 pl=0 blk=97 pg=255 erase_cnt=24 (vpc/ipc reset)
[EXP] [ERASE] ch=6 lun=1 pl=0 blk=97 pg=255 erase_cnt=24 (vpc/ipc reset)
[EXP] [ERASE] ch=6 lun=2 pl=0 blk=97 pg=255 erase_cnt=24 (vpc/ipc reset)
[EXP] [ERASE] ch=6 lun=3 pl=0 blk=97 pg=255 erase_cnt=24 (vpc/ipc reset)
[EXP] [ERASE] ch=6 lun=4 pl=0 blk=97 pg=255 erase_cnt=24 (vpc/ipc reset)
[EXP] [ERASE] ch=6 lun=5 pl=0 blk=97 pg=255 erase_cnt=24 (vpc/ipc reset)
[EXP] [ERASE] ch=6 lun=6 pl=0 blk=97 pg=255 erase_cnt=24 (vpc/ipc reset)
[EXP] [ERASE] ch=6 lun=7 pl=0 blk=97 pg=255 erase_cnt=24 (vpc/ipc reset)
[EXP] [ERASE] ch=7 lun=0 pl=0 blk=97 pg=255 erase_cnt=24 (vpc/ipc reset)
[EXP] [ERASE] ch=7 lun=1 pl=0 blk=97 pg=255 erase_cnt=24 (vpc/ipc reset)
[EXP] [ERASE] ch=7 lun=2 pl=0 blk=97 pg=255 erase_cnt=24 (vpc/ipc reset)
[EXP] [ERASE] ch=7 lun=3 pl=0 blk=97 pg=255 erase_cnt=24 (vpc/ipc reset)
[EXP] [ERASE] ch=7 lun=4 pl=0 blk=97 pg=255 erase_cnt=24 (vpc/ipc reset)
[EXP] [ERASE] ch=7 lun=5 pl=0 blk=97 pg=255 erase_cnt=24 (vpc/ipc reset)
[EXP] [ERASE] ch=7 lun=6 pl=0 blk=97 pg=255 erase_cnt=24 (vpc/ipc reset)
[EXP] [ERASE] ch=7 lun=7 pl=0 blk=97 pg=255 erase_cnt=24 (vpc/ipc reset)
[EXP] [ERASE] ch=0 lun=0 pl=0 blk=97 pg=255 erase_cnt=25 (vpc/ipc reset)
[EXP] [ERASE] ch=0 lun=1 pl=0 blk=97 pg=255 erase_cnt=25 (vpc/ipc reset)
[EXP] [ERASE] ch=0 lun=2 pl=0 blk=97 pg=255 erase_cnt=25 (vpc/ipc reset)
[EXP] [ERASE] ch=0 lun=3 pl=0 blk=97 pg=255 erase_cnt=25 (vpc/ipc reset)
[EXP] [ERASE] ch=0 lun=4 pl=0 blk=97 pg=255 erase_cnt=25 (vpc/ipc reset)
[EXP] [ERASE] ch=0 lun=5 pl=0 blk=97 pg=255 erase_cnt=25 (vpc/ipc reset)
[EXP] [ERASE] ch=0 lun=6 pl=0 blk=97 pg=255 erase_cnt=25 (vpc/ipc reset)
[EXP] [ERASE] ch=0 lun=7 pl=0 blk=97 pg=255 erase_cnt=25 (vpc/ipc reset)
[EXP] [ERASE] ch=1 lun=0 pl=0 blk=97 pg=255 erase_cnt=25 (vpc/ipc reset)
[EXP] [ERASE] ch=1 lun=1 pl=0 blk=97 pg=255 erase_cnt=25 (vpc/ipc reset)
[EXP] [ERASE] ch=1 lun=2 pl=0 blk=97 pg=255 erase_cnt=25 (vpc/ipc reset)
[EXP] [ERASE] ch=1 lun=3 pl=0 blk=97 pg=255 erase_cnt=25 (vpc/ipc reset)
[EXP] [ERASE] ch=1 lun=4 pl=0 blk=97 pg=255 erase_cnt=25 (vpc/ipc reset)
[EXP] [ERASE] ch=1 lun=5 pl=0 blk=97 pg=255 erase_cnt=25 (vpc/ipc reset)
[EXP] [ERASE] ch=1 lun=6 pl=0 blk=97 pg=255 erase_cnt=25 (vpc/ipc reset)
[EXP] [ERASE] ch=1 lun=7 pl=0 blk=97 pg=255 erase_cnt=25 (vpc/ipc reset)
[EXP] [ERASE] ch=2 lun=0 pl=0 blk=97 pg=255 erase_cnt=25 (vpc/ipc reset)
[EXP] [ERASE] ch=2 lun=1 pl=0 blk=97 pg=255 erase_cnt=25 (vpc/ipc reset)
[EXP] [ERASE] ch=2 lun=2 pl=0 blk=97 pg=255 erase_cnt=25 (vpc/ipc reset)
[EXP] [ERASE] ch=2 lun=3 pl=0 blk=97 pg=255 erase_cnt=25 (vpc/ipc reset)
[EXP] [ERASE] ch=2 lun=4 pl=0 blk=97 pg=255 erase_cnt=25 (vpc/ipc reset)
[EXP] [ERASE] ch=2 lun=5 pl=0 blk=97 pg=255 erase_cnt=25 (vpc/ipc reset)
[EXP] [ERASE] ch=2 lun=6 pl=0 blk=97 pg=255 erase_cnt=25 (vpc/ipc reset)
[EXP] [ERASE] ch=2 lun=7 pl=0 blk=97 pg=255 erase_cnt=25 (vpc/ipc reset)
[EXP] [ERASE] ch=3 lun=0 pl=0 blk=97 pg=255 erase_cnt=25 (vpc/ipc reset)
[EXP] [ERASE] ch=3 lun=1 pl=0 blk=97 pg=255 erase_cnt=25 (vpc/ipc reset)
[EXP] [ERASE] ch=3 lun=2 pl=0 blk=97 pg=255 erase_cnt=25 (vpc/ipc reset)
[EXP] [ERASE] ch=3 lun=3 pl=0 blk=97 pg=255 erase_cnt=25 (vpc/ipc reset)
[EXP] [ERASE] ch=3 lun=4 pl=0 blk=97 pg=255 erase_cnt=25 (vpc/ipc reset)
[EXP] [ERASE] ch=3 lun=5 pl=0 blk=97 pg=255 erase_cnt=25 (vpc/ipc reset)
[EXP] [ERASE] ch=3 lun=6 pl=0 blk=97 pg=255 erase_cnt=25 (vpc/ipc reset)
[EXP] [ERASE] ch=3 lun=7 pl=0 blk=97 pg=255 erase_cnt=25 (vpc/ipc reset)
[EXP] [ERASE] ch=4 lun=0 pl=0 blk=97 pg=255 erase_cnt=25 (vpc/ipc reset)
[EXP] [ERASE] ch=4 lun=1 pl=0 blk=97 pg=255 erase_cnt=25 (vpc/ipc reset)
[EXP] [ERASE] ch=4 lun=2 pl=0 blk=97 pg=255 erase_cnt=25 (vpc/ipc reset)
[EXP] [ERASE] ch=4 lun=3 pl=0 blk=97 pg=255 erase_cnt=25 (vpc/ipc reset)
[EXP] [ERASE] ch=4 lun=4 pl=0 blk=97 pg=255 erase_cnt=25 (vpc/ipc reset)
[EXP] [ERASE] ch=4 lun=5 pl=0 blk=97 pg=255 erase_cnt=25 (vpc/ipc reset)
[EXP] [ERASE] ch=4 lun=6 pl=0 blk=97 pg=255 erase_cnt=25 (vpc/ipc reset)
[EXP] [ERASE] ch=4 lun=7 pl=0 blk=97 pg=255 erase_cnt=25 (vpc/ipc reset)
[EXP] [ERASE] ch=5 lun=0 pl=0 blk=97 pg=255 erase_cnt=25 (vpc/ipc reset)
[EXP] [ERASE] ch=5 lun=1 pl=0 blk=97 pg=255 erase_cnt=25 (vpc/ipc reset)
[EXP] [ERASE] ch=5 lun=2 pl=0 blk=97 pg=255 erase_cnt=25 (vpc/ipc reset)
[EXP] [ERASE] ch=5 lun=3 pl=0 blk=97 pg=255 erase_cnt=25 (vpc/ipc reset)
[EXP] [ERASE] ch=5 lun=4 pl=0 blk=97 pg=255 erase_cnt=25 (vpc/ipc reset)
[EXP] [ERASE] ch=5 lun=5 pl=0 blk=97 pg=255 erase_cnt=25 (vpc/ipc reset)
[EXP] [ERASE] ch=5 lun=6 pl=0 blk=97 pg=255 erase_cnt=25 (vpc/ipc reset)
[EXP] [ERASE] ch=5 lun=7 pl=0 blk=97 pg=255 erase_cnt=25 (vpc/ipc reset)
[EXP] [ERASE] ch=6 lun=0 pl=0 blk=97 pg=255 erase_cnt=25 (vpc/ipc reset)
[EXP] [ERASE] ch=6 lun=1 pl=0 blk=97 pg=255 erase_cnt=25 (vpc/ipc reset)
[EXP] [ERASE] ch=6 lun=2 pl=0 blk=97 pg=255 erase_cnt=25 (vpc/ipc reset)
[EXP] [ERASE] ch=6 lun=3 pl=0 blk=97 pg=255 erase_cnt=25 (vpc/ipc reset)
[EXP] [ERASE] ch=6 lun=4 pl=0 blk=97 pg=255 erase_cnt=25 (vpc/ipc reset)
[EXP] [ERASE] ch=6 lun=5 pl=0 blk=97 pg=255 erase_cnt=25 (vpc/ipc reset)
[EXP] [ERASE] ch=6 lun=6 pl=0 blk=97 pg=255 erase_cnt=25 (vpc/ipc reset)
[EXP] [ERASE] ch=6 lun=7 pl=0 blk=97 pg=255 erase_cnt=25 (vpc/ipc reset)
[EXP] [ERASE] ch=7 lun=0 pl=0 blk=97 pg=255 erase_cnt=25 (vpc/ipc reset)
[EXP] [ERASE] ch=7 lun=1 pl=0 blk=97 pg=255 erase_cnt=25 (vpc/ipc reset)
[EXP] [ERASE] ch=7 lun=2 pl=0 blk=97 pg=255 erase_cnt=25 (vpc/ipc reset)
[EXP] [ERASE] ch=7 lun=3 pl=0 blk=97 pg=255 erase_cnt=25 (vpc/ipc reset)
[EXP] [ERASE] ch=7 lun=4 pl=0 blk=97 pg=255 erase_cnt=25 (vpc/ipc reset)
[EXP] [ERASE] ch=7 lun=5 pl=0 blk=97 pg=255 erase_cnt=25 (vpc/ipc reset)
[EXP] [ERASE] ch=7 lun=6 pl=0 blk=97 pg=255 erase_cnt=25 (vpc/ipc reset)
[EXP] [ERASE] ch=7 lun=7 pl=0 blk=97 pg=255 erase_cnt=25 (vpc/ipc reset)
[EXP] [ERASE] ch=0 lun=0 pl=0 blk=110 pg=255 erase_cnt=1 (vpc/ipc reset)
[EXP] [ERASE] ch=0 lun=1 pl=0 blk=110 pg=255 erase_cnt=1 (vpc/ipc reset)
[EXP] [ERASE] ch=0 lun=2 pl=0 blk=110 pg=255 erase_cnt=1 (vpc/ipc reset)
[EXP] [ERASE] ch=0 lun=3 pl=0 blk=110 pg=255 erase_cnt=1 (vpc/ipc reset)
[EXP] [ERASE] ch=0 lun=4 pl=0 blk=110 pg=255 erase_cnt=1 (vpc/ipc reset)
[EXP] [ERASE] ch=0 lun=5 pl=0 blk=110 pg=255 erase_cnt=1 (vpc/ipc reset)
[EXP] [ERASE] ch=0 lun=6 pl=0 blk=110 pg=255 erase_cnt=1 (vpc/ipc reset)
[EXP] [ERASE] ch=0 lun=7 pl=0 blk=110 pg=255 erase_cnt=1 (vpc/ipc reset)
[EXP] [ERASE] ch=1 lun=0 pl=0 blk=110 pg=255 erase_cnt=1 (vpc/ipc reset)
[EXP] [ERASE] ch=1 lun=1 pl=0 blk=110 pg=255 erase_cnt=1 (vpc/ipc reset)
[EXP] [ERASE] ch=1 lun=2 pl=0 blk=110 pg=255 erase_cnt=1 (vpc/ipc reset)
[EXP] [ERASE] ch=1 lun=3 pl=0 blk=110 pg=255 erase_cnt=1 (vpc/ipc reset)
[EXP] [ERASE] ch=1 lun=4 pl=0 blk=110 pg=255 erase_cnt=1 (vpc/ipc reset)
[EXP] [ERASE] ch=1 lun=5 pl=0 blk=110 pg=255 erase_cnt=1 (vpc/ipc reset)
[EXP] [ERASE] ch=1 lun=6 pl=0 blk=110 pg=255 erase_cnt=1 (vpc/ipc reset)
[EXP] [ERASE] ch=1 lun=7 pl=0 blk=110 pg=255 erase_cnt=1 (vpc/ipc reset)
[EXP] [ERASE] ch=2 lun=0 pl=0 blk=110 pg=255 erase_cnt=1 (vpc/ipc reset)
[EXP] [ERASE] ch=2 lun=1 pl=0 blk=110 pg=255 erase_cnt=1 (vpc/ipc reset)
[EXP] [ERASE] ch=2 lun=2 pl=0 blk=110 pg=255 erase_cnt=1 (vpc/ipc reset)
[EXP] [ERASE] ch=2 lun=3 pl=0 blk=110 pg=255 erase_cnt=1 (vpc/ipc reset)
[EXP] [ERASE] ch=2 lun=4 pl=0 blk=110 pg=255 erase_cnt=1 (vpc/ipc reset)
[EXP] [ERASE] ch=2 lun=5 pl=0 blk=110 pg=255 erase_cnt=1 (vpc/ipc reset)
[EXP] [ERASE] ch=2 lun=6 pl=0 blk=110 pg=255 erase_cnt=1 (vpc/ipc reset)
[EXP] [ERASE] ch=2 lun=7 pl=0 blk=110 pg=255 erase_cnt=1 (vpc/ipc reset)
[EXP] [ERASE] ch=3 lun=0 pl=0 blk=110 pg=255 erase_cnt=1 (vpc/ipc reset)
[EXP] [ERASE] ch=3 lun=1 pl=0 blk=110 pg=255 erase_cnt=1 (vpc/ipc reset)
[EXP] [ERASE] ch=3 lun=2 pl=0 blk=110 pg=255 erase_cnt=1 (vpc/ipc reset)
[EXP] [ERASE] ch=3 lun=3 pl=0 blk=110 pg=255 erase_cnt=1 (vpc/ipc reset)
[EXP] [ERASE] ch=3 lun=4 pl=0 blk=110 pg=255 erase_cnt=1 (vpc/ipc reset)
[EXP] [ERASE] ch=3 lun=5 pl=0 blk=110 pg=255 erase_cnt=1 (vpc/ipc reset)
[EXP] [ERASE] ch=3 lun=6 pl=0 blk=110 pg=255 erase_cnt=1 (vpc/ipc reset)
[EXP] [ERASE] ch=3 lun=7 pl=0 blk=110 pg=255 erase_cnt=1 (vpc/ipc reset)
[EXP] [ERASE] ch=4 lun=0 pl=0 blk=110 pg=255 erase_cnt=1 (vpc/ipc reset)
[EXP] [ERASE] ch=4 lun=1 pl=0 blk=110 pg=255 erase_cnt=1 (vpc/ipc reset)
[EXP] [ERASE] ch=4 lun=2 pl=0 blk=110 pg=255 erase_cnt=1 (vpc/ipc reset)
[EXP] [ERASE] ch=4 lun=3 pl=0 blk=110 pg=255 erase_cnt=1 (vpc/ipc reset)
[EXP] [ERASE] ch=4 lun=4 pl=0 blk=110 pg=255 erase_cnt=1 (vpc/ipc reset)
[EXP] [ERASE] ch=4 lun=5 pl=0 blk=110 pg=255 erase_cnt=1 (vpc/ipc reset)
[EXP] [ERASE] ch=4 lun=6 pl=0 blk=110 pg=255 erase_cnt=1 (vpc/ipc reset)
[EXP] [ERASE] ch=4 lun=7 pl=0 blk=110 pg=255 erase_cnt=1 (vpc/ipc reset)
[EXP] [ERASE] ch=5 lun=0 pl=0 blk=110 pg=255 erase_cnt=1 (vpc/ipc reset)
[EXP] [ERASE] ch=5 lun=1 pl=0 blk=110 pg=255 erase_cnt=1 (vpc/ipc reset)
[EXP] [GC_MOVE] lpn=0 ch=5 lun=2 pl=0 blk=110 pg=0 -> ch=3 lun=6 pl=0 blk=111 pg=3
[EXP] [ERASE] ch=5 lun=2 pl=0 blk=110 pg=255 erase_cnt=1 (vpc/ipc reset)
[EXP] [ERASE] ch=5 lun=3 pl=0 blk=110 pg=255 erase_cnt=1 (vpc/ipc reset)
[EXP] [ERASE] ch=5 lun=4 pl=0 blk=110 pg=255 erase_cnt=1 (vpc/ipc reset)
[EXP] [ERASE] ch=5 lun=5 pl=0 blk=110 pg=255 erase_cnt=1 (vpc/ipc reset)
[EXP] [ERASE] ch=5 lun=6 pl=0 blk=110 pg=255 erase_cnt=1 (vpc/ipc reset)
[EXP] [ERASE] ch=5 lun=7 pl=0 blk=110 pg=255 erase_cnt=1 (vpc/ipc reset)
[EXP] [ERASE] ch=6 lun=0 pl=0 blk=110 pg=255 erase_cnt=1 (vpc/ipc reset)
[EXP] [ERASE] ch=6 lun=1 pl=0 blk=110 pg=255 erase_cnt=1 (vpc/ipc reset)
[EXP] [ERASE] ch=6 lun=2 pl=0 blk=110 pg=255 erase_cnt=1 (vpc/ipc reset)
[EXP] [ERASE] ch=6 lun=3 pl=0 blk=110 pg=255 erase_cnt=1 (vpc/ipc reset)
[EXP] [ERASE] ch=6 lun=4 pl=0 blk=110 pg=255 erase_cnt=1 (vpc/ipc reset)
[EXP] [ERASE] ch=6 lun=5 pl=0 blk=110 pg=255 erase_cnt=1 (vpc/ipc reset)
[EXP] [ERASE] ch=6 lun=6 pl=0 blk=110 pg=255 erase_cnt=1 (vpc/ipc reset)
[EXP] [ERASE] ch=6 lun=7 pl=0 blk=110 pg=255 erase_cnt=1 (vpc/ipc reset)
[EXP] [ERASE] ch=7 lun=0 pl=0 blk=110 pg=255 erase_cnt=1 (vpc/ipc reset)
[EXP] [ERASE] ch=7 lun=1 pl=0 blk=110 pg=255 erase_cnt=1 (vpc/ipc reset)
[EXP] [ERASE] ch=7 lun=2 pl=0 blk=110 pg=255 erase_cnt=1 (vpc/ipc reset)
[EXP] [ERASE] ch=7 lun=3 pl=0 blk=110 pg=255 erase_cnt=1 (vpc/ipc reset)
[EXP] [ERASE] ch=7 lun=4 pl=0 blk=110 pg=255 erase_cnt=1 (vpc/ipc reset)
[EXP] [ERASE] ch=7 lun=5 pl=0 blk=110 pg=255 erase_cnt=1 (vpc/ipc reset)
[EXP] [ERASE] ch=7 lun=6 pl=0 blk=110 pg=255 erase_cnt=1 (vpc/ipc reset)
[EXP] [ERASE] ch=7 lun=7 pl=0 blk=110 pg=255 erase_cnt=1 (vpc/ipc reset)
[EXP] [ERASE] ch=0 lun=0 pl=0 blk=97 pg=255 erase_cnt=26 (vpc/ipc reset)
[EXP] [ERASE] ch=0 lun=1 pl=0 blk=97 pg=255 erase_cnt=26 (vpc/ipc reset)
[EXP] [ERASE] ch=0 lun=2 pl=0 blk=97 pg=255 erase_cnt=26 (vpc/ipc reset)
[EXP] [ERASE] ch=0 lun=3 pl=0 blk=97 pg=255 erase_cnt=26 (vpc/ipc reset)
[EXP] [ERASE] ch=0 lun=4 pl=0 blk=97 pg=255 erase_cnt=26 (vpc/ipc reset)
[EXP] [ERASE] ch=0 lun=5 pl=0 blk=97 pg=255 erase_cnt=26 (vpc/ipc reset)
[EXP] [ERASE] ch=0 lun=6 pl=0 blk=97 pg=255 erase_cnt=26 (vpc/ipc reset)
[EXP] [ERASE] ch=0 lun=7 pl=0 blk=97 pg=255 erase_cnt=26 (vpc/ipc reset)
[EXP] [ERASE] ch=1 lun=0 pl=0 blk=97 pg=255 erase_cnt=26 (vpc/ipc reset)
[EXP] [ERASE] ch=1 lun=1 pl=0 blk=97 pg=255 erase_cnt=26 (vpc/ipc reset)
[EXP] [ERASE] ch=1 lun=2 pl=0 blk=97 pg=255 erase_cnt=26 (vpc/ipc reset)
[EXP] [ERASE] ch=1 lun=3 pl=0 blk=97 pg=255 erase_cnt=26 (vpc/ipc reset)
[EXP] [ERASE] ch=1 lun=4 pl=0 blk=97 pg=255 erase_cnt=26 (vpc/ipc reset)
[EXP] [ERASE] ch=1 lun=5 pl=0 blk=97 pg=255 erase_cnt=26 (vpc/ipc reset)
[EXP] [ERASE] ch=1 lun=6 pl=0 blk=97 pg=255 erase_cnt=26 (vpc/ipc reset)
[EXP] [ERASE] ch=1 lun=7 pl=0 blk=97 pg=255 erase_cnt=26 (vpc/ipc reset)
[EXP] [ERASE] ch=2 lun=0 pl=0 blk=97 pg=255 erase_cnt=26 (vpc/ipc reset)
[EXP] [ERASE] ch=2 lun=1 pl=0 blk=97 pg=255 erase_cnt=26 (vpc/ipc reset)
[EXP] [ERASE] ch=2 lun=2 pl=0 blk=97 pg=255 erase_cnt=26 (vpc/ipc reset)
[EXP] [ERASE] ch=2 lun=3 pl=0 blk=97 pg=255 erase_cnt=26 (vpc/ipc reset)
[EXP] [ERASE] ch=2 lun=4 pl=0 blk=97 pg=255 erase_cnt=26 (vpc/ipc reset)
[EXP] [ERASE] ch=2 lun=5 pl=0 blk=97 pg=255 erase_cnt=26 (vpc/ipc reset)
[EXP] [ERASE] ch=2 lun=6 pl=0 blk=97 pg=255 erase_cnt=26 (vpc/ipc reset)
[EXP] [ERASE] ch=2 lun=7 pl=0 blk=97 pg=255 erase_cnt=26 (vpc/ipc reset)
[EXP] [ERASE] ch=3 lun=0 pl=0 blk=97 pg=255 erase_cnt=26 (vpc/ipc reset)
[EXP] [ERASE] ch=3 lun=1 pl=0 blk=97 pg=255 erase_cnt=26 (vpc/ipc reset)
[EXP] [ERASE] ch=3 lun=2 pl=0 blk=97 pg=255 erase_cnt=26 (vpc/ipc reset)
[EXP] [ERASE] ch=3 lun=3 pl=0 blk=97 pg=255 erase_cnt=26 (vpc/ipc reset)
[EXP] [ERASE] ch=3 lun=4 pl=0 blk=97 pg=255 erase_cnt=26 (vpc/ipc reset)
[EXP] [ERASE] ch=3 lun=5 pl=0 blk=97 pg=255 erase_cnt=26 (vpc/ipc reset)
[EXP] [ERASE] ch=3 lun=6 pl=0 blk=97 pg=255 erase_cnt=26 (vpc/ipc reset)
[EXP] [ERASE] ch=3 lun=7 pl=0 blk=97 pg=255 erase_cnt=26 (vpc/ipc reset)
[EXP] [ERASE] ch=4 lun=0 pl=0 blk=97 pg=255 erase_cnt=26 (vpc/ipc reset)
[EXP] [ERASE] ch=4 lun=1 pl=0 blk=97 pg=255 erase_cnt=26 (vpc/ipc reset)
[EXP] [ERASE] ch=4 lun=2 pl=0 blk=97 pg=255 erase_cnt=26 (vpc/ipc reset)
[EXP] [ERASE] ch=4 lun=3 pl=0 blk=97 pg=255 erase_cnt=26 (vpc/ipc reset)
[EXP] [ERASE] ch=4 lun=4 pl=0 blk=97 pg=255 erase_cnt=26 (vpc/ipc reset)
[EXP] [ERASE] ch=4 lun=5 pl=0 blk=97 pg=255 erase_cnt=26 (vpc/ipc reset)
[EXP] [ERASE] ch=4 lun=6 pl=0 blk=97 pg=255 erase_cnt=26 (vpc/ipc reset)
[EXP] [ERASE] ch=4 lun=7 pl=0 blk=97 pg=255 erase_cnt=26 (vpc/ipc reset)
[EXP] [ERASE] ch=5 lun=0 pl=0 blk=97 pg=255 erase_cnt=26 (vpc/ipc reset)
[EXP] [ERASE] ch=5 lun=1 pl=0 blk=97 pg=255 erase_cnt=26 (vpc/ipc reset)
[EXP] [ERASE] ch=5 lun=2 pl=0 blk=97 pg=255 erase_cnt=26 (vpc/ipc reset)
[EXP] [ERASE] ch=5 lun=3 pl=0 blk=97 pg=255 erase_cnt=26 (vpc/ipc reset)
[EXP] [ERASE] ch=5 lun=4 pl=0 blk=97 pg=255 erase_cnt=26 (vpc/ipc reset)
[EXP] [ERASE] ch=5 lun=5 pl=0 blk=97 pg=255 erase_cnt=26 (vpc/ipc reset)
[EXP] [ERASE] ch=5 lun=6 pl=0 blk=97 pg=255 erase_cnt=26 (vpc/ipc reset)
[EXP] [ERASE] ch=5 lun=7 pl=0 blk=97 pg=255 erase_cnt=26 (vpc/ipc reset)
[EXP] [ERASE] ch=6 lun=0 pl=0 blk=97 pg=255 erase_cnt=26 (vpc/ipc reset)
[EXP] [ERASE] ch=6 lun=1 pl=0 blk=97 pg=255 erase_cnt=26 (vpc/ipc reset)
[EXP] [ERASE] ch=6 lun=2 pl=0 blk=97 pg=255 erase_cnt=26 (vpc/ipc reset)
[EXP] [ERASE] ch=6 lun=3 pl=0 blk=97 pg=255 erase_cnt=26 (vpc/ipc reset)
[EXP] [ERASE] ch=6 lun=4 pl=0 blk=97 pg=255 erase_cnt=26 (vpc/ipc reset)
[EXP] [ERASE] ch=6 lun=5 pl=0 blk=97 pg=255 erase_cnt=26 (vpc/ipc reset)
[EXP] [ERASE] ch=6 lun=6 pl=0 blk=97 pg=255 erase_cnt=26 (vpc/ipc reset)
[EXP] [ERASE] ch=6 lun=7 pl=0 blk=97 pg=255 erase_cnt=26 (vpc/ipc reset)
[EXP] [ERASE] ch=7 lun=0 pl=0 blk=97 pg=255 erase_cnt=26 (vpc/ipc reset)
[EXP] [ERASE] ch=7 lun=1 pl=0 blk=97 pg=255 erase_cnt=26 (vpc/ipc reset)
[EXP] [ERASE] ch=7 lun=2 pl=0 blk=97 pg=255 erase_cnt=26 (vpc/ipc reset)
[EXP] [ERASE] ch=7 lun=3 pl=0 blk=97 pg=255 erase_cnt=26 (vpc/ipc reset)
[EXP] [ERASE] ch=7 lun=4 pl=0 blk=97 pg=255 erase_cnt=26 (vpc/ipc reset)
[EXP] [ERASE] ch=7 lun=5 pl=0 blk=97 pg=255 erase_cnt=26 (vpc/ipc reset)
[EXP] [ERASE] ch=7 lun=6 pl=0 blk=97 pg=255 erase_cnt=26 (vpc/ipc reset)
[EXP] [ERASE] ch=7 lun=7 pl=0 blk=97 pg=255 erase_cnt=26 (vpc/ipc reset)
[EXP] [ERASE] ch=0 lun=0 pl=0 blk=97 pg=255 erase_cnt=27 (vpc/ipc reset)
[EXP] [ERASE] ch=0 lun=1 pl=0 blk=97 pg=255 erase_cnt=27 (vpc/ipc reset)
[EXP] [ERASE] ch=0 lun=2 pl=0 blk=97 pg=255 erase_cnt=27 (vpc/ipc reset)
[EXP] [ERASE] ch=0 lun=3 pl=0 blk=97 pg=255 erase_cnt=27 (vpc/ipc reset)
[EXP] [ERASE] ch=0 lun=4 pl=0 blk=97 pg=255 erase_cnt=27 (vpc/ipc reset)
[EXP] [ERASE] ch=0 lun=5 pl=0 blk=97 pg=255 erase_cnt=27 (vpc/ipc reset)
[EXP] [ERASE] ch=0 lun=6 pl=0 blk=97 pg=255 erase_cnt=27 (vpc/ipc reset)
[EXP] [ERASE] ch=0 lun=7 pl=0 blk=97 pg=255 erase_cnt=27 (vpc/ipc reset)
[EXP] [ERASE] ch=1 lun=0 pl=0 blk=97 pg=255 erase_cnt=27 (vpc/ipc reset)
[EXP] [ERASE] ch=1 lun=1 pl=0 blk=97 pg=255 erase_cnt=27 (vpc/ipc reset)
[EXP] [ERASE] ch=1 lun=2 pl=0 blk=97 pg=255 erase_cnt=27 (vpc/ipc reset)
[EXP] [ERASE] ch=1 lun=3 pl=0 blk=97 pg=255 erase_cnt=27 (vpc/ipc reset)
[EXP] [ERASE] ch=1 lun=4 pl=0 blk=97 pg=255 erase_cnt=27 (vpc/ipc reset)
[EXP] [ERASE] ch=1 lun=5 pl=0 blk=97 pg=255 erase_cnt=27 (vpc/ipc reset)
[EXP] [ERASE] ch=1 lun=6 pl=0 blk=97 pg=255 erase_cnt=27 (vpc/ipc reset)
[EXP] [ERASE] ch=1 lun=7 pl=0 blk=97 pg=255 erase_cnt=27 (vpc/ipc reset)
[EXP] [ERASE] ch=2 lun=0 pl=0 blk=97 pg=255 erase_cnt=27 (vpc/ipc reset)
[EXP] [ERASE] ch=2 lun=1 pl=0 blk=97 pg=255 erase_cnt=27 (vpc/ipc reset)
[EXP] [ERASE] ch=2 lun=2 pl=0 blk=97 pg=255 erase_cnt=27 (vpc/ipc reset)
[EXP] [ERASE] ch=2 lun=3 pl=0 blk=97 pg=255 erase_cnt=27 (vpc/ipc reset)
[EXP] [ERASE] ch=2 lun=4 pl=0 blk=97 pg=255 erase_cnt=27 (vpc/ipc reset)
[EXP] [ERASE] ch=2 lun=5 pl=0 blk=97 pg=255 erase_cnt=27 (vpc/ipc reset)
[EXP] [ERASE] ch=2 lun=6 pl=0 blk=97 pg=255 erase_cnt=27 (vpc/ipc reset)
[EXP] [ERASE] ch=2 lun=7 pl=0 blk=97 pg=255 erase_cnt=27 (vpc/ipc reset)
[EXP] [ERASE] ch=3 lun=0 pl=0 blk=97 pg=255 erase_cnt=27 (vpc/ipc reset)
[EXP] [ERASE] ch=3 lun=1 pl=0 blk=97 pg=255 erase_cnt=27 (vpc/ipc reset)
[EXP] [ERASE] ch=3 lun=2 pl=0 blk=97 pg=255 erase_cnt=27 (vpc/ipc reset)
[EXP] [ERASE] ch=3 lun=3 pl=0 blk=97 pg=255 erase_cnt=27 (vpc/ipc reset)
[EXP] [ERASE] ch=3 lun=4 pl=0 blk=97 pg=255 erase_cnt=27 (vpc/ipc reset)
[EXP] [ERASE] ch=3 lun=5 pl=0 blk=97 pg=255 erase_cnt=27 (vpc/ipc reset)
[EXP] [ERASE] ch=3 lun=6 pl=0 blk=97 pg=255 erase_cnt=27 (vpc/ipc reset)
[EXP] [ERASE] ch=3 lun=7 pl=0 blk=97 pg=255 erase_cnt=27 (vpc/ipc reset)
[EXP] [ERASE] ch=4 lun=0 pl=0 blk=97 pg=255 erase_cnt=27 (vpc/ipc reset)
[EXP] [ERASE] ch=4 lun=1 pl=0 blk=97 pg=255 erase_cnt=27 (vpc/ipc reset)
[EXP] [ERASE] ch=4 lun=2 pl=0 blk=97 pg=255 erase_cnt=27 (vpc/ipc reset)
[EXP] [ERASE] ch=4 lun=3 pl=0 blk=97 pg=255 erase_cnt=27 (vpc/ipc reset)
[EXP] [ERASE] ch=4 lun=4 pl=0 blk=97 pg=255 erase_cnt=27 (vpc/ipc reset)
[EXP] [ERASE] ch=4 lun=5 pl=0 blk=97 pg=255 erase_cnt=27 (vpc/ipc reset)
[EXP] [ERASE] ch=4 lun=6 pl=0 blk=97 pg=255 erase_cnt=27 (vpc/ipc reset)
[EXP] [ERASE] ch=4 lun=7 pl=0 blk=97 pg=255 erase_cnt=27 (vpc/ipc reset)
[EXP] [ERASE] ch=5 lun=0 pl=0 blk=97 pg=255 erase_cnt=27 (vpc/ipc reset)
[EXP] [ERASE] ch=5 lun=1 pl=0 blk=97 pg=255 erase_cnt=27 (vpc/ipc reset)
[EXP] [ERASE] ch=5 lun=2 pl=0 blk=97 pg=255 erase_cnt=27 (vpc/ipc reset)
[EXP] [ERASE] ch=5 lun=3 pl=0 blk=97 pg=255 erase_cnt=27 (vpc/ipc reset)
[EXP] [ERASE] ch=5 lun=4 pl=0 blk=97 pg=255 erase_cnt=27 (vpc/ipc reset)
[EXP] [ERASE] ch=5 lun=5 pl=0 blk=97 pg=255 erase_cnt=27 (vpc/ipc reset)
[EXP] [ERASE] ch=5 lun=6 pl=0 blk=97 pg=255 erase_cnt=27 (vpc/ipc reset)
[EXP] [ERASE] ch=5 lun=7 pl=0 blk=97 pg=255 erase_cnt=27 (vpc/ipc reset)
[EXP] [ERASE] ch=6 lun=0 pl=0 blk=97 pg=255 erase_cnt=27 (vpc/ipc reset)
[EXP] [ERASE] ch=6 lun=1 pl=0 blk=97 pg=255 erase_cnt=27 (vpc/ipc reset)
[EXP] [ERASE] ch=6 lun=2 pl=0 blk=97 pg=255 erase_cnt=27 (vpc/ipc reset)
[EXP] [ERASE] ch=6 lun=3 pl=0 blk=97 pg=255 erase_cnt=27 (vpc/ipc reset)
[EXP] [ERASE] ch=6 lun=4 pl=0 blk=97 pg=255 erase_cnt=27 (vpc/ipc reset)
[EXP] [ERASE] ch=6 lun=5 pl=0 blk=97 pg=255 erase_cnt=27 (vpc/ipc reset)
[EXP] [ERASE] ch=6 lun=6 pl=0 blk=97 pg=255 erase_cnt=27 (vpc/ipc reset)
[EXP] [ERASE] ch=6 lun=7 pl=0 blk=97 pg=255 erase_cnt=27 (vpc/ipc reset)
[EXP] [ERASE] ch=7 lun=0 pl=0 blk=97 pg=255 erase_cnt=27 (vpc/ipc reset)
[EXP] [ERASE] ch=7 lun=1 pl=0 blk=97 pg=255 erase_cnt=27 (vpc/ipc reset)
[EXP] [ERASE] ch=7 lun=2 pl=0 blk=97 pg=255 erase_cnt=27 (vpc/ipc reset)
[EXP] [ERASE] ch=7 lun=3 pl=0 blk=97 pg=255 erase_cnt=27 (vpc/ipc reset)
[EXP] [ERASE] ch=7 lun=4 pl=0 blk=97 pg=255 erase_cnt=27 (vpc/ipc reset)
[EXP] [ERASE] ch=7 lun=5 pl=0 blk=97 pg=255 erase_cnt=27 (vpc/ipc reset)
[EXP] [ERASE] ch=7 lun=6 pl=0 blk=97 pg=255 erase_cnt=27 (vpc/ipc reset)
[EXP] [ERASE] ch=7 lun=7 pl=0 blk=97 pg=255 erase_cnt=27 (vpc/ipc reset)
[EXP] [ERASE] ch=0 lun=0 pl=0 blk=97 pg=255 erase_cnt=28 (vpc/ipc reset)
[EXP] [ERASE] ch=0 lun=1 pl=0 blk=97 pg=255 erase_cnt=28 (vpc/ipc reset)
[EXP] [ERASE] ch=0 lun=2 pl=0 blk=97 pg=255 erase_cnt=28 (vpc/ipc reset)
[EXP] [ERASE] ch=0 lun=3 pl=0 blk=97 pg=255 erase_cnt=28 (vpc/ipc reset)
[EXP] [ERASE] ch=0 lun=4 pl=0 blk=97 pg=255 erase_cnt=28 (vpc/ipc reset)
[EXP] [ERASE] ch=0 lun=5 pl=0 blk=97 pg=255 erase_cnt=28 (vpc/ipc reset)
[EXP] [ERASE] ch=0 lun=6 pl=0 blk=97 pg=255 erase_cnt=28 (vpc/ipc reset)
[EXP] [ERASE] ch=0 lun=7 pl=0 blk=97 pg=255 erase_cnt=28 (vpc/ipc reset)
[EXP] [ERASE] ch=1 lun=0 pl=0 blk=97 pg=255 erase_cnt=28 (vpc/ipc reset)
[EXP] [ERASE] ch=1 lun=1 pl=0 blk=97 pg=255 erase_cnt=28 (vpc/ipc reset)
[EXP] [ERASE] ch=1 lun=2 pl=0 blk=97 pg=255 erase_cnt=28 (vpc/ipc reset)
[EXP] [ERASE] ch=1 lun=3 pl=0 blk=97 pg=255 erase_cnt=28 (vpc/ipc reset)
[EXP] [ERASE] ch=1 lun=4 pl=0 blk=97 pg=255 erase_cnt=28 (vpc/ipc reset)
[EXP] [ERASE] ch=1 lun=5 pl=0 blk=97 pg=255 erase_cnt=28 (vpc/ipc reset)
[EXP] [ERASE] ch=1 lun=6 pl=0 blk=97 pg=255 erase_cnt=28 (vpc/ipc reset)
[EXP] [ERASE] ch=1 lun=7 pl=0 blk=97 pg=255 erase_cnt=28 (vpc/ipc reset)
[EXP] [ERASE] ch=2 lun=0 pl=0 blk=97 pg=255 erase_cnt=28 (vpc/ipc reset)
[EXP] [ERASE] ch=2 lun=1 pl=0 blk=97 pg=255 erase_cnt=28 (vpc/ipc reset)
[EXP] [ERASE] ch=2 lun=2 pl=0 blk=97 pg=255 erase_cnt=28 (vpc/ipc reset)
[EXP] [ERASE] ch=2 lun=3 pl=0 blk=97 pg=255 erase_cnt=28 (vpc/ipc reset)
[EXP] [ERASE] ch=2 lun=4 pl=0 blk=97 pg=255 erase_cnt=28 (vpc/ipc reset)
[EXP] [ERASE] ch=2 lun=5 pl=0 blk=97 pg=255 erase_cnt=28 (vpc/ipc reset)
[EXP] [ERASE] ch=2 lun=6 pl=0 blk=97 pg=255 erase_cnt=28 (vpc/ipc reset)
[EXP] [ERASE] ch=2 lun=7 pl=0 blk=97 pg=255 erase_cnt=28 (vpc/ipc reset)
[EXP] [ERASE] ch=3 lun=0 pl=0 blk=97 pg=255 erase_cnt=28 (vpc/ipc reset)
[EXP] [ERASE] ch=3 lun=1 pl=0 blk=97 pg=255 erase_cnt=28 (vpc/ipc reset)
[EXP] [ERASE] ch=3 lun=2 pl=0 blk=97 pg=255 erase_cnt=28 (vpc/ipc reset)
[EXP] [ERASE] ch=3 lun=3 pl=0 blk=97 pg=255 erase_cnt=28 (vpc/ipc reset)
[EXP] [ERASE] ch=3 lun=4 pl=0 blk=97 pg=255 erase_cnt=28 (vpc/ipc reset)
[EXP] [ERASE] ch=3 lun=5 pl=0 blk=97 pg=255 erase_cnt=28 (vpc/ipc reset)
[EXP] [ERASE] ch=3 lun=6 pl=0 blk=97 pg=255 erase_cnt=28 (vpc/ipc reset)
[EXP] [ERASE] ch=3 lun=7 pl=0 blk=97 pg=255 erase_cnt=28 (vpc/ipc reset)
[EXP] [ERASE] ch=4 lun=0 pl=0 blk=97 pg=255 erase_cnt=28 (vpc/ipc reset)
[EXP] [ERASE] ch=4 lun=1 pl=0 blk=97 pg=255 erase_cnt=28 (vpc/ipc reset)
[EXP] [ERASE] ch=4 lun=2 pl=0 blk=97 pg=255 erase_cnt=28 (vpc/ipc reset)
[EXP] [ERASE] ch=4 lun=3 pl=0 blk=97 pg=255 erase_cnt=28 (vpc/ipc reset)
[EXP] [ERASE] ch=4 lun=4 pl=0 blk=97 pg=255 erase_cnt=28 (vpc/ipc reset)
[EXP] [ERASE] ch=4 lun=5 pl=0 blk=97 pg=255 erase_cnt=28 (vpc/ipc reset)
[EXP] [ERASE] ch=4 lun=6 pl=0 blk=97 pg=255 erase_cnt=28 (vpc/ipc reset)
[EXP] [ERASE] ch=4 lun=7 pl=0 blk=97 pg=255 erase_cnt=28 (vpc/ipc reset)
[EXP] [ERASE] ch=5 lun=0 pl=0 blk=97 pg=255 erase_cnt=28 (vpc/ipc reset)
[EXP] [ERASE] ch=5 lun=1 pl=0 blk=97 pg=255 erase_cnt=28 (vpc/ipc reset)
[EXP] [ERASE] ch=5 lun=2 pl=0 blk=97 pg=255 erase_cnt=28 (vpc/ipc reset)
[EXP] [ERASE] ch=5 lun=3 pl=0 blk=97 pg=255 erase_cnt=28 (vpc/ipc reset)
[EXP] [ERASE] ch=5 lun=4 pl=0 blk=97 pg=255 erase_cnt=28 (vpc/ipc reset)
[EXP] [ERASE] ch=5 lun=5 pl=0 blk=97 pg=255 erase_cnt=28 (vpc/ipc reset)
[EXP] [ERASE] ch=5 lun=6 pl=0 blk=97 pg=255 erase_cnt=28 (vpc/ipc reset)
[EXP] [ERASE] ch=5 lun=7 pl=0 blk=97 pg=255 erase_cnt=28 (vpc/ipc reset)
[EXP] [ERASE] ch=6 lun=0 pl=0 blk=97 pg=255 erase_cnt=28 (vpc/ipc reset)
[EXP] [ERASE] ch=6 lun=1 pl=0 blk=97 pg=255 erase_cnt=28 (vpc/ipc reset)
[EXP] [ERASE] ch=6 lun=2 pl=0 blk=97 pg=255 erase_cnt=28 (vpc/ipc reset)
[EXP] [ERASE] ch=6 lun=3 pl=0 blk=97 pg=255 erase_cnt=28 (vpc/ipc reset)
[EXP] [ERASE] ch=6 lun=4 pl=0 blk=97 pg=255 erase_cnt=28 (vpc/ipc reset)
[EXP] [ERASE] ch=6 lun=5 pl=0 blk=97 pg=255 erase_cnt=28 (vpc/ipc reset)
[EXP] [ERASE] ch=6 lun=6 pl=0 blk=97 pg=255 erase_cnt=28 (vpc/ipc reset)
[EXP] [ERASE] ch=6 lun=7 pl=0 blk=97 pg=255 erase_cnt=28 (vpc/ipc reset)
[EXP] [ERASE] ch=7 lun=0 pl=0 blk=97 pg=255 erase_cnt=28 (vpc/ipc reset)
[EXP] [ERASE] ch=7 lun=1 pl=0 blk=97 pg=255 erase_cnt=28 (vpc/ipc reset)
[EXP] [ERASE] ch=7 lun=2 pl=0 blk=97 pg=255 erase_cnt=28 (vpc/ipc reset)
[EXP] [ERASE] ch=7 lun=3 pl=0 blk=97 pg=255 erase_cnt=28 (vpc/ipc reset)
[EXP] [ERASE] ch=7 lun=4 pl=0 blk=97 pg=255 erase_cnt=28 (vpc/ipc reset)
[EXP] [ERASE] ch=7 lun=5 pl=0 blk=97 pg=255 erase_cnt=28 (vpc/ipc reset)
[EXP] [ERASE] ch=7 lun=6 pl=0 blk=97 pg=255 erase_cnt=28 (vpc/ipc reset)
[EXP] [ERASE] ch=7 lun=7 pl=0 blk=97 pg=255 erase_cnt=28 (vpc/ipc reset)
[EXP] [ERASE] ch=0 lun=0 pl=0 blk=111 pg=255 erase_cnt=1 (vpc/ipc reset)
[EXP] [ERASE] ch=0 lun=1 pl=0 blk=111 pg=255 erase_cnt=1 (vpc/ipc reset)
[EXP] [ERASE] ch=0 lun=2 pl=0 blk=111 pg=255 erase_cnt=1 (vpc/ipc reset)
[EXP] [ERASE] ch=0 lun=3 pl=0 blk=111 pg=255 erase_cnt=1 (vpc/ipc reset)
[EXP] [ERASE] ch=0 lun=4 pl=0 blk=111 pg=255 erase_cnt=1 (vpc/ipc reset)
[EXP] [ERASE] ch=0 lun=5 pl=0 blk=111 pg=255 erase_cnt=1 (vpc/ipc reset)
[EXP] [ERASE] ch=0 lun=6 pl=0 blk=111 pg=255 erase_cnt=1 (vpc/ipc reset)
[EXP] [ERASE] ch=0 lun=7 pl=0 blk=111 pg=255 erase_cnt=1 (vpc/ipc reset)
[EXP] [ERASE] ch=1 lun=0 pl=0 blk=111 pg=255 erase_cnt=1 (vpc/ipc reset)
[EXP] [ERASE] ch=1 lun=1 pl=0 blk=111 pg=255 erase_cnt=1 (vpc/ipc reset)
[EXP] [ERASE] ch=1 lun=2 pl=0 blk=111 pg=255 erase_cnt=1 (vpc/ipc reset)
[EXP] [ERASE] ch=1 lun=3 pl=0 blk=111 pg=255 erase_cnt=1 (vpc/ipc reset)
[EXP] [ERASE] ch=1 lun=4 pl=0 blk=111 pg=255 erase_cnt=1 (vpc/ipc reset)
[EXP] [ERASE] ch=1 lun=5 pl=0 blk=111 pg=255 erase_cnt=1 (vpc/ipc reset)
[EXP] [ERASE] ch=1 lun=6 pl=0 blk=111 pg=255 erase_cnt=1 (vpc/ipc reset)
[EXP] [ERASE] ch=1 lun=7 pl=0 blk=111 pg=255 erase_cnt=1 (vpc/ipc reset)
[EXP] [ERASE] ch=2 lun=0 pl=0 blk=111 pg=255 erase_cnt=1 (vpc/ipc reset)
[EXP] [ERASE] ch=2 lun=1 pl=0 blk=111 pg=255 erase_cnt=1 (vpc/ipc reset)
[EXP] [ERASE] ch=2 lun=2 pl=0 blk=111 pg=255 erase_cnt=1 (vpc/ipc reset)
[EXP] [ERASE] ch=2 lun=3 pl=0 blk=111 pg=255 erase_cnt=1 (vpc/ipc reset)
[EXP] [ERASE] ch=2 lun=4 pl=0 blk=111 pg=255 erase_cnt=1 (vpc/ipc reset)
[EXP] [ERASE] ch=2 lun=5 pl=0 blk=111 pg=255 erase_cnt=1 (vpc/ipc reset)
[EXP] [ERASE] ch=2 lun=6 pl=0 blk=111 pg=255 erase_cnt=1 (vpc/ipc reset)
[EXP] [ERASE] ch=2 lun=7 pl=0 blk=111 pg=255 erase_cnt=1 (vpc/ipc reset)
[EXP] [ERASE] ch=3 lun=0 pl=0 blk=111 pg=255 erase_cnt=1 (vpc/ipc reset)
[EXP] [ERASE] ch=3 lun=1 pl=0 blk=111 pg=255 erase_cnt=1 (vpc/ipc reset)
[EXP] [ERASE] ch=3 lun=2 pl=0 blk=111 pg=255 erase_cnt=1 (vpc/ipc reset)
[EXP] [ERASE] ch=3 lun=3 pl=0 blk=111 pg=255 erase_cnt=1 (vpc/ipc reset)
[EXP] [ERASE] ch=3 lun=4 pl=0 blk=111 pg=255 erase_cnt=1 (vpc/ipc reset)
[EXP] [ERASE] ch=3 lun=5 pl=0 blk=111 pg=255 erase_cnt=1 (vpc/ipc reset)
[EXP] [GC_MOVE] lpn=0 ch=3 lun=6 pl=0 blk=111 pg=3 -> ch=3 lun=5 pl=0 blk=112 pg=2
[EXP] [ERASE] ch=3 lun=6 pl=0 blk=111 pg=255 erase_cnt=1 (vpc/ipc reset)
[EXP] [ERASE] ch=3 lun=7 pl=0 blk=111 pg=255 erase_cnt=1 (vpc/ipc reset)
[EXP] [ERASE] ch=4 lun=0 pl=0 blk=111 pg=255 erase_cnt=1 (vpc/ipc reset)
[EXP] [ERASE] ch=4 lun=1 pl=0 blk=111 pg=255 erase_cnt=1 (vpc/ipc reset)
[EXP] [ERASE] ch=4 lun=2 pl=0 blk=111 pg=255 erase_cnt=1 (vpc/ipc reset)
[EXP] [ERASE] ch=4 lun=3 pl=0 blk=111 pg=255 erase_cnt=1 (vpc/ipc reset)
[EXP] [ERASE] ch=4 lun=4 pl=0 blk=111 pg=255 erase_cnt=1 (vpc/ipc reset)
[EXP] [ERASE] ch=4 lun=5 pl=0 blk=111 pg=255 erase_cnt=1 (vpc/ipc reset)
[EXP] [ERASE] ch=4 lun=6 pl=0 blk=111 pg=255 erase_cnt=1 (vpc/ipc reset)
[EXP] [ERASE] ch=4 lun=7 pl=0 blk=111 pg=255 erase_cnt=1 (vpc/ipc reset)
[EXP] [ERASE] ch=5 lun=0 pl=0 blk=111 pg=255 erase_cnt=1 (vpc/ipc reset)
[EXP] [ERASE] ch=5 lun=1 pl=0 blk=111 pg=255 erase_cnt=1 (vpc/ipc reset)
[EXP] [ERASE] ch=5 lun=2 pl=0 blk=111 pg=255 erase_cnt=1 (vpc/ipc reset)
[EXP] [ERASE] ch=5 lun=3 pl=0 blk=111 pg=255 erase_cnt=1 (vpc/ipc reset)
[EXP] [ERASE] ch=5 lun=4 pl=0 blk=111 pg=255 erase_cnt=1 (vpc/ipc reset)
[EXP] [ERASE] ch=5 lun=5 pl=0 blk=111 pg=255 erase_cnt=1 (vpc/ipc reset)
[EXP] [ERASE] ch=5 lun=6 pl=0 blk=111 pg=255 erase_cnt=1 (vpc/ipc reset)
[EXP] [ERASE] ch=5 lun=7 pl=0 blk=111 pg=255 erase_cnt=1 (vpc/ipc reset)
[EXP] [ERASE] ch=6 lun=0 pl=0 blk=111 pg=255 erase_cnt=1 (vpc/ipc reset)
[EXP] [ERASE] ch=6 lun=1 pl=0 blk=111 pg=255 erase_cnt=1 (vpc/ipc reset)
[EXP] [ERASE] ch=6 lun=2 pl=0 blk=111 pg=255 erase_cnt=1 (vpc/ipc reset)
[EXP] [ERASE] ch=6 lun=3 pl=0 blk=111 pg=255 erase_cnt=1 (vpc/ipc reset)
[EXP] [ERASE] ch=6 lun=4 pl=0 blk=111 pg=255 erase_cnt=1 (vpc/ipc reset)
[EXP] [ERASE] ch=6 lun=5 pl=0 blk=111 pg=255 erase_cnt=1 (vpc/ipc reset)
[EXP] [ERASE] ch=6 lun=6 pl=0 blk=111 pg=255 erase_cnt=1 (vpc/ipc reset)
[EXP] [ERASE] ch=6 lun=7 pl=0 blk=111 pg=255 erase_cnt=1 (vpc/ipc reset)
[EXP] [ERASE] ch=7 lun=0 pl=0 blk=111 pg=255 erase_cnt=1 (vpc/ipc reset)
[EXP] [ERASE] ch=7 lun=1 pl=0 blk=111 pg=255 erase_cnt=1 (vpc/ipc reset)
[EXP] [ERASE] ch=7 lun=2 pl=0 blk=111 pg=255 erase_cnt=1 (vpc/ipc reset)
[EXP] [ERASE] ch=7 lun=3 pl=0 blk=111 pg=255 erase_cnt=1 (vpc/ipc reset)
[EXP] [ERASE] ch=7 lun=4 pl=0 blk=111 pg=255 erase_cnt=1 (vpc/ipc reset)
[EXP] [ERASE] ch=7 lun=5 pl=0 blk=111 pg=255 erase_cnt=1 (vpc/ipc reset)
[EXP] [ERASE] ch=7 lun=6 pl=0 blk=111 pg=255 erase_cnt=1 (vpc/ipc reset)
[EXP] [ERASE] ch=7 lun=7 pl=0 blk=111 pg=255 erase_cnt=1 (vpc/ipc reset)
[EXP] [ERASE] ch=0 lun=0 pl=0 blk=97 pg=255 erase_cnt=29 (vpc/ipc reset)
[EXP] [ERASE] ch=0 lun=1 pl=0 blk=97 pg=255 erase_cnt=29 (vpc/ipc reset)
[EXP] [ERASE] ch=0 lun=2 pl=0 blk=97 pg=255 erase_cnt=29 (vpc/ipc reset)
[EXP] [ERASE] ch=0 lun=3 pl=0 blk=97 pg=255 erase_cnt=29 (vpc/ipc reset)
[EXP] [ERASE] ch=0 lun=4 pl=0 blk=97 pg=255 erase_cnt=29 (vpc/ipc reset)
[EXP] [ERASE] ch=0 lun=5 pl=0 blk=97 pg=255 erase_cnt=29 (vpc/ipc reset)
[EXP] [ERASE] ch=0 lun=6 pl=0 blk=97 pg=255 erase_cnt=29 (vpc/ipc reset)
[EXP] [ERASE] ch=0 lun=7 pl=0 blk=97 pg=255 erase_cnt=29 (vpc/ipc reset)
[EXP] [ERASE] ch=1 lun=0 pl=0 blk=97 pg=255 erase_cnt=29 (vpc/ipc reset)
[EXP] [ERASE] ch=1 lun=1 pl=0 blk=97 pg=255 erase_cnt=29 (vpc/ipc reset)
[EXP] [ERASE] ch=1 lun=2 pl=0 blk=97 pg=255 erase_cnt=29 (vpc/ipc reset)
[EXP] [ERASE] ch=1 lun=3 pl=0 blk=97 pg=255 erase_cnt=29 (vpc/ipc reset)
[EXP] [ERASE] ch=1 lun=4 pl=0 blk=97 pg=255 erase_cnt=29 (vpc/ipc reset)
[EXP] [ERASE] ch=1 lun=5 pl=0 blk=97 pg=255 erase_cnt=29 (vpc/ipc reset)
[EXP] [ERASE] ch=1 lun=6 pl=0 blk=97 pg=255 erase_cnt=29 (vpc/ipc reset)
[EXP] [ERASE] ch=1 lun=7 pl=0 blk=97 pg=255 erase_cnt=29 (vpc/ipc reset)
[EXP] [ERASE] ch=2 lun=0 pl=0 blk=97 pg=255 erase_cnt=29 (vpc/ipc reset)
[EXP] [ERASE] ch=2 lun=1 pl=0 blk=97 pg=255 erase_cnt=29 (vpc/ipc reset)
[EXP] [ERASE] ch=2 lun=2 pl=0 blk=97 pg=255 erase_cnt=29 (vpc/ipc reset)
[EXP] [ERASE] ch=2 lun=3 pl=0 blk=97 pg=255 erase_cnt=29 (vpc/ipc reset)
[EXP] [ERASE] ch=2 lun=4 pl=0 blk=97 pg=255 erase_cnt=29 (vpc/ipc reset)
[EXP] [ERASE] ch=2 lun=5 pl=0 blk=97 pg=255 erase_cnt=29 (vpc/ipc reset)
[EXP] [ERASE] ch=2 lun=6 pl=0 blk=97 pg=255 erase_cnt=29 (vpc/ipc reset)
[EXP] [ERASE] ch=2 lun=7 pl=0 blk=97 pg=255 erase_cnt=29 (vpc/ipc reset)
[EXP] [ERASE] ch=3 lun=0 pl=0 blk=97 pg=255 erase_cnt=29 (vpc/ipc reset)
[EXP] [ERASE] ch=3 lun=1 pl=0 blk=97 pg=255 erase_cnt=29 (vpc/ipc reset)
[EXP] [ERASE] ch=3 lun=2 pl=0 blk=97 pg=255 erase_cnt=29 (vpc/ipc reset)
[EXP] [ERASE] ch=3 lun=3 pl=0 blk=97 pg=255 erase_cnt=29 (vpc/ipc reset)
[EXP] [ERASE] ch=3 lun=4 pl=0 blk=97 pg=255 erase_cnt=29 (vpc/ipc reset)
[EXP] [ERASE] ch=3 lun=5 pl=0 blk=97 pg=255 erase_cnt=29 (vpc/ipc reset)
[EXP] [ERASE] ch=3 lun=6 pl=0 blk=97 pg=255 erase_cnt=29 (vpc/ipc reset)
[EXP] [ERASE] ch=3 lun=7 pl=0 blk=97 pg=255 erase_cnt=29 (vpc/ipc reset)
[EXP] [ERASE] ch=4 lun=0 pl=0 blk=97 pg=255 erase_cnt=29 (vpc/ipc reset)
[EXP] [ERASE] ch=4 lun=1 pl=0 blk=97 pg=255 erase_cnt=29 (vpc/ipc reset)
[EXP] [ERASE] ch=4 lun=2 pl=0 blk=97 pg=255 erase_cnt=29 (vpc/ipc reset)
[EXP] [ERASE] ch=4 lun=3 pl=0 blk=97 pg=255 erase_cnt=29 (vpc/ipc reset)
[EXP] [ERASE] ch=4 lun=4 pl=0 blk=97 pg=255 erase_cnt=29 (vpc/ipc reset)
[EXP] [ERASE] ch=4 lun=5 pl=0 blk=97 pg=255 erase_cnt=29 (vpc/ipc reset)
[EXP] [ERASE] ch=4 lun=6 pl=0 blk=97 pg=255 erase_cnt=29 (vpc/ipc reset)
[EXP] [ERASE] ch=4 lun=7 pl=0 blk=97 pg=255 erase_cnt=29 (vpc/ipc reset)
[EXP] [ERASE] ch=5 lun=0 pl=0 blk=97 pg=255 erase_cnt=29 (vpc/ipc reset)
[EXP] [ERASE] ch=5 lun=1 pl=0 blk=97 pg=255 erase_cnt=29 (vpc/ipc reset)
[EXP] [ERASE] ch=5 lun=2 pl=0 blk=97 pg=255 erase_cnt=29 (vpc/ipc reset)
[EXP] [ERASE] ch=5 lun=3 pl=0 blk=97 pg=255 erase_cnt=29 (vpc/ipc reset)
[EXP] [ERASE] ch=5 lun=4 pl=0 blk=97 pg=255 erase_cnt=29 (vpc/ipc reset)
[EXP] [ERASE] ch=5 lun=5 pl=0 blk=97 pg=255 erase_cnt=29 (vpc/ipc reset)
[EXP] [ERASE] ch=5 lun=6 pl=0 blk=97 pg=255 erase_cnt=29 (vpc/ipc reset)
[EXP] [ERASE] ch=5 lun=7 pl=0 blk=97 pg=255 erase_cnt=29 (vpc/ipc reset)
[EXP] [ERASE] ch=6 lun=0 pl=0 blk=97 pg=255 erase_cnt=29 (vpc/ipc reset)
[EXP] [ERASE] ch=6 lun=1 pl=0 blk=97 pg=255 erase_cnt=29 (vpc/ipc reset)
[EXP] [ERASE] ch=6 lun=2 pl=0 blk=97 pg=255 erase_cnt=29 (vpc/ipc reset)
[EXP] [ERASE] ch=6 lun=3 pl=0 blk=97 pg=255 erase_cnt=29 (vpc/ipc reset)
[EXP] [ERASE] ch=6 lun=4 pl=0 blk=97 pg=255 erase_cnt=29 (vpc/ipc reset)
[EXP] [ERASE] ch=6 lun=5 pl=0 blk=97 pg=255 erase_cnt=29 (vpc/ipc reset)
[EXP] [ERASE] ch=6 lun=6 pl=0 blk=97 pg=255 erase_cnt=29 (vpc/ipc reset)
[EXP] [ERASE] ch=6 lun=7 pl=0 blk=97 pg=255 erase_cnt=29 (vpc/ipc reset)
[EXP] [ERASE] ch=7 lun=0 pl=0 blk=97 pg=255 erase_cnt=29 (vpc/ipc reset)
[EXP] [ERASE] ch=7 lun=1 pl=0 blk=97 pg=255 erase_cnt=29 (vpc/ipc reset)
[EXP] [ERASE] ch=7 lun=2 pl=0 blk=97 pg=255 erase_cnt=29 (vpc/ipc reset)
[EXP] [ERASE] ch=7 lun=3 pl=0 blk=97 pg=255 erase_cnt=29 (vpc/ipc reset)
[EXP] [ERASE] ch=7 lun=4 pl=0 blk=97 pg=255 erase_cnt=29 (vpc/ipc reset)
[EXP] [ERASE] ch=7 lun=5 pl=0 blk=97 pg=255 erase_cnt=29 (vpc/ipc reset)
[EXP] [ERASE] ch=7 lun=6 pl=0 blk=97 pg=255 erase_cnt=29 (vpc/ipc reset)
[EXP] [ERASE] ch=7 lun=7 pl=0 blk=97 pg=255 erase_cnt=29 (vpc/ipc reset)
[EXP] [ERASE] ch=0 lun=0 pl=0 blk=97 pg=255 erase_cnt=30 (vpc/ipc reset)
[EXP] [ERASE] ch=0 lun=1 pl=0 blk=97 pg=255 erase_cnt=30 (vpc/ipc reset)
[EXP] [ERASE] ch=0 lun=2 pl=0 blk=97 pg=255 erase_cnt=30 (vpc/ipc reset)
[EXP] [ERASE] ch=0 lun=3 pl=0 blk=97 pg=255 erase_cnt=30 (vpc/ipc reset)
[EXP] [ERASE] ch=0 lun=4 pl=0 blk=97 pg=255 erase_cnt=30 (vpc/ipc reset)
[EXP] [ERASE] ch=0 lun=5 pl=0 blk=97 pg=255 erase_cnt=30 (vpc/ipc reset)
[EXP] [ERASE] ch=0 lun=6 pl=0 blk=97 pg=255 erase_cnt=30 (vpc/ipc reset)
[EXP] [ERASE] ch=0 lun=7 pl=0 blk=97 pg=255 erase_cnt=30 (vpc/ipc reset)
[EXP] [ERASE] ch=1 lun=0 pl=0 blk=97 pg=255 erase_cnt=30 (vpc/ipc reset)
[EXP] [ERASE] ch=1 lun=1 pl=0 blk=97 pg=255 erase_cnt=30 (vpc/ipc reset)
[EXP] [ERASE] ch=1 lun=2 pl=0 blk=97 pg=255 erase_cnt=30 (vpc/ipc reset)
[EXP] [ERASE] ch=1 lun=3 pl=0 blk=97 pg=255 erase_cnt=30 (vpc/ipc reset)
[EXP] [ERASE] ch=1 lun=4 pl=0 blk=97 pg=255 erase_cnt=30 (vpc/ipc reset)
[EXP] [ERASE] ch=1 lun=5 pl=0 blk=97 pg=255 erase_cnt=30 (vpc/ipc reset)
[EXP] [ERASE] ch=1 lun=6 pl=0 blk=97 pg=255 erase_cnt=30 (vpc/ipc reset)
[EXP] [ERASE] ch=1 lun=7 pl=0 blk=97 pg=255 erase_cnt=30 (vpc/ipc reset)
[EXP] [ERASE] ch=2 lun=0 pl=0 blk=97 pg=255 erase_cnt=30 (vpc/ipc reset)
[EXP] [ERASE] ch=2 lun=1 pl=0 blk=97 pg=255 erase_cnt=30 (vpc/ipc reset)
[EXP] [ERASE] ch=2 lun=2 pl=0 blk=97 pg=255 erase_cnt=30 (vpc/ipc reset)
[EXP] [ERASE] ch=2 lun=3 pl=0 blk=97 pg=255 erase_cnt=30 (vpc/ipc reset)
[EXP] [ERASE] ch=2 lun=4 pl=0 blk=97 pg=255 erase_cnt=30 (vpc/ipc reset)
[EXP] [ERASE] ch=2 lun=5 pl=0 blk=97 pg=255 erase_cnt=30 (vpc/ipc reset)
[EXP] [ERASE] ch=2 lun=6 pl=0 blk=97 pg=255 erase_cnt=30 (vpc/ipc reset)
[EXP] [ERASE] ch=2 lun=7 pl=0 blk=97 pg=255 erase_cnt=30 (vpc/ipc reset)
[EXP] [ERASE] ch=3 lun=0 pl=0 blk=97 pg=255 erase_cnt=30 (vpc/ipc reset)
[EXP] [ERASE] ch=3 lun=1 pl=0 blk=97 pg=255 erase_cnt=30 (vpc/ipc reset)
[EXP] [ERASE] ch=3 lun=2 pl=0 blk=97 pg=255 erase_cnt=30 (vpc/ipc reset)
[EXP] [ERASE] ch=3 lun=3 pl=0 blk=97 pg=255 erase_cnt=30 (vpc/ipc reset)
[EXP] [ERASE] ch=3 lun=4 pl=0 blk=97 pg=255 erase_cnt=30 (vpc/ipc reset)
[EXP] [ERASE] ch=3 lun=5 pl=0 blk=97 pg=255 erase_cnt=30 (vpc/ipc reset)
[EXP] [ERASE] ch=3 lun=6 pl=0 blk=97 pg=255 erase_cnt=30 (vpc/ipc reset)
[EXP] [ERASE] ch=3 lun=7 pl=0 blk=97 pg=255 erase_cnt=30 (vpc/ipc reset)
[EXP] [ERASE] ch=4 lun=0 pl=0 blk=97 pg=255 erase_cnt=30 (vpc/ipc reset)
[EXP] [ERASE] ch=4 lun=1 pl=0 blk=97 pg=255 erase_cnt=30 (vpc/ipc reset)
[EXP] [ERASE] ch=4 lun=2 pl=0 blk=97 pg=255 erase_cnt=30 (vpc/ipc reset)
[EXP] [ERASE] ch=4 lun=3 pl=0 blk=97 pg=255 erase_cnt=30 (vpc/ipc reset)
[EXP] [ERASE] ch=4 lun=4 pl=0 blk=97 pg=255 erase_cnt=30 (vpc/ipc reset)
[EXP] [ERASE] ch=4 lun=5 pl=0 blk=97 pg=255 erase_cnt=30 (vpc/ipc reset)
[EXP] [ERASE] ch=4 lun=6 pl=0 blk=97 pg=255 erase_cnt=30 (vpc/ipc reset)
[EXP] [ERASE] ch=4 lun=7 pl=0 blk=97 pg=255 erase_cnt=30 (vpc/ipc reset)
[EXP] [ERASE] ch=5 lun=0 pl=0 blk=97 pg=255 erase_cnt=30 (vpc/ipc reset)
[EXP] [ERASE] ch=5 lun=1 pl=0 blk=97 pg=255 erase_cnt=30 (vpc/ipc reset)
[EXP] [ERASE] ch=5 lun=2 pl=0 blk=97 pg=255 erase_cnt=30 (vpc/ipc reset)
[EXP] [ERASE] ch=5 lun=3 pl=0 blk=97 pg=255 erase_cnt=30 (vpc/ipc reset)
[EXP] [ERASE] ch=5 lun=4 pl=0 blk=97 pg=255 erase_cnt=30 (vpc/ipc reset)
[EXP] [ERASE] ch=5 lun=5 pl=0 blk=97 pg=255 erase_cnt=30 (vpc/ipc reset)
[EXP] [ERASE] ch=5 lun=6 pl=0 blk=97 pg=255 erase_cnt=30 (vpc/ipc reset)
[EXP] [ERASE] ch=5 lun=7 pl=0 blk=97 pg=255 erase_cnt=30 (vpc/ipc reset)
[EXP] [ERASE] ch=6 lun=0 pl=0 blk=97 pg=255 erase_cnt=30 (vpc/ipc reset)
[EXP] [ERASE] ch=6 lun=1 pl=0 blk=97 pg=255 erase_cnt=30 (vpc/ipc reset)
[EXP] [ERASE] ch=6 lun=2 pl=0 blk=97 pg=255 erase_cnt=30 (vpc/ipc reset)
[EXP] [ERASE] ch=6 lun=3 pl=0 blk=97 pg=255 erase_cnt=30 (vpc/ipc reset)
[EXP] [ERASE] ch=6 lun=4 pl=0 blk=97 pg=255 erase_cnt=30 (vpc/ipc reset)
[EXP] [ERASE] ch=6 lun=5 pl=0 blk=97 pg=255 erase_cnt=30 (vpc/ipc reset)
[EXP] [ERASE] ch=6 lun=6 pl=0 blk=97 pg=255 erase_cnt=30 (vpc/ipc reset)
[EXP] [ERASE] ch=6 lun=7 pl=0 blk=97 pg=255 erase_cnt=30 (vpc/ipc reset)
[EXP] [ERASE] ch=7 lun=0 pl=0 blk=97 pg=255 erase_cnt=30 (vpc/ipc reset)
[EXP] [ERASE] ch=7 lun=1 pl=0 blk=97 pg=255 erase_cnt=30 (vpc/ipc reset)
[EXP] [ERASE] ch=7 lun=2 pl=0 blk=97 pg=255 erase_cnt=30 (vpc/ipc reset)
[EXP] [ERASE] ch=7 lun=3 pl=0 blk=97 pg=255 erase_cnt=30 (vpc/ipc reset)
[EXP] [ERASE] ch=7 lun=4 pl=0 blk=97 pg=255 erase_cnt=30 (vpc/ipc reset)
[EXP] [ERASE] ch=7 lun=5 pl=0 blk=97 pg=255 erase_cnt=30 (vpc/ipc reset)
[EXP] [ERASE] ch=7 lun=6 pl=0 blk=97 pg=255 erase_cnt=30 (vpc/ipc reset)
[EXP] [ERASE] ch=7 lun=7 pl=0 blk=97 pg=255 erase_cnt=30 (vpc/ipc reset)
[EXP] [ERASE] ch=0 lun=0 pl=0 blk=97 pg=255 erase_cnt=31 (vpc/ipc reset)
[EXP] [ERASE] ch=0 lun=1 pl=0 blk=97 pg=255 erase_cnt=31 (vpc/ipc reset)
[EXP] [ERASE] ch=0 lun=2 pl=0 blk=97 pg=255 erase_cnt=31 (vpc/ipc reset)
[EXP] [ERASE] ch=0 lun=3 pl=0 blk=97 pg=255 erase_cnt=31 (vpc/ipc reset)
[EXP] [ERASE] ch=0 lun=4 pl=0 blk=97 pg=255 erase_cnt=31 (vpc/ipc reset)
[EXP] [ERASE] ch=0 lun=5 pl=0 blk=97 pg=255 erase_cnt=31 (vpc/ipc reset)
[EXP] [ERASE] ch=0 lun=6 pl=0 blk=97 pg=255 erase_cnt=31 (vpc/ipc reset)
[EXP] [ERASE] ch=0 lun=7 pl=0 blk=97 pg=255 erase_cnt=31 (vpc/ipc reset)
[EXP] [ERASE] ch=1 lun=0 pl=0 blk=97 pg=255 erase_cnt=31 (vpc/ipc reset)
[EXP] [ERASE] ch=1 lun=1 pl=0 blk=97 pg=255 erase_cnt=31 (vpc/ipc reset)
[EXP] [ERASE] ch=1 lun=2 pl=0 blk=97 pg=255 erase_cnt=31 (vpc/ipc reset)
[EXP] [ERASE] ch=1 lun=3 pl=0 blk=97 pg=255 erase_cnt=31 (vpc/ipc reset)
[EXP] [ERASE] ch=1 lun=4 pl=0 blk=97 pg=255 erase_cnt=31 (vpc/ipc reset)
[EXP] [ERASE] ch=1 lun=5 pl=0 blk=97 pg=255 erase_cnt=31 (vpc/ipc reset)
[EXP] [ERASE] ch=1 lun=6 pl=0 blk=97 pg=255 erase_cnt=31 (vpc/ipc reset)
[EXP] [ERASE] ch=1 lun=7 pl=0 blk=97 pg=255 erase_cnt=31 (vpc/ipc reset)
[EXP] [ERASE] ch=2 lun=0 pl=0 blk=97 pg=255 erase_cnt=31 (vpc/ipc reset)
[EXP] [ERASE] ch=2 lun=1 pl=0 blk=97 pg=255 erase_cnt=31 (vpc/ipc reset)
[EXP] [ERASE] ch=2 lun=2 pl=0 blk=97 pg=255 erase_cnt=31 (vpc/ipc reset)
[EXP] [ERASE] ch=2 lun=3 pl=0 blk=97 pg=255 erase_cnt=31 (vpc/ipc reset)
[EXP] [ERASE] ch=2 lun=4 pl=0 blk=97 pg=255 erase_cnt=31 (vpc/ipc reset)
[EXP] [ERASE] ch=2 lun=5 pl=0 blk=97 pg=255 erase_cnt=31 (vpc/ipc reset)
[EXP] [ERASE] ch=2 lun=6 pl=0 blk=97 pg=255 erase_cnt=31 (vpc/ipc reset)
[EXP] [ERASE] ch=2 lun=7 pl=0 blk=97 pg=255 erase_cnt=31 (vpc/ipc reset)
[EXP] [ERASE] ch=3 lun=0 pl=0 blk=97 pg=255 erase_cnt=31 (vpc/ipc reset)
[EXP] [ERASE] ch=3 lun=1 pl=0 blk=97 pg=255 erase_cnt=31 (vpc/ipc reset)
[EXP] [ERASE] ch=3 lun=2 pl=0 blk=97 pg=255 erase_cnt=31 (vpc/ipc reset)
[EXP] [ERASE] ch=3 lun=3 pl=0 blk=97 pg=255 erase_cnt=31 (vpc/ipc reset)
[EXP] [ERASE] ch=3 lun=4 pl=0 blk=97 pg=255 erase_cnt=31 (vpc/ipc reset)
[EXP] [ERASE] ch=3 lun=5 pl=0 blk=97 pg=255 erase_cnt=31 (vpc/ipc reset)
[EXP] [ERASE] ch=3 lun=6 pl=0 blk=97 pg=255 erase_cnt=31 (vpc/ipc reset)
[EXP] [ERASE] ch=3 lun=7 pl=0 blk=97 pg=255 erase_cnt=31 (vpc/ipc reset)
[EXP] [ERASE] ch=4 lun=0 pl=0 blk=97 pg=255 erase_cnt=31 (vpc/ipc reset)
[EXP] [ERASE] ch=4 lun=1 pl=0 blk=97 pg=255 erase_cnt=31 (vpc/ipc reset)
[EXP] [ERASE] ch=4 lun=2 pl=0 blk=97 pg=255 erase_cnt=31 (vpc/ipc reset)
[EXP] [ERASE] ch=4 lun=3 pl=0 blk=97 pg=255 erase_cnt=31 (vpc/ipc reset)
[EXP] [ERASE] ch=4 lun=4 pl=0 blk=97 pg=255 erase_cnt=31 (vpc/ipc reset)
[EXP] [ERASE] ch=4 lun=5 pl=0 blk=97 pg=255 erase_cnt=31 (vpc/ipc reset)
[EXP] [ERASE] ch=4 lun=6 pl=0 blk=97 pg=255 erase_cnt=31 (vpc/ipc reset)
[EXP] [ERASE] ch=4 lun=7 pl=0 blk=97 pg=255 erase_cnt=31 (vpc/ipc reset)
[EXP] [ERASE] ch=5 lun=0 pl=0 blk=97 pg=255 erase_cnt=31 (vpc/ipc reset)
[EXP] [ERASE] ch=5 lun=1 pl=0 blk=97 pg=255 erase_cnt=31 (vpc/ipc reset)
[EXP] [ERASE] ch=5 lun=2 pl=0 blk=97 pg=255 erase_cnt=31 (vpc/ipc reset)
[EXP] [ERASE] ch=5 lun=3 pl=0 blk=97 pg=255 erase_cnt=31 (vpc/ipc reset)
[EXP] [ERASE] ch=5 lun=4 pl=0 blk=97 pg=255 erase_cnt=31 (vpc/ipc reset)
[EXP] [ERASE] ch=5 lun=5 pl=0 blk=97 pg=255 erase_cnt=31 (vpc/ipc reset)
[EXP] [ERASE] ch=5 lun=6 pl=0 blk=97 pg=255 erase_cnt=31 (vpc/ipc reset)
[EXP] [ERASE] ch=5 lun=7 pl=0 blk=97 pg=255 erase_cnt=31 (vpc/ipc reset)
[EXP] [ERASE] ch=6 lun=0 pl=0 blk=97 pg=255 erase_cnt=31 (vpc/ipc reset)
[EXP] [ERASE] ch=6 lun=1 pl=0 blk=97 pg=255 erase_cnt=31 (vpc/ipc reset)
[EXP] [ERASE] ch=6 lun=2 pl=0 blk=97 pg=255 erase_cnt=31 (vpc/ipc reset)
[EXP] [ERASE] ch=6 lun=3 pl=0 blk=97 pg=255 erase_cnt=31 (vpc/ipc reset)
[EXP] [ERASE] ch=6 lun=4 pl=0 blk=97 pg=255 erase_cnt=31 (vpc/ipc reset)
[EXP] [ERASE] ch=6 lun=5 pl=0 blk=97 pg=255 erase_cnt=31 (vpc/ipc reset)
[EXP] [ERASE] ch=6 lun=6 pl=0 blk=97 pg=255 erase_cnt=31 (vpc/ipc reset)
[EXP] [ERASE] ch=6 lun=7 pl=0 blk=97 pg=255 erase_cnt=31 (vpc/ipc reset)
[EXP] [ERASE] ch=7 lun=0 pl=0 blk=97 pg=255 erase_cnt=31 (vpc/ipc reset)
[EXP] [ERASE] ch=7 lun=1 pl=0 blk=97 pg=255 erase_cnt=31 (vpc/ipc reset)
[EXP] [ERASE] ch=7 lun=2 pl=0 blk=97 pg=255 erase_cnt=31 (vpc/ipc reset)
[EXP] [ERASE] ch=7 lun=3 pl=0 blk=97 pg=255 erase_cnt=31 (vpc/ipc reset)
[EXP] [ERASE] ch=7 lun=4 pl=0 blk=97 pg=255 erase_cnt=31 (vpc/ipc reset)
[EXP] [ERASE] ch=7 lun=5 pl=0 blk=97 pg=255 erase_cnt=31 (vpc/ipc reset)
[EXP] [ERASE] ch=7 lun=6 pl=0 blk=97 pg=255 erase_cnt=31 (vpc/ipc reset)
[EXP] [ERASE] ch=7 lun=7 pl=0 blk=97 pg=255 erase_cnt=31 (vpc/ipc reset)
[EXP] [ERASE] ch=0 lun=0 pl=0 blk=97 pg=255 erase_cnt=32 (vpc/ipc reset)
[EXP] [ERASE] ch=0 lun=1 pl=0 blk=97 pg=255 erase_cnt=32 (vpc/ipc reset)
[EXP] [ERASE] ch=0 lun=2 pl=0 blk=97 pg=255 erase_cnt=32 (vpc/ipc reset)
[EXP] [ERASE] ch=0 lun=3 pl=0 blk=97 pg=255 erase_cnt=32 (vpc/ipc reset)
[EXP] [ERASE] ch=0 lun=4 pl=0 blk=97 pg=255 erase_cnt=32 (vpc/ipc reset)
[EXP] [ERASE] ch=0 lun=5 pl=0 blk=97 pg=255 erase_cnt=32 (vpc/ipc reset)
[EXP] [ERASE] ch=0 lun=6 pl=0 blk=97 pg=255 erase_cnt=32 (vpc/ipc reset)
[EXP] [ERASE] ch=0 lun=7 pl=0 blk=97 pg=255 erase_cnt=32 (vpc/ipc reset)
[EXP] [ERASE] ch=1 lun=0 pl=0 blk=97 pg=255 erase_cnt=32 (vpc/ipc reset)
[EXP] [ERASE] ch=1 lun=1 pl=0 blk=97 pg=255 erase_cnt=32 (vpc/ipc reset)
[EXP] [ERASE] ch=1 lun=2 pl=0 blk=97 pg=255 erase_cnt=32 (vpc/ipc reset)
[EXP] [ERASE] ch=1 lun=3 pl=0 blk=97 pg=255 erase_cnt=32 (vpc/ipc reset)
[EXP] [ERASE] ch=1 lun=4 pl=0 blk=97 pg=255 erase_cnt=32 (vpc/ipc reset)
[EXP] [ERASE] ch=1 lun=5 pl=0 blk=97 pg=255 erase_cnt=32 (vpc/ipc reset)
[EXP] [ERASE] ch=1 lun=6 pl=0 blk=97 pg=255 erase_cnt=32 (vpc/ipc reset)
[EXP] [ERASE] ch=1 lun=7 pl=0 blk=97 pg=255 erase_cnt=32 (vpc/ipc reset)
[EXP] [ERASE] ch=2 lun=0 pl=0 blk=97 pg=255 erase_cnt=32 (vpc/ipc reset)
[EXP] [ERASE] ch=2 lun=1 pl=0 blk=97 pg=255 erase_cnt=32 (vpc/ipc reset)
[EXP] [ERASE] ch=2 lun=2 pl=0 blk=97 pg=255 erase_cnt=32 (vpc/ipc reset)
[EXP] [ERASE] ch=2 lun=3 pl=0 blk=97 pg=255 erase_cnt=32 (vpc/ipc reset)
[EXP] [ERASE] ch=2 lun=4 pl=0 blk=97 pg=255 erase_cnt=32 (vpc/ipc reset)
[EXP] [ERASE] ch=2 lun=5 pl=0 blk=97 pg=255 erase_cnt=32 (vpc/ipc reset)
[EXP] [ERASE] ch=2 lun=6 pl=0 blk=97 pg=255 erase_cnt=32 (vpc/ipc reset)
[EXP] [ERASE] ch=2 lun=7 pl=0 blk=97 pg=255 erase_cnt=32 (vpc/ipc reset)
[EXP] [ERASE] ch=3 lun=0 pl=0 blk=97 pg=255 erase_cnt=32 (vpc/ipc reset)
[EXP] [ERASE] ch=3 lun=1 pl=0 blk=97 pg=255 erase_cnt=32 (vpc/ipc reset)
[EXP] [ERASE] ch=3 lun=2 pl=0 blk=97 pg=255 erase_cnt=32 (vpc/ipc reset)
[EXP] [ERASE] ch=3 lun=3 pl=0 blk=97 pg=255 erase_cnt=32 (vpc/ipc reset)
[EXP] [ERASE] ch=3 lun=4 pl=0 blk=97 pg=255 erase_cnt=32 (vpc/ipc reset)
[EXP] [ERASE] ch=3 lun=5 pl=0 blk=97 pg=255 erase_cnt=32 (vpc/ipc reset)
[EXP] [ERASE] ch=3 lun=6 pl=0 blk=97 pg=255 erase_cnt=32 (vpc/ipc reset)
[EXP] [ERASE] ch=3 lun=7 pl=0 blk=97 pg=255 erase_cnt=32 (vpc/ipc reset)
[EXP] [ERASE] ch=4 lun=0 pl=0 blk=97 pg=255 erase_cnt=32 (vpc/ipc reset)
[EXP] [ERASE] ch=4 lun=1 pl=0 blk=97 pg=255 erase_cnt=32 (vpc/ipc reset)
[EXP] [ERASE] ch=4 lun=2 pl=0 blk=97 pg=255 erase_cnt=32 (vpc/ipc reset)
[EXP] [ERASE] ch=4 lun=3 pl=0 blk=97 pg=255 erase_cnt=32 (vpc/ipc reset)
[EXP] [ERASE] ch=4 lun=4 pl=0 blk=97 pg=255 erase_cnt=32 (vpc/ipc reset)
[EXP] [ERASE] ch=4 lun=5 pl=0 blk=97 pg=255 erase_cnt=32 (vpc/ipc reset)
[EXP] [ERASE] ch=4 lun=6 pl=0 blk=97 pg=255 erase_cnt=32 (vpc/ipc reset)
[EXP] [ERASE] ch=4 lun=7 pl=0 blk=97 pg=255 erase_cnt=32 (vpc/ipc reset)
[EXP] [ERASE] ch=5 lun=0 pl=0 blk=97 pg=255 erase_cnt=32 (vpc/ipc reset)
[EXP] [ERASE] ch=5 lun=1 pl=0 blk=97 pg=255 erase_cnt=32 (vpc/ipc reset)
[EXP] [ERASE] ch=5 lun=2 pl=0 blk=97 pg=255 erase_cnt=32 (vpc/ipc reset)
[EXP] [ERASE] ch=5 lun=3 pl=0 blk=97 pg=255 erase_cnt=32 (vpc/ipc reset)
[EXP] [ERASE] ch=5 lun=4 pl=0 blk=97 pg=255 erase_cnt=32 (vpc/ipc reset)
[EXP] [ERASE] ch=5 lun=5 pl=0 blk=97 pg=255 erase_cnt=32 (vpc/ipc reset)
[EXP] [ERASE] ch=5 lun=6 pl=0 blk=97 pg=255 erase_cnt=32 (vpc/ipc reset)
[EXP] [ERASE] ch=5 lun=7 pl=0 blk=97 pg=255 erase_cnt=32 (vpc/ipc reset)
[EXP] [ERASE] ch=6 lun=0 pl=0 blk=97 pg=255 erase_cnt=32 (vpc/ipc reset)
[EXP] [ERASE] ch=6 lun=1 pl=0 blk=97 pg=255 erase_cnt=32 (vpc/ipc reset)
[EXP] [ERASE] ch=6 lun=2 pl=0 blk=97 pg=255 erase_cnt=32 (vpc/ipc reset)
[EXP] [ERASE] ch=6 lun=3 pl=0 blk=97 pg=255 erase_cnt=32 (vpc/ipc reset)
[EXP] [ERASE] ch=6 lun=4 pl=0 blk=97 pg=255 erase_cnt=32 (vpc/ipc reset)
[EXP] [ERASE] ch=6 lun=5 pl=0 blk=97 pg=255 erase_cnt=32 (vpc/ipc reset)
[EXP] [ERASE] ch=6 lun=6 pl=0 blk=97 pg=255 erase_cnt=32 (vpc/ipc reset)
[EXP] [ERASE] ch=6 lun=7 pl=0 blk=97 pg=255 erase_cnt=32 (vpc/ipc reset)
[EXP] [ERASE] ch=7 lun=0 pl=0 blk=97 pg=255 erase_cnt=32 (vpc/ipc reset)
[EXP] [ERASE] ch=7 lun=1 pl=0 blk=97 pg=255 erase_cnt=32 (vpc/ipc reset)
[EXP] [ERASE] ch=7 lun=2 pl=0 blk=97 pg=255 erase_cnt=32 (vpc/ipc reset)
[EXP] [ERASE] ch=7 lun=3 pl=0 blk=97 pg=255 erase_cnt=32 (vpc/ipc reset)
[EXP] [ERASE] ch=7 lun=4 pl=0 blk=97 pg=255 erase_cnt=32 (vpc/ipc reset)
[EXP] [ERASE] ch=7 lun=5 pl=0 blk=97 pg=255 erase_cnt=32 (vpc/ipc reset)
[EXP] [ERASE] ch=7 lun=6 pl=0 blk=97 pg=255 erase_cnt=32 (vpc/ipc reset)
[EXP] [ERASE] ch=7 lun=7 pl=0 blk=97 pg=255 erase_cnt=32 (vpc/ipc reset)
[EXP] [ERASE] ch=0 lun=0 pl=0 blk=97 pg=255 erase_cnt=33 (vpc/ipc reset)
[EXP] [ERASE] ch=0 lun=1 pl=0 blk=97 pg=255 erase_cnt=33 (vpc/ipc reset)
[EXP] [ERASE] ch=0 lun=2 pl=0 blk=97 pg=255 erase_cnt=33 (vpc/ipc reset)
[EXP] [ERASE] ch=0 lun=3 pl=0 blk=97 pg=255 erase_cnt=33 (vpc/ipc reset)
[EXP] [ERASE] ch=0 lun=4 pl=0 blk=97 pg=255 erase_cnt=33 (vpc/ipc reset)
[EXP] [ERASE] ch=0 lun=5 pl=0 blk=97 pg=255 erase_cnt=33 (vpc/ipc reset)
[EXP] [ERASE] ch=0 lun=6 pl=0 blk=97 pg=255 erase_cnt=33 (vpc/ipc reset)
[EXP] [ERASE] ch=0 lun=7 pl=0 blk=97 pg=255 erase_cnt=33 (vpc/ipc reset)
[EXP] [ERASE] ch=1 lun=0 pl=0 blk=97 pg=255 erase_cnt=33 (vpc/ipc reset)
[EXP] [ERASE] ch=1 lun=1 pl=0 blk=97 pg=255 erase_cnt=33 (vpc/ipc reset)
[EXP] [ERASE] ch=1 lun=2 pl=0 blk=97 pg=255 erase_cnt=33 (vpc/ipc reset)
[EXP] [ERASE] ch=1 lun=3 pl=0 blk=97 pg=255 erase_cnt=33 (vpc/ipc reset)
[EXP] [ERASE] ch=1 lun=4 pl=0 blk=97 pg=255 erase_cnt=33 (vpc/ipc reset)
[EXP] [ERASE] ch=1 lun=5 pl=0 blk=97 pg=255 erase_cnt=33 (vpc/ipc reset)
[EXP] [ERASE] ch=1 lun=6 pl=0 blk=97 pg=255 erase_cnt=33 (vpc/ipc reset)
[EXP] [ERASE] ch=1 lun=7 pl=0 blk=97 pg=255 erase_cnt=33 (vpc/ipc reset)
[EXP] [ERASE] ch=2 lun=0 pl=0 blk=97 pg=255 erase_cnt=33 (vpc/ipc reset)
[EXP] [ERASE] ch=2 lun=1 pl=0 blk=97 pg=255 erase_cnt=33 (vpc/ipc reset)
[EXP] [ERASE] ch=2 lun=2 pl=0 blk=97 pg=255 erase_cnt=33 (vpc/ipc reset)
[EXP] [ERASE] ch=2 lun=3 pl=0 blk=97 pg=255 erase_cnt=33 (vpc/ipc reset)
[EXP] [ERASE] ch=2 lun=4 pl=0 blk=97 pg=255 erase_cnt=33 (vpc/ipc reset)
[EXP] [ERASE] ch=2 lun=5 pl=0 blk=97 pg=255 erase_cnt=33 (vpc/ipc reset)
[EXP] [ERASE] ch=2 lun=6 pl=0 blk=97 pg=255 erase_cnt=33 (vpc/ipc reset)
[EXP] [ERASE] ch=2 lun=7 pl=0 blk=97 pg=255 erase_cnt=33 (vpc/ipc reset)
[EXP] [ERASE] ch=3 lun=0 pl=0 blk=97 pg=255 erase_cnt=33 (vpc/ipc reset)
[EXP] [ERASE] ch=3 lun=1 pl=0 blk=97 pg=255 erase_cnt=33 (vpc/ipc reset)
[EXP] [ERASE] ch=3 lun=2 pl=0 blk=97 pg=255 erase_cnt=33 (vpc/ipc reset)
[EXP] [ERASE] ch=3 lun=3 pl=0 blk=97 pg=255 erase_cnt=33 (vpc/ipc reset)
[EXP] [ERASE] ch=3 lun=4 pl=0 blk=97 pg=255 erase_cnt=33 (vpc/ipc reset)
[EXP] [ERASE] ch=3 lun=5 pl=0 blk=97 pg=255 erase_cnt=33 (vpc/ipc reset)
[EXP] [ERASE] ch=3 lun=6 pl=0 blk=97 pg=255 erase_cnt=33 (vpc/ipc reset)
[EXP] [ERASE] ch=3 lun=7 pl=0 blk=97 pg=255 erase_cnt=33 (vpc/ipc reset)
[EXP] [ERASE] ch=4 lun=0 pl=0 blk=97 pg=255 erase_cnt=33 (vpc/ipc reset)
[EXP] [ERASE] ch=4 lun=1 pl=0 blk=97 pg=255 erase_cnt=33 (vpc/ipc reset)
[EXP] [ERASE] ch=4 lun=2 pl=0 blk=97 pg=255 erase_cnt=33 (vpc/ipc reset)
[EXP] [ERASE] ch=4 lun=3 pl=0 blk=97 pg=255 erase_cnt=33 (vpc/ipc reset)
[EXP] [ERASE] ch=4 lun=4 pl=0 blk=97 pg=255 erase_cnt=33 (vpc/ipc reset)
[EXP] [ERASE] ch=4 lun=5 pl=0 blk=97 pg=255 erase_cnt=33 (vpc/ipc reset)
[EXP] [ERASE] ch=4 lun=6 pl=0 blk=97 pg=255 erase_cnt=33 (vpc/ipc reset)
[EXP] [ERASE] ch=4 lun=7 pl=0 blk=97 pg=255 erase_cnt=33 (vpc/ipc reset)
[EXP] [ERASE] ch=5 lun=0 pl=0 blk=97 pg=255 erase_cnt=33 (vpc/ipc reset)
[EXP] [ERASE] ch=5 lun=1 pl=0 blk=97 pg=255 erase_cnt=33 (vpc/ipc reset)
[EXP] [ERASE] ch=5 lun=2 pl=0 blk=97 pg=255 erase_cnt=33 (vpc/ipc reset)
[EXP] [ERASE] ch=5 lun=3 pl=0 blk=97 pg=255 erase_cnt=33 (vpc/ipc reset)
[EXP] [ERASE] ch=5 lun=4 pl=0 blk=97 pg=255 erase_cnt=33 (vpc/ipc reset)
[EXP] [ERASE] ch=5 lun=5 pl=0 blk=97 pg=255 erase_cnt=33 (vpc/ipc reset)
[EXP] [ERASE] ch=5 lun=6 pl=0 blk=97 pg=255 erase_cnt=33 (vpc/ipc reset)
[EXP] [ERASE] ch=5 lun=7 pl=0 blk=97 pg=255 erase_cnt=33 (vpc/ipc reset)
[EXP] [ERASE] ch=6 lun=0 pl=0 blk=97 pg=255 erase_cnt=33 (vpc/ipc reset)
[EXP] [ERASE] ch=6 lun=1 pl=0 blk=97 pg=255 erase_cnt=33 (vpc/ipc reset)
[EXP] [ERASE] ch=6 lun=2 pl=0 blk=97 pg=255 erase_cnt=33 (vpc/ipc reset)
[EXP] [ERASE] ch=6 lun=3 pl=0 blk=97 pg=255 erase_cnt=33 (vpc/ipc reset)
[EXP] [ERASE] ch=6 lun=4 pl=0 blk=97 pg=255 erase_cnt=33 (vpc/ipc reset)
[EXP] [ERASE] ch=6 lun=5 pl=0 blk=97 pg=255 erase_cnt=33 (vpc/ipc reset)
[EXP] [ERASE] ch=6 lun=6 pl=0 blk=97 pg=255 erase_cnt=33 (vpc/ipc reset)
[EXP] [ERASE] ch=6 lun=7 pl=0 blk=97 pg=255 erase_cnt=33 (vpc/ipc reset)
[EXP] [ERASE] ch=7 lun=0 pl=0 blk=97 pg=255 erase_cnt=33 (vpc/ipc reset)
[EXP] [ERASE] ch=7 lun=1 pl=0 blk=97 pg=255 erase_cnt=33 (vpc/ipc reset)
[EXP] [ERASE] ch=7 lun=2 pl=0 blk=97 pg=255 erase_cnt=33 (vpc/ipc reset)
[EXP] [ERASE] ch=7 lun=3 pl=0 blk=97 pg=255 erase_cnt=33 (vpc/ipc reset)
[EXP] [ERASE] ch=7 lun=4 pl=0 blk=97 pg=255 erase_cnt=33 (vpc/ipc reset)
[EXP] [ERASE] ch=7 lun=5 pl=0 blk=97 pg=255 erase_cnt=33 (vpc/ipc reset)
[EXP] [ERASE] ch=7 lun=6 pl=0 blk=97 pg=255 erase_cnt=33 (vpc/ipc reset)
[EXP] [ERASE] ch=7 lun=7 pl=0 blk=97 pg=255 erase_cnt=33 (vpc/ipc reset)
[EXP] [ERASE] ch=0 lun=0 pl=0 blk=112 pg=255 erase_cnt=1 (vpc/ipc reset)
[EXP] [ERASE] ch=0 lun=1 pl=0 blk=112 pg=255 erase_cnt=1 (vpc/ipc reset)
[EXP] [ERASE] ch=0 lun=2 pl=0 blk=112 pg=255 erase_cnt=1 (vpc/ipc reset)
[EXP] [ERASE] ch=0 lun=3 pl=0 blk=112 pg=255 erase_cnt=1 (vpc/ipc reset)
[EXP] [ERASE] ch=0 lun=4 pl=0 blk=112 pg=255 erase_cnt=1 (vpc/ipc reset)
[EXP] [ERASE] ch=0 lun=5 pl=0 blk=112 pg=255 erase_cnt=1 (vpc/ipc reset)
[EXP] [ERASE] ch=0 lun=6 pl=0 blk=112 pg=255 erase_cnt=1 (vpc/ipc reset)
[EXP] [ERASE] ch=0 lun=7 pl=0 blk=112 pg=255 erase_cnt=1 (vpc/ipc reset)
[EXP] [ERASE] ch=1 lun=0 pl=0 blk=112 pg=255 erase_cnt=1 (vpc/ipc reset)
[EXP] [ERASE] ch=1 lun=1 pl=0 blk=112 pg=255 erase_cnt=1 (vpc/ipc reset)
[EXP] [ERASE] ch=1 lun=2 pl=0 blk=112 pg=255 erase_cnt=1 (vpc/ipc reset)
[EXP] [ERASE] ch=1 lun=3 pl=0 blk=112 pg=255 erase_cnt=1 (vpc/ipc reset)
[EXP] [ERASE] ch=1 lun=4 pl=0 blk=112 pg=255 erase_cnt=1 (vpc/ipc reset)
[EXP] [ERASE] ch=1 lun=5 pl=0 blk=112 pg=255 erase_cnt=1 (vpc/ipc reset)
[EXP] [ERASE] ch=1 lun=6 pl=0 blk=112 pg=255 erase_cnt=1 (vpc/ipc reset)
[EXP] [ERASE] ch=1 lun=7 pl=0 blk=112 pg=255 erase_cnt=1 (vpc/ipc reset)
[EXP] [ERASE] ch=2 lun=0 pl=0 blk=112 pg=255 erase_cnt=1 (vpc/ipc reset)
[EXP] [ERASE] ch=2 lun=1 pl=0 blk=112 pg=255 erase_cnt=1 (vpc/ipc reset)
[EXP] [ERASE] ch=2 lun=2 pl=0 blk=112 pg=255 erase_cnt=1 (vpc/ipc reset)
[EXP] [ERASE] ch=2 lun=3 pl=0 blk=112 pg=255 erase_cnt=1 (vpc/ipc reset)
[EXP] [ERASE] ch=2 lun=4 pl=0 blk=112 pg=255 erase_cnt=1 (vpc/ipc reset)
[EXP] [ERASE] ch=2 lun=5 pl=0 blk=112 pg=255 erase_cnt=1 (vpc/ipc reset)
[EXP] [ERASE] ch=2 lun=6 pl=0 blk=112 pg=255 erase_cnt=1 (vpc/ipc reset)
[EXP] [ERASE] ch=2 lun=7 pl=0 blk=112 pg=255 erase_cnt=1 (vpc/ipc reset)
[EXP] [ERASE] ch=3 lun=0 pl=0 blk=112 pg=255 erase_cnt=1 (vpc/ipc reset)
[EXP] [ERASE] ch=3 lun=1 pl=0 blk=112 pg=255 erase_cnt=1 (vpc/ipc reset)
[EXP] [ERASE] ch=3 lun=2 pl=0 blk=112 pg=255 erase_cnt=1 (vpc/ipc reset)
[EXP] [ERASE] ch=3 lun=3 pl=0 blk=112 pg=255 erase_cnt=1 (vpc/ipc reset)
[EXP] [ERASE] ch=3 lun=4 pl=0 blk=112 pg=255 erase_cnt=1 (vpc/ipc reset)
[EXP] [GC_MOVE] lpn=0 ch=3 lun=5 pl=0 blk=112 pg=2 -> ch=2 lun=2 pl=0 blk=113 pg=2
[EXP] [ERASE] ch=3 lun=5 pl=0 blk=112 pg=255 erase_cnt=1 (vpc/ipc reset)
[EXP] [ERASE] ch=3 lun=6 pl=0 blk=112 pg=255 erase_cnt=1 (vpc/ipc reset)
[EXP] [ERASE] ch=3 lun=7 pl=0 blk=112 pg=255 erase_cnt=1 (vpc/ipc reset)
[EXP] [ERASE] ch=4 lun=0 pl=0 blk=112 pg=255 erase_cnt=1 (vpc/ipc reset)
[EXP] [ERASE] ch=4 lun=1 pl=0 blk=112 pg=255 erase_cnt=1 (vpc/ipc reset)
[EXP] [ERASE] ch=4 lun=2 pl=0 blk=112 pg=255 erase_cnt=1 (vpc/ipc reset)
[EXP] [ERASE] ch=4 lun=3 pl=0 blk=112 pg=255 erase_cnt=1 (vpc/ipc reset)
[EXP] [ERASE] ch=4 lun=4 pl=0 blk=112 pg=255 erase_cnt=1 (vpc/ipc reset)
[EXP] [ERASE] ch=4 lun=5 pl=0 blk=112 pg=255 erase_cnt=1 (vpc/ipc reset)
[EXP] [ERASE] ch=4 lun=6 pl=0 blk=112 pg=255 erase_cnt=1 (vpc/ipc reset)
[EXP] [ERASE] ch=4 lun=7 pl=0 blk=112 pg=255 erase_cnt=1 (vpc/ipc reset)
[EXP] [ERASE] ch=5 lun=0 pl=0 blk=112 pg=255 erase_cnt=1 (vpc/ipc reset)
[EXP] [ERASE] ch=5 lun=1 pl=0 blk=112 pg=255 erase_cnt=1 (vpc/ipc reset)
[EXP] [ERASE] ch=5 lun=2 pl=0 blk=112 pg=255 erase_cnt=1 (vpc/ipc reset)
[EXP] [ERASE] ch=5 lun=3 pl=0 blk=112 pg=255 erase_cnt=1 (vpc/ipc reset)
[EXP] [ERASE] ch=5 lun=4 pl=0 blk=112 pg=255 erase_cnt=1 (vpc/ipc reset)
[EXP] [ERASE] ch=5 lun=5 pl=0 blk=112 pg=255 erase_cnt=1 (vpc/ipc reset)
[EXP] [ERASE] ch=5 lun=6 pl=0 blk=112 pg=255 erase_cnt=1 (vpc/ipc reset)
[EXP] [ERASE] ch=5 lun=7 pl=0 blk=112 pg=255 erase_cnt=1 (vpc/ipc reset)
[EXP] [ERASE] ch=6 lun=0 pl=0 blk=112 pg=255 erase_cnt=1 (vpc/ipc reset)
[EXP] [ERASE] ch=6 lun=1 pl=0 blk=112 pg=255 erase_cnt=1 (vpc/ipc reset)
[EXP] [ERASE] ch=6 lun=2 pl=0 blk=112 pg=255 erase_cnt=1 (vpc/ipc reset)
[EXP] [ERASE] ch=6 lun=3 pl=0 blk=112 pg=255 erase_cnt=1 (vpc/ipc reset)
[EXP] [ERASE] ch=6 lun=4 pl=0 blk=112 pg=255 erase_cnt=1 (vpc/ipc reset)
[EXP] [ERASE] ch=6 lun=5 pl=0 blk=112 pg=255 erase_cnt=1 (vpc/ipc reset)
[EXP] [ERASE] ch=6 lun=6 pl=0 blk=112 pg=255 erase_cnt=1 (vpc/ipc reset)
[EXP] [ERASE] ch=6 lun=7 pl=0 blk=112 pg=255 erase_cnt=1 (vpc/ipc reset)
[EXP] [ERASE] ch=7 lun=0 pl=0 blk=112 pg=255 erase_cnt=1 (vpc/ipc reset)
[EXP] [ERASE] ch=7 lun=1 pl=0 blk=112 pg=255 erase_cnt=1 (vpc/ipc reset)
[EXP] [ERASE] ch=7 lun=2 pl=0 blk=112 pg=255 erase_cnt=1 (vpc/ipc reset)
[EXP] [ERASE] ch=7 lun=3 pl=0 blk=112 pg=255 erase_cnt=1 (vpc/ipc reset)
[EXP] [ERASE] ch=7 lun=4 pl=0 blk=112 pg=255 erase_cnt=1 (vpc/ipc reset)
[EXP] [ERASE] ch=7 lun=5 pl=0 blk=112 pg=255 erase_cnt=1 (vpc/ipc reset)
[EXP] [ERASE] ch=7 lun=6 pl=0 blk=112 pg=255 erase_cnt=1 (vpc/ipc reset)
[EXP] [ERASE] ch=7 lun=7 pl=0 blk=112 pg=255 erase_cnt=1 (vpc/ipc reset)
[EXP] [ERASE] ch=0 lun=0 pl=0 blk=97 pg=255 erase_cnt=34 (vpc/ipc reset)
[EXP] [ERASE] ch=0 lun=1 pl=0 blk=97 pg=255 erase_cnt=34 (vpc/ipc reset)
[EXP] [ERASE] ch=0 lun=2 pl=0 blk=97 pg=255 erase_cnt=34 (vpc/ipc reset)
[EXP] [ERASE] ch=0 lun=3 pl=0 blk=97 pg=255 erase_cnt=34 (vpc/ipc reset)
[EXP] [ERASE] ch=0 lun=4 pl=0 blk=97 pg=255 erase_cnt=34 (vpc/ipc reset)
[EXP] [ERASE] ch=0 lun=5 pl=0 blk=97 pg=255 erase_cnt=34 (vpc/ipc reset)
[EXP] [ERASE] ch=0 lun=6 pl=0 blk=97 pg=255 erase_cnt=34 (vpc/ipc reset)
[EXP] [ERASE] ch=0 lun=7 pl=0 blk=97 pg=255 erase_cnt=34 (vpc/ipc reset)
[EXP] [ERASE] ch=1 lun=0 pl=0 blk=97 pg=255 erase_cnt=34 (vpc/ipc reset)
[EXP] [ERASE] ch=1 lun=1 pl=0 blk=97 pg=255 erase_cnt=34 (vpc/ipc reset)
[EXP] [ERASE] ch=1 lun=2 pl=0 blk=97 pg=255 erase_cnt=34 (vpc/ipc reset)
[EXP] [ERASE] ch=1 lun=3 pl=0 blk=97 pg=255 erase_cnt=34 (vpc/ipc reset)
[EXP] [ERASE] ch=1 lun=4 pl=0 blk=97 pg=255 erase_cnt=34 (vpc/ipc reset)
[EXP] [ERASE] ch=1 lun=5 pl=0 blk=97 pg=255 erase_cnt=34 (vpc/ipc reset)
[EXP] [ERASE] ch=1 lun=6 pl=0 blk=97 pg=255 erase_cnt=34 (vpc/ipc reset)
[EXP] [ERASE] ch=1 lun=7 pl=0 blk=97 pg=255 erase_cnt=34 (vpc/ipc reset)
[EXP] [ERASE] ch=2 lun=0 pl=0 blk=97 pg=255 erase_cnt=34 (vpc/ipc reset)
[EXP] [ERASE] ch=2 lun=1 pl=0 blk=97 pg=255 erase_cnt=34 (vpc/ipc reset)
[EXP] [ERASE] ch=2 lun=2 pl=0 blk=97 pg=255 erase_cnt=34 (vpc/ipc reset)
[EXP] [ERASE] ch=2 lun=3 pl=0 blk=97 pg=255 erase_cnt=34 (vpc/ipc reset)
[EXP] [ERASE] ch=2 lun=4 pl=0 blk=97 pg=255 erase_cnt=34 (vpc/ipc reset)
[EXP] [ERASE] ch=2 lun=5 pl=0 blk=97 pg=255 erase_cnt=34 (vpc/ipc reset)
[EXP] [ERASE] ch=2 lun=6 pl=0 blk=97 pg=255 erase_cnt=34 (vpc/ipc reset)
[EXP] [ERASE] ch=2 lun=7 pl=0 blk=97 pg=255 erase_cnt=34 (vpc/ipc reset)
[EXP] [ERASE] ch=3 lun=0 pl=0 blk=97 pg=255 erase_cnt=34 (vpc/ipc reset)
[EXP] [ERASE] ch=3 lun=1 pl=0 blk=97 pg=255 erase_cnt=34 (vpc/ipc reset)
[EXP] [ERASE] ch=3 lun=2 pl=0 blk=97 pg=255 erase_cnt=34 (vpc/ipc reset)
[EXP] [ERASE] ch=3 lun=3 pl=0 blk=97 pg=255 erase_cnt=34 (vpc/ipc reset)
[EXP] [ERASE] ch=3 lun=4 pl=0 blk=97 pg=255 erase_cnt=34 (vpc/ipc reset)
[EXP] [ERASE] ch=3 lun=5 pl=0 blk=97 pg=255 erase_cnt=34 (vpc/ipc reset)
[EXP] [ERASE] ch=3 lun=6 pl=0 blk=97 pg=255 erase_cnt=34 (vpc/ipc reset)
[EXP] [ERASE] ch=3 lun=7 pl=0 blk=97 pg=255 erase_cnt=34 (vpc/ipc reset)
[EXP] [ERASE] ch=4 lun=0 pl=0 blk=97 pg=255 erase_cnt=34 (vpc/ipc reset)
[EXP] [ERASE] ch=4 lun=1 pl=0 blk=97 pg=255 erase_cnt=34 (vpc/ipc reset)
[EXP] [ERASE] ch=4 lun=2 pl=0 blk=97 pg=255 erase_cnt=34 (vpc/ipc reset)
[EXP] [ERASE] ch=4 lun=3 pl=0 blk=97 pg=255 erase_cnt=34 (vpc/ipc reset)
[EXP] [ERASE] ch=4 lun=4 pl=0 blk=97 pg=255 erase_cnt=34 (vpc/ipc reset)
[EXP] [ERASE] ch=4 lun=5 pl=0 blk=97 pg=255 erase_cnt=34 (vpc/ipc reset)
[EXP] [ERASE] ch=4 lun=6 pl=0 blk=97 pg=255 erase_cnt=34 (vpc/ipc reset)
[EXP] [ERASE] ch=4 lun=7 pl=0 blk=97 pg=255 erase_cnt=34 (vpc/ipc reset)
[EXP] [ERASE] ch=5 lun=0 pl=0 blk=97 pg=255 erase_cnt=34 (vpc/ipc reset)
[EXP] [ERASE] ch=5 lun=1 pl=0 blk=97 pg=255 erase_cnt=34 (vpc/ipc reset)
[EXP] [ERASE] ch=5 lun=2 pl=0 blk=97 pg=255 erase_cnt=34 (vpc/ipc reset)
[EXP] [ERASE] ch=5 lun=3 pl=0 blk=97 pg=255 erase_cnt=34 (vpc/ipc reset)
[EXP] [ERASE] ch=5 lun=4 pl=0 blk=97 pg=255 erase_cnt=34 (vpc/ipc reset)
[EXP] [ERASE] ch=5 lun=5 pl=0 blk=97 pg=255 erase_cnt=34 (vpc/ipc reset)
[EXP] [ERASE] ch=5 lun=6 pl=0 blk=97 pg=255 erase_cnt=34 (vpc/ipc reset)
[EXP] [ERASE] ch=5 lun=7 pl=0 blk=97 pg=255 erase_cnt=34 (vpc/ipc reset)
[EXP] [ERASE] ch=6 lun=0 pl=0 blk=97 pg=255 erase_cnt=34 (vpc/ipc reset)
[EXP] [ERASE] ch=6 lun=1 pl=0 blk=97 pg=255 erase_cnt=34 (vpc/ipc reset)
[EXP] [ERASE] ch=6 lun=2 pl=0 blk=97 pg=255 erase_cnt=34 (vpc/ipc reset)
[EXP] [ERASE] ch=6 lun=3 pl=0 blk=97 pg=255 erase_cnt=34 (vpc/ipc reset)
[EXP] [ERASE] ch=6 lun=4 pl=0 blk=97 pg=255 erase_cnt=34 (vpc/ipc reset)
[EXP] [ERASE] ch=6 lun=5 pl=0 blk=97 pg=255 erase_cnt=34 (vpc/ipc reset)
[EXP] [ERASE] ch=6 lun=6 pl=0 blk=97 pg=255 erase_cnt=34 (vpc/ipc reset)
[EXP] [ERASE] ch=6 lun=7 pl=0 blk=97 pg=255 erase_cnt=34 (vpc/ipc reset)
[EXP] [ERASE] ch=7 lun=0 pl=0 blk=97 pg=255 erase_cnt=34 (vpc/ipc reset)
[EXP] [ERASE] ch=7 lun=1 pl=0 blk=97 pg=255 erase_cnt=34 (vpc/ipc reset)
[EXP] [ERASE] ch=7 lun=2 pl=0 blk=97 pg=255 erase_cnt=34 (vpc/ipc reset)
[EXP] [ERASE] ch=7 lun=3 pl=0 blk=97 pg=255 erase_cnt=34 (vpc/ipc reset)
[EXP] [ERASE] ch=7 lun=4 pl=0 blk=97 pg=255 erase_cnt=34 (vpc/ipc reset)
[EXP] [ERASE] ch=7 lun=5 pl=0 blk=97 pg=255 erase_cnt=34 (vpc/ipc reset)
[EXP] [ERASE] ch=7 lun=6 pl=0 blk=97 pg=255 erase_cnt=34 (vpc/ipc reset)
[EXP] [ERASE] ch=7 lun=7 pl=0 blk=97 pg=255 erase_cnt=34 (vpc/ipc reset)
[EXP] [ERASE] ch=0 lun=0 pl=0 blk=97 pg=255 erase_cnt=35 (vpc/ipc reset)
[EXP] [ERASE] ch=0 lun=1 pl=0 blk=97 pg=255 erase_cnt=35 (vpc/ipc reset)
[EXP] [ERASE] ch=0 lun=2 pl=0 blk=97 pg=255 erase_cnt=35 (vpc/ipc reset)
[EXP] [ERASE] ch=0 lun=3 pl=0 blk=97 pg=255 erase_cnt=35 (vpc/ipc reset)
[EXP] [ERASE] ch=0 lun=4 pl=0 blk=97 pg=255 erase_cnt=35 (vpc/ipc reset)
[EXP] [ERASE] ch=0 lun=5 pl=0 blk=97 pg=255 erase_cnt=35 (vpc/ipc reset)
[EXP] [ERASE] ch=0 lun=6 pl=0 blk=97 pg=255 erase_cnt=35 (vpc/ipc reset)
[EXP] [ERASE] ch=0 lun=7 pl=0 blk=97 pg=255 erase_cnt=35 (vpc/ipc reset)
[EXP] [ERASE] ch=1 lun=0 pl=0 blk=97 pg=255 erase_cnt=35 (vpc/ipc reset)
[EXP] [ERASE] ch=1 lun=1 pl=0 blk=97 pg=255 erase_cnt=35 (vpc/ipc reset)
[EXP] [ERASE] ch=1 lun=2 pl=0 blk=97 pg=255 erase_cnt=35 (vpc/ipc reset)
[EXP] [ERASE] ch=1 lun=3 pl=0 blk=97 pg=255 erase_cnt=35 (vpc/ipc reset)
[EXP] [ERASE] ch=1 lun=4 pl=0 blk=97 pg=255 erase_cnt=35 (vpc/ipc reset)
[EXP] [ERASE] ch=1 lun=5 pl=0 blk=97 pg=255 erase_cnt=35 (vpc/ipc reset)
[EXP] [ERASE] ch=1 lun=6 pl=0 blk=97 pg=255 erase_cnt=35 (vpc/ipc reset)
[EXP] [ERASE] ch=1 lun=7 pl=0 blk=97 pg=255 erase_cnt=35 (vpc/ipc reset)
[EXP] [ERASE] ch=2 lun=0 pl=0 blk=97 pg=255 erase_cnt=35 (vpc/ipc reset)
[EXP] [ERASE] ch=2 lun=1 pl=0 blk=97 pg=255 erase_cnt=35 (vpc/ipc reset)
[EXP] [ERASE] ch=2 lun=2 pl=0 blk=97 pg=255 erase_cnt=35 (vpc/ipc reset)
[EXP] [ERASE] ch=2 lun=3 pl=0 blk=97 pg=255 erase_cnt=35 (vpc/ipc reset)
[EXP] [ERASE] ch=2 lun=4 pl=0 blk=97 pg=255 erase_cnt=35 (vpc/ipc reset)
[EXP] [ERASE] ch=2 lun=5 pl=0 blk=97 pg=255 erase_cnt=35 (vpc/ipc reset)
[EXP] [ERASE] ch=2 lun=6 pl=0 blk=97 pg=255 erase_cnt=35 (vpc/ipc reset)
[EXP] [ERASE] ch=2 lun=7 pl=0 blk=97 pg=255 erase_cnt=35 (vpc/ipc reset)
[EXP] [ERASE] ch=3 lun=0 pl=0 blk=97 pg=255 erase_cnt=35 (vpc/ipc reset)
[EXP] [ERASE] ch=3 lun=1 pl=0 blk=97 pg=255 erase_cnt=35 (vpc/ipc reset)
[EXP] [ERASE] ch=3 lun=2 pl=0 blk=97 pg=255 erase_cnt=35 (vpc/ipc reset)
[EXP] [ERASE] ch=3 lun=3 pl=0 blk=97 pg=255 erase_cnt=35 (vpc/ipc reset)
[EXP] [ERASE] ch=3 lun=4 pl=0 blk=97 pg=255 erase_cnt=35 (vpc/ipc reset)
[EXP] [ERASE] ch=3 lun=5 pl=0 blk=97 pg=255 erase_cnt=35 (vpc/ipc reset)
[EXP] [ERASE] ch=3 lun=6 pl=0 blk=97 pg=255 erase_cnt=35 (vpc/ipc reset)
[EXP] [ERASE] ch=3 lun=7 pl=0 blk=97 pg=255 erase_cnt=35 (vpc/ipc reset)
[EXP] [ERASE] ch=4 lun=0 pl=0 blk=97 pg=255 erase_cnt=35 (vpc/ipc reset)
[EXP] [ERASE] ch=4 lun=1 pl=0 blk=97 pg=255 erase_cnt=35 (vpc/ipc reset)
[EXP] [ERASE] ch=4 lun=2 pl=0 blk=97 pg=255 erase_cnt=35 (vpc/ipc reset)
[EXP] [ERASE] ch=4 lun=3 pl=0 blk=97 pg=255 erase_cnt=35 (vpc/ipc reset)
[EXP] [ERASE] ch=4 lun=4 pl=0 blk=97 pg=255 erase_cnt=35 (vpc/ipc reset)
[EXP] [ERASE] ch=4 lun=5 pl=0 blk=97 pg=255 erase_cnt=35 (vpc/ipc reset)
[EXP] [ERASE] ch=4 lun=6 pl=0 blk=97 pg=255 erase_cnt=35 (vpc/ipc reset)
[EXP] [ERASE] ch=4 lun=7 pl=0 blk=97 pg=255 erase_cnt=35 (vpc/ipc reset)
[EXP] [ERASE] ch=5 lun=0 pl=0 blk=97 pg=255 erase_cnt=35 (vpc/ipc reset)
[EXP] [ERASE] ch=5 lun=1 pl=0 blk=97 pg=255 erase_cnt=35 (vpc/ipc reset)
[EXP] [ERASE] ch=5 lun=2 pl=0 blk=97 pg=255 erase_cnt=35 (vpc/ipc reset)
[EXP] [ERASE] ch=5 lun=3 pl=0 blk=97 pg=255 erase_cnt=35 (vpc/ipc reset)
[EXP] [ERASE] ch=5 lun=4 pl=0 blk=97 pg=255 erase_cnt=35 (vpc/ipc reset)
[EXP] [ERASE] ch=5 lun=5 pl=0 blk=97 pg=255 erase_cnt=35 (vpc/ipc reset)
[EXP] [ERASE] ch=5 lun=6 pl=0 blk=97 pg=255 erase_cnt=35 (vpc/ipc reset)
[EXP] [ERASE] ch=5 lun=7 pl=0 blk=97 pg=255 erase_cnt=35 (vpc/ipc reset)
[EXP] [ERASE] ch=6 lun=0 pl=0 blk=97 pg=255 erase_cnt=35 (vpc/ipc reset)
[EXP] [ERASE] ch=6 lun=1 pl=0 blk=97 pg=255 erase_cnt=35 (vpc/ipc reset)
[EXP] [ERASE] ch=6 lun=2 pl=0 blk=97 pg=255 erase_cnt=35 (vpc/ipc reset)
[EXP] [ERASE] ch=6 lun=3 pl=0 blk=97 pg=255 erase_cnt=35 (vpc/ipc reset)
[EXP] [ERASE] ch=6 lun=4 pl=0 blk=97 pg=255 erase_cnt=35 (vpc/ipc reset)
[EXP] [ERASE] ch=6 lun=5 pl=0 blk=97 pg=255 erase_cnt=35 (vpc/ipc reset)
[EXP] [ERASE] ch=6 lun=6 pl=0 blk=97 pg=255 erase_cnt=35 (vpc/ipc reset)
[EXP] [ERASE] ch=6 lun=7 pl=0 blk=97 pg=255 erase_cnt=35 (vpc/ipc reset)
[EXP] [ERASE] ch=7 lun=0 pl=0 blk=97 pg=255 erase_cnt=35 (vpc/ipc reset)
[EXP] [ERASE] ch=7 lun=1 pl=0 blk=97 pg=255 erase_cnt=35 (vpc/ipc reset)
[EXP] [ERASE] ch=7 lun=2 pl=0 blk=97 pg=255 erase_cnt=35 (vpc/ipc reset)
[EXP] [ERASE] ch=7 lun=3 pl=0 blk=97 pg=255 erase_cnt=35 (vpc/ipc reset)
[EXP] [ERASE] ch=7 lun=4 pl=0 blk=97 pg=255 erase_cnt=35 (vpc/ipc reset)
[EXP] [ERASE] ch=7 lun=5 pl=0 blk=97 pg=255 erase_cnt=35 (vpc/ipc reset)
[EXP] [ERASE] ch=7 lun=6 pl=0 blk=97 pg=255 erase_cnt=35 (vpc/ipc reset)
[EXP] [ERASE] ch=7 lun=7 pl=0 blk=97 pg=255 erase_cnt=35 (vpc/ipc reset)
[EXP] [ERASE] ch=0 lun=0 pl=0 blk=113 pg=255 erase_cnt=1 (vpc/ipc reset)
[EXP] [ERASE] ch=0 lun=1 pl=0 blk=113 pg=255 erase_cnt=1 (vpc/ipc reset)
[EXP] [ERASE] ch=0 lun=2 pl=0 blk=113 pg=255 erase_cnt=1 (vpc/ipc reset)
[EXP] [ERASE] ch=0 lun=3 pl=0 blk=113 pg=255 erase_cnt=1 (vpc/ipc reset)
[EXP] [ERASE] ch=0 lun=4 pl=0 blk=113 pg=255 erase_cnt=1 (vpc/ipc reset)
[EXP] [ERASE] ch=0 lun=5 pl=0 blk=113 pg=255 erase_cnt=1 (vpc/ipc reset)
[EXP] [ERASE] ch=0 lun=6 pl=0 blk=113 pg=255 erase_cnt=1 (vpc/ipc reset)
[EXP] [ERASE] ch=0 lun=7 pl=0 blk=113 pg=255 erase_cnt=1 (vpc/ipc reset)
[EXP] [ERASE] ch=1 lun=0 pl=0 blk=113 pg=255 erase_cnt=1 (vpc/ipc reset)
[EXP] [ERASE] ch=1 lun=1 pl=0 blk=113 pg=255 erase_cnt=1 (vpc/ipc reset)
[EXP] [ERASE] ch=1 lun=2 pl=0 blk=113 pg=255 erase_cnt=1 (vpc/ipc reset)
[EXP] [ERASE] ch=1 lun=3 pl=0 blk=113 pg=255 erase_cnt=1 (vpc/ipc reset)
[EXP] [ERASE] ch=1 lun=4 pl=0 blk=113 pg=255 erase_cnt=1 (vpc/ipc reset)
[EXP] [ERASE] ch=1 lun=5 pl=0 blk=113 pg=255 erase_cnt=1 (vpc/ipc reset)
[EXP] [ERASE] ch=1 lun=6 pl=0 blk=113 pg=255 erase_cnt=1 (vpc/ipc reset)
[EXP] [ERASE] ch=1 lun=7 pl=0 blk=113 pg=255 erase_cnt=1 (vpc/ipc reset)
[EXP] [ERASE] ch=2 lun=0 pl=0 blk=113 pg=255 erase_cnt=1 (vpc/ipc reset)
[EXP] [ERASE] ch=2 lun=1 pl=0 blk=113 pg=255 erase_cnt=1 (vpc/ipc reset)
[EXP] [GC_MOVE] lpn=0 ch=2 lun=2 pl=0 blk=113 pg=2 -> ch=5 lun=5 pl=0 blk=114 pg=1
[EXP] [ERASE] ch=2 lun=2 pl=0 blk=113 pg=255 erase_cnt=1 (vpc/ipc reset)
[EXP] [ERASE] ch=2 lun=3 pl=0 blk=113 pg=255 erase_cnt=1 (vpc/ipc reset)
[EXP] [ERASE] ch=2 lun=4 pl=0 blk=113 pg=255 erase_cnt=1 (vpc/ipc reset)
[EXP] [ERASE] ch=2 lun=5 pl=0 blk=113 pg=255 erase_cnt=1 (vpc/ipc reset)
[EXP] [ERASE] ch=2 lun=6 pl=0 blk=113 pg=255 erase_cnt=1 (vpc/ipc reset)
[EXP] [ERASE] ch=2 lun=7 pl=0 blk=113 pg=255 erase_cnt=1 (vpc/ipc reset)
[EXP] [ERASE] ch=3 lun=0 pl=0 blk=113 pg=255 erase_cnt=1 (vpc/ipc reset)
[EXP] [ERASE] ch=3 lun=1 pl=0 blk=113 pg=255 erase_cnt=1 (vpc/ipc reset)
[EXP] [ERASE] ch=3 lun=2 pl=0 blk=113 pg=255 erase_cnt=1 (vpc/ipc reset)
[EXP] [ERASE] ch=3 lun=3 pl=0 blk=113 pg=255 erase_cnt=1 (vpc/ipc reset)
[EXP] [ERASE] ch=3 lun=4 pl=0 blk=113 pg=255 erase_cnt=1 (vpc/ipc reset)
[EXP] [ERASE] ch=3 lun=5 pl=0 blk=113 pg=255 erase_cnt=1 (vpc/ipc reset)
[EXP] [ERASE] ch=3 lun=6 pl=0 blk=113 pg=255 erase_cnt=1 (vpc/ipc reset)
[EXP] [ERASE] ch=3 lun=7 pl=0 blk=113 pg=255 erase_cnt=1 (vpc/ipc reset)
[EXP] [ERASE] ch=4 lun=0 pl=0 blk=113 pg=255 erase_cnt=1 (vpc/ipc reset)
[EXP] [ERASE] ch=4 lun=1 pl=0 blk=113 pg=255 erase_cnt=1 (vpc/ipc reset)
[EXP] [ERASE] ch=4 lun=2 pl=0 blk=113 pg=255 erase_cnt=1 (vpc/ipc reset)
[EXP] [ERASE] ch=4 lun=3 pl=0 blk=113 pg=255 erase_cnt=1 (vpc/ipc reset)
[EXP] [ERASE] ch=4 lun=4 pl=0 blk=113 pg=255 erase_cnt=1 (vpc/ipc reset)
[EXP] [ERASE] ch=4 lun=5 pl=0 blk=113 pg=255 erase_cnt=1 (vpc/ipc reset)
[EXP] [ERASE] ch=4 lun=6 pl=0 blk=113 pg=255 erase_cnt=1 (vpc/ipc reset)
[EXP] [ERASE] ch=4 lun=7 pl=0 blk=113 pg=255 erase_cnt=1 (vpc/ipc reset)
[EXP] [ERASE] ch=5 lun=0 pl=0 blk=113 pg=255 erase_cnt=1 (vpc/ipc reset)
[EXP] [ERASE] ch=5 lun=1 pl=0 blk=113 pg=255 erase_cnt=1 (vpc/ipc reset)
[EXP] [ERASE] ch=5 lun=2 pl=0 blk=113 pg=255 erase_cnt=1 (vpc/ipc reset)
[EXP] [ERASE] ch=5 lun=3 pl=0 blk=113 pg=255 erase_cnt=1 (vpc/ipc reset)
[EXP] [ERASE] ch=5 lun=4 pl=0 blk=113 pg=255 erase_cnt=1 (vpc/ipc reset)
[EXP] [ERASE] ch=5 lun=5 pl=0 blk=113 pg=255 erase_cnt=1 (vpc/ipc reset)
[EXP] [ERASE] ch=5 lun=6 pl=0 blk=113 pg=255 erase_cnt=1 (vpc/ipc reset)
[EXP] [ERASE] ch=5 lun=7 pl=0 blk=113 pg=255 erase_cnt=1 (vpc/ipc reset)
[EXP] [ERASE] ch=6 lun=0 pl=0 blk=113 pg=255 erase_cnt=1 (vpc/ipc reset)
[EXP] [ERASE] ch=6 lun=1 pl=0 blk=113 pg=255 erase_cnt=1 (vpc/ipc reset)
[EXP] [ERASE] ch=6 lun=2 pl=0 blk=113 pg=255 erase_cnt=1 (vpc/ipc reset)
[EXP] [ERASE] ch=6 lun=3 pl=0 blk=113 pg=255 erase_cnt=1 (vpc/ipc reset)
[EXP] [ERASE] ch=6 lun=4 pl=0 blk=113 pg=255 erase_cnt=1 (vpc/ipc reset)
[EXP] [ERASE] ch=6 lun=5 pl=0 blk=113 pg=255 erase_cnt=1 (vpc/ipc reset)
[EXP] [ERASE] ch=6 lun=6 pl=0 blk=113 pg=255 erase_cnt=1 (vpc/ipc reset)
[EXP] [ERASE] ch=6 lun=7 pl=0 blk=113 pg=255 erase_cnt=1 (vpc/ipc reset)
[EXP] [ERASE] ch=7 lun=0 pl=0 blk=113 pg=255 erase_cnt=1 (vpc/ipc reset)
[EXP] [ERASE] ch=7 lun=1 pl=0 blk=113 pg=255 erase_cnt=1 (vpc/ipc reset)
[EXP] [ERASE] ch=7 lun=2 pl=0 blk=113 pg=255 erase_cnt=1 (vpc/ipc reset)
[EXP] [ERASE] ch=7 lun=3 pl=0 blk=113 pg=255 erase_cnt=1 (vpc/ipc reset)
[EXP] [ERASE] ch=7 lun=4 pl=0 blk=113 pg=255 erase_cnt=1 (vpc/ipc reset)
[EXP] [ERASE] ch=7 lun=5 pl=0 blk=113 pg=255 erase_cnt=1 (vpc/ipc reset)
[EXP] [ERASE] ch=7 lun=6 pl=0 blk=113 pg=255 erase_cnt=1 (vpc/ipc reset)
[EXP] [ERASE] ch=7 lun=7 pl=0 blk=113 pg=255 erase_cnt=1 (vpc/ipc reset)
[EXP] [ERASE] ch=0 lun=0 pl=0 blk=97 pg=255 erase_cnt=36 (vpc/ipc reset)
[EXP] [ERASE] ch=0 lun=1 pl=0 blk=97 pg=255 erase_cnt=36 (vpc/ipc reset)
[EXP] [ERASE] ch=0 lun=2 pl=0 blk=97 pg=255 erase_cnt=36 (vpc/ipc reset)
[EXP] [ERASE] ch=0 lun=3 pl=0 blk=97 pg=255 erase_cnt=36 (vpc/ipc reset)
[EXP] [ERASE] ch=0 lun=4 pl=0 blk=97 pg=255 erase_cnt=36 (vpc/ipc reset)
[EXP] [ERASE] ch=0 lun=5 pl=0 blk=97 pg=255 erase_cnt=36 (vpc/ipc reset)
[EXP] [ERASE] ch=0 lun=6 pl=0 blk=97 pg=255 erase_cnt=36 (vpc/ipc reset)
[EXP] [ERASE] ch=0 lun=7 pl=0 blk=97 pg=255 erase_cnt=36 (vpc/ipc reset)
[EXP] [ERASE] ch=1 lun=0 pl=0 blk=97 pg=255 erase_cnt=36 (vpc/ipc reset)
[EXP] [ERASE] ch=1 lun=1 pl=0 blk=97 pg=255 erase_cnt=36 (vpc/ipc reset)
[EXP] [ERASE] ch=1 lun=2 pl=0 blk=97 pg=255 erase_cnt=36 (vpc/ipc reset)
[EXP] [ERASE] ch=1 lun=3 pl=0 blk=97 pg=255 erase_cnt=36 (vpc/ipc reset)
[EXP] [ERASE] ch=1 lun=4 pl=0 blk=97 pg=255 erase_cnt=36 (vpc/ipc reset)
[EXP] [ERASE] ch=1 lun=5 pl=0 blk=97 pg=255 erase_cnt=36 (vpc/ipc reset)
[EXP] [ERASE] ch=1 lun=6 pl=0 blk=97 pg=255 erase_cnt=36 (vpc/ipc reset)
[EXP] [ERASE] ch=1 lun=7 pl=0 blk=97 pg=255 erase_cnt=36 (vpc/ipc reset)
[EXP] [ERASE] ch=2 lun=0 pl=0 blk=97 pg=255 erase_cnt=36 (vpc/ipc reset)
[EXP] [ERASE] ch=2 lun=1 pl=0 blk=97 pg=255 erase_cnt=36 (vpc/ipc reset)
[EXP] [ERASE] ch=2 lun=2 pl=0 blk=97 pg=255 erase_cnt=36 (vpc/ipc reset)
[EXP] [ERASE] ch=2 lun=3 pl=0 blk=97 pg=255 erase_cnt=36 (vpc/ipc reset)
[EXP] [ERASE] ch=2 lun=4 pl=0 blk=97 pg=255 erase_cnt=36 (vpc/ipc reset)
[EXP] [ERASE] ch=2 lun=5 pl=0 blk=97 pg=255 erase_cnt=36 (vpc/ipc reset)
[EXP] [ERASE] ch=2 lun=6 pl=0 blk=97 pg=255 erase_cnt=36 (vpc/ipc reset)
[EXP] [ERASE] ch=2 lun=7 pl=0 blk=97 pg=255 erase_cnt=36 (vpc/ipc reset)
[EXP] [ERASE] ch=3 lun=0 pl=0 blk=97 pg=255 erase_cnt=36 (vpc/ipc reset)
[EXP] [ERASE] ch=3 lun=1 pl=0 blk=97 pg=255 erase_cnt=36 (vpc/ipc reset)
[EXP] [ERASE] ch=3 lun=2 pl=0 blk=97 pg=255 erase_cnt=36 (vpc/ipc reset)
[EXP] [ERASE] ch=3 lun=3 pl=0 blk=97 pg=255 erase_cnt=36 (vpc/ipc reset)
[EXP] [ERASE] ch=3 lun=4 pl=0 blk=97 pg=255 erase_cnt=36 (vpc/ipc reset)
[EXP] [ERASE] ch=3 lun=5 pl=0 blk=97 pg=255 erase_cnt=36 (vpc/ipc reset)
[EXP] [ERASE] ch=3 lun=6 pl=0 blk=97 pg=255 erase_cnt=36 (vpc/ipc reset)
[EXP] [ERASE] ch=3 lun=7 pl=0 blk=97 pg=255 erase_cnt=36 (vpc/ipc reset)
[EXP] [ERASE] ch=4 lun=0 pl=0 blk=97 pg=255 erase_cnt=36 (vpc/ipc reset)
[EXP] [ERASE] ch=4 lun=1 pl=0 blk=97 pg=255 erase_cnt=36 (vpc/ipc reset)
[EXP] [ERASE] ch=4 lun=2 pl=0 blk=97 pg=255 erase_cnt=36 (vpc/ipc reset)
[EXP] [ERASE] ch=4 lun=3 pl=0 blk=97 pg=255 erase_cnt=36 (vpc/ipc reset)
[EXP] [ERASE] ch=4 lun=4 pl=0 blk=97 pg=255 erase_cnt=36 (vpc/ipc reset)
[EXP] [ERASE] ch=4 lun=5 pl=0 blk=97 pg=255 erase_cnt=36 (vpc/ipc reset)
[EXP] [ERASE] ch=4 lun=6 pl=0 blk=97 pg=255 erase_cnt=36 (vpc/ipc reset)
[EXP] [ERASE] ch=4 lun=7 pl=0 blk=97 pg=255 erase_cnt=36 (vpc/ipc reset)
[EXP] [ERASE] ch=5 lun=0 pl=0 blk=97 pg=255 erase_cnt=36 (vpc/ipc reset)
[EXP] [ERASE] ch=5 lun=1 pl=0 blk=97 pg=255 erase_cnt=36 (vpc/ipc reset)
[EXP] [ERASE] ch=5 lun=2 pl=0 blk=97 pg=255 erase_cnt=36 (vpc/ipc reset)
[EXP] [ERASE] ch=5 lun=3 pl=0 blk=97 pg=255 erase_cnt=36 (vpc/ipc reset)
[EXP] [ERASE] ch=5 lun=4 pl=0 blk=97 pg=255 erase_cnt=36 (vpc/ipc reset)
[EXP] [ERASE] ch=5 lun=5 pl=0 blk=97 pg=255 erase_cnt=36 (vpc/ipc reset)
[EXP] [ERASE] ch=5 lun=6 pl=0 blk=97 pg=255 erase_cnt=36 (vpc/ipc reset)
[EXP] [ERASE] ch=5 lun=7 pl=0 blk=97 pg=255 erase_cnt=36 (vpc/ipc reset)
[EXP] [ERASE] ch=6 lun=0 pl=0 blk=97 pg=255 erase_cnt=36 (vpc/ipc reset)
[EXP] [ERASE] ch=6 lun=1 pl=0 blk=97 pg=255 erase_cnt=36 (vpc/ipc reset)
[EXP] [ERASE] ch=6 lun=2 pl=0 blk=97 pg=255 erase_cnt=36 (vpc/ipc reset)
[EXP] [ERASE] ch=6 lun=3 pl=0 blk=97 pg=255 erase_cnt=36 (vpc/ipc reset)
[EXP] [ERASE] ch=6 lun=4 pl=0 blk=97 pg=255 erase_cnt=36 (vpc/ipc reset)
[EXP] [ERASE] ch=6 lun=5 pl=0 blk=97 pg=255 erase_cnt=36 (vpc/ipc reset)
[EXP] [ERASE] ch=6 lun=6 pl=0 blk=97 pg=255 erase_cnt=36 (vpc/ipc reset)
[EXP] [ERASE] ch=6 lun=7 pl=0 blk=97 pg=255 erase_cnt=36 (vpc/ipc reset)
[EXP] [ERASE] ch=7 lun=0 pl=0 blk=97 pg=255 erase_cnt=36 (vpc/ipc reset)
[EXP] [ERASE] ch=7 lun=1 pl=0 blk=97 pg=255 erase_cnt=36 (vpc/ipc reset)
[EXP] [ERASE] ch=7 lun=2 pl=0 blk=97 pg=255 erase_cnt=36 (vpc/ipc reset)
[EXP] [ERASE] ch=7 lun=3 pl=0 blk=97 pg=255 erase_cnt=36 (vpc/ipc reset)
[EXP] [ERASE] ch=7 lun=4 pl=0 blk=97 pg=255 erase_cnt=36 (vpc/ipc reset)
[EXP] [ERASE] ch=7 lun=5 pl=0 blk=97 pg=255 erase_cnt=36 (vpc/ipc reset)
[EXP] [ERASE] ch=7 lun=6 pl=0 blk=97 pg=255 erase_cnt=36 (vpc/ipc reset)
[EXP] [ERASE] ch=7 lun=7 pl=0 blk=97 pg=255 erase_cnt=36 (vpc/ipc reset)
[EXP] [ERASE] ch=0 lun=0 pl=0 blk=97 pg=255 erase_cnt=37 (vpc/ipc reset)
[EXP] [ERASE] ch=0 lun=1 pl=0 blk=97 pg=255 erase_cnt=37 (vpc/ipc reset)
[EXP] [ERASE] ch=0 lun=2 pl=0 blk=97 pg=255 erase_cnt=37 (vpc/ipc reset)
[EXP] [ERASE] ch=0 lun=3 pl=0 blk=97 pg=255 erase_cnt=37 (vpc/ipc reset)
[EXP] [ERASE] ch=0 lun=4 pl=0 blk=97 pg=255 erase_cnt=37 (vpc/ipc reset)
[EXP] [ERASE] ch=0 lun=5 pl=0 blk=97 pg=255 erase_cnt=37 (vpc/ipc reset)
[EXP] [ERASE] ch=0 lun=6 pl=0 blk=97 pg=255 erase_cnt=37 (vpc/ipc reset)
[EXP] [ERASE] ch=0 lun=7 pl=0 blk=97 pg=255 erase_cnt=37 (vpc/ipc reset)
[EXP] [ERASE] ch=1 lun=0 pl=0 blk=97 pg=255 erase_cnt=37 (vpc/ipc reset)
[EXP] [ERASE] ch=1 lun=1 pl=0 blk=97 pg=255 erase_cnt=37 (vpc/ipc reset)
[EXP] [ERASE] ch=1 lun=2 pl=0 blk=97 pg=255 erase_cnt=37 (vpc/ipc reset)
[EXP] [ERASE] ch=1 lun=3 pl=0 blk=97 pg=255 erase_cnt=37 (vpc/ipc reset)
[EXP] [ERASE] ch=1 lun=4 pl=0 blk=97 pg=255 erase_cnt=37 (vpc/ipc reset)
[EXP] [ERASE] ch=1 lun=5 pl=0 blk=97 pg=255 erase_cnt=37 (vpc/ipc reset)
[EXP] [ERASE] ch=1 lun=6 pl=0 blk=97 pg=255 erase_cnt=37 (vpc/ipc reset)
[EXP] [ERASE] ch=1 lun=7 pl=0 blk=97 pg=255 erase_cnt=37 (vpc/ipc reset)
[EXP] [ERASE] ch=2 lun=0 pl=0 blk=97 pg=255 erase_cnt=37 (vpc/ipc reset)
[EXP] [ERASE] ch=2 lun=1 pl=0 blk=97 pg=255 erase_cnt=37 (vpc/ipc reset)
[EXP] [ERASE] ch=2 lun=2 pl=0 blk=97 pg=255 erase_cnt=37 (vpc/ipc reset)
[EXP] [ERASE] ch=2 lun=3 pl=0 blk=97 pg=255 erase_cnt=37 (vpc/ipc reset)
[EXP] [ERASE] ch=2 lun=4 pl=0 blk=97 pg=255 erase_cnt=37 (vpc/ipc reset)
[EXP] [ERASE] ch=2 lun=5 pl=0 blk=97 pg=255 erase_cnt=37 (vpc/ipc reset)
[EXP] [ERASE] ch=2 lun=6 pl=0 blk=97 pg=255 erase_cnt=37 (vpc/ipc reset)
[EXP] [ERASE] ch=2 lun=7 pl=0 blk=97 pg=255 erase_cnt=37 (vpc/ipc reset)
[EXP] [ERASE] ch=3 lun=0 pl=0 blk=97 pg=255 erase_cnt=37 (vpc/ipc reset)
[EXP] [ERASE] ch=3 lun=1 pl=0 blk=97 pg=255 erase_cnt=37 (vpc/ipc reset)
[EXP] [ERASE] ch=3 lun=2 pl=0 blk=97 pg=255 erase_cnt=37 (vpc/ipc reset)
[EXP] [ERASE] ch=3 lun=3 pl=0 blk=97 pg=255 erase_cnt=37 (vpc/ipc reset)
[EXP] [ERASE] ch=3 lun=4 pl=0 blk=97 pg=255 erase_cnt=37 (vpc/ipc reset)
[EXP] [ERASE] ch=3 lun=5 pl=0 blk=97 pg=255 erase_cnt=37 (vpc/ipc reset)
[EXP] [ERASE] ch=3 lun=6 pl=0 blk=97 pg=255 erase_cnt=37 (vpc/ipc reset)
[EXP] [ERASE] ch=3 lun=7 pl=0 blk=97 pg=255 erase_cnt=37 (vpc/ipc reset)
[EXP] [ERASE] ch=4 lun=0 pl=0 blk=97 pg=255 erase_cnt=37 (vpc/ipc reset)
[EXP] [ERASE] ch=4 lun=1 pl=0 blk=97 pg=255 erase_cnt=37 (vpc/ipc reset)
[EXP] [ERASE] ch=4 lun=2 pl=0 blk=97 pg=255 erase_cnt=37 (vpc/ipc reset)
[EXP] [ERASE] ch=4 lun=3 pl=0 blk=97 pg=255 erase_cnt=37 (vpc/ipc reset)
[EXP] [ERASE] ch=4 lun=4 pl=0 blk=97 pg=255 erase_cnt=37 (vpc/ipc reset)
[EXP] [ERASE] ch=4 lun=5 pl=0 blk=97 pg=255 erase_cnt=37 (vpc/ipc reset)
[EXP] [ERASE] ch=4 lun=6 pl=0 blk=97 pg=255 erase_cnt=37 (vpc/ipc reset)
[EXP] [ERASE] ch=4 lun=7 pl=0 blk=97 pg=255 erase_cnt=37 (vpc/ipc reset)
[EXP] [ERASE] ch=5 lun=0 pl=0 blk=97 pg=255 erase_cnt=37 (vpc/ipc reset)
[EXP] [ERASE] ch=5 lun=1 pl=0 blk=97 pg=255 erase_cnt=37 (vpc/ipc reset)
[EXP] [ERASE] ch=5 lun=2 pl=0 blk=97 pg=255 erase_cnt=37 (vpc/ipc reset)
[EXP] [ERASE] ch=5 lun=3 pl=0 blk=97 pg=255 erase_cnt=37 (vpc/ipc reset)
[EXP] [ERASE] ch=5 lun=4 pl=0 blk=97 pg=255 erase_cnt=37 (vpc/ipc reset)
[EXP] [ERASE] ch=5 lun=5 pl=0 blk=97 pg=255 erase_cnt=37 (vpc/ipc reset)
[EXP] [ERASE] ch=5 lun=6 pl=0 blk=97 pg=255 erase_cnt=37 (vpc/ipc reset)
[EXP] [ERASE] ch=5 lun=7 pl=0 blk=97 pg=255 erase_cnt=37 (vpc/ipc reset)
[EXP] [ERASE] ch=6 lun=0 pl=0 blk=97 pg=255 erase_cnt=37 (vpc/ipc reset)
[EXP] [ERASE] ch=6 lun=1 pl=0 blk=97 pg=255 erase_cnt=37 (vpc/ipc reset)
[EXP] [ERASE] ch=6 lun=2 pl=0 blk=97 pg=255 erase_cnt=37 (vpc/ipc reset)
[EXP] [ERASE] ch=6 lun=3 pl=0 blk=97 pg=255 erase_cnt=37 (vpc/ipc reset)
[EXP] [ERASE] ch=6 lun=4 pl=0 blk=97 pg=255 erase_cnt=37 (vpc/ipc reset)
[EXP] [ERASE] ch=6 lun=5 pl=0 blk=97 pg=255 erase_cnt=37 (vpc/ipc reset)
[EXP] [ERASE] ch=6 lun=6 pl=0 blk=97 pg=255 erase_cnt=37 (vpc/ipc reset)
[EXP] [ERASE] ch=6 lun=7 pl=0 blk=97 pg=255 erase_cnt=37 (vpc/ipc reset)
[EXP] [ERASE] ch=7 lun=0 pl=0 blk=97 pg=255 erase_cnt=37 (vpc/ipc reset)
[EXP] [ERASE] ch=7 lun=1 pl=0 blk=97 pg=255 erase_cnt=37 (vpc/ipc reset)
[EXP] [ERASE] ch=7 lun=2 pl=0 blk=97 pg=255 erase_cnt=37 (vpc/ipc reset)
[EXP] [ERASE] ch=7 lun=3 pl=0 blk=97 pg=255 erase_cnt=37 (vpc/ipc reset)
[EXP] [ERASE] ch=7 lun=4 pl=0 blk=97 pg=255 erase_cnt=37 (vpc/ipc reset)
[EXP] [ERASE] ch=7 lun=5 pl=0 blk=97 pg=255 erase_cnt=37 (vpc/ipc reset)
[EXP] [ERASE] ch=7 lun=6 pl=0 blk=97 pg=255 erase_cnt=37 (vpc/ipc reset)
[EXP] [ERASE] ch=7 lun=7 pl=0 blk=97 pg=255 erase_cnt=37 (vpc/ipc reset)
[EXP] [ERASE] ch=0 lun=0 pl=0 blk=114 pg=255 erase_cnt=1 (vpc/ipc reset)
[EXP] [ERASE] ch=0 lun=1 pl=0 blk=114 pg=255 erase_cnt=1 (vpc/ipc reset)
[EXP] [ERASE] ch=0 lun=2 pl=0 blk=114 pg=255 erase_cnt=1 (vpc/ipc reset)
[EXP] [ERASE] ch=0 lun=3 pl=0 blk=114 pg=255 erase_cnt=1 (vpc/ipc reset)
[EXP] [ERASE] ch=0 lun=4 pl=0 blk=114 pg=255 erase_cnt=1 (vpc/ipc reset)
[EXP] [ERASE] ch=0 lun=5 pl=0 blk=114 pg=255 erase_cnt=1 (vpc/ipc reset)
[EXP] [ERASE] ch=0 lun=6 pl=0 blk=114 pg=255 erase_cnt=1 (vpc/ipc reset)
[EXP] [ERASE] ch=0 lun=7 pl=0 blk=114 pg=255 erase_cnt=1 (vpc/ipc reset)
[EXP] [ERASE] ch=1 lun=0 pl=0 blk=114 pg=255 erase_cnt=1 (vpc/ipc reset)
[EXP] [ERASE] ch=1 lun=1 pl=0 blk=114 pg=255 erase_cnt=1 (vpc/ipc reset)
[EXP] [ERASE] ch=1 lun=2 pl=0 blk=114 pg=255 erase_cnt=1 (vpc/ipc reset)
[EXP] [ERASE] ch=1 lun=3 pl=0 blk=114 pg=255 erase_cnt=1 (vpc/ipc reset)
[EXP] [ERASE] ch=1 lun=4 pl=0 blk=114 pg=255 erase_cnt=1 (vpc/ipc reset)
[EXP] [ERASE] ch=1 lun=5 pl=0 blk=114 pg=255 erase_cnt=1 (vpc/ipc reset)
[EXP] [ERASE] ch=1 lun=6 pl=0 blk=114 pg=255 erase_cnt=1 (vpc/ipc reset)
[EXP] [ERASE] ch=1 lun=7 pl=0 blk=114 pg=255 erase_cnt=1 (vpc/ipc reset)
[EXP] [ERASE] ch=2 lun=0 pl=0 blk=114 pg=255 erase_cnt=1 (vpc/ipc reset)
[EXP] [ERASE] ch=2 lun=1 pl=0 blk=114 pg=255 erase_cnt=1 (vpc/ipc reset)
[EXP] [ERASE] ch=2 lun=2 pl=0 blk=114 pg=255 erase_cnt=1 (vpc/ipc reset)
[EXP] [ERASE] ch=2 lun=3 pl=0 blk=114 pg=255 erase_cnt=1 (vpc/ipc reset)
[EXP] [ERASE] ch=2 lun=4 pl=0 blk=114 pg=255 erase_cnt=1 (vpc/ipc reset)
[EXP] [ERASE] ch=2 lun=5 pl=0 blk=114 pg=255 erase_cnt=1 (vpc/ipc reset)
[EXP] [ERASE] ch=2 lun=6 pl=0 blk=114 pg=255 erase_cnt=1 (vpc/ipc reset)
[EXP] [ERASE] ch=2 lun=7 pl=0 blk=114 pg=255 erase_cnt=1 (vpc/ipc reset)
[EXP] [ERASE] ch=3 lun=0 pl=0 blk=114 pg=255 erase_cnt=1 (vpc/ipc reset)
[EXP] [ERASE] ch=3 lun=1 pl=0 blk=114 pg=255 erase_cnt=1 (vpc/ipc reset)
[EXP] [ERASE] ch=3 lun=2 pl=0 blk=114 pg=255 erase_cnt=1 (vpc/ipc reset)
[EXP] [ERASE] ch=3 lun=3 pl=0 blk=114 pg=255 erase_cnt=1 (vpc/ipc reset)
[EXP] [ERASE] ch=3 lun=4 pl=0 blk=114 pg=255 erase_cnt=1 (vpc/ipc reset)
[EXP] [ERASE] ch=3 lun=5 pl=0 blk=114 pg=255 erase_cnt=1 (vpc/ipc reset)
[EXP] [ERASE] ch=3 lun=6 pl=0 blk=114 pg=255 erase_cnt=1 (vpc/ipc reset)
[EXP] [ERASE] ch=3 lun=7 pl=0 blk=114 pg=255 erase_cnt=1 (vpc/ipc reset)
[EXP] [ERASE] ch=4 lun=0 pl=0 blk=114 pg=255 erase_cnt=1 (vpc/ipc reset)
[EXP] [ERASE] ch=4 lun=1 pl=0 blk=114 pg=255 erase_cnt=1 (vpc/ipc reset)
[EXP] [ERASE] ch=4 lun=2 pl=0 blk=114 pg=255 erase_cnt=1 (vpc/ipc reset)
[EXP] [ERASE] ch=4 lun=3 pl=0 blk=114 pg=255 erase_cnt=1 (vpc/ipc reset)
[EXP] [ERASE] ch=4 lun=4 pl=0 blk=114 pg=255 erase_cnt=1 (vpc/ipc reset)
[EXP] [ERASE] ch=4 lun=5 pl=0 blk=114 pg=255 erase_cnt=1 (vpc/ipc reset)
[EXP] [ERASE] ch=4 lun=6 pl=0 blk=114 pg=255 erase_cnt=1 (vpc/ipc reset)
[EXP] [ERASE] ch=4 lun=7 pl=0 blk=114 pg=255 erase_cnt=1 (vpc/ipc reset)
[EXP] [ERASE] ch=5 lun=0 pl=0 blk=114 pg=255 erase_cnt=1 (vpc/ipc reset)
[EXP] [ERASE] ch=5 lun=1 pl=0 blk=114 pg=255 erase_cnt=1 (vpc/ipc reset)
[EXP] [ERASE] ch=5 lun=2 pl=0 blk=114 pg=255 erase_cnt=1 (vpc/ipc reset)
[EXP] [ERASE] ch=5 lun=3 pl=0 blk=114 pg=255 erase_cnt=1 (vpc/ipc reset)
[EXP] [ERASE] ch=5 lun=4 pl=0 blk=114 pg=255 erase_cnt=1 (vpc/ipc reset)
[EXP] [GC_MOVE] lpn=0 ch=5 lun=5 pl=0 blk=114 pg=1 -> ch=1 lun=7 pl=0 blk=115 pg=4
[EXP] [ERASE] ch=5 lun=5 pl=0 blk=114 pg=255 erase_cnt=1 (vpc/ipc reset)
[EXP] [ERASE] ch=5 lun=6 pl=0 blk=114 pg=255 erase_cnt=1 (vpc/ipc reset)
[EXP] [ERASE] ch=5 lun=7 pl=0 blk=114 pg=255 erase_cnt=1 (vpc/ipc reset)
[EXP] [ERASE] ch=6 lun=0 pl=0 blk=114 pg=255 erase_cnt=1 (vpc/ipc reset)
[EXP] [ERASE] ch=6 lun=1 pl=0 blk=114 pg=255 erase_cnt=1 (vpc/ipc reset)
[EXP] [ERASE] ch=6 lun=2 pl=0 blk=114 pg=255 erase_cnt=1 (vpc/ipc reset)
[EXP] [ERASE] ch=6 lun=3 pl=0 blk=114 pg=255 erase_cnt=1 (vpc/ipc reset)
[EXP] [ERASE] ch=6 lun=4 pl=0 blk=114 pg=255 erase_cnt=1 (vpc/ipc reset)
[EXP] [ERASE] ch=6 lun=5 pl=0 blk=114 pg=255 erase_cnt=1 (vpc/ipc reset)
[EXP] [ERASE] ch=6 lun=6 pl=0 blk=114 pg=255 erase_cnt=1 (vpc/ipc reset)
[EXP] [ERASE] ch=6 lun=7 pl=0 blk=114 pg=255 erase_cnt=1 (vpc/ipc reset)
[EXP] [ERASE] ch=7 lun=0 pl=0 blk=114 pg=255 erase_cnt=1 (vpc/ipc reset)
[EXP] [ERASE] ch=7 lun=1 pl=0 blk=114 pg=255 erase_cnt=1 (vpc/ipc reset)
[EXP] [ERASE] ch=7 lun=2 pl=0 blk=114 pg=255 erase_cnt=1 (vpc/ipc reset)
[EXP] [ERASE] ch=7 lun=3 pl=0 blk=114 pg=255 erase_cnt=1 (vpc/ipc reset)
[EXP] [ERASE] ch=7 lun=4 pl=0 blk=114 pg=255 erase_cnt=1 (vpc/ipc reset)
[EXP] [ERASE] ch=7 lun=5 pl=0 blk=114 pg=255 erase_cnt=1 (vpc/ipc reset)
[EXP] [ERASE] ch=7 lun=6 pl=0 blk=114 pg=255 erase_cnt=1 (vpc/ipc reset)
[EXP] [ERASE] ch=7 lun=7 pl=0 blk=114 pg=255 erase_cnt=1 (vpc/ipc reset)
[EXP] [ERASE] ch=0 lun=0 pl=0 blk=97 pg=255 erase_cnt=38 (vpc/ipc reset)
[EXP] [ERASE] ch=0 lun=1 pl=0 blk=97 pg=255 erase_cnt=38 (vpc/ipc reset)
[EXP] [ERASE] ch=0 lun=2 pl=0 blk=97 pg=255 erase_cnt=38 (vpc/ipc reset)
[EXP] [ERASE] ch=0 lun=3 pl=0 blk=97 pg=255 erase_cnt=38 (vpc/ipc reset)
[EXP] [ERASE] ch=0 lun=4 pl=0 blk=97 pg=255 erase_cnt=38 (vpc/ipc reset)
[EXP] [ERASE] ch=0 lun=5 pl=0 blk=97 pg=255 erase_cnt=38 (vpc/ipc reset)
[EXP] [ERASE] ch=0 lun=6 pl=0 blk=97 pg=255 erase_cnt=38 (vpc/ipc reset)
[EXP] [ERASE] ch=0 lun=7 pl=0 blk=97 pg=255 erase_cnt=38 (vpc/ipc reset)
[EXP] [ERASE] ch=1 lun=0 pl=0 blk=97 pg=255 erase_cnt=38 (vpc/ipc reset)
[EXP] [ERASE] ch=1 lun=1 pl=0 blk=97 pg=255 erase_cnt=38 (vpc/ipc reset)
[EXP] [ERASE] ch=1 lun=2 pl=0 blk=97 pg=255 erase_cnt=38 (vpc/ipc reset)
[EXP] [ERASE] ch=1 lun=3 pl=0 blk=97 pg=255 erase_cnt=38 (vpc/ipc reset)
[EXP] [ERASE] ch=1 lun=4 pl=0 blk=97 pg=255 erase_cnt=38 (vpc/ipc reset)
[EXP] [ERASE] ch=1 lun=5 pl=0 blk=97 pg=255 erase_cnt=38 (vpc/ipc reset)
[EXP] [ERASE] ch=1 lun=6 pl=0 blk=97 pg=255 erase_cnt=38 (vpc/ipc reset)
[EXP] [ERASE] ch=1 lun=7 pl=0 blk=97 pg=255 erase_cnt=38 (vpc/ipc reset)
[EXP] [ERASE] ch=2 lun=0 pl=0 blk=97 pg=255 erase_cnt=38 (vpc/ipc reset)
[EXP] [ERASE] ch=2 lun=1 pl=0 blk=97 pg=255 erase_cnt=38 (vpc/ipc reset)
[EXP] [ERASE] ch=2 lun=2 pl=0 blk=97 pg=255 erase_cnt=38 (vpc/ipc reset)
[EXP] [ERASE] ch=2 lun=3 pl=0 blk=97 pg=255 erase_cnt=38 (vpc/ipc reset)
[EXP] [ERASE] ch=2 lun=4 pl=0 blk=97 pg=255 erase_cnt=38 (vpc/ipc reset)
[EXP] [ERASE] ch=2 lun=5 pl=0 blk=97 pg=255 erase_cnt=38 (vpc/ipc reset)
[EXP] [ERASE] ch=2 lun=6 pl=0 blk=97 pg=255 erase_cnt=38 (vpc/ipc reset)
[EXP] [ERASE] ch=2 lun=7 pl=0 blk=97 pg=255 erase_cnt=38 (vpc/ipc reset)
[EXP] [ERASE] ch=3 lun=0 pl=0 blk=97 pg=255 erase_cnt=38 (vpc/ipc reset)
[EXP] [ERASE] ch=3 lun=1 pl=0 blk=97 pg=255 erase_cnt=38 (vpc/ipc reset)
[EXP] [ERASE] ch=3 lun=2 pl=0 blk=97 pg=255 erase_cnt=38 (vpc/ipc reset)
[EXP] [ERASE] ch=3 lun=3 pl=0 blk=97 pg=255 erase_cnt=38 (vpc/ipc reset)
[EXP] [ERASE] ch=3 lun=4 pl=0 blk=97 pg=255 erase_cnt=38 (vpc/ipc reset)
[EXP] [ERASE] ch=3 lun=5 pl=0 blk=97 pg=255 erase_cnt=38 (vpc/ipc reset)
[EXP] [ERASE] ch=3 lun=6 pl=0 blk=97 pg=255 erase_cnt=38 (vpc/ipc reset)
[EXP] [ERASE] ch=3 lun=7 pl=0 blk=97 pg=255 erase_cnt=38 (vpc/ipc reset)
[EXP] [ERASE] ch=4 lun=0 pl=0 blk=97 pg=255 erase_cnt=38 (vpc/ipc reset)
[EXP] [ERASE] ch=4 lun=1 pl=0 blk=97 pg=255 erase_cnt=38 (vpc/ipc reset)
[EXP] [ERASE] ch=4 lun=2 pl=0 blk=97 pg=255 erase_cnt=38 (vpc/ipc reset)
[EXP] [ERASE] ch=4 lun=3 pl=0 blk=97 pg=255 erase_cnt=38 (vpc/ipc reset)
[EXP] [ERASE] ch=4 lun=4 pl=0 blk=97 pg=255 erase_cnt=38 (vpc/ipc reset)
[EXP] [ERASE] ch=4 lun=5 pl=0 blk=97 pg=255 erase_cnt=38 (vpc/ipc reset)
[EXP] [ERASE] ch=4 lun=6 pl=0 blk=97 pg=255 erase_cnt=38 (vpc/ipc reset)
[EXP] [ERASE] ch=4 lun=7 pl=0 blk=97 pg=255 erase_cnt=38 (vpc/ipc reset)
[EXP] [ERASE] ch=5 lun=0 pl=0 blk=97 pg=255 erase_cnt=38 (vpc/ipc reset)
[EXP] [ERASE] ch=5 lun=1 pl=0 blk=97 pg=255 erase_cnt=38 (vpc/ipc reset)
[EXP] [ERASE] ch=5 lun=2 pl=0 blk=97 pg=255 erase_cnt=38 (vpc/ipc reset)
[EXP] [ERASE] ch=5 lun=3 pl=0 blk=97 pg=255 erase_cnt=38 (vpc/ipc reset)
[EXP] [ERASE] ch=5 lun=4 pl=0 blk=97 pg=255 erase_cnt=38 (vpc/ipc reset)
[EXP] [ERASE] ch=5 lun=5 pl=0 blk=97 pg=255 erase_cnt=38 (vpc/ipc reset)
[EXP] [ERASE] ch=5 lun=6 pl=0 blk=97 pg=255 erase_cnt=38 (vpc/ipc reset)
[EXP] [ERASE] ch=5 lun=7 pl=0 blk=97 pg=255 erase_cnt=38 (vpc/ipc reset)
[EXP] [ERASE] ch=6 lun=0 pl=0 blk=97 pg=255 erase_cnt=38 (vpc/ipc reset)
[EXP] [ERASE] ch=6 lun=1 pl=0 blk=97 pg=255 erase_cnt=38 (vpc/ipc reset)
[EXP] [ERASE] ch=6 lun=2 pl=0 blk=97 pg=255 erase_cnt=38 (vpc/ipc reset)
[EXP] [ERASE] ch=6 lun=3 pl=0 blk=97 pg=255 erase_cnt=38 (vpc/ipc reset)
[EXP] [ERASE] ch=6 lun=4 pl=0 blk=97 pg=255 erase_cnt=38 (vpc/ipc reset)
[EXP] [ERASE] ch=6 lun=5 pl=0 blk=97 pg=255 erase_cnt=38 (vpc/ipc reset)
[EXP] [ERASE] ch=6 lun=6 pl=0 blk=97 pg=255 erase_cnt=38 (vpc/ipc reset)
[EXP] [ERASE] ch=6 lun=7 pl=0 blk=97 pg=255 erase_cnt=38 (vpc/ipc reset)
[EXP] [ERASE] ch=7 lun=0 pl=0 blk=97 pg=255 erase_cnt=38 (vpc/ipc reset)
[EXP] [ERASE] ch=7 lun=1 pl=0 blk=97 pg=255 erase_cnt=38 (vpc/ipc reset)
[EXP] [ERASE] ch=7 lun=2 pl=0 blk=97 pg=255 erase_cnt=38 (vpc/ipc reset)
[EXP] [ERASE] ch=7 lun=3 pl=0 blk=97 pg=255 erase_cnt=38 (vpc/ipc reset)
[EXP] [ERASE] ch=7 lun=4 pl=0 blk=97 pg=255 erase_cnt=38 (vpc/ipc reset)
[EXP] [ERASE] ch=7 lun=5 pl=0 blk=97 pg=255 erase_cnt=38 (vpc/ipc reset)
[EXP] [ERASE] ch=7 lun=6 pl=0 blk=97 pg=255 erase_cnt=38 (vpc/ipc reset)
[EXP] [ERASE] ch=7 lun=7 pl=0 blk=97 pg=255 erase_cnt=38 (vpc/ipc reset)
[EXP] [ERASE] ch=0 lun=0 pl=0 blk=97 pg=255 erase_cnt=39 (vpc/ipc reset)
[EXP] [ERASE] ch=0 lun=1 pl=0 blk=97 pg=255 erase_cnt=39 (vpc/ipc reset)
[EXP] [ERASE] ch=0 lun=2 pl=0 blk=97 pg=255 erase_cnt=39 (vpc/ipc reset)
[EXP] [ERASE] ch=0 lun=3 pl=0 blk=97 pg=255 erase_cnt=39 (vpc/ipc reset)
[EXP] [ERASE] ch=0 lun=4 pl=0 blk=97 pg=255 erase_cnt=39 (vpc/ipc reset)
[EXP] [ERASE] ch=0 lun=5 pl=0 blk=97 pg=255 erase_cnt=39 (vpc/ipc reset)
[EXP] [ERASE] ch=0 lun=6 pl=0 blk=97 pg=255 erase_cnt=39 (vpc/ipc reset)
[EXP] [ERASE] ch=0 lun=7 pl=0 blk=97 pg=255 erase_cnt=39 (vpc/ipc reset)
[EXP] [ERASE] ch=1 lun=0 pl=0 blk=97 pg=255 erase_cnt=39 (vpc/ipc reset)
[EXP] [ERASE] ch=1 lun=1 pl=0 blk=97 pg=255 erase_cnt=39 (vpc/ipc reset)
[EXP] [ERASE] ch=1 lun=2 pl=0 blk=97 pg=255 erase_cnt=39 (vpc/ipc reset)
[EXP] [ERASE] ch=1 lun=3 pl=0 blk=97 pg=255 erase_cnt=39 (vpc/ipc reset)
[EXP] [ERASE] ch=1 lun=4 pl=0 blk=97 pg=255 erase_cnt=39 (vpc/ipc reset)
[EXP] [ERASE] ch=1 lun=5 pl=0 blk=97 pg=255 erase_cnt=39 (vpc/ipc reset)
[EXP] [ERASE] ch=1 lun=6 pl=0 blk=97 pg=255 erase_cnt=39 (vpc/ipc reset)
[EXP] [ERASE] ch=1 lun=7 pl=0 blk=97 pg=255 erase_cnt=39 (vpc/ipc reset)
[EXP] [ERASE] ch=2 lun=0 pl=0 blk=97 pg=255 erase_cnt=39 (vpc/ipc reset)
[EXP] [ERASE] ch=2 lun=1 pl=0 blk=97 pg=255 erase_cnt=39 (vpc/ipc reset)
[EXP] [ERASE] ch=2 lun=2 pl=0 blk=97 pg=255 erase_cnt=39 (vpc/ipc reset)
[EXP] [ERASE] ch=2 lun=3 pl=0 blk=97 pg=255 erase_cnt=39 (vpc/ipc reset)
[EXP] [ERASE] ch=2 lun=4 pl=0 blk=97 pg=255 erase_cnt=39 (vpc/ipc reset)
[EXP] [ERASE] ch=2 lun=5 pl=0 blk=97 pg=255 erase_cnt=39 (vpc/ipc reset)
[EXP] [ERASE] ch=2 lun=6 pl=0 blk=97 pg=255 erase_cnt=39 (vpc/ipc reset)
[EXP] [ERASE] ch=2 lun=7 pl=0 blk=97 pg=255 erase_cnt=39 (vpc/ipc reset)
[EXP] [ERASE] ch=3 lun=0 pl=0 blk=97 pg=255 erase_cnt=39 (vpc/ipc reset)
[EXP] [ERASE] ch=3 lun=1 pl=0 blk=97 pg=255 erase_cnt=39 (vpc/ipc reset)
[EXP] [ERASE] ch=3 lun=2 pl=0 blk=97 pg=255 erase_cnt=39 (vpc/ipc reset)
[EXP] [ERASE] ch=3 lun=3 pl=0 blk=97 pg=255 erase_cnt=39 (vpc/ipc reset)
[EXP] [ERASE] ch=3 lun=4 pl=0 blk=97 pg=255 erase_cnt=39 (vpc/ipc reset)
[EXP] [ERASE] ch=3 lun=5 pl=0 blk=97 pg=255 erase_cnt=39 (vpc/ipc reset)
[EXP] [ERASE] ch=3 lun=6 pl=0 blk=97 pg=255 erase_cnt=39 (vpc/ipc reset)
[EXP] [ERASE] ch=3 lun=7 pl=0 blk=97 pg=255 erase_cnt=39 (vpc/ipc reset)
[EXP] [ERASE] ch=4 lun=0 pl=0 blk=97 pg=255 erase_cnt=39 (vpc/ipc reset)
[EXP] [ERASE] ch=4 lun=1 pl=0 blk=97 pg=255 erase_cnt=39 (vpc/ipc reset)
[EXP] [ERASE] ch=4 lun=2 pl=0 blk=97 pg=255 erase_cnt=39 (vpc/ipc reset)
[EXP] [ERASE] ch=4 lun=3 pl=0 blk=97 pg=255 erase_cnt=39 (vpc/ipc reset)
[EXP] [ERASE] ch=4 lun=4 pl=0 blk=97 pg=255 erase_cnt=39 (vpc/ipc reset)
[EXP] [ERASE] ch=4 lun=5 pl=0 blk=97 pg=255 erase_cnt=39 (vpc/ipc reset)
[EXP] [ERASE] ch=4 lun=6 pl=0 blk=97 pg=255 erase_cnt=39 (vpc/ipc reset)
[EXP] [ERASE] ch=4 lun=7 pl=0 blk=97 pg=255 erase_cnt=39 (vpc/ipc reset)
[EXP] [ERASE] ch=5 lun=0 pl=0 blk=97 pg=255 erase_cnt=39 (vpc/ipc reset)
[EXP] [ERASE] ch=5 lun=1 pl=0 blk=97 pg=255 erase_cnt=39 (vpc/ipc reset)
[EXP] [ERASE] ch=5 lun=2 pl=0 blk=97 pg=255 erase_cnt=39 (vpc/ipc reset)
[EXP] [ERASE] ch=5 lun=3 pl=0 blk=97 pg=255 erase_cnt=39 (vpc/ipc reset)
[EXP] [ERASE] ch=5 lun=4 pl=0 blk=97 pg=255 erase_cnt=39 (vpc/ipc reset)
[EXP] [ERASE] ch=5 lun=5 pl=0 blk=97 pg=255 erase_cnt=39 (vpc/ipc reset)
[EXP] [ERASE] ch=5 lun=6 pl=0 blk=97 pg=255 erase_cnt=39 (vpc/ipc reset)
[EXP] [ERASE] ch=5 lun=7 pl=0 blk=97 pg=255 erase_cnt=39 (vpc/ipc reset)
[EXP] [ERASE] ch=6 lun=0 pl=0 blk=97 pg=255 erase_cnt=39 (vpc/ipc reset)
[EXP] [ERASE] ch=6 lun=1 pl=0 blk=97 pg=255 erase_cnt=39 (vpc/ipc reset)
[EXP] [ERASE] ch=6 lun=2 pl=0 blk=97 pg=255 erase_cnt=39 (vpc/ipc reset)
[EXP] [ERASE] ch=6 lun=3 pl=0 blk=97 pg=255 erase_cnt=39 (vpc/ipc reset)
[EXP] [ERASE] ch=6 lun=4 pl=0 blk=97 pg=255 erase_cnt=39 (vpc/ipc reset)
[EXP] [ERASE] ch=6 lun=5 pl=0 blk=97 pg=255 erase_cnt=39 (vpc/ipc reset)
[EXP] [ERASE] ch=6 lun=6 pl=0 blk=97 pg=255 erase_cnt=39 (vpc/ipc reset)
[EXP] [ERASE] ch=6 lun=7 pl=0 blk=97 pg=255 erase_cnt=39 (vpc/ipc reset)
[EXP] [ERASE] ch=7 lun=0 pl=0 blk=97 pg=255 erase_cnt=39 (vpc/ipc reset)
[EXP] [ERASE] ch=7 lun=1 pl=0 blk=97 pg=255 erase_cnt=39 (vpc/ipc reset)
[EXP] [ERASE] ch=7 lun=2 pl=0 blk=97 pg=255 erase_cnt=39 (vpc/ipc reset)
[EXP] [ERASE] ch=7 lun=3 pl=0 blk=97 pg=255 erase_cnt=39 (vpc/ipc reset)
[EXP] [ERASE] ch=7 lun=4 pl=0 blk=97 pg=255 erase_cnt=39 (vpc/ipc reset)
[EXP] [ERASE] ch=7 lun=5 pl=0 blk=97 pg=255 erase_cnt=39 (vpc/ipc reset)
[EXP] [ERASE] ch=7 lun=6 pl=0 blk=97 pg=255 erase_cnt=39 (vpc/ipc reset)
[EXP] [ERASE] ch=7 lun=7 pl=0 blk=97 pg=255 erase_cnt=39 (vpc/ipc reset)
[EXP] [ERASE] ch=0 lun=0 pl=0 blk=97 pg=255 erase_cnt=40 (vpc/ipc reset)
[EXP] [ERASE] ch=0 lun=1 pl=0 blk=97 pg=255 erase_cnt=40 (vpc/ipc reset)
[EXP] [ERASE] ch=0 lun=2 pl=0 blk=97 pg=255 erase_cnt=40 (vpc/ipc reset)
[EXP] [ERASE] ch=0 lun=3 pl=0 blk=97 pg=255 erase_cnt=40 (vpc/ipc reset)
[EXP] [ERASE] ch=0 lun=4 pl=0 blk=97 pg=255 erase_cnt=40 (vpc/ipc reset)
[EXP] [ERASE] ch=0 lun=5 pl=0 blk=97 pg=255 erase_cnt=40 (vpc/ipc reset)
[EXP] [ERASE] ch=0 lun=6 pl=0 blk=97 pg=255 erase_cnt=40 (vpc/ipc reset)
[EXP] [ERASE] ch=0 lun=7 pl=0 blk=97 pg=255 erase_cnt=40 (vpc/ipc reset)
[EXP] [ERASE] ch=1 lun=0 pl=0 blk=97 pg=255 erase_cnt=40 (vpc/ipc reset)
[EXP] [ERASE] ch=1 lun=1 pl=0 blk=97 pg=255 erase_cnt=40 (vpc/ipc reset)
[EXP] [ERASE] ch=1 lun=2 pl=0 blk=97 pg=255 erase_cnt=40 (vpc/ipc reset)
[EXP] [ERASE] ch=1 lun=3 pl=0 blk=97 pg=255 erase_cnt=40 (vpc/ipc reset)
[EXP] [ERASE] ch=1 lun=4 pl=0 blk=97 pg=255 erase_cnt=40 (vpc/ipc reset)
[EXP] [ERASE] ch=1 lun=5 pl=0 blk=97 pg=255 erase_cnt=40 (vpc/ipc reset)
[EXP] [ERASE] ch=1 lun=6 pl=0 blk=97 pg=255 erase_cnt=40 (vpc/ipc reset)
[EXP] [ERASE] ch=1 lun=7 pl=0 blk=97 pg=255 erase_cnt=40 (vpc/ipc reset)
[EXP] [ERASE] ch=2 lun=0 pl=0 blk=97 pg=255 erase_cnt=40 (vpc/ipc reset)
[EXP] [ERASE] ch=2 lun=1 pl=0 blk=97 pg=255 erase_cnt=40 (vpc/ipc reset)
[EXP] [ERASE] ch=2 lun=2 pl=0 blk=97 pg=255 erase_cnt=40 (vpc/ipc reset)
[EXP] [ERASE] ch=2 lun=3 pl=0 blk=97 pg=255 erase_cnt=40 (vpc/ipc reset)
[EXP] [ERASE] ch=2 lun=4 pl=0 blk=97 pg=255 erase_cnt=40 (vpc/ipc reset)
[EXP] [ERASE] ch=2 lun=5 pl=0 blk=97 pg=255 erase_cnt=40 (vpc/ipc reset)
[EXP] [ERASE] ch=2 lun=6 pl=0 blk=97 pg=255 erase_cnt=40 (vpc/ipc reset)
[EXP] [ERASE] ch=2 lun=7 pl=0 blk=97 pg=255 erase_cnt=40 (vpc/ipc reset)
[EXP] [ERASE] ch=3 lun=0 pl=0 blk=97 pg=255 erase_cnt=40 (vpc/ipc reset)
[EXP] [ERASE] ch=3 lun=1 pl=0 blk=97 pg=255 erase_cnt=40 (vpc/ipc reset)
[EXP] [ERASE] ch=3 lun=2 pl=0 blk=97 pg=255 erase_cnt=40 (vpc/ipc reset)
[EXP] [ERASE] ch=3 lun=3 pl=0 blk=97 pg=255 erase_cnt=40 (vpc/ipc reset)
[EXP] [ERASE] ch=3 lun=4 pl=0 blk=97 pg=255 erase_cnt=40 (vpc/ipc reset)
[EXP] [ERASE] ch=3 lun=5 pl=0 blk=97 pg=255 erase_cnt=40 (vpc/ipc reset)
[EXP] [ERASE] ch=3 lun=6 pl=0 blk=97 pg=255 erase_cnt=40 (vpc/ipc reset)
[EXP] [ERASE] ch=3 lun=7 pl=0 blk=97 pg=255 erase_cnt=40 (vpc/ipc reset)
[EXP] [ERASE] ch=4 lun=0 pl=0 blk=97 pg=255 erase_cnt=40 (vpc/ipc reset)
[EXP] [ERASE] ch=4 lun=1 pl=0 blk=97 pg=255 erase_cnt=40 (vpc/ipc reset)
[EXP] [ERASE] ch=4 lun=2 pl=0 blk=97 pg=255 erase_cnt=40 (vpc/ipc reset)
[EXP] [ERASE] ch=4 lun=3 pl=0 blk=97 pg=255 erase_cnt=40 (vpc/ipc reset)
[EXP] [ERASE] ch=4 lun=4 pl=0 blk=97 pg=255 erase_cnt=40 (vpc/ipc reset)
[EXP] [ERASE] ch=4 lun=5 pl=0 blk=97 pg=255 erase_cnt=40 (vpc/ipc reset)
[EXP] [ERASE] ch=4 lun=6 pl=0 blk=97 pg=255 erase_cnt=40 (vpc/ipc reset)
[EXP] [ERASE] ch=4 lun=7 pl=0 blk=97 pg=255 erase_cnt=40 (vpc/ipc reset)
[EXP] [ERASE] ch=5 lun=0 pl=0 blk=97 pg=255 erase_cnt=40 (vpc/ipc reset)
[EXP] [ERASE] ch=5 lun=1 pl=0 blk=97 pg=255 erase_cnt=40 (vpc/ipc reset)
[EXP] [ERASE] ch=5 lun=2 pl=0 blk=97 pg=255 erase_cnt=40 (vpc/ipc reset)
[EXP] [ERASE] ch=5 lun=3 pl=0 blk=97 pg=255 erase_cnt=40 (vpc/ipc reset)
[EXP] [ERASE] ch=5 lun=4 pl=0 blk=97 pg=255 erase_cnt=40 (vpc/ipc reset)
[EXP] [ERASE] ch=5 lun=5 pl=0 blk=97 pg=255 erase_cnt=40 (vpc/ipc reset)
[EXP] [ERASE] ch=5 lun=6 pl=0 blk=97 pg=255 erase_cnt=40 (vpc/ipc reset)
[EXP] [ERASE] ch=5 lun=7 pl=0 blk=97 pg=255 erase_cnt=40 (vpc/ipc reset)
[EXP] [ERASE] ch=6 lun=0 pl=0 blk=97 pg=255 erase_cnt=40 (vpc/ipc reset)
[EXP] [ERASE] ch=6 lun=1 pl=0 blk=97 pg=255 erase_cnt=40 (vpc/ipc reset)
[EXP] [ERASE] ch=6 lun=2 pl=0 blk=97 pg=255 erase_cnt=40 (vpc/ipc reset)
[EXP] [ERASE] ch=6 lun=3 pl=0 blk=97 pg=255 erase_cnt=40 (vpc/ipc reset)
[EXP] [ERASE] ch=6 lun=4 pl=0 blk=97 pg=255 erase_cnt=40 (vpc/ipc reset)
[EXP] [ERASE] ch=6 lun=5 pl=0 blk=97 pg=255 erase_cnt=40 (vpc/ipc reset)
[EXP] [ERASE] ch=6 lun=6 pl=0 blk=97 pg=255 erase_cnt=40 (vpc/ipc reset)
[EXP] [ERASE] ch=6 lun=7 pl=0 blk=97 pg=255 erase_cnt=40 (vpc/ipc reset)
[EXP] [ERASE] ch=7 lun=0 pl=0 blk=97 pg=255 erase_cnt=40 (vpc/ipc reset)
[EXP] [ERASE] ch=7 lun=1 pl=0 blk=97 pg=255 erase_cnt=40 (vpc/ipc reset)
[EXP] [ERASE] ch=7 lun=2 pl=0 blk=97 pg=255 erase_cnt=40 (vpc/ipc reset)
[EXP] [ERASE] ch=7 lun=3 pl=0 blk=97 pg=255 erase_cnt=40 (vpc/ipc reset)
[EXP] [ERASE] ch=7 lun=4 pl=0 blk=97 pg=255 erase_cnt=40 (vpc/ipc reset)
[EXP] [ERASE] ch=7 lun=5 pl=0 blk=97 pg=255 erase_cnt=40 (vpc/ipc reset)
[EXP] [ERASE] ch=7 lun=6 pl=0 blk=97 pg=255 erase_cnt=40 (vpc/ipc reset)
[EXP] [ERASE] ch=7 lun=7 pl=0 blk=97 pg=255 erase_cnt=40 (vpc/ipc reset)
[EXP] [ERASE] ch=0 lun=0 pl=0 blk=115 pg=255 erase_cnt=1 (vpc/ipc reset)
[EXP] [ERASE] ch=0 lun=1 pl=0 blk=115 pg=255 erase_cnt=1 (vpc/ipc reset)
[EXP] [ERASE] ch=0 lun=2 pl=0 blk=115 pg=255 erase_cnt=1 (vpc/ipc reset)
[EXP] [ERASE] ch=0 lun=3 pl=0 blk=115 pg=255 erase_cnt=1 (vpc/ipc reset)
[EXP] [ERASE] ch=0 lun=4 pl=0 blk=115 pg=255 erase_cnt=1 (vpc/ipc reset)
[EXP] [ERASE] ch=0 lun=5 pl=0 blk=115 pg=255 erase_cnt=1 (vpc/ipc reset)
[EXP] [ERASE] ch=0 lun=6 pl=0 blk=115 pg=255 erase_cnt=1 (vpc/ipc reset)
[EXP] [ERASE] ch=0 lun=7 pl=0 blk=115 pg=255 erase_cnt=1 (vpc/ipc reset)
[EXP] [ERASE] ch=1 lun=0 pl=0 blk=115 pg=255 erase_cnt=1 (vpc/ipc reset)
[EXP] [ERASE] ch=1 lun=1 pl=0 blk=115 pg=255 erase_cnt=1 (vpc/ipc reset)
[EXP] [ERASE] ch=1 lun=2 pl=0 blk=115 pg=255 erase_cnt=1 (vpc/ipc reset)
[EXP] [ERASE] ch=1 lun=3 pl=0 blk=115 pg=255 erase_cnt=1 (vpc/ipc reset)
[EXP] [ERASE] ch=1 lun=4 pl=0 blk=115 pg=255 erase_cnt=1 (vpc/ipc reset)
[EXP] [ERASE] ch=1 lun=5 pl=0 blk=115 pg=255 erase_cnt=1 (vpc/ipc reset)
[EXP] [ERASE] ch=1 lun=6 pl=0 blk=115 pg=255 erase_cnt=1 (vpc/ipc reset)
[EXP] [GC_MOVE] lpn=0 ch=1 lun=7 pl=0 blk=115 pg=4 -> ch=5 lun=2 pl=0 blk=116 pg=1
[EXP] [ERASE] ch=1 lun=7 pl=0 blk=115 pg=255 erase_cnt=1 (vpc/ipc reset)
[EXP] [ERASE] ch=2 lun=0 pl=0 blk=115 pg=255 erase_cnt=1 (vpc/ipc reset)
[EXP] [ERASE] ch=2 lun=1 pl=0 blk=115 pg=255 erase_cnt=1 (vpc/ipc reset)
[EXP] [ERASE] ch=2 lun=2 pl=0 blk=115 pg=255 erase_cnt=1 (vpc/ipc reset)
[EXP] [ERASE] ch=2 lun=3 pl=0 blk=115 pg=255 erase_cnt=1 (vpc/ipc reset)
[EXP] [ERASE] ch=2 lun=4 pl=0 blk=115 pg=255 erase_cnt=1 (vpc/ipc reset)
[EXP] [ERASE] ch=2 lun=5 pl=0 blk=115 pg=255 erase_cnt=1 (vpc/ipc reset)
[EXP] [ERASE] ch=2 lun=6 pl=0 blk=115 pg=255 erase_cnt=1 (vpc/ipc reset)
[EXP] [ERASE] ch=2 lun=7 pl=0 blk=115 pg=255 erase_cnt=1 (vpc/ipc reset)
[EXP] [ERASE] ch=3 lun=0 pl=0 blk=115 pg=255 erase_cnt=1 (vpc/ipc reset)
[EXP] [ERASE] ch=3 lun=1 pl=0 blk=115 pg=255 erase_cnt=1 (vpc/ipc reset)
[EXP] [ERASE] ch=3 lun=2 pl=0 blk=115 pg=255 erase_cnt=1 (vpc/ipc reset)
[EXP] [ERASE] ch=3 lun=3 pl=0 blk=115 pg=255 erase_cnt=1 (vpc/ipc reset)
[EXP] [ERASE] ch=3 lun=4 pl=0 blk=115 pg=255 erase_cnt=1 (vpc/ipc reset)
[EXP] [ERASE] ch=3 lun=5 pl=0 blk=115 pg=255 erase_cnt=1 (vpc/ipc reset)
[EXP] [ERASE] ch=3 lun=6 pl=0 blk=115 pg=255 erase_cnt=1 (vpc/ipc reset)
[EXP] [ERASE] ch=3 lun=7 pl=0 blk=115 pg=255 erase_cnt=1 (vpc/ipc reset)
[EXP] [ERASE] ch=4 lun=0 pl=0 blk=115 pg=255 erase_cnt=1 (vpc/ipc reset)
[EXP] [ERASE] ch=4 lun=1 pl=0 blk=115 pg=255 erase_cnt=1 (vpc/ipc reset)
[EXP] [ERASE] ch=4 lun=2 pl=0 blk=115 pg=255 erase_cnt=1 (vpc/ipc reset)
[EXP] [ERASE] ch=4 lun=3 pl=0 blk=115 pg=255 erase_cnt=1 (vpc/ipc reset)
[EXP] [ERASE] ch=4 lun=4 pl=0 blk=115 pg=255 erase_cnt=1 (vpc/ipc reset)
[EXP] [ERASE] ch=4 lun=5 pl=0 blk=115 pg=255 erase_cnt=1 (vpc/ipc reset)
[EXP] [ERASE] ch=4 lun=6 pl=0 blk=115 pg=255 erase_cnt=1 (vpc/ipc reset)
[EXP] [ERASE] ch=4 lun=7 pl=0 blk=115 pg=255 erase_cnt=1 (vpc/ipc reset)
[EXP] [ERASE] ch=5 lun=0 pl=0 blk=115 pg=255 erase_cnt=1 (vpc/ipc reset)
[EXP] [ERASE] ch=5 lun=1 pl=0 blk=115 pg=255 erase_cnt=1 (vpc/ipc reset)
[EXP] [ERASE] ch=5 lun=2 pl=0 blk=115 pg=255 erase_cnt=1 (vpc/ipc reset)
[EXP] [ERASE] ch=5 lun=3 pl=0 blk=115 pg=255 erase_cnt=1 (vpc/ipc reset)
[EXP] [ERASE] ch=5 lun=4 pl=0 blk=115 pg=255 erase_cnt=1 (vpc/ipc reset)
[EXP] [ERASE] ch=5 lun=5 pl=0 blk=115 pg=255 erase_cnt=1 (vpc/ipc reset)
[EXP] [ERASE] ch=5 lun=6 pl=0 blk=115 pg=255 erase_cnt=1 (vpc/ipc reset)
[EXP] [ERASE] ch=5 lun=7 pl=0 blk=115 pg=255 erase_cnt=1 (vpc/ipc reset)
[EXP] [ERASE] ch=6 lun=0 pl=0 blk=115 pg=255 erase_cnt=1 (vpc/ipc reset)
[EXP] [ERASE] ch=6 lun=1 pl=0 blk=115 pg=255 erase_cnt=1 (vpc/ipc reset)
[EXP] [ERASE] ch=6 lun=2 pl=0 blk=115 pg=255 erase_cnt=1 (vpc/ipc reset)
[EXP] [ERASE] ch=6 lun=3 pl=0 blk=115 pg=255 erase_cnt=1 (vpc/ipc reset)
[EXP] [ERASE] ch=6 lun=4 pl=0 blk=115 pg=255 erase_cnt=1 (vpc/ipc reset)
[EXP] [ERASE] ch=6 lun=5 pl=0 blk=115 pg=255 erase_cnt=1 (vpc/ipc reset)
[EXP] [ERASE] ch=6 lun=6 pl=0 blk=115 pg=255 erase_cnt=1 (vpc/ipc reset)
[EXP] [ERASE] ch=6 lun=7 pl=0 blk=115 pg=255 erase_cnt=1 (vpc/ipc reset)
[EXP] [ERASE] ch=7 lun=0 pl=0 blk=115 pg=255 erase_cnt=1 (vpc/ipc reset)
[EXP] [ERASE] ch=7 lun=1 pl=0 blk=115 pg=255 erase_cnt=1 (vpc/ipc reset)
[EXP] [ERASE] ch=7 lun=2 pl=0 blk=115 pg=255 erase_cnt=1 (vpc/ipc reset)
[EXP] [ERASE] ch=7 lun=3 pl=0 blk=115 pg=255 erase_cnt=1 (vpc/ipc reset)
[EXP] [ERASE] ch=7 lun=4 pl=0 blk=115 pg=255 erase_cnt=1 (vpc/ipc reset)
[EXP] [ERASE] ch=7 lun=5 pl=0 blk=115 pg=255 erase_cnt=1 (vpc/ipc reset)
[EXP] [ERASE] ch=7 lun=6 pl=0 blk=115 pg=255 erase_cnt=1 (vpc/ipc reset)
[EXP] [ERASE] ch=7 lun=7 pl=0 blk=115 pg=255 erase_cnt=1 (vpc/ipc reset)
[EXP] [ERASE] ch=0 lun=0 pl=0 blk=97 pg=255 erase_cnt=41 (vpc/ipc reset)
[EXP] [ERASE] ch=0 lun=1 pl=0 blk=97 pg=255 erase_cnt=41 (vpc/ipc reset)
[EXP] [ERASE] ch=0 lun=2 pl=0 blk=97 pg=255 erase_cnt=41 (vpc/ipc reset)
[EXP] [ERASE] ch=0 lun=3 pl=0 blk=97 pg=255 erase_cnt=41 (vpc/ipc reset)
[EXP] [ERASE] ch=0 lun=4 pl=0 blk=97 pg=255 erase_cnt=41 (vpc/ipc reset)
[EXP] [ERASE] ch=0 lun=5 pl=0 blk=97 pg=255 erase_cnt=41 (vpc/ipc reset)
[EXP] [ERASE] ch=0 lun=6 pl=0 blk=97 pg=255 erase_cnt=41 (vpc/ipc reset)
[EXP] [ERASE] ch=0 lun=7 pl=0 blk=97 pg=255 erase_cnt=41 (vpc/ipc reset)
[EXP] [ERASE] ch=1 lun=0 pl=0 blk=97 pg=255 erase_cnt=41 (vpc/ipc reset)
[EXP] [ERASE] ch=1 lun=1 pl=0 blk=97 pg=255 erase_cnt=41 (vpc/ipc reset)
[EXP] [ERASE] ch=1 lun=2 pl=0 blk=97 pg=255 erase_cnt=41 (vpc/ipc reset)
[EXP] [ERASE] ch=1 lun=3 pl=0 blk=97 pg=255 erase_cnt=41 (vpc/ipc reset)
[EXP] [ERASE] ch=1 lun=4 pl=0 blk=97 pg=255 erase_cnt=41 (vpc/ipc reset)
[EXP] [ERASE] ch=1 lun=5 pl=0 blk=97 pg=255 erase_cnt=41 (vpc/ipc reset)
[EXP] [ERASE] ch=1 lun=6 pl=0 blk=97 pg=255 erase_cnt=41 (vpc/ipc reset)
[EXP] [ERASE] ch=1 lun=7 pl=0 blk=97 pg=255 erase_cnt=41 (vpc/ipc reset)
[EXP] [ERASE] ch=2 lun=0 pl=0 blk=97 pg=255 erase_cnt=41 (vpc/ipc reset)
[EXP] [ERASE] ch=2 lun=1 pl=0 blk=97 pg=255 erase_cnt=41 (vpc/ipc reset)
[EXP] [ERASE] ch=2 lun=2 pl=0 blk=97 pg=255 erase_cnt=41 (vpc/ipc reset)
[EXP] [ERASE] ch=2 lun=3 pl=0 blk=97 pg=255 erase_cnt=41 (vpc/ipc reset)
[EXP] [ERASE] ch=2 lun=4 pl=0 blk=97 pg=255 erase_cnt=41 (vpc/ipc reset)
[EXP] [ERASE] ch=2 lun=5 pl=0 blk=97 pg=255 erase_cnt=41 (vpc/ipc reset)
[EXP] [ERASE] ch=2 lun=6 pl=0 blk=97 pg=255 erase_cnt=41 (vpc/ipc reset)
[EXP] [ERASE] ch=2 lun=7 pl=0 blk=97 pg=255 erase_cnt=41 (vpc/ipc reset)
[EXP] [ERASE] ch=3 lun=0 pl=0 blk=97 pg=255 erase_cnt=41 (vpc/ipc reset)
[EXP] [ERASE] ch=3 lun=1 pl=0 blk=97 pg=255 erase_cnt=41 (vpc/ipc reset)
[EXP] [ERASE] ch=3 lun=2 pl=0 blk=97 pg=255 erase_cnt=41 (vpc/ipc reset)
[EXP] [ERASE] ch=3 lun=3 pl=0 blk=97 pg=255 erase_cnt=41 (vpc/ipc reset)
[EXP] [ERASE] ch=3 lun=4 pl=0 blk=97 pg=255 erase_cnt=41 (vpc/ipc reset)
[EXP] [ERASE] ch=3 lun=5 pl=0 blk=97 pg=255 erase_cnt=41 (vpc/ipc reset)
[EXP] [ERASE] ch=3 lun=6 pl=0 blk=97 pg=255 erase_cnt=41 (vpc/ipc reset)
[EXP] [ERASE] ch=3 lun=7 pl=0 blk=97 pg=255 erase_cnt=41 (vpc/ipc reset)
[EXP] [ERASE] ch=4 lun=0 pl=0 blk=97 pg=255 erase_cnt=41 (vpc/ipc reset)
[EXP] [ERASE] ch=4 lun=1 pl=0 blk=97 pg=255 erase_cnt=41 (vpc/ipc reset)
[EXP] [ERASE] ch=4 lun=2 pl=0 blk=97 pg=255 erase_cnt=41 (vpc/ipc reset)
[EXP] [ERASE] ch=4 lun=3 pl=0 blk=97 pg=255 erase_cnt=41 (vpc/ipc reset)
[EXP] [ERASE] ch=4 lun=4 pl=0 blk=97 pg=255 erase_cnt=41 (vpc/ipc reset)
[EXP] [ERASE] ch=4 lun=5 pl=0 blk=97 pg=255 erase_cnt=41 (vpc/ipc reset)
[EXP] [ERASE] ch=4 lun=6 pl=0 blk=97 pg=255 erase_cnt=41 (vpc/ipc reset)
[EXP] [ERASE] ch=4 lun=7 pl=0 blk=97 pg=255 erase_cnt=41 (vpc/ipc reset)
[EXP] [ERASE] ch=5 lun=0 pl=0 blk=97 pg=255 erase_cnt=41 (vpc/ipc reset)
[EXP] [ERASE] ch=5 lun=1 pl=0 blk=97 pg=255 erase_cnt=41 (vpc/ipc reset)
[EXP] [ERASE] ch=5 lun=2 pl=0 blk=97 pg=255 erase_cnt=41 (vpc/ipc reset)
[EXP] [ERASE] ch=5 lun=3 pl=0 blk=97 pg=255 erase_cnt=41 (vpc/ipc reset)
[EXP] [ERASE] ch=5 lun=4 pl=0 blk=97 pg=255 erase_cnt=41 (vpc/ipc reset)
[EXP] [ERASE] ch=5 lun=5 pl=0 blk=97 pg=255 erase_cnt=41 (vpc/ipc reset)
[EXP] [ERASE] ch=5 lun=6 pl=0 blk=97 pg=255 erase_cnt=41 (vpc/ipc reset)
[EXP] [ERASE] ch=5 lun=7 pl=0 blk=97 pg=255 erase_cnt=41 (vpc/ipc reset)
[EXP] [ERASE] ch=6 lun=0 pl=0 blk=97 pg=255 erase_cnt=41 (vpc/ipc reset)
[EXP] [ERASE] ch=6 lun=1 pl=0 blk=97 pg=255 erase_cnt=41 (vpc/ipc reset)
[EXP] [ERASE] ch=6 lun=2 pl=0 blk=97 pg=255 erase_cnt=41 (vpc/ipc reset)
[EXP] [ERASE] ch=6 lun=3 pl=0 blk=97 pg=255 erase_cnt=41 (vpc/ipc reset)
[EXP] [ERASE] ch=6 lun=4 pl=0 blk=97 pg=255 erase_cnt=41 (vpc/ipc reset)
[EXP] [ERASE] ch=6 lun=5 pl=0 blk=97 pg=255 erase_cnt=41 (vpc/ipc reset)
[EXP] [ERASE] ch=6 lun=6 pl=0 blk=97 pg=255 erase_cnt=41 (vpc/ipc reset)
[EXP] [ERASE] ch=6 lun=7 pl=0 blk=97 pg=255 erase_cnt=41 (vpc/ipc reset)
[EXP] [ERASE] ch=7 lun=0 pl=0 blk=97 pg=255 erase_cnt=41 (vpc/ipc reset)
[EXP] [ERASE] ch=7 lun=1 pl=0 blk=97 pg=255 erase_cnt=41 (vpc/ipc reset)
[EXP] [ERASE] ch=7 lun=2 pl=0 blk=97 pg=255 erase_cnt=41 (vpc/ipc reset)
[EXP] [ERASE] ch=7 lun=3 pl=0 blk=97 pg=255 erase_cnt=41 (vpc/ipc reset)
[EXP] [ERASE] ch=7 lun=4 pl=0 blk=97 pg=255 erase_cnt=41 (vpc/ipc reset)
[EXP] [ERASE] ch=7 lun=5 pl=0 blk=97 pg=255 erase_cnt=41 (vpc/ipc reset)
[EXP] [ERASE] ch=7 lun=6 pl=0 blk=97 pg=255 erase_cnt=41 (vpc/ipc reset)
[EXP] [ERASE] ch=7 lun=7 pl=0 blk=97 pg=255 erase_cnt=41 (vpc/ipc reset)
[EXP] [ERASE] ch=0 lun=0 pl=0 blk=97 pg=255 erase_cnt=42 (vpc/ipc reset)
[EXP] [ERASE] ch=0 lun=1 pl=0 blk=97 pg=255 erase_cnt=42 (vpc/ipc reset)
[EXP] [ERASE] ch=0 lun=2 pl=0 blk=97 pg=255 erase_cnt=42 (vpc/ipc reset)
[EXP] [ERASE] ch=0 lun=3 pl=0 blk=97 pg=255 erase_cnt=42 (vpc/ipc reset)
[EXP] [ERASE] ch=0 lun=4 pl=0 blk=97 pg=255 erase_cnt=42 (vpc/ipc reset)
[EXP] [ERASE] ch=0 lun=5 pl=0 blk=97 pg=255 erase_cnt=42 (vpc/ipc reset)
[EXP] [ERASE] ch=0 lun=6 pl=0 blk=97 pg=255 erase_cnt=42 (vpc/ipc reset)
[EXP] [ERASE] ch=0 lun=7 pl=0 blk=97 pg=255 erase_cnt=42 (vpc/ipc reset)
[EXP] [ERASE] ch=1 lun=0 pl=0 blk=97 pg=255 erase_cnt=42 (vpc/ipc reset)
[EXP] [ERASE] ch=1 lun=1 pl=0 blk=97 pg=255 erase_cnt=42 (vpc/ipc reset)
[EXP] [ERASE] ch=1 lun=2 pl=0 blk=97 pg=255 erase_cnt=42 (vpc/ipc reset)
[EXP] [ERASE] ch=1 lun=3 pl=0 blk=97 pg=255 erase_cnt=42 (vpc/ipc reset)
[EXP] [ERASE] ch=1 lun=4 pl=0 blk=97 pg=255 erase_cnt=42 (vpc/ipc reset)
[EXP] [ERASE] ch=1 lun=5 pl=0 blk=97 pg=255 erase_cnt=42 (vpc/ipc reset)
[EXP] [ERASE] ch=1 lun=6 pl=0 blk=97 pg=255 erase_cnt=42 (vpc/ipc reset)
[EXP] [ERASE] ch=1 lun=7 pl=0 blk=97 pg=255 erase_cnt=42 (vpc/ipc reset)
[EXP] [ERASE] ch=2 lun=0 pl=0 blk=97 pg=255 erase_cnt=42 (vpc/ipc reset)
[EXP] [ERASE] ch=2 lun=1 pl=0 blk=97 pg=255 erase_cnt=42 (vpc/ipc reset)
[EXP] [ERASE] ch=2 lun=2 pl=0 blk=97 pg=255 erase_cnt=42 (vpc/ipc reset)
[EXP] [ERASE] ch=2 lun=3 pl=0 blk=97 pg=255 erase_cnt=42 (vpc/ipc reset)
[EXP] [ERASE] ch=2 lun=4 pl=0 blk=97 pg=255 erase_cnt=42 (vpc/ipc reset)
[EXP] [ERASE] ch=2 lun=5 pl=0 blk=97 pg=255 erase_cnt=42 (vpc/ipc reset)
[EXP] [ERASE] ch=2 lun=6 pl=0 blk=97 pg=255 erase_cnt=42 (vpc/ipc reset)
[EXP] [ERASE] ch=2 lun=7 pl=0 blk=97 pg=255 erase_cnt=42 (vpc/ipc reset)
[EXP] [ERASE] ch=3 lun=0 pl=0 blk=97 pg=255 erase_cnt=42 (vpc/ipc reset)
[EXP] [ERASE] ch=3 lun=1 pl=0 blk=97 pg=255 erase_cnt=42 (vpc/ipc reset)
[EXP] [ERASE] ch=3 lun=2 pl=0 blk=97 pg=255 erase_cnt=42 (vpc/ipc reset)
[EXP] [ERASE] ch=3 lun=3 pl=0 blk=97 pg=255 erase_cnt=42 (vpc/ipc reset)
[EXP] [ERASE] ch=3 lun=4 pl=0 blk=97 pg=255 erase_cnt=42 (vpc/ipc reset)
[EXP] [ERASE] ch=3 lun=5 pl=0 blk=97 pg=255 erase_cnt=42 (vpc/ipc reset)
[EXP] [ERASE] ch=3 lun=6 pl=0 blk=97 pg=255 erase_cnt=42 (vpc/ipc reset)
[EXP] [ERASE] ch=3 lun=7 pl=0 blk=97 pg=255 erase_cnt=42 (vpc/ipc reset)
[EXP] [ERASE] ch=4 lun=0 pl=0 blk=97 pg=255 erase_cnt=42 (vpc/ipc reset)
[EXP] [ERASE] ch=4 lun=1 pl=0 blk=97 pg=255 erase_cnt=42 (vpc/ipc reset)
[EXP] [ERASE] ch=4 lun=2 pl=0 blk=97 pg=255 erase_cnt=42 (vpc/ipc reset)
[EXP] [ERASE] ch=4 lun=3 pl=0 blk=97 pg=255 erase_cnt=42 (vpc/ipc reset)
[EXP] [ERASE] ch=4 lun=4 pl=0 blk=97 pg=255 erase_cnt=42 (vpc/ipc reset)
[EXP] [ERASE] ch=4 lun=5 pl=0 blk=97 pg=255 erase_cnt=42 (vpc/ipc reset)
[EXP] [ERASE] ch=4 lun=6 pl=0 blk=97 pg=255 erase_cnt=42 (vpc/ipc reset)
[EXP] [ERASE] ch=4 lun=7 pl=0 blk=97 pg=255 erase_cnt=42 (vpc/ipc reset)
[EXP] [ERASE] ch=5 lun=0 pl=0 blk=97 pg=255 erase_cnt=42 (vpc/ipc reset)
[EXP] [ERASE] ch=5 lun=1 pl=0 blk=97 pg=255 erase_cnt=42 (vpc/ipc reset)
[EXP] [ERASE] ch=5 lun=2 pl=0 blk=97 pg=255 erase_cnt=42 (vpc/ipc reset)
[EXP] [ERASE] ch=5 lun=3 pl=0 blk=97 pg=255 erase_cnt=42 (vpc/ipc reset)
[EXP] [ERASE] ch=5 lun=4 pl=0 blk=97 pg=255 erase_cnt=42 (vpc/ipc reset)
[EXP] [ERASE] ch=5 lun=5 pl=0 blk=97 pg=255 erase_cnt=42 (vpc/ipc reset)
[EXP] [ERASE] ch=5 lun=6 pl=0 blk=97 pg=255 erase_cnt=42 (vpc/ipc reset)
[EXP] [ERASE] ch=5 lun=7 pl=0 blk=97 pg=255 erase_cnt=42 (vpc/ipc reset)
[EXP] [ERASE] ch=6 lun=0 pl=0 blk=97 pg=255 erase_cnt=42 (vpc/ipc reset)
[EXP] [ERASE] ch=6 lun=1 pl=0 blk=97 pg=255 erase_cnt=42 (vpc/ipc reset)
[EXP] [ERASE] ch=6 lun=2 pl=0 blk=97 pg=255 erase_cnt=42 (vpc/ipc reset)
[EXP] [ERASE] ch=6 lun=3 pl=0 blk=97 pg=255 erase_cnt=42 (vpc/ipc reset)
[EXP] [ERASE] ch=6 lun=4 pl=0 blk=97 pg=255 erase_cnt=42 (vpc/ipc reset)
[EXP] [ERASE] ch=6 lun=5 pl=0 blk=97 pg=255 erase_cnt=42 (vpc/ipc reset)
[EXP] [ERASE] ch=6 lun=6 pl=0 blk=97 pg=255 erase_cnt=42 (vpc/ipc reset)
[EXP] [ERASE] ch=6 lun=7 pl=0 blk=97 pg=255 erase_cnt=42 (vpc/ipc reset)
[EXP] [ERASE] ch=7 lun=0 pl=0 blk=97 pg=255 erase_cnt=42 (vpc/ipc reset)
[EXP] [ERASE] ch=7 lun=1 pl=0 blk=97 pg=255 erase_cnt=42 (vpc/ipc reset)
[EXP] [ERASE] ch=7 lun=2 pl=0 blk=97 pg=255 erase_cnt=42 (vpc/ipc reset)
[EXP] [ERASE] ch=7 lun=3 pl=0 blk=97 pg=255 erase_cnt=42 (vpc/ipc reset)
[EXP] [ERASE] ch=7 lun=4 pl=0 blk=97 pg=255 erase_cnt=42 (vpc/ipc reset)
[EXP] [ERASE] ch=7 lun=5 pl=0 blk=97 pg=255 erase_cnt=42 (vpc/ipc reset)
[EXP] [ERASE] ch=7 lun=6 pl=0 blk=97 pg=255 erase_cnt=42 (vpc/ipc reset)
[EXP] [ERASE] ch=7 lun=7 pl=0 blk=97 pg=255 erase_cnt=42 (vpc/ipc reset)
[EXP] [ERASE] ch=0 lun=0 pl=0 blk=97 pg=255 erase_cnt=43 (vpc/ipc reset)
[EXP] [ERASE] ch=0 lun=1 pl=0 blk=97 pg=255 erase_cnt=43 (vpc/ipc reset)
[EXP] [ERASE] ch=0 lun=2 pl=0 blk=97 pg=255 erase_cnt=43 (vpc/ipc reset)
[EXP] [ERASE] ch=0 lun=3 pl=0 blk=97 pg=255 erase_cnt=43 (vpc/ipc reset)
[EXP] [ERASE] ch=0 lun=4 pl=0 blk=97 pg=255 erase_cnt=43 (vpc/ipc reset)
[EXP] [ERASE] ch=0 lun=5 pl=0 blk=97 pg=255 erase_cnt=43 (vpc/ipc reset)
[EXP] [ERASE] ch=0 lun=6 pl=0 blk=97 pg=255 erase_cnt=43 (vpc/ipc reset)
[EXP] [ERASE] ch=0 lun=7 pl=0 blk=97 pg=255 erase_cnt=43 (vpc/ipc reset)
[EXP] [ERASE] ch=1 lun=0 pl=0 blk=97 pg=255 erase_cnt=43 (vpc/ipc reset)
[EXP] [ERASE] ch=1 lun=1 pl=0 blk=97 pg=255 erase_cnt=43 (vpc/ipc reset)
[EXP] [ERASE] ch=1 lun=2 pl=0 blk=97 pg=255 erase_cnt=43 (vpc/ipc reset)
[EXP] [ERASE] ch=1 lun=3 pl=0 blk=97 pg=255 erase_cnt=43 (vpc/ipc reset)
[EXP] [ERASE] ch=1 lun=4 pl=0 blk=97 pg=255 erase_cnt=43 (vpc/ipc reset)
[EXP] [ERASE] ch=1 lun=5 pl=0 blk=97 pg=255 erase_cnt=43 (vpc/ipc reset)
[EXP] [ERASE] ch=1 lun=6 pl=0 blk=97 pg=255 erase_cnt=43 (vpc/ipc reset)
[EXP] [ERASE] ch=1 lun=7 pl=0 blk=97 pg=255 erase_cnt=43 (vpc/ipc reset)
[EXP] [ERASE] ch=2 lun=0 pl=0 blk=97 pg=255 erase_cnt=43 (vpc/ipc reset)
[EXP] [ERASE] ch=2 lun=1 pl=0 blk=97 pg=255 erase_cnt=43 (vpc/ipc reset)
[EXP] [ERASE] ch=2 lun=2 pl=0 blk=97 pg=255 erase_cnt=43 (vpc/ipc reset)
[EXP] [ERASE] ch=2 lun=3 pl=0 blk=97 pg=255 erase_cnt=43 (vpc/ipc reset)
[EXP] [ERASE] ch=2 lun=4 pl=0 blk=97 pg=255 erase_cnt=43 (vpc/ipc reset)
[EXP] [ERASE] ch=2 lun=5 pl=0 blk=97 pg=255 erase_cnt=43 (vpc/ipc reset)
[EXP] [ERASE] ch=2 lun=6 pl=0 blk=97 pg=255 erase_cnt=43 (vpc/ipc reset)
[EXP] [ERASE] ch=2 lun=7 pl=0 blk=97 pg=255 erase_cnt=43 (vpc/ipc reset)
[EXP] [ERASE] ch=3 lun=0 pl=0 blk=97 pg=255 erase_cnt=43 (vpc/ipc reset)
[EXP] [ERASE] ch=3 lun=1 pl=0 blk=97 pg=255 erase_cnt=43 (vpc/ipc reset)
[EXP] [ERASE] ch=3 lun=2 pl=0 blk=97 pg=255 erase_cnt=43 (vpc/ipc reset)
[EXP] [ERASE] ch=3 lun=3 pl=0 blk=97 pg=255 erase_cnt=43 (vpc/ipc reset)
[EXP] [ERASE] ch=3 lun=4 pl=0 blk=97 pg=255 erase_cnt=43 (vpc/ipc reset)
[EXP] [ERASE] ch=3 lun=5 pl=0 blk=97 pg=255 erase_cnt=43 (vpc/ipc reset)
[EXP] [ERASE] ch=3 lun=6 pl=0 blk=97 pg=255 erase_cnt=43 (vpc/ipc reset)
[EXP] [ERASE] ch=3 lun=7 pl=0 blk=97 pg=255 erase_cnt=43 (vpc/ipc reset)
[EXP] [ERASE] ch=4 lun=0 pl=0 blk=97 pg=255 erase_cnt=43 (vpc/ipc reset)
[EXP] [ERASE] ch=4 lun=1 pl=0 blk=97 pg=255 erase_cnt=43 (vpc/ipc reset)
[EXP] [ERASE] ch=4 lun=2 pl=0 blk=97 pg=255 erase_cnt=43 (vpc/ipc reset)
[EXP] [ERASE] ch=4 lun=3 pl=0 blk=97 pg=255 erase_cnt=43 (vpc/ipc reset)
[EXP] [ERASE] ch=4 lun=4 pl=0 blk=97 pg=255 erase_cnt=43 (vpc/ipc reset)
[EXP] [ERASE] ch=4 lun=5 pl=0 blk=97 pg=255 erase_cnt=43 (vpc/ipc reset)
[EXP] [ERASE] ch=4 lun=6 pl=0 blk=97 pg=255 erase_cnt=43 (vpc/ipc reset)
[EXP] [ERASE] ch=4 lun=7 pl=0 blk=97 pg=255 erase_cnt=43 (vpc/ipc reset)
[EXP] [ERASE] ch=5 lun=0 pl=0 blk=97 pg=255 erase_cnt=43 (vpc/ipc reset)
[EXP] [ERASE] ch=5 lun=1 pl=0 blk=97 pg=255 erase_cnt=43 (vpc/ipc reset)
[EXP] [ERASE] ch=5 lun=2 pl=0 blk=97 pg=255 erase_cnt=43 (vpc/ipc reset)
[EXP] [ERASE] ch=5 lun=3 pl=0 blk=97 pg=255 erase_cnt=43 (vpc/ipc reset)
[EXP] [ERASE] ch=5 lun=4 pl=0 blk=97 pg=255 erase_cnt=43 (vpc/ipc reset)
[EXP] [ERASE] ch=5 lun=5 pl=0 blk=97 pg=255 erase_cnt=43 (vpc/ipc reset)
[EXP] [ERASE] ch=5 lun=6 pl=0 blk=97 pg=255 erase_cnt=43 (vpc/ipc reset)
[EXP] [ERASE] ch=5 lun=7 pl=0 blk=97 pg=255 erase_cnt=43 (vpc/ipc reset)
[EXP] [ERASE] ch=6 lun=0 pl=0 blk=97 pg=255 erase_cnt=43 (vpc/ipc reset)
[EXP] [ERASE] ch=6 lun=1 pl=0 blk=97 pg=255 erase_cnt=43 (vpc/ipc reset)
[EXP] [ERASE] ch=6 lun=2 pl=0 blk=97 pg=255 erase_cnt=43 (vpc/ipc reset)
[EXP] [ERASE] ch=6 lun=3 pl=0 blk=97 pg=255 erase_cnt=43 (vpc/ipc reset)
[EXP] [ERASE] ch=6 lun=4 pl=0 blk=97 pg=255 erase_cnt=43 (vpc/ipc reset)
[EXP] [ERASE] ch=6 lun=5 pl=0 blk=97 pg=255 erase_cnt=43 (vpc/ipc reset)
[EXP] [ERASE] ch=6 lun=6 pl=0 blk=97 pg=255 erase_cnt=43 (vpc/ipc reset)
[EXP] [ERASE] ch=6 lun=7 pl=0 blk=97 pg=255 erase_cnt=43 (vpc/ipc reset)
[EXP] [ERASE] ch=7 lun=0 pl=0 blk=97 pg=255 erase_cnt=43 (vpc/ipc reset)
[EXP] [ERASE] ch=7 lun=1 pl=0 blk=97 pg=255 erase_cnt=43 (vpc/ipc reset)
[EXP] [ERASE] ch=7 lun=2 pl=0 blk=97 pg=255 erase_cnt=43 (vpc/ipc reset)
[EXP] [ERASE] ch=7 lun=3 pl=0 blk=97 pg=255 erase_cnt=43 (vpc/ipc reset)
[EXP] [ERASE] ch=7 lun=4 pl=0 blk=97 pg=255 erase_cnt=43 (vpc/ipc reset)
[EXP] [ERASE] ch=7 lun=5 pl=0 blk=97 pg=255 erase_cnt=43 (vpc/ipc reset)
[EXP] [ERASE] ch=7 lun=6 pl=0 blk=97 pg=255 erase_cnt=43 (vpc/ipc reset)
[EXP] [ERASE] ch=7 lun=7 pl=0 blk=97 pg=255 erase_cnt=43 (vpc/ipc reset)
[EXP] [ERASE] ch=0 lun=0 pl=0 blk=97 pg=255 erase_cnt=44 (vpc/ipc reset)
[EXP] [ERASE] ch=0 lun=1 pl=0 blk=97 pg=255 erase_cnt=44 (vpc/ipc reset)
[EXP] [ERASE] ch=0 lun=2 pl=0 blk=97 pg=255 erase_cnt=44 (vpc/ipc reset)
[EXP] [ERASE] ch=0 lun=3 pl=0 blk=97 pg=255 erase_cnt=44 (vpc/ipc reset)
[EXP] [ERASE] ch=0 lun=4 pl=0 blk=97 pg=255 erase_cnt=44 (vpc/ipc reset)
[EXP] [ERASE] ch=0 lun=5 pl=0 blk=97 pg=255 erase_cnt=44 (vpc/ipc reset)
[EXP] [ERASE] ch=0 lun=6 pl=0 blk=97 pg=255 erase_cnt=44 (vpc/ipc reset)
[EXP] [ERASE] ch=0 lun=7 pl=0 blk=97 pg=255 erase_cnt=44 (vpc/ipc reset)
[EXP] [ERASE] ch=1 lun=0 pl=0 blk=97 pg=255 erase_cnt=44 (vpc/ipc reset)
[EXP] [ERASE] ch=1 lun=1 pl=0 blk=97 pg=255 erase_cnt=44 (vpc/ipc reset)
[EXP] [ERASE] ch=1 lun=2 pl=0 blk=97 pg=255 erase_cnt=44 (vpc/ipc reset)
[EXP] [ERASE] ch=1 lun=3 pl=0 blk=97 pg=255 erase_cnt=44 (vpc/ipc reset)
[EXP] [ERASE] ch=1 lun=4 pl=0 blk=97 pg=255 erase_cnt=44 (vpc/ipc reset)
[EXP] [ERASE] ch=1 lun=5 pl=0 blk=97 pg=255 erase_cnt=44 (vpc/ipc reset)
[EXP] [ERASE] ch=1 lun=6 pl=0 blk=97 pg=255 erase_cnt=44 (vpc/ipc reset)
[EXP] [ERASE] ch=1 lun=7 pl=0 blk=97 pg=255 erase_cnt=44 (vpc/ipc reset)
[EXP] [ERASE] ch=2 lun=0 pl=0 blk=97 pg=255 erase_cnt=44 (vpc/ipc reset)
[EXP] [ERASE] ch=2 lun=1 pl=0 blk=97 pg=255 erase_cnt=44 (vpc/ipc reset)
[EXP] [ERASE] ch=2 lun=2 pl=0 blk=97 pg=255 erase_cnt=44 (vpc/ipc reset)
[EXP] [ERASE] ch=2 lun=3 pl=0 blk=97 pg=255 erase_cnt=44 (vpc/ipc reset)
[EXP] [ERASE] ch=2 lun=4 pl=0 blk=97 pg=255 erase_cnt=44 (vpc/ipc reset)
[EXP] [ERASE] ch=2 lun=5 pl=0 blk=97 pg=255 erase_cnt=44 (vpc/ipc reset)
[EXP] [ERASE] ch=2 lun=6 pl=0 blk=97 pg=255 erase_cnt=44 (vpc/ipc reset)
[EXP] [ERASE] ch=2 lun=7 pl=0 blk=97 pg=255 erase_cnt=44 (vpc/ipc reset)
[EXP] [ERASE] ch=3 lun=0 pl=0 blk=97 pg=255 erase_cnt=44 (vpc/ipc reset)
[EXP] [ERASE] ch=3 lun=1 pl=0 blk=97 pg=255 erase_cnt=44 (vpc/ipc reset)
[EXP] [ERASE] ch=3 lun=2 pl=0 blk=97 pg=255 erase_cnt=44 (vpc/ipc reset)
[EXP] [ERASE] ch=3 lun=3 pl=0 blk=97 pg=255 erase_cnt=44 (vpc/ipc reset)
[EXP] [ERASE] ch=3 lun=4 pl=0 blk=97 pg=255 erase_cnt=44 (vpc/ipc reset)
[EXP] [ERASE] ch=3 lun=5 pl=0 blk=97 pg=255 erase_cnt=44 (vpc/ipc reset)
[EXP] [ERASE] ch=3 lun=6 pl=0 blk=97 pg=255 erase_cnt=44 (vpc/ipc reset)
[EXP] [ERASE] ch=3 lun=7 pl=0 blk=97 pg=255 erase_cnt=44 (vpc/ipc reset)
[EXP] [ERASE] ch=4 lun=0 pl=0 blk=97 pg=255 erase_cnt=44 (vpc/ipc reset)
[EXP] [ERASE] ch=4 lun=1 pl=0 blk=97 pg=255 erase_cnt=44 (vpc/ipc reset)
[EXP] [ERASE] ch=4 lun=2 pl=0 blk=97 pg=255 erase_cnt=44 (vpc/ipc reset)
[EXP] [ERASE] ch=4 lun=3 pl=0 blk=97 pg=255 erase_cnt=44 (vpc/ipc reset)
[EXP] [ERASE] ch=4 lun=4 pl=0 blk=97 pg=255 erase_cnt=44 (vpc/ipc reset)
[EXP] [ERASE] ch=4 lun=5 pl=0 blk=97 pg=255 erase_cnt=44 (vpc/ipc reset)
[EXP] [ERASE] ch=4 lun=6 pl=0 blk=97 pg=255 erase_cnt=44 (vpc/ipc reset)
[EXP] [ERASE] ch=4 lun=7 pl=0 blk=97 pg=255 erase_cnt=44 (vpc/ipc reset)
[EXP] [ERASE] ch=5 lun=0 pl=0 blk=97 pg=255 erase_cnt=44 (vpc/ipc reset)
[EXP] [ERASE] ch=5 lun=1 pl=0 blk=97 pg=255 erase_cnt=44 (vpc/ipc reset)
[EXP] [ERASE] ch=5 lun=2 pl=0 blk=97 pg=255 erase_cnt=44 (vpc/ipc reset)
[EXP] [ERASE] ch=5 lun=3 pl=0 blk=97 pg=255 erase_cnt=44 (vpc/ipc reset)
[EXP] [ERASE] ch=5 lun=4 pl=0 blk=97 pg=255 erase_cnt=44 (vpc/ipc reset)
[EXP] [ERASE] ch=5 lun=5 pl=0 blk=97 pg=255 erase_cnt=44 (vpc/ipc reset)
[EXP] [ERASE] ch=5 lun=6 pl=0 blk=97 pg=255 erase_cnt=44 (vpc/ipc reset)
[EXP] [ERASE] ch=5 lun=7 pl=0 blk=97 pg=255 erase_cnt=44 (vpc/ipc reset)
[EXP] [ERASE] ch=6 lun=0 pl=0 blk=97 pg=255 erase_cnt=44 (vpc/ipc reset)
[EXP] [ERASE] ch=6 lun=1 pl=0 blk=97 pg=255 erase_cnt=44 (vpc/ipc reset)
[EXP] [ERASE] ch=6 lun=2 pl=0 blk=97 pg=255 erase_cnt=44 (vpc/ipc reset)
[EXP] [ERASE] ch=6 lun=3 pl=0 blk=97 pg=255 erase_cnt=44 (vpc/ipc reset)
[EXP] [ERASE] ch=6 lun=4 pl=0 blk=97 pg=255 erase_cnt=44 (vpc/ipc reset)
[EXP] [ERASE] ch=6 lun=5 pl=0 blk=97 pg=255 erase_cnt=44 (vpc/ipc reset)
[EXP] [ERASE] ch=6 lun=6 pl=0 blk=97 pg=255 erase_cnt=44 (vpc/ipc reset)
[EXP] [ERASE] ch=6 lun=7 pl=0 blk=97 pg=255 erase_cnt=44 (vpc/ipc reset)
[EXP] [ERASE] ch=7 lun=0 pl=0 blk=97 pg=255 erase_cnt=44 (vpc/ipc reset)
[EXP] [ERASE] ch=7 lun=1 pl=0 blk=97 pg=255 erase_cnt=44 (vpc/ipc reset)
[EXP] [ERASE] ch=7 lun=2 pl=0 blk=97 pg=255 erase_cnt=44 (vpc/ipc reset)
[EXP] [ERASE] ch=7 lun=3 pl=0 blk=97 pg=255 erase_cnt=44 (vpc/ipc reset)
[EXP] [ERASE] ch=7 lun=4 pl=0 blk=97 pg=255 erase_cnt=44 (vpc/ipc reset)
[EXP] [ERASE] ch=7 lun=5 pl=0 blk=97 pg=255 erase_cnt=44 (vpc/ipc reset)
[EXP] [ERASE] ch=7 lun=6 pl=0 blk=97 pg=255 erase_cnt=44 (vpc/ipc reset)
[EXP] [ERASE] ch=7 lun=7 pl=0 blk=97 pg=255 erase_cnt=44 (vpc/ipc reset)
[EXP] [ERASE] ch=0 lun=0 pl=0 blk=116 pg=255 erase_cnt=1 (vpc/ipc reset)
[EXP] [ERASE] ch=0 lun=1 pl=0 blk=116 pg=255 erase_cnt=1 (vpc/ipc reset)
[EXP] [ERASE] ch=0 lun=2 pl=0 blk=116 pg=255 erase_cnt=1 (vpc/ipc reset)
[EXP] [ERASE] ch=0 lun=3 pl=0 blk=116 pg=255 erase_cnt=1 (vpc/ipc reset)
[EXP] [ERASE] ch=0 lun=4 pl=0 blk=116 pg=255 erase_cnt=1 (vpc/ipc reset)
[EXP] [ERASE] ch=0 lun=5 pl=0 blk=116 pg=255 erase_cnt=1 (vpc/ipc reset)
[EXP] [ERASE] ch=0 lun=6 pl=0 blk=116 pg=255 erase_cnt=1 (vpc/ipc reset)
[EXP] [ERASE] ch=0 lun=7 pl=0 blk=116 pg=255 erase_cnt=1 (vpc/ipc reset)
[EXP] [ERASE] ch=1 lun=0 pl=0 blk=116 pg=255 erase_cnt=1 (vpc/ipc reset)
[EXP] [ERASE] ch=1 lun=1 pl=0 blk=116 pg=255 erase_cnt=1 (vpc/ipc reset)
[EXP] [ERASE] ch=1 lun=2 pl=0 blk=116 pg=255 erase_cnt=1 (vpc/ipc reset)
[EXP] [ERASE] ch=1 lun=3 pl=0 blk=116 pg=255 erase_cnt=1 (vpc/ipc reset)
[EXP] [ERASE] ch=1 lun=4 pl=0 blk=116 pg=255 erase_cnt=1 (vpc/ipc reset)
[EXP] [ERASE] ch=1 lun=5 pl=0 blk=116 pg=255 erase_cnt=1 (vpc/ipc reset)
[EXP] [ERASE] ch=1 lun=6 pl=0 blk=116 pg=255 erase_cnt=1 (vpc/ipc reset)
[EXP] [ERASE] ch=1 lun=7 pl=0 blk=116 pg=255 erase_cnt=1 (vpc/ipc reset)
[EXP] [ERASE] ch=2 lun=0 pl=0 blk=116 pg=255 erase_cnt=1 (vpc/ipc reset)
[EXP] [ERASE] ch=2 lun=1 pl=0 blk=116 pg=255 erase_cnt=1 (vpc/ipc reset)
[EXP] [ERASE] ch=2 lun=2 pl=0 blk=116 pg=255 erase_cnt=1 (vpc/ipc reset)
[EXP] [ERASE] ch=2 lun=3 pl=0 blk=116 pg=255 erase_cnt=1 (vpc/ipc reset)
[EXP] [ERASE] ch=2 lun=4 pl=0 blk=116 pg=255 erase_cnt=1 (vpc/ipc reset)
[EXP] [ERASE] ch=2 lun=5 pl=0 blk=116 pg=255 erase_cnt=1 (vpc/ipc reset)
[EXP] [ERASE] ch=2 lun=6 pl=0 blk=116 pg=255 erase_cnt=1 (vpc/ipc reset)
[EXP] [ERASE] ch=2 lun=7 pl=0 blk=116 pg=255 erase_cnt=1 (vpc/ipc reset)
[EXP] [ERASE] ch=3 lun=0 pl=0 blk=116 pg=255 erase_cnt=1 (vpc/ipc reset)
[EXP] [ERASE] ch=3 lun=1 pl=0 blk=116 pg=255 erase_cnt=1 (vpc/ipc reset)
[EXP] [ERASE] ch=3 lun=2 pl=0 blk=116 pg=255 erase_cnt=1 (vpc/ipc reset)
[EXP] [ERASE] ch=3 lun=3 pl=0 blk=116 pg=255 erase_cnt=1 (vpc/ipc reset)
[EXP] [ERASE] ch=3 lun=4 pl=0 blk=116 pg=255 erase_cnt=1 (vpc/ipc reset)
[EXP] [ERASE] ch=3 lun=5 pl=0 blk=116 pg=255 erase_cnt=1 (vpc/ipc reset)
[EXP] [ERASE] ch=3 lun=6 pl=0 blk=116 pg=255 erase_cnt=1 (vpc/ipc reset)
[EXP] [ERASE] ch=3 lun=7 pl=0 blk=116 pg=255 erase_cnt=1 (vpc/ipc reset)
[EXP] [ERASE] ch=4 lun=0 pl=0 blk=116 pg=255 erase_cnt=1 (vpc/ipc reset)
[EXP] [ERASE] ch=4 lun=1 pl=0 blk=116 pg=255 erase_cnt=1 (vpc/ipc reset)
[EXP] [ERASE] ch=4 lun=2 pl=0 blk=116 pg=255 erase_cnt=1 (vpc/ipc reset)
[EXP] [ERASE] ch=4 lun=3 pl=0 blk=116 pg=255 erase_cnt=1 (vpc/ipc reset)
[EXP] [ERASE] ch=4 lun=4 pl=0 blk=116 pg=255 erase_cnt=1 (vpc/ipc reset)
[EXP] [ERASE] ch=4 lun=5 pl=0 blk=116 pg=255 erase_cnt=1 (vpc/ipc reset)
[EXP] [ERASE] ch=4 lun=6 pl=0 blk=116 pg=255 erase_cnt=1 (vpc/ipc reset)
[EXP] [ERASE] ch=4 lun=7 pl=0 blk=116 pg=255 erase_cnt=1 (vpc/ipc reset)
[EXP] [ERASE] ch=5 lun=0 pl=0 blk=116 pg=255 erase_cnt=1 (vpc/ipc reset)
[EXP] [ERASE] ch=5 lun=1 pl=0 blk=116 pg=255 erase_cnt=1 (vpc/ipc reset)
[EXP] [GC_MOVE] lpn=0 ch=5 lun=2 pl=0 blk=116 pg=1 -> ch=1 lun=2 pl=0 blk=117 pg=3
[EXP] [ERASE] ch=5 lun=2 pl=0 blk=116 pg=255 erase_cnt=1 (vpc/ipc reset)
[EXP] [ERASE] ch=5 lun=3 pl=0 blk=116 pg=255 erase_cnt=1 (vpc/ipc reset)
[EXP] [ERASE] ch=5 lun=4 pl=0 blk=116 pg=255 erase_cnt=1 (vpc/ipc reset)
[EXP] [ERASE] ch=5 lun=5 pl=0 blk=116 pg=255 erase_cnt=1 (vpc/ipc reset)
[EXP] [ERASE] ch=5 lun=6 pl=0 blk=116 pg=255 erase_cnt=1 (vpc/ipc reset)
[EXP] [ERASE] ch=5 lun=7 pl=0 blk=116 pg=255 erase_cnt=1 (vpc/ipc reset)
[EXP] [ERASE] ch=6 lun=0 pl=0 blk=116 pg=255 erase_cnt=1 (vpc/ipc reset)
[EXP] [ERASE] ch=6 lun=1 pl=0 blk=116 pg=255 erase_cnt=1 (vpc/ipc reset)
[EXP] [ERASE] ch=6 lun=2 pl=0 blk=116 pg=255 erase_cnt=1 (vpc/ipc reset)
[EXP] [ERASE] ch=6 lun=3 pl=0 blk=116 pg=255 erase_cnt=1 (vpc/ipc reset)
[EXP] [ERASE] ch=6 lun=4 pl=0 blk=116 pg=255 erase_cnt=1 (vpc/ipc reset)
[EXP] [ERASE] ch=6 lun=5 pl=0 blk=116 pg=255 erase_cnt=1 (vpc/ipc reset)
[EXP] [ERASE] ch=6 lun=6 pl=0 blk=116 pg=255 erase_cnt=1 (vpc/ipc reset)
[EXP] [ERASE] ch=6 lun=7 pl=0 blk=116 pg=255 erase_cnt=1 (vpc/ipc reset)
[EXP] [ERASE] ch=7 lun=0 pl=0 blk=116 pg=255 erase_cnt=1 (vpc/ipc reset)
[EXP] [ERASE] ch=7 lun=1 pl=0 blk=116 pg=255 erase_cnt=1 (vpc/ipc reset)
[EXP] [ERASE] ch=7 lun=2 pl=0 blk=116 pg=255 erase_cnt=1 (vpc/ipc reset)
[EXP] [ERASE] ch=7 lun=3 pl=0 blk=116 pg=255 erase_cnt=1 (vpc/ipc reset)
[EXP] [ERASE] ch=7 lun=4 pl=0 blk=116 pg=255 erase_cnt=1 (vpc/ipc reset)
[EXP] [ERASE] ch=7 lun=5 pl=0 blk=116 pg=255 erase_cnt=1 (vpc/ipc reset)
[EXP] [ERASE] ch=7 lun=6 pl=0 blk=116 pg=255 erase_cnt=1 (vpc/ipc reset)
[EXP] [ERASE] ch=7 lun=7 pl=0 blk=116 pg=255 erase_cnt=1 (vpc/ipc reset)
[EXP] [ERASE] ch=0 lun=0 pl=0 blk=97 pg=255 erase_cnt=45 (vpc/ipc reset)
[EXP] [ERASE] ch=0 lun=1 pl=0 blk=97 pg=255 erase_cnt=45 (vpc/ipc reset)
[EXP] [ERASE] ch=0 lun=2 pl=0 blk=97 pg=255 erase_cnt=45 (vpc/ipc reset)
[EXP] [ERASE] ch=0 lun=3 pl=0 blk=97 pg=255 erase_cnt=45 (vpc/ipc reset)
[EXP] [ERASE] ch=0 lun=4 pl=0 blk=97 pg=255 erase_cnt=45 (vpc/ipc reset)
[EXP] [ERASE] ch=0 lun=5 pl=0 blk=97 pg=255 erase_cnt=45 (vpc/ipc reset)
[EXP] [ERASE] ch=0 lun=6 pl=0 blk=97 pg=255 erase_cnt=45 (vpc/ipc reset)
[EXP] [ERASE] ch=0 lun=7 pl=0 blk=97 pg=255 erase_cnt=45 (vpc/ipc reset)
[EXP] [ERASE] ch=1 lun=0 pl=0 blk=97 pg=255 erase_cnt=45 (vpc/ipc reset)
[EXP] [ERASE] ch=1 lun=1 pl=0 blk=97 pg=255 erase_cnt=45 (vpc/ipc reset)
[EXP] [ERASE] ch=1 lun=2 pl=0 blk=97 pg=255 erase_cnt=45 (vpc/ipc reset)
[EXP] [ERASE] ch=1 lun=3 pl=0 blk=97 pg=255 erase_cnt=45 (vpc/ipc reset)
[EXP] [ERASE] ch=1 lun=4 pl=0 blk=97 pg=255 erase_cnt=45 (vpc/ipc reset)
[EXP] [ERASE] ch=1 lun=5 pl=0 blk=97 pg=255 erase_cnt=45 (vpc/ipc reset)
[EXP] [ERASE] ch=1 lun=6 pl=0 blk=97 pg=255 erase_cnt=45 (vpc/ipc reset)
[EXP] [ERASE] ch=1 lun=7 pl=0 blk=97 pg=255 erase_cnt=45 (vpc/ipc reset)
[EXP] [ERASE] ch=2 lun=0 pl=0 blk=97 pg=255 erase_cnt=45 (vpc/ipc reset)
[EXP] [ERASE] ch=2 lun=1 pl=0 blk=97 pg=255 erase_cnt=45 (vpc/ipc reset)
[EXP] [ERASE] ch=2 lun=2 pl=0 blk=97 pg=255 erase_cnt=45 (vpc/ipc reset)
[EXP] [ERASE] ch=2 lun=3 pl=0 blk=97 pg=255 erase_cnt=45 (vpc/ipc reset)
[EXP] [ERASE] ch=2 lun=4 pl=0 blk=97 pg=255 erase_cnt=45 (vpc/ipc reset)
[EXP] [ERASE] ch=2 lun=5 pl=0 blk=97 pg=255 erase_cnt=45 (vpc/ipc reset)
[EXP] [ERASE] ch=2 lun=6 pl=0 blk=97 pg=255 erase_cnt=45 (vpc/ipc reset)
[EXP] [ERASE] ch=2 lun=7 pl=0 blk=97 pg=255 erase_cnt=45 (vpc/ipc reset)
[EXP] [ERASE] ch=3 lun=0 pl=0 blk=97 pg=255 erase_cnt=45 (vpc/ipc reset)
[EXP] [ERASE] ch=3 lun=1 pl=0 blk=97 pg=255 erase_cnt=45 (vpc/ipc reset)
[EXP] [ERASE] ch=3 lun=2 pl=0 blk=97 pg=255 erase_cnt=45 (vpc/ipc reset)
[EXP] [ERASE] ch=3 lun=3 pl=0 blk=97 pg=255 erase_cnt=45 (vpc/ipc reset)
[EXP] [ERASE] ch=3 lun=4 pl=0 blk=97 pg=255 erase_cnt=45 (vpc/ipc reset)
[EXP] [ERASE] ch=3 lun=5 pl=0 blk=97 pg=255 erase_cnt=45 (vpc/ipc reset)
[EXP] [ERASE] ch=3 lun=6 pl=0 blk=97 pg=255 erase_cnt=45 (vpc/ipc reset)
[EXP] [ERASE] ch=3 lun=7 pl=0 blk=97 pg=255 erase_cnt=45 (vpc/ipc reset)
[EXP] [ERASE] ch=4 lun=0 pl=0 blk=97 pg=255 erase_cnt=45 (vpc/ipc reset)
[EXP] [ERASE] ch=4 lun=1 pl=0 blk=97 pg=255 erase_cnt=45 (vpc/ipc reset)
[EXP] [ERASE] ch=4 lun=2 pl=0 blk=97 pg=255 erase_cnt=45 (vpc/ipc reset)
[EXP] [ERASE] ch=4 lun=3 pl=0 blk=97 pg=255 erase_cnt=45 (vpc/ipc reset)
[EXP] [ERASE] ch=4 lun=4 pl=0 blk=97 pg=255 erase_cnt=45 (vpc/ipc reset)
[EXP] [ERASE] ch=4 lun=5 pl=0 blk=97 pg=255 erase_cnt=45 (vpc/ipc reset)
[EXP] [ERASE] ch=4 lun=6 pl=0 blk=97 pg=255 erase_cnt=45 (vpc/ipc reset)
[EXP] [ERASE] ch=4 lun=7 pl=0 blk=97 pg=255 erase_cnt=45 (vpc/ipc reset)
[EXP] [ERASE] ch=5 lun=0 pl=0 blk=97 pg=255 erase_cnt=45 (vpc/ipc reset)
[EXP] [ERASE] ch=5 lun=1 pl=0 blk=97 pg=255 erase_cnt=45 (vpc/ipc reset)
[EXP] [ERASE] ch=5 lun=2 pl=0 blk=97 pg=255 erase_cnt=45 (vpc/ipc reset)
[EXP] [ERASE] ch=5 lun=3 pl=0 blk=97 pg=255 erase_cnt=45 (vpc/ipc reset)
[EXP] [ERASE] ch=5 lun=4 pl=0 blk=97 pg=255 erase_cnt=45 (vpc/ipc reset)
[EXP] [ERASE] ch=5 lun=5 pl=0 blk=97 pg=255 erase_cnt=45 (vpc/ipc reset)
[EXP] [ERASE] ch=5 lun=6 pl=0 blk=97 pg=255 erase_cnt=45 (vpc/ipc reset)
[EXP] [ERASE] ch=5 lun=7 pl=0 blk=97 pg=255 erase_cnt=45 (vpc/ipc reset)
[EXP] [ERASE] ch=6 lun=0 pl=0 blk=97 pg=255 erase_cnt=45 (vpc/ipc reset)
[EXP] [ERASE] ch=6 lun=1 pl=0 blk=97 pg=255 erase_cnt=45 (vpc/ipc reset)
[EXP] [ERASE] ch=6 lun=2 pl=0 blk=97 pg=255 erase_cnt=45 (vpc/ipc reset)
[EXP] [ERASE] ch=6 lun=3 pl=0 blk=97 pg=255 erase_cnt=45 (vpc/ipc reset)
[EXP] [ERASE] ch=6 lun=4 pl=0 blk=97 pg=255 erase_cnt=45 (vpc/ipc reset)
[EXP] [ERASE] ch=6 lun=5 pl=0 blk=97 pg=255 erase_cnt=45 (vpc/ipc reset)
[EXP] [ERASE] ch=6 lun=6 pl=0 blk=97 pg=255 erase_cnt=45 (vpc/ipc reset)
[EXP] [ERASE] ch=6 lun=7 pl=0 blk=97 pg=255 erase_cnt=45 (vpc/ipc reset)
[EXP] [ERASE] ch=7 lun=0 pl=0 blk=97 pg=255 erase_cnt=45 (vpc/ipc reset)
[EXP] [ERASE] ch=7 lun=1 pl=0 blk=97 pg=255 erase_cnt=45 (vpc/ipc reset)
[EXP] [ERASE] ch=7 lun=2 pl=0 blk=97 pg=255 erase_cnt=45 (vpc/ipc reset)
[EXP] [ERASE] ch=7 lun=3 pl=0 blk=97 pg=255 erase_cnt=45 (vpc/ipc reset)
[EXP] [ERASE] ch=7 lun=4 pl=0 blk=97 pg=255 erase_cnt=45 (vpc/ipc reset)
[EXP] [ERASE] ch=7 lun=5 pl=0 blk=97 pg=255 erase_cnt=45 (vpc/ipc reset)
[EXP] [ERASE] ch=7 lun=6 pl=0 blk=97 pg=255 erase_cnt=45 (vpc/ipc reset)
[EXP] [ERASE] ch=7 lun=7 pl=0 blk=97 pg=255 erase_cnt=45 (vpc/ipc reset)
[EXP] [ERASE] ch=0 lun=0 pl=0 blk=97 pg=255 erase_cnt=46 (vpc/ipc reset)
[EXP] [ERASE] ch=0 lun=1 pl=0 blk=97 pg=255 erase_cnt=46 (vpc/ipc reset)
[EXP] [ERASE] ch=0 lun=2 pl=0 blk=97 pg=255 erase_cnt=46 (vpc/ipc reset)
[EXP] [ERASE] ch=0 lun=3 pl=0 blk=97 pg=255 erase_cnt=46 (vpc/ipc reset)
[EXP] [ERASE] ch=0 lun=4 pl=0 blk=97 pg=255 erase_cnt=46 (vpc/ipc reset)
[EXP] [ERASE] ch=0 lun=5 pl=0 blk=97 pg=255 erase_cnt=46 (vpc/ipc reset)
[EXP] [ERASE] ch=0 lun=6 pl=0 blk=97 pg=255 erase_cnt=46 (vpc/ipc reset)
[EXP] [ERASE] ch=0 lun=7 pl=0 blk=97 pg=255 erase_cnt=46 (vpc/ipc reset)
[EXP] [ERASE] ch=1 lun=0 pl=0 blk=97 pg=255 erase_cnt=46 (vpc/ipc reset)
[EXP] [ERASE] ch=1 lun=1 pl=0 blk=97 pg=255 erase_cnt=46 (vpc/ipc reset)
[EXP] [ERASE] ch=1 lun=2 pl=0 blk=97 pg=255 erase_cnt=46 (vpc/ipc reset)
[EXP] [ERASE] ch=1 lun=3 pl=0 blk=97 pg=255 erase_cnt=46 (vpc/ipc reset)
[EXP] [ERASE] ch=1 lun=4 pl=0 blk=97 pg=255 erase_cnt=46 (vpc/ipc reset)
[EXP] [ERASE] ch=1 lun=5 pl=0 blk=97 pg=255 erase_cnt=46 (vpc/ipc reset)
[EXP] [ERASE] ch=1 lun=6 pl=0 blk=97 pg=255 erase_cnt=46 (vpc/ipc reset)
[EXP] [ERASE] ch=1 lun=7 pl=0 blk=97 pg=255 erase_cnt=46 (vpc/ipc reset)
[EXP] [ERASE] ch=2 lun=0 pl=0 blk=97 pg=255 erase_cnt=46 (vpc/ipc reset)
[EXP] [ERASE] ch=2 lun=1 pl=0 blk=97 pg=255 erase_cnt=46 (vpc/ipc reset)
[EXP] [ERASE] ch=2 lun=2 pl=0 blk=97 pg=255 erase_cnt=46 (vpc/ipc reset)
[EXP] [ERASE] ch=2 lun=3 pl=0 blk=97 pg=255 erase_cnt=46 (vpc/ipc reset)
[EXP] [ERASE] ch=2 lun=4 pl=0 blk=97 pg=255 erase_cnt=46 (vpc/ipc reset)
[EXP] [ERASE] ch=2 lun=5 pl=0 blk=97 pg=255 erase_cnt=46 (vpc/ipc reset)
[EXP] [ERASE] ch=2 lun=6 pl=0 blk=97 pg=255 erase_cnt=46 (vpc/ipc reset)
[EXP] [ERASE] ch=2 lun=7 pl=0 blk=97 pg=255 erase_cnt=46 (vpc/ipc reset)
[EXP] [ERASE] ch=3 lun=0 pl=0 blk=97 pg=255 erase_cnt=46 (vpc/ipc reset)
[EXP] [ERASE] ch=3 lun=1 pl=0 blk=97 pg=255 erase_cnt=46 (vpc/ipc reset)
[EXP] [ERASE] ch=3 lun=2 pl=0 blk=97 pg=255 erase_cnt=46 (vpc/ipc reset)
[EXP] [ERASE] ch=3 lun=3 pl=0 blk=97 pg=255 erase_cnt=46 (vpc/ipc reset)
[EXP] [ERASE] ch=3 lun=4 pl=0 blk=97 pg=255 erase_cnt=46 (vpc/ipc reset)
[EXP] [ERASE] ch=3 lun=5 pl=0 blk=97 pg=255 erase_cnt=46 (vpc/ipc reset)
[EXP] [ERASE] ch=3 lun=6 pl=0 blk=97 pg=255 erase_cnt=46 (vpc/ipc reset)
[EXP] [ERASE] ch=3 lun=7 pl=0 blk=97 pg=255 erase_cnt=46 (vpc/ipc reset)
[EXP] [ERASE] ch=4 lun=0 pl=0 blk=97 pg=255 erase_cnt=46 (vpc/ipc reset)
[EXP] [ERASE] ch=4 lun=1 pl=0 blk=97 pg=255 erase_cnt=46 (vpc/ipc reset)
[EXP] [ERASE] ch=4 lun=2 pl=0 blk=97 pg=255 erase_cnt=46 (vpc/ipc reset)
[EXP] [ERASE] ch=4 lun=3 pl=0 blk=97 pg=255 erase_cnt=46 (vpc/ipc reset)
[EXP] [ERASE] ch=4 lun=4 pl=0 blk=97 pg=255 erase_cnt=46 (vpc/ipc reset)
[EXP] [ERASE] ch=4 lun=5 pl=0 blk=97 pg=255 erase_cnt=46 (vpc/ipc reset)
[EXP] [ERASE] ch=4 lun=6 pl=0 blk=97 pg=255 erase_cnt=46 (vpc/ipc reset)
[EXP] [ERASE] ch=4 lun=7 pl=0 blk=97 pg=255 erase_cnt=46 (vpc/ipc reset)
[EXP] [ERASE] ch=5 lun=0 pl=0 blk=97 pg=255 erase_cnt=46 (vpc/ipc reset)
[EXP] [ERASE] ch=5 lun=1 pl=0 blk=97 pg=255 erase_cnt=46 (vpc/ipc reset)
[EXP] [ERASE] ch=5 lun=2 pl=0 blk=97 pg=255 erase_cnt=46 (vpc/ipc reset)
[EXP] [ERASE] ch=5 lun=3 pl=0 blk=97 pg=255 erase_cnt=46 (vpc/ipc reset)
[EXP] [ERASE] ch=5 lun=4 pl=0 blk=97 pg=255 erase_cnt=46 (vpc/ipc reset)
[EXP] [ERASE] ch=5 lun=5 pl=0 blk=97 pg=255 erase_cnt=46 (vpc/ipc reset)
[EXP] [ERASE] ch=5 lun=6 pl=0 blk=97 pg=255 erase_cnt=46 (vpc/ipc reset)
[EXP] [ERASE] ch=5 lun=7 pl=0 blk=97 pg=255 erase_cnt=46 (vpc/ipc reset)
[EXP] [ERASE] ch=6 lun=0 pl=0 blk=97 pg=255 erase_cnt=46 (vpc/ipc reset)
[EXP] [ERASE] ch=6 lun=1 pl=0 blk=97 pg=255 erase_cnt=46 (vpc/ipc reset)
[EXP] [ERASE] ch=6 lun=2 pl=0 blk=97 pg=255 erase_cnt=46 (vpc/ipc reset)
[EXP] [ERASE] ch=6 lun=3 pl=0 blk=97 pg=255 erase_cnt=46 (vpc/ipc reset)
[EXP] [ERASE] ch=6 lun=4 pl=0 blk=97 pg=255 erase_cnt=46 (vpc/ipc reset)
[EXP] [ERASE] ch=6 lun=5 pl=0 blk=97 pg=255 erase_cnt=46 (vpc/ipc reset)
[EXP] [ERASE] ch=6 lun=6 pl=0 blk=97 pg=255 erase_cnt=46 (vpc/ipc reset)
[EXP] [ERASE] ch=6 lun=7 pl=0 blk=97 pg=255 erase_cnt=46 (vpc/ipc reset)
[EXP] [ERASE] ch=7 lun=0 pl=0 blk=97 pg=255 erase_cnt=46 (vpc/ipc reset)
[EXP] [ERASE] ch=7 lun=1 pl=0 blk=97 pg=255 erase_cnt=46 (vpc/ipc reset)
[EXP] [ERASE] ch=7 lun=2 pl=0 blk=97 pg=255 erase_cnt=46 (vpc/ipc reset)
[EXP] [ERASE] ch=7 lun=3 pl=0 blk=97 pg=255 erase_cnt=46 (vpc/ipc reset)
[EXP] [ERASE] ch=7 lun=4 pl=0 blk=97 pg=255 erase_cnt=46 (vpc/ipc reset)
[EXP] [ERASE] ch=7 lun=5 pl=0 blk=97 pg=255 erase_cnt=46 (vpc/ipc reset)
[EXP] [ERASE] ch=7 lun=6 pl=0 blk=97 pg=255 erase_cnt=46 (vpc/ipc reset)
[EXP] [ERASE] ch=7 lun=7 pl=0 blk=97 pg=255 erase_cnt=46 (vpc/ipc reset)
[EXP] [ERASE] ch=0 lun=0 pl=0 blk=97 pg=255 erase_cnt=47 (vpc/ipc reset)
[EXP] [ERASE] ch=0 lun=1 pl=0 blk=97 pg=255 erase_cnt=47 (vpc/ipc reset)
[EXP] [ERASE] ch=0 lun=2 pl=0 blk=97 pg=255 erase_cnt=47 (vpc/ipc reset)
[EXP] [ERASE] ch=0 lun=3 pl=0 blk=97 pg=255 erase_cnt=47 (vpc/ipc reset)
[EXP] [ERASE] ch=0 lun=4 pl=0 blk=97 pg=255 erase_cnt=47 (vpc/ipc reset)
[EXP] [ERASE] ch=0 lun=5 pl=0 blk=97 pg=255 erase_cnt=47 (vpc/ipc reset)
[EXP] [ERASE] ch=0 lun=6 pl=0 blk=97 pg=255 erase_cnt=47 (vpc/ipc reset)
[EXP] [ERASE] ch=0 lun=7 pl=0 blk=97 pg=255 erase_cnt=47 (vpc/ipc reset)
[EXP] [ERASE] ch=1 lun=0 pl=0 blk=97 pg=255 erase_cnt=47 (vpc/ipc reset)
[EXP] [ERASE] ch=1 lun=1 pl=0 blk=97 pg=255 erase_cnt=47 (vpc/ipc reset)
[EXP] [ERASE] ch=1 lun=2 pl=0 blk=97 pg=255 erase_cnt=47 (vpc/ipc reset)
[EXP] [ERASE] ch=1 lun=3 pl=0 blk=97 pg=255 erase_cnt=47 (vpc/ipc reset)
[EXP] [ERASE] ch=1 lun=4 pl=0 blk=97 pg=255 erase_cnt=47 (vpc/ipc reset)
[EXP] [ERASE] ch=1 lun=5 pl=0 blk=97 pg=255 erase_cnt=47 (vpc/ipc reset)
[EXP] [ERASE] ch=1 lun=6 pl=0 blk=97 pg=255 erase_cnt=47 (vpc/ipc reset)
[EXP] [ERASE] ch=1 lun=7 pl=0 blk=97 pg=255 erase_cnt=47 (vpc/ipc reset)
[EXP] [ERASE] ch=2 lun=0 pl=0 blk=97 pg=255 erase_cnt=47 (vpc/ipc reset)
[EXP] [ERASE] ch=2 lun=1 pl=0 blk=97 pg=255 erase_cnt=47 (vpc/ipc reset)
[EXP] [ERASE] ch=2 lun=2 pl=0 blk=97 pg=255 erase_cnt=47 (vpc/ipc reset)
[EXP] [ERASE] ch=2 lun=3 pl=0 blk=97 pg=255 erase_cnt=47 (vpc/ipc reset)
[EXP] [ERASE] ch=2 lun=4 pl=0 blk=97 pg=255 erase_cnt=47 (vpc/ipc reset)
[EXP] [ERASE] ch=2 lun=5 pl=0 blk=97 pg=255 erase_cnt=47 (vpc/ipc reset)
[EXP] [ERASE] ch=2 lun=6 pl=0 blk=97 pg=255 erase_cnt=47 (vpc/ipc reset)
[EXP] [ERASE] ch=2 lun=7 pl=0 blk=97 pg=255 erase_cnt=47 (vpc/ipc reset)
[EXP] [ERASE] ch=3 lun=0 pl=0 blk=97 pg=255 erase_cnt=47 (vpc/ipc reset)
[EXP] [ERASE] ch=3 lun=1 pl=0 blk=97 pg=255 erase_cnt=47 (vpc/ipc reset)
[EXP] [ERASE] ch=3 lun=2 pl=0 blk=97 pg=255 erase_cnt=47 (vpc/ipc reset)
[EXP] [ERASE] ch=3 lun=3 pl=0 blk=97 pg=255 erase_cnt=47 (vpc/ipc reset)
[EXP] [ERASE] ch=3 lun=4 pl=0 blk=97 pg=255 erase_cnt=47 (vpc/ipc reset)
[EXP] [ERASE] ch=3 lun=5 pl=0 blk=97 pg=255 erase_cnt=47 (vpc/ipc reset)
[EXP] [ERASE] ch=3 lun=6 pl=0 blk=97 pg=255 erase_cnt=47 (vpc/ipc reset)
[EXP] [ERASE] ch=3 lun=7 pl=0 blk=97 pg=255 erase_cnt=47 (vpc/ipc reset)
[EXP] [ERASE] ch=4 lun=0 pl=0 blk=97 pg=255 erase_cnt=47 (vpc/ipc reset)
[EXP] [ERASE] ch=4 lun=1 pl=0 blk=97 pg=255 erase_cnt=47 (vpc/ipc reset)
[EXP] [ERASE] ch=4 lun=2 pl=0 blk=97 pg=255 erase_cnt=47 (vpc/ipc reset)
[EXP] [ERASE] ch=4 lun=3 pl=0 blk=97 pg=255 erase_cnt=47 (vpc/ipc reset)
[EXP] [ERASE] ch=4 lun=4 pl=0 blk=97 pg=255 erase_cnt=47 (vpc/ipc reset)
[EXP] [ERASE] ch=4 lun=5 pl=0 blk=97 pg=255 erase_cnt=47 (vpc/ipc reset)
[EXP] [ERASE] ch=4 lun=6 pl=0 blk=97 pg=255 erase_cnt=47 (vpc/ipc reset)
[EXP] [ERASE] ch=4 lun=7 pl=0 blk=97 pg=255 erase_cnt=47 (vpc/ipc reset)
[EXP] [ERASE] ch=5 lun=0 pl=0 blk=97 pg=255 erase_cnt=47 (vpc/ipc reset)
[EXP] [ERASE] ch=5 lun=1 pl=0 blk=97 pg=255 erase_cnt=47 (vpc/ipc reset)
[EXP] [ERASE] ch=5 lun=2 pl=0 blk=97 pg=255 erase_cnt=47 (vpc/ipc reset)
[EXP] [ERASE] ch=5 lun=3 pl=0 blk=97 pg=255 erase_cnt=47 (vpc/ipc reset)
[EXP] [ERASE] ch=5 lun=4 pl=0 blk=97 pg=255 erase_cnt=47 (vpc/ipc reset)
[EXP] [ERASE] ch=5 lun=5 pl=0 blk=97 pg=255 erase_cnt=47 (vpc/ipc reset)
[EXP] [ERASE] ch=5 lun=6 pl=0 blk=97 pg=255 erase_cnt=47 (vpc/ipc reset)
[EXP] [ERASE] ch=5 lun=7 pl=0 blk=97 pg=255 erase_cnt=47 (vpc/ipc reset)
[EXP] [ERASE] ch=6 lun=0 pl=0 blk=97 pg=255 erase_cnt=47 (vpc/ipc reset)
[EXP] [ERASE] ch=6 lun=1 pl=0 blk=97 pg=255 erase_cnt=47 (vpc/ipc reset)
[EXP] [ERASE] ch=6 lun=2 pl=0 blk=97 pg=255 erase_cnt=47 (vpc/ipc reset)
[EXP] [ERASE] ch=6 lun=3 pl=0 blk=97 pg=255 erase_cnt=47 (vpc/ipc reset)
[EXP] [ERASE] ch=6 lun=4 pl=0 blk=97 pg=255 erase_cnt=47 (vpc/ipc reset)
[EXP] [ERASE] ch=6 lun=5 pl=0 blk=97 pg=255 erase_cnt=47 (vpc/ipc reset)
[EXP] [ERASE] ch=6 lun=6 pl=0 blk=97 pg=255 erase_cnt=47 (vpc/ipc reset)
[EXP] [ERASE] ch=6 lun=7 pl=0 blk=97 pg=255 erase_cnt=47 (vpc/ipc reset)
[EXP] [ERASE] ch=7 lun=0 pl=0 blk=97 pg=255 erase_cnt=47 (vpc/ipc reset)
[EXP] [ERASE] ch=7 lun=1 pl=0 blk=97 pg=255 erase_cnt=47 (vpc/ipc reset)
[EXP] [ERASE] ch=7 lun=2 pl=0 blk=97 pg=255 erase_cnt=47 (vpc/ipc reset)
[EXP] [ERASE] ch=7 lun=3 pl=0 blk=97 pg=255 erase_cnt=47 (vpc/ipc reset)
[EXP] [ERASE] ch=7 lun=4 pl=0 blk=97 pg=255 erase_cnt=47 (vpc/ipc reset)
[EXP] [ERASE] ch=7 lun=5 pl=0 blk=97 pg=255 erase_cnt=47 (vpc/ipc reset)
[EXP] [ERASE] ch=7 lun=6 pl=0 blk=97 pg=255 erase_cnt=47 (vpc/ipc reset)
[EXP] [ERASE] ch=7 lun=7 pl=0 blk=97 pg=255 erase_cnt=47 (vpc/ipc reset)
[EXP] [ERASE] ch=0 lun=0 pl=0 blk=117 pg=255 erase_cnt=1 (vpc/ipc reset)
[EXP] [ERASE] ch=0 lun=1 pl=0 blk=117 pg=255 erase_cnt=1 (vpc/ipc reset)
[EXP] [ERASE] ch=0 lun=2 pl=0 blk=117 pg=255 erase_cnt=1 (vpc/ipc reset)
[EXP] [ERASE] ch=0 lun=3 pl=0 blk=117 pg=255 erase_cnt=1 (vpc/ipc reset)
[EXP] [ERASE] ch=0 lun=4 pl=0 blk=117 pg=255 erase_cnt=1 (vpc/ipc reset)
[EXP] [ERASE] ch=0 lun=5 pl=0 blk=117 pg=255 erase_cnt=1 (vpc/ipc reset)
[EXP] [ERASE] ch=0 lun=6 pl=0 blk=117 pg=255 erase_cnt=1 (vpc/ipc reset)
[EXP] [ERASE] ch=0 lun=7 pl=0 blk=117 pg=255 erase_cnt=1 (vpc/ipc reset)
[EXP] [ERASE] ch=1 lun=0 pl=0 blk=117 pg=255 erase_cnt=1 (vpc/ipc reset)
[EXP] [ERASE] ch=1 lun=1 pl=0 blk=117 pg=255 erase_cnt=1 (vpc/ipc reset)
[EXP] [GC_MOVE] lpn=0 ch=1 lun=2 pl=0 blk=117 pg=3 -> ch=4 lun=7 pl=0 blk=118 pg=0
[EXP] [ERASE] ch=1 lun=2 pl=0 blk=117 pg=255 erase_cnt=1 (vpc/ipc reset)
[EXP] [ERASE] ch=1 lun=3 pl=0 blk=117 pg=255 erase_cnt=1 (vpc/ipc reset)
[EXP] [ERASE] ch=1 lun=4 pl=0 blk=117 pg=255 erase_cnt=1 (vpc/ipc reset)
[EXP] [ERASE] ch=1 lun=5 pl=0 blk=117 pg=255 erase_cnt=1 (vpc/ipc reset)
[EXP] [ERASE] ch=1 lun=6 pl=0 blk=117 pg=255 erase_cnt=1 (vpc/ipc reset)
[EXP] [ERASE] ch=1 lun=7 pl=0 blk=117 pg=255 erase_cnt=1 (vpc/ipc reset)
[EXP] [ERASE] ch=2 lun=0 pl=0 blk=117 pg=255 erase_cnt=1 (vpc/ipc reset)
[EXP] [ERASE] ch=2 lun=1 pl=0 blk=117 pg=255 erase_cnt=1 (vpc/ipc reset)
[EXP] [ERASE] ch=2 lun=2 pl=0 blk=117 pg=255 erase_cnt=1 (vpc/ipc reset)
[EXP] [ERASE] ch=2 lun=3 pl=0 blk=117 pg=255 erase_cnt=1 (vpc/ipc reset)
[EXP] [ERASE] ch=2 lun=4 pl=0 blk=117 pg=255 erase_cnt=1 (vpc/ipc reset)
[EXP] [ERASE] ch=2 lun=5 pl=0 blk=117 pg=255 erase_cnt=1 (vpc/ipc reset)
[EXP] [ERASE] ch=2 lun=6 pl=0 blk=117 pg=255 erase_cnt=1 (vpc/ipc reset)
[EXP] [ERASE] ch=2 lun=7 pl=0 blk=117 pg=255 erase_cnt=1 (vpc/ipc reset)
[EXP] [ERASE] ch=3 lun=0 pl=0 blk=117 pg=255 erase_cnt=1 (vpc/ipc reset)
[EXP] [ERASE] ch=3 lun=1 pl=0 blk=117 pg=255 erase_cnt=1 (vpc/ipc reset)
[EXP] [ERASE] ch=3 lun=2 pl=0 blk=117 pg=255 erase_cnt=1 (vpc/ipc reset)
[EXP] [ERASE] ch=3 lun=3 pl=0 blk=117 pg=255 erase_cnt=1 (vpc/ipc reset)
[EXP] [ERASE] ch=3 lun=4 pl=0 blk=117 pg=255 erase_cnt=1 (vpc/ipc reset)
[EXP] [ERASE] ch=3 lun=5 pl=0 blk=117 pg=255 erase_cnt=1 (vpc/ipc reset)
[EXP] [ERASE] ch=3 lun=6 pl=0 blk=117 pg=255 erase_cnt=1 (vpc/ipc reset)
[EXP] [ERASE] ch=3 lun=7 pl=0 blk=117 pg=255 erase_cnt=1 (vpc/ipc reset)
[EXP] [ERASE] ch=4 lun=0 pl=0 blk=117 pg=255 erase_cnt=1 (vpc/ipc reset)
[EXP] [ERASE] ch=4 lun=1 pl=0 blk=117 pg=255 erase_cnt=1 (vpc/ipc reset)
[EXP] [ERASE] ch=4 lun=2 pl=0 blk=117 pg=255 erase_cnt=1 (vpc/ipc reset)
[EXP] [ERASE] ch=4 lun=3 pl=0 blk=117 pg=255 erase_cnt=1 (vpc/ipc reset)
[EXP] [ERASE] ch=4 lun=4 pl=0 blk=117 pg=255 erase_cnt=1 (vpc/ipc reset)
[EXP] [ERASE] ch=4 lun=5 pl=0 blk=117 pg=255 erase_cnt=1 (vpc/ipc reset)
[EXP] [ERASE] ch=4 lun=6 pl=0 blk=117 pg=255 erase_cnt=1 (vpc/ipc reset)
[EXP] [ERASE] ch=4 lun=7 pl=0 blk=117 pg=255 erase_cnt=1 (vpc/ipc reset)
[EXP] [ERASE] ch=5 lun=0 pl=0 blk=117 pg=255 erase_cnt=1 (vpc/ipc reset)
[EXP] [ERASE] ch=5 lun=1 pl=0 blk=117 pg=255 erase_cnt=1 (vpc/ipc reset)
[EXP] [ERASE] ch=5 lun=2 pl=0 blk=117 pg=255 erase_cnt=1 (vpc/ipc reset)
[EXP] [ERASE] ch=5 lun=3 pl=0 blk=117 pg=255 erase_cnt=1 (vpc/ipc reset)
[EXP] [ERASE] ch=5 lun=4 pl=0 blk=117 pg=255 erase_cnt=1 (vpc/ipc reset)
[EXP] [ERASE] ch=5 lun=5 pl=0 blk=117 pg=255 erase_cnt=1 (vpc/ipc reset)
[EXP] [ERASE] ch=5 lun=6 pl=0 blk=117 pg=255 erase_cnt=1 (vpc/ipc reset)
[EXP] [ERASE] ch=5 lun=7 pl=0 blk=117 pg=255 erase_cnt=1 (vpc/ipc reset)
[EXP] [ERASE] ch=6 lun=0 pl=0 blk=117 pg=255 erase_cnt=1 (vpc/ipc reset)
[EXP] [ERASE] ch=6 lun=1 pl=0 blk=117 pg=255 erase_cnt=1 (vpc/ipc reset)
[EXP] [ERASE] ch=6 lun=2 pl=0 blk=117 pg=255 erase_cnt=1 (vpc/ipc reset)
[EXP] [ERASE] ch=6 lun=3 pl=0 blk=117 pg=255 erase_cnt=1 (vpc/ipc reset)
[EXP] [ERASE] ch=6 lun=4 pl=0 blk=117 pg=255 erase_cnt=1 (vpc/ipc reset)
[EXP] [ERASE] ch=6 lun=5 pl=0 blk=117 pg=255 erase_cnt=1 (vpc/ipc reset)
[EXP] [ERASE] ch=6 lun=6 pl=0 blk=117 pg=255 erase_cnt=1 (vpc/ipc reset)
[EXP] [ERASE] ch=6 lun=7 pl=0 blk=117 pg=255 erase_cnt=1 (vpc/ipc reset)
[EXP] [ERASE] ch=7 lun=0 pl=0 blk=117 pg=255 erase_cnt=1 (vpc/ipc reset)
[EXP] [ERASE] ch=7 lun=1 pl=0 blk=117 pg=255 erase_cnt=1 (vpc/ipc reset)
[EXP] [ERASE] ch=7 lun=2 pl=0 blk=117 pg=255 erase_cnt=1 (vpc/ipc reset)
[EXP] [ERASE] ch=7 lun=3 pl=0 blk=117 pg=255 erase_cnt=1 (vpc/ipc reset)
[EXP] [ERASE] ch=7 lun=4 pl=0 blk=117 pg=255 erase_cnt=1 (vpc/ipc reset)
[EXP] [ERASE] ch=7 lun=5 pl=0 blk=117 pg=255 erase_cnt=1 (vpc/ipc reset)
[EXP] [ERASE] ch=7 lun=6 pl=0 blk=117 pg=255 erase_cnt=1 (vpc/ipc reset)
[EXP] [ERASE] ch=7 lun=7 pl=0 blk=117 pg=255 erase_cnt=1 (vpc/ipc reset)
[EXP] [ERASE] ch=0 lun=0 pl=0 blk=97 pg=255 erase_cnt=48 (vpc/ipc reset)
[EXP] [ERASE] ch=0 lun=1 pl=0 blk=97 pg=255 erase_cnt=48 (vpc/ipc reset)
[EXP] [ERASE] ch=0 lun=2 pl=0 blk=97 pg=255 erase_cnt=48 (vpc/ipc reset)
[EXP] [ERASE] ch=0 lun=3 pl=0 blk=97 pg=255 erase_cnt=48 (vpc/ipc reset)
[EXP] [ERASE] ch=0 lun=4 pl=0 blk=97 pg=255 erase_cnt=48 (vpc/ipc reset)
[EXP] [ERASE] ch=0 lun=5 pl=0 blk=97 pg=255 erase_cnt=48 (vpc/ipc reset)
[EXP] [ERASE] ch=0 lun=6 pl=0 blk=97 pg=255 erase_cnt=48 (vpc/ipc reset)
[EXP] [ERASE] ch=0 lun=7 pl=0 blk=97 pg=255 erase_cnt=48 (vpc/ipc reset)
[EXP] [ERASE] ch=1 lun=0 pl=0 blk=97 pg=255 erase_cnt=48 (vpc/ipc reset)
[EXP] [ERASE] ch=1 lun=1 pl=0 blk=97 pg=255 erase_cnt=48 (vpc/ipc reset)
[EXP] [ERASE] ch=1 lun=2 pl=0 blk=97 pg=255 erase_cnt=48 (vpc/ipc reset)
[EXP] [ERASE] ch=1 lun=3 pl=0 blk=97 pg=255 erase_cnt=48 (vpc/ipc reset)
[EXP] [ERASE] ch=1 lun=4 pl=0 blk=97 pg=255 erase_cnt=48 (vpc/ipc reset)
[EXP] [ERASE] ch=1 lun=5 pl=0 blk=97 pg=255 erase_cnt=48 (vpc/ipc reset)
[EXP] [ERASE] ch=1 lun=6 pl=0 blk=97 pg=255 erase_cnt=48 (vpc/ipc reset)
[EXP] [ERASE] ch=1 lun=7 pl=0 blk=97 pg=255 erase_cnt=48 (vpc/ipc reset)
[EXP] [ERASE] ch=2 lun=0 pl=0 blk=97 pg=255 erase_cnt=48 (vpc/ipc reset)
[EXP] [ERASE] ch=2 lun=1 pl=0 blk=97 pg=255 erase_cnt=48 (vpc/ipc reset)
[EXP] [ERASE] ch=2 lun=2 pl=0 blk=97 pg=255 erase_cnt=48 (vpc/ipc reset)
[EXP] [ERASE] ch=2 lun=3 pl=0 blk=97 pg=255 erase_cnt=48 (vpc/ipc reset)
[EXP] [ERASE] ch=2 lun=4 pl=0 blk=97 pg=255 erase_cnt=48 (vpc/ipc reset)
[EXP] [ERASE] ch=2 lun=5 pl=0 blk=97 pg=255 erase_cnt=48 (vpc/ipc reset)
[EXP] [ERASE] ch=2 lun=6 pl=0 blk=97 pg=255 erase_cnt=48 (vpc/ipc reset)
[EXP] [ERASE] ch=2 lun=7 pl=0 blk=97 pg=255 erase_cnt=48 (vpc/ipc reset)
[EXP] [ERASE] ch=3 lun=0 pl=0 blk=97 pg=255 erase_cnt=48 (vpc/ipc reset)
[EXP] [ERASE] ch=3 lun=1 pl=0 blk=97 pg=255 erase_cnt=48 (vpc/ipc reset)
[EXP] [ERASE] ch=3 lun=2 pl=0 blk=97 pg=255 erase_cnt=48 (vpc/ipc reset)
[EXP] [ERASE] ch=3 lun=3 pl=0 blk=97 pg=255 erase_cnt=48 (vpc/ipc reset)
[EXP] [ERASE] ch=3 lun=4 pl=0 blk=97 pg=255 erase_cnt=48 (vpc/ipc reset)
[EXP] [ERASE] ch=3 lun=5 pl=0 blk=97 pg=255 erase_cnt=48 (vpc/ipc reset)
[EXP] [ERASE] ch=3 lun=6 pl=0 blk=97 pg=255 erase_cnt=48 (vpc/ipc reset)
[EXP] [ERASE] ch=3 lun=7 pl=0 blk=97 pg=255 erase_cnt=48 (vpc/ipc reset)
[EXP] [ERASE] ch=4 lun=0 pl=0 blk=97 pg=255 erase_cnt=48 (vpc/ipc reset)
[EXP] [ERASE] ch=4 lun=1 pl=0 blk=97 pg=255 erase_cnt=48 (vpc/ipc reset)
[EXP] [ERASE] ch=4 lun=2 pl=0 blk=97 pg=255 erase_cnt=48 (vpc/ipc reset)
[EXP] [ERASE] ch=4 lun=3 pl=0 blk=97 pg=255 erase_cnt=48 (vpc/ipc reset)
[EXP] [ERASE] ch=4 lun=4 pl=0 blk=97 pg=255 erase_cnt=48 (vpc/ipc reset)
[EXP] [ERASE] ch=4 lun=5 pl=0 blk=97 pg=255 erase_cnt=48 (vpc/ipc reset)
[EXP] [ERASE] ch=4 lun=6 pl=0 blk=97 pg=255 erase_cnt=48 (vpc/ipc reset)
[EXP] [ERASE] ch=4 lun=7 pl=0 blk=97 pg=255 erase_cnt=48 (vpc/ipc reset)
[EXP] [ERASE] ch=5 lun=0 pl=0 blk=97 pg=255 erase_cnt=48 (vpc/ipc reset)
[EXP] [ERASE] ch=5 lun=1 pl=0 blk=97 pg=255 erase_cnt=48 (vpc/ipc reset)
[EXP] [ERASE] ch=5 lun=2 pl=0 blk=97 pg=255 erase_cnt=48 (vpc/ipc reset)
[EXP] [ERASE] ch=5 lun=3 pl=0 blk=97 pg=255 erase_cnt=48 (vpc/ipc reset)
[EXP] [ERASE] ch=5 lun=4 pl=0 blk=97 pg=255 erase_cnt=48 (vpc/ipc reset)
[EXP] [ERASE] ch=5 lun=5 pl=0 blk=97 pg=255 erase_cnt=48 (vpc/ipc reset)
[EXP] [ERASE] ch=5 lun=6 pl=0 blk=97 pg=255 erase_cnt=48 (vpc/ipc reset)
[EXP] [ERASE] ch=5 lun=7 pl=0 blk=97 pg=255 erase_cnt=48 (vpc/ipc reset)
[EXP] [ERASE] ch=6 lun=0 pl=0 blk=97 pg=255 erase_cnt=48 (vpc/ipc reset)
[EXP] [ERASE] ch=6 lun=1 pl=0 blk=97 pg=255 erase_cnt=48 (vpc/ipc reset)
[EXP] [ERASE] ch=6 lun=2 pl=0 blk=97 pg=255 erase_cnt=48 (vpc/ipc reset)
[EXP] [ERASE] ch=6 lun=3 pl=0 blk=97 pg=255 erase_cnt=48 (vpc/ipc reset)
[EXP] [ERASE] ch=6 lun=4 pl=0 blk=97 pg=255 erase_cnt=48 (vpc/ipc reset)
[EXP] [ERASE] ch=6 lun=5 pl=0 blk=97 pg=255 erase_cnt=48 (vpc/ipc reset)
[EXP] [ERASE] ch=6 lun=6 pl=0 blk=97 pg=255 erase_cnt=48 (vpc/ipc reset)
[EXP] [ERASE] ch=6 lun=7 pl=0 blk=97 pg=255 erase_cnt=48 (vpc/ipc reset)
[EXP] [ERASE] ch=7 lun=0 pl=0 blk=97 pg=255 erase_cnt=48 (vpc/ipc reset)
[EXP] [ERASE] ch=7 lun=1 pl=0 blk=97 pg=255 erase_cnt=48 (vpc/ipc reset)
[EXP] [ERASE] ch=7 lun=2 pl=0 blk=97 pg=255 erase_cnt=48 (vpc/ipc reset)
[EXP] [ERASE] ch=7 lun=3 pl=0 blk=97 pg=255 erase_cnt=48 (vpc/ipc reset)
[EXP] [ERASE] ch=7 lun=4 pl=0 blk=97 pg=255 erase_cnt=48 (vpc/ipc reset)
[EXP] [ERASE] ch=7 lun=5 pl=0 blk=97 pg=255 erase_cnt=48 (vpc/ipc reset)
[EXP] [ERASE] ch=7 lun=6 pl=0 blk=97 pg=255 erase_cnt=48 (vpc/ipc reset)
[EXP] [ERASE] ch=7 lun=7 pl=0 blk=97 pg=255 erase_cnt=48 (vpc/ipc reset)
[EXP] [ERASE] ch=0 lun=0 pl=0 blk=97 pg=255 erase_cnt=49 (vpc/ipc reset)
[EXP] [ERASE] ch=0 lun=1 pl=0 blk=97 pg=255 erase_cnt=49 (vpc/ipc reset)
[EXP] [ERASE] ch=0 lun=2 pl=0 blk=97 pg=255 erase_cnt=49 (vpc/ipc reset)
[EXP] [ERASE] ch=0 lun=3 pl=0 blk=97 pg=255 erase_cnt=49 (vpc/ipc reset)
[EXP] [ERASE] ch=0 lun=4 pl=0 blk=97 pg=255 erase_cnt=49 (vpc/ipc reset)
[EXP] [ERASE] ch=0 lun=5 pl=0 blk=97 pg=255 erase_cnt=49 (vpc/ipc reset)
[EXP] [ERASE] ch=0 lun=6 pl=0 blk=97 pg=255 erase_cnt=49 (vpc/ipc reset)
[EXP] [ERASE] ch=0 lun=7 pl=0 blk=97 pg=255 erase_cnt=49 (vpc/ipc reset)
[EXP] [ERASE] ch=1 lun=0 pl=0 blk=97 pg=255 erase_cnt=49 (vpc/ipc reset)
[EXP] [ERASE] ch=1 lun=1 pl=0 blk=97 pg=255 erase_cnt=49 (vpc/ipc reset)
[EXP] [ERASE] ch=1 lun=2 pl=0 blk=97 pg=255 erase_cnt=49 (vpc/ipc reset)
[EXP] [ERASE] ch=1 lun=3 pl=0 blk=97 pg=255 erase_cnt=49 (vpc/ipc reset)
[EXP] [ERASE] ch=1 lun=4 pl=0 blk=97 pg=255 erase_cnt=49 (vpc/ipc reset)
[EXP] [ERASE] ch=1 lun=5 pl=0 blk=97 pg=255 erase_cnt=49 (vpc/ipc reset)
[EXP] [ERASE] ch=1 lun=6 pl=0 blk=97 pg=255 erase_cnt=49 (vpc/ipc reset)
[EXP] [ERASE] ch=1 lun=7 pl=0 blk=97 pg=255 erase_cnt=49 (vpc/ipc reset)
[EXP] [ERASE] ch=2 lun=0 pl=0 blk=97 pg=255 erase_cnt=49 (vpc/ipc reset)
[EXP] [ERASE] ch=2 lun=1 pl=0 blk=97 pg=255 erase_cnt=49 (vpc/ipc reset)
[EXP] [ERASE] ch=2 lun=2 pl=0 blk=97 pg=255 erase_cnt=49 (vpc/ipc reset)
[EXP] [ERASE] ch=2 lun=3 pl=0 blk=97 pg=255 erase_cnt=49 (vpc/ipc reset)
[EXP] [ERASE] ch=2 lun=4 pl=0 blk=97 pg=255 erase_cnt=49 (vpc/ipc reset)
[EXP] [ERASE] ch=2 lun=5 pl=0 blk=97 pg=255 erase_cnt=49 (vpc/ipc reset)
[EXP] [ERASE] ch=2 lun=6 pl=0 blk=97 pg=255 erase_cnt=49 (vpc/ipc reset)
[EXP] [ERASE] ch=2 lun=7 pl=0 blk=97 pg=255 erase_cnt=49 (vpc/ipc reset)
[EXP] [ERASE] ch=3 lun=0 pl=0 blk=97 pg=255 erase_cnt=49 (vpc/ipc reset)
[EXP] [ERASE] ch=3 lun=1 pl=0 blk=97 pg=255 erase_cnt=49 (vpc/ipc reset)
[EXP] [ERASE] ch=3 lun=2 pl=0 blk=97 pg=255 erase_cnt=49 (vpc/ipc reset)
[EXP] [ERASE] ch=3 lun=3 pl=0 blk=97 pg=255 erase_cnt=49 (vpc/ipc reset)
[EXP] [ERASE] ch=3 lun=4 pl=0 blk=97 pg=255 erase_cnt=49 (vpc/ipc reset)
[EXP] [ERASE] ch=3 lun=5 pl=0 blk=97 pg=255 erase_cnt=49 (vpc/ipc reset)
[EXP] [ERASE] ch=3 lun=6 pl=0 blk=97 pg=255 erase_cnt=49 (vpc/ipc reset)
[EXP] [ERASE] ch=3 lun=7 pl=0 blk=97 pg=255 erase_cnt=49 (vpc/ipc reset)
[EXP] [ERASE] ch=4 lun=0 pl=0 blk=97 pg=255 erase_cnt=49 (vpc/ipc reset)
[EXP] [ERASE] ch=4 lun=1 pl=0 blk=97 pg=255 erase_cnt=49 (vpc/ipc reset)
[EXP] [ERASE] ch=4 lun=2 pl=0 blk=97 pg=255 erase_cnt=49 (vpc/ipc reset)
[EXP] [ERASE] ch=4 lun=3 pl=0 blk=97 pg=255 erase_cnt=49 (vpc/ipc reset)
[EXP] [ERASE] ch=4 lun=4 pl=0 blk=97 pg=255 erase_cnt=49 (vpc/ipc reset)
[EXP] [ERASE] ch=4 lun=5 pl=0 blk=97 pg=255 erase_cnt=49 (vpc/ipc reset)
[EXP] [ERASE] ch=4 lun=6 pl=0 blk=97 pg=255 erase_cnt=49 (vpc/ipc reset)
[EXP] [ERASE] ch=4 lun=7 pl=0 blk=97 pg=255 erase_cnt=49 (vpc/ipc reset)
[EXP] [ERASE] ch=5 lun=0 pl=0 blk=97 pg=255 erase_cnt=49 (vpc/ipc reset)
[EXP] [ERASE] ch=5 lun=1 pl=0 blk=97 pg=255 erase_cnt=49 (vpc/ipc reset)
[EXP] [ERASE] ch=5 lun=2 pl=0 blk=97 pg=255 erase_cnt=49 (vpc/ipc reset)
[EXP] [ERASE] ch=5 lun=3 pl=0 blk=97 pg=255 erase_cnt=49 (vpc/ipc reset)
[EXP] [ERASE] ch=5 lun=4 pl=0 blk=97 pg=255 erase_cnt=49 (vpc/ipc reset)
[EXP] [ERASE] ch=5 lun=5 pl=0 blk=97 pg=255 erase_cnt=49 (vpc/ipc reset)
[EXP] [ERASE] ch=5 lun=6 pl=0 blk=97 pg=255 erase_cnt=49 (vpc/ipc reset)
[EXP] [ERASE] ch=5 lun=7 pl=0 blk=97 pg=255 erase_cnt=49 (vpc/ipc reset)
[EXP] [ERASE] ch=6 lun=0 pl=0 blk=97 pg=255 erase_cnt=49 (vpc/ipc reset)
[EXP] [ERASE] ch=6 lun=1 pl=0 blk=97 pg=255 erase_cnt=49 (vpc/ipc reset)
[EXP] [ERASE] ch=6 lun=2 pl=0 blk=97 pg=255 erase_cnt=49 (vpc/ipc reset)
[EXP] [ERASE] ch=6 lun=3 pl=0 blk=97 pg=255 erase_cnt=49 (vpc/ipc reset)
[EXP] [ERASE] ch=6 lun=4 pl=0 blk=97 pg=255 erase_cnt=49 (vpc/ipc reset)
[EXP] [ERASE] ch=6 lun=5 pl=0 blk=97 pg=255 erase_cnt=49 (vpc/ipc reset)
[EXP] [ERASE] ch=6 lun=6 pl=0 blk=97 pg=255 erase_cnt=49 (vpc/ipc reset)
[EXP] [ERASE] ch=6 lun=7 pl=0 blk=97 pg=255 erase_cnt=49 (vpc/ipc reset)
[EXP] [ERASE] ch=7 lun=0 pl=0 blk=97 pg=255 erase_cnt=49 (vpc/ipc reset)
[EXP] [ERASE] ch=7 lun=1 pl=0 blk=97 pg=255 erase_cnt=49 (vpc/ipc reset)
[EXP] [ERASE] ch=7 lun=2 pl=0 blk=97 pg=255 erase_cnt=49 (vpc/ipc reset)
[EXP] [ERASE] ch=7 lun=3 pl=0 blk=97 pg=255 erase_cnt=49 (vpc/ipc reset)
[EXP] [ERASE] ch=7 lun=4 pl=0 blk=97 pg=255 erase_cnt=49 (vpc/ipc reset)
[EXP] [ERASE] ch=7 lun=5 pl=0 blk=97 pg=255 erase_cnt=49 (vpc/ipc reset)
[EXP] [ERASE] ch=7 lun=6 pl=0 blk=97 pg=255 erase_cnt=49 (vpc/ipc reset)
[EXP] [ERASE] ch=7 lun=7 pl=0 blk=97 pg=255 erase_cnt=49 (vpc/ipc reset)
[EXP] [ERASE] ch=0 lun=0 pl=0 blk=118 pg=255 erase_cnt=1 (vpc/ipc reset)
[EXP] [ERASE] ch=0 lun=1 pl=0 blk=118 pg=255 erase_cnt=1 (vpc/ipc reset)
[EXP] [ERASE] ch=0 lun=2 pl=0 blk=118 pg=255 erase_cnt=1 (vpc/ipc reset)
[EXP] [ERASE] ch=0 lun=3 pl=0 blk=118 pg=255 erase_cnt=1 (vpc/ipc reset)
[EXP] [ERASE] ch=0 lun=4 pl=0 blk=118 pg=255 erase_cnt=1 (vpc/ipc reset)
[EXP] [ERASE] ch=0 lun=5 pl=0 blk=118 pg=255 erase_cnt=1 (vpc/ipc reset)
[EXP] [ERASE] ch=0 lun=6 pl=0 blk=118 pg=255 erase_cnt=1 (vpc/ipc reset)
[EXP] [ERASE] ch=0 lun=7 pl=0 blk=118 pg=255 erase_cnt=1 (vpc/ipc reset)
[EXP] [ERASE] ch=1 lun=0 pl=0 blk=118 pg=255 erase_cnt=1 (vpc/ipc reset)
[EXP] [ERASE] ch=1 lun=1 pl=0 blk=118 pg=255 erase_cnt=1 (vpc/ipc reset)
[EXP] [ERASE] ch=1 lun=2 pl=0 blk=118 pg=255 erase_cnt=1 (vpc/ipc reset)
[EXP] [ERASE] ch=1 lun=3 pl=0 blk=118 pg=255 erase_cnt=1 (vpc/ipc reset)
[EXP] [ERASE] ch=1 lun=4 pl=0 blk=118 pg=255 erase_cnt=1 (vpc/ipc reset)
[EXP] [ERASE] ch=1 lun=5 pl=0 blk=118 pg=255 erase_cnt=1 (vpc/ipc reset)
[EXP] [ERASE] ch=1 lun=6 pl=0 blk=118 pg=255 erase_cnt=1 (vpc/ipc reset)
[EXP] [ERASE] ch=1 lun=7 pl=0 blk=118 pg=255 erase_cnt=1 (vpc/ipc reset)
[EXP] [ERASE] ch=2 lun=0 pl=0 blk=118 pg=255 erase_cnt=1 (vpc/ipc reset)
[EXP] [ERASE] ch=2 lun=1 pl=0 blk=118 pg=255 erase_cnt=1 (vpc/ipc reset)
[EXP] [ERASE] ch=2 lun=2 pl=0 blk=118 pg=255 erase_cnt=1 (vpc/ipc reset)
[EXP] [ERASE] ch=2 lun=3 pl=0 blk=118 pg=255 erase_cnt=1 (vpc/ipc reset)
[EXP] [ERASE] ch=2 lun=4 pl=0 blk=118 pg=255 erase_cnt=1 (vpc/ipc reset)
[EXP] [ERASE] ch=2 lun=5 pl=0 blk=118 pg=255 erase_cnt=1 (vpc/ipc reset)
[EXP] [ERASE] ch=2 lun=6 pl=0 blk=118 pg=255 erase_cnt=1 (vpc/ipc reset)
[EXP] [ERASE] ch=2 lun=7 pl=0 blk=118 pg=255 erase_cnt=1 (vpc/ipc reset)
[EXP] [ERASE] ch=3 lun=0 pl=0 blk=118 pg=255 erase_cnt=1 (vpc/ipc reset)
[EXP] [ERASE] ch=3 lun=1 pl=0 blk=118 pg=255 erase_cnt=1 (vpc/ipc reset)
[EXP] [ERASE] ch=3 lun=2 pl=0 blk=118 pg=255 erase_cnt=1 (vpc/ipc reset)
[EXP] [ERASE] ch=3 lun=3 pl=0 blk=118 pg=255 erase_cnt=1 (vpc/ipc reset)
[EXP] [ERASE] ch=3 lun=4 pl=0 blk=118 pg=255 erase_cnt=1 (vpc/ipc reset)
[EXP] [ERASE] ch=3 lun=5 pl=0 blk=118 pg=255 erase_cnt=1 (vpc/ipc reset)
[EXP] [ERASE] ch=3 lun=6 pl=0 blk=118 pg=255 erase_cnt=1 (vpc/ipc reset)
[EXP] [ERASE] ch=3 lun=7 pl=0 blk=118 pg=255 erase_cnt=1 (vpc/ipc reset)
[EXP] [ERASE] ch=4 lun=0 pl=0 blk=118 pg=255 erase_cnt=1 (vpc/ipc reset)
[EXP] [ERASE] ch=4 lun=1 pl=0 blk=118 pg=255 erase_cnt=1 (vpc/ipc reset)
[EXP] [ERASE] ch=4 lun=2 pl=0 blk=118 pg=255 erase_cnt=1 (vpc/ipc reset)
[EXP] [ERASE] ch=4 lun=3 pl=0 blk=118 pg=255 erase_cnt=1 (vpc/ipc reset)
[EXP] [ERASE] ch=4 lun=4 pl=0 blk=118 pg=255 erase_cnt=1 (vpc/ipc reset)
[EXP] [ERASE] ch=4 lun=5 pl=0 blk=118 pg=255 erase_cnt=1 (vpc/ipc reset)
[EXP] [ERASE] ch=4 lun=6 pl=0 blk=118 pg=255 erase_cnt=1 (vpc/ipc reset)
[EXP] [GC_MOVE] lpn=0 ch=4 lun=7 pl=0 blk=118 pg=0 -> ch=2 lun=7 pl=0 blk=119 pg=5
[EXP] [ERASE] ch=4 lun=7 pl=0 blk=118 pg=255 erase_cnt=1 (vpc/ipc reset)
[EXP] [ERASE] ch=5 lun=0 pl=0 blk=118 pg=255 erase_cnt=1 (vpc/ipc reset)
[EXP] [ERASE] ch=5 lun=1 pl=0 blk=118 pg=255 erase_cnt=1 (vpc/ipc reset)
[EXP] [ERASE] ch=5 lun=2 pl=0 blk=118 pg=255 erase_cnt=1 (vpc/ipc reset)
[EXP] [ERASE] ch=5 lun=3 pl=0 blk=118 pg=255 erase_cnt=1 (vpc/ipc reset)
[EXP] [ERASE] ch=5 lun=4 pl=0 blk=118 pg=255 erase_cnt=1 (vpc/ipc reset)
[EXP] [ERASE] ch=5 lun=5 pl=0 blk=118 pg=255 erase_cnt=1 (vpc/ipc reset)
[EXP] [ERASE] ch=5 lun=6 pl=0 blk=118 pg=255 erase_cnt=1 (vpc/ipc reset)
[EXP] [ERASE] ch=5 lun=7 pl=0 blk=118 pg=255 erase_cnt=1 (vpc/ipc reset)
[EXP] [ERASE] ch=6 lun=0 pl=0 blk=118 pg=255 erase_cnt=1 (vpc/ipc reset)
[EXP] [ERASE] ch=6 lun=1 pl=0 blk=118 pg=255 erase_cnt=1 (vpc/ipc reset)
[EXP] [ERASE] ch=6 lun=2 pl=0 blk=118 pg=255 erase_cnt=1 (vpc/ipc reset)
[EXP] [ERASE] ch=6 lun=3 pl=0 blk=118 pg=255 erase_cnt=1 (vpc/ipc reset)
[EXP] [ERASE] ch=6 lun=4 pl=0 blk=118 pg=255 erase_cnt=1 (vpc/ipc reset)
[EXP] [ERASE] ch=6 lun=5 pl=0 blk=118 pg=255 erase_cnt=1 (vpc/ipc reset)
[EXP] [ERASE] ch=6 lun=6 pl=0 blk=118 pg=255 erase_cnt=1 (vpc/ipc reset)
[EXP] [ERASE] ch=6 lun=7 pl=0 blk=118 pg=255 erase_cnt=1 (vpc/ipc reset)
[EXP] [ERASE] ch=7 lun=0 pl=0 blk=118 pg=255 erase_cnt=1 (vpc/ipc reset)
[EXP] [ERASE] ch=7 lun=1 pl=0 blk=118 pg=255 erase_cnt=1 (vpc/ipc reset)
[EXP] [ERASE] ch=7 lun=2 pl=0 blk=118 pg=255 erase_cnt=1 (vpc/ipc reset)
[EXP] [ERASE] ch=7 lun=3 pl=0 blk=118 pg=255 erase_cnt=1 (vpc/ipc reset)
[EXP] [ERASE] ch=7 lun=4 pl=0 blk=118 pg=255 erase_cnt=1 (vpc/ipc reset)
[EXP] [ERASE] ch=7 lun=5 pl=0 blk=118 pg=255 erase_cnt=1 (vpc/ipc reset)
[EXP] [ERASE] ch=7 lun=6 pl=0 blk=118 pg=255 erase_cnt=1 (vpc/ipc reset)
[EXP] [ERASE] ch=7 lun=7 pl=0 blk=118 pg=255 erase_cnt=1 (vpc/ipc reset)
[EXP] [ERASE] ch=0 lun=0 pl=0 blk=97 pg=255 erase_cnt=50 (vpc/ipc reset)
[EXP] [ERASE] ch=0 lun=1 pl=0 blk=97 pg=255 erase_cnt=50 (vpc/ipc reset)
[EXP] [ERASE] ch=0 lun=2 pl=0 blk=97 pg=255 erase_cnt=50 (vpc/ipc reset)
[EXP] [ERASE] ch=0 lun=3 pl=0 blk=97 pg=255 erase_cnt=50 (vpc/ipc reset)
[EXP] [ERASE] ch=0 lun=4 pl=0 blk=97 pg=255 erase_cnt=50 (vpc/ipc reset)
[EXP] [ERASE] ch=0 lun=5 pl=0 blk=97 pg=255 erase_cnt=50 (vpc/ipc reset)
[EXP] [ERASE] ch=0 lun=6 pl=0 blk=97 pg=255 erase_cnt=50 (vpc/ipc reset)
[EXP] [ERASE] ch=0 lun=7 pl=0 blk=97 pg=255 erase_cnt=50 (vpc/ipc reset)
[EXP] [ERASE] ch=1 lun=0 pl=0 blk=97 pg=255 erase_cnt=50 (vpc/ipc reset)
[EXP] [ERASE] ch=1 lun=1 pl=0 blk=97 pg=255 erase_cnt=50 (vpc/ipc reset)
[EXP] [ERASE] ch=1 lun=2 pl=0 blk=97 pg=255 erase_cnt=50 (vpc/ipc reset)
[EXP] [ERASE] ch=1 lun=3 pl=0 blk=97 pg=255 erase_cnt=50 (vpc/ipc reset)
[EXP] [ERASE] ch=1 lun=4 pl=0 blk=97 pg=255 erase_cnt=50 (vpc/ipc reset)
[EXP] [ERASE] ch=1 lun=5 pl=0 blk=97 pg=255 erase_cnt=50 (vpc/ipc reset)
[EXP] [ERASE] ch=1 lun=6 pl=0 blk=97 pg=255 erase_cnt=50 (vpc/ipc reset)
[EXP] [ERASE] ch=1 lun=7 pl=0 blk=97 pg=255 erase_cnt=50 (vpc/ipc reset)
[EXP] [ERASE] ch=2 lun=0 pl=0 blk=97 pg=255 erase_cnt=50 (vpc/ipc reset)
[EXP] [ERASE] ch=2 lun=1 pl=0 blk=97 pg=255 erase_cnt=50 (vpc/ipc reset)
[EXP] [ERASE] ch=2 lun=2 pl=0 blk=97 pg=255 erase_cnt=50 (vpc/ipc reset)
[EXP] [ERASE] ch=2 lun=3 pl=0 blk=97 pg=255 erase_cnt=50 (vpc/ipc reset)
[EXP] [ERASE] ch=2 lun=4 pl=0 blk=97 pg=255 erase_cnt=50 (vpc/ipc reset)
[EXP] [ERASE] ch=2 lun=5 pl=0 blk=97 pg=255 erase_cnt=50 (vpc/ipc reset)
[EXP] [ERASE] ch=2 lun=6 pl=0 blk=97 pg=255 erase_cnt=50 (vpc/ipc reset)
[EXP] [ERASE] ch=2 lun=7 pl=0 blk=97 pg=255 erase_cnt=50 (vpc/ipc reset)
[EXP] [ERASE] ch=3 lun=0 pl=0 blk=97 pg=255 erase_cnt=50 (vpc/ipc reset)
[EXP] [ERASE] ch=3 lun=1 pl=0 blk=97 pg=255 erase_cnt=50 (vpc/ipc reset)
[EXP] [ERASE] ch=3 lun=2 pl=0 blk=97 pg=255 erase_cnt=50 (vpc/ipc reset)
[EXP] [ERASE] ch=3 lun=3 pl=0 blk=97 pg=255 erase_cnt=50 (vpc/ipc reset)
[EXP] [ERASE] ch=3 lun=4 pl=0 blk=97 pg=255 erase_cnt=50 (vpc/ipc reset)
[EXP] [ERASE] ch=3 lun=5 pl=0 blk=97 pg=255 erase_cnt=50 (vpc/ipc reset)
[EXP] [ERASE] ch=3 lun=6 pl=0 blk=97 pg=255 erase_cnt=50 (vpc/ipc reset)
[EXP] [ERASE] ch=3 lun=7 pl=0 blk=97 pg=255 erase_cnt=50 (vpc/ipc reset)
[EXP] [ERASE] ch=4 lun=0 pl=0 blk=97 pg=255 erase_cnt=50 (vpc/ipc reset)
[EXP] [ERASE] ch=4 lun=1 pl=0 blk=97 pg=255 erase_cnt=50 (vpc/ipc reset)
[EXP] [ERASE] ch=4 lun=2 pl=0 blk=97 pg=255 erase_cnt=50 (vpc/ipc reset)
[EXP] [ERASE] ch=4 lun=3 pl=0 blk=97 pg=255 erase_cnt=50 (vpc/ipc reset)
[EXP] [ERASE] ch=4 lun=4 pl=0 blk=97 pg=255 erase_cnt=50 (vpc/ipc reset)
[EXP] [ERASE] ch=4 lun=5 pl=0 blk=97 pg=255 erase_cnt=50 (vpc/ipc reset)
[EXP] [ERASE] ch=4 lun=6 pl=0 blk=97 pg=255 erase_cnt=50 (vpc/ipc reset)
[EXP] [ERASE] ch=4 lun=7 pl=0 blk=97 pg=255 erase_cnt=50 (vpc/ipc reset)
[EXP] [ERASE] ch=5 lun=0 pl=0 blk=97 pg=255 erase_cnt=50 (vpc/ipc reset)
[EXP] [ERASE] ch=5 lun=1 pl=0 blk=97 pg=255 erase_cnt=50 (vpc/ipc reset)
[EXP] [ERASE] ch=5 lun=2 pl=0 blk=97 pg=255 erase_cnt=50 (vpc/ipc reset)
[EXP] [ERASE] ch=5 lun=3 pl=0 blk=97 pg=255 erase_cnt=50 (vpc/ipc reset)
[EXP] [ERASE] ch=5 lun=4 pl=0 blk=97 pg=255 erase_cnt=50 (vpc/ipc reset)
[EXP] [ERASE] ch=5 lun=5 pl=0 blk=97 pg=255 erase_cnt=50 (vpc/ipc reset)
[EXP] [ERASE] ch=5 lun=6 pl=0 blk=97 pg=255 erase_cnt=50 (vpc/ipc reset)
[EXP] [ERASE] ch=5 lun=7 pl=0 blk=97 pg=255 erase_cnt=50 (vpc/ipc reset)
[EXP] [ERASE] ch=6 lun=0 pl=0 blk=97 pg=255 erase_cnt=50 (vpc/ipc reset)
[EXP] [ERASE] ch=6 lun=1 pl=0 blk=97 pg=255 erase_cnt=50 (vpc/ipc reset)
[EXP] [ERASE] ch=6 lun=2 pl=0 blk=97 pg=255 erase_cnt=50 (vpc/ipc reset)
[EXP] [ERASE] ch=6 lun=3 pl=0 blk=97 pg=255 erase_cnt=50 (vpc/ipc reset)
[EXP] [ERASE] ch=6 lun=4 pl=0 blk=97 pg=255 erase_cnt=50 (vpc/ipc reset)
[EXP] [ERASE] ch=6 lun=5 pl=0 blk=97 pg=255 erase_cnt=50 (vpc/ipc reset)
[EXP] [ERASE] ch=6 lun=6 pl=0 blk=97 pg=255 erase_cnt=50 (vpc/ipc reset)
[EXP] [ERASE] ch=6 lun=7 pl=0 blk=97 pg=255 erase_cnt=50 (vpc/ipc reset)
[EXP] [ERASE] ch=7 lun=0 pl=0 blk=97 pg=255 erase_cnt=50 (vpc/ipc reset)
[EXP] [ERASE] ch=7 lun=1 pl=0 blk=97 pg=255 erase_cnt=50 (vpc/ipc reset)
[EXP] [ERASE] ch=7 lun=2 pl=0 blk=97 pg=255 erase_cnt=50 (vpc/ipc reset)
[EXP] [ERASE] ch=7 lun=3 pl=0 blk=97 pg=255 erase_cnt=50 (vpc/ipc reset)
[EXP] [ERASE] ch=7 lun=4 pl=0 blk=97 pg=255 erase_cnt=50 (vpc/ipc reset)
[EXP] [ERASE] ch=7 lun=5 pl=0 blk=97 pg=255 erase_cnt=50 (vpc/ipc reset)
[EXP] [ERASE] ch=7 lun=6 pl=0 blk=97 pg=255 erase_cnt=50 (vpc/ipc reset)
[EXP] [ERASE] ch=7 lun=7 pl=0 blk=97 pg=255 erase_cnt=50 (vpc/ipc reset)
[EXP] [ERASE] ch=0 lun=0 pl=0 blk=97 pg=255 erase_cnt=51 (vpc/ipc reset)
[EXP] [ERASE] ch=0 lun=1 pl=0 blk=97 pg=255 erase_cnt=51 (vpc/ipc reset)
[EXP] [ERASE] ch=0 lun=2 pl=0 blk=97 pg=255 erase_cnt=51 (vpc/ipc reset)
[EXP] [ERASE] ch=0 lun=3 pl=0 blk=97 pg=255 erase_cnt=51 (vpc/ipc reset)
[EXP] [ERASE] ch=0 lun=4 pl=0 blk=97 pg=255 erase_cnt=51 (vpc/ipc reset)
[EXP] [ERASE] ch=0 lun=5 pl=0 blk=97 pg=255 erase_cnt=51 (vpc/ipc reset)
[EXP] [ERASE] ch=0 lun=6 pl=0 blk=97 pg=255 erase_cnt=51 (vpc/ipc reset)
[EXP] [ERASE] ch=0 lun=7 pl=0 blk=97 pg=255 erase_cnt=51 (vpc/ipc reset)
[EXP] [ERASE] ch=1 lun=0 pl=0 blk=97 pg=255 erase_cnt=51 (vpc/ipc reset)
[EXP] [ERASE] ch=1 lun=1 pl=0 blk=97 pg=255 erase_cnt=51 (vpc/ipc reset)
[EXP] [ERASE] ch=1 lun=2 pl=0 blk=97 pg=255 erase_cnt=51 (vpc/ipc reset)
[EXP] [ERASE] ch=1 lun=3 pl=0 blk=97 pg=255 erase_cnt=51 (vpc/ipc reset)
[EXP] [ERASE] ch=1 lun=4 pl=0 blk=97 pg=255 erase_cnt=51 (vpc/ipc reset)
[EXP] [ERASE] ch=1 lun=5 pl=0 blk=97 pg=255 erase_cnt=51 (vpc/ipc reset)
[EXP] [ERASE] ch=1 lun=6 pl=0 blk=97 pg=255 erase_cnt=51 (vpc/ipc reset)
[EXP] [ERASE] ch=1 lun=7 pl=0 blk=97 pg=255 erase_cnt=51 (vpc/ipc reset)
[EXP] [ERASE] ch=2 lun=0 pl=0 blk=97 pg=255 erase_cnt=51 (vpc/ipc reset)
[EXP] [ERASE] ch=2 lun=1 pl=0 blk=97 pg=255 erase_cnt=51 (vpc/ipc reset)
[EXP] [ERASE] ch=2 lun=2 pl=0 blk=97 pg=255 erase_cnt=51 (vpc/ipc reset)
[EXP] [ERASE] ch=2 lun=3 pl=0 blk=97 pg=255 erase_cnt=51 (vpc/ipc reset)
[EXP] [ERASE] ch=2 lun=4 pl=0 blk=97 pg=255 erase_cnt=51 (vpc/ipc reset)
[EXP] [ERASE] ch=2 lun=5 pl=0 blk=97 pg=255 erase_cnt=51 (vpc/ipc reset)
[EXP] [ERASE] ch=2 lun=6 pl=0 blk=97 pg=255 erase_cnt=51 (vpc/ipc reset)
[EXP] [ERASE] ch=2 lun=7 pl=0 blk=97 pg=255 erase_cnt=51 (vpc/ipc reset)
[EXP] [ERASE] ch=3 lun=0 pl=0 blk=97 pg=255 erase_cnt=51 (vpc/ipc reset)
[EXP] [ERASE] ch=3 lun=1 pl=0 blk=97 pg=255 erase_cnt=51 (vpc/ipc reset)
[EXP] [ERASE] ch=3 lun=2 pl=0 blk=97 pg=255 erase_cnt=51 (vpc/ipc reset)
[EXP] [ERASE] ch=3 lun=3 pl=0 blk=97 pg=255 erase_cnt=51 (vpc/ipc reset)
[EXP] [ERASE] ch=3 lun=4 pl=0 blk=97 pg=255 erase_cnt=51 (vpc/ipc reset)
[EXP] [ERASE] ch=3 lun=5 pl=0 blk=97 pg=255 erase_cnt=51 (vpc/ipc reset)
[EXP] [ERASE] ch=3 lun=6 pl=0 blk=97 pg=255 erase_cnt=51 (vpc/ipc reset)
[EXP] [ERASE] ch=3 lun=7 pl=0 blk=97 pg=255 erase_cnt=51 (vpc/ipc reset)
[EXP] [ERASE] ch=4 lun=0 pl=0 blk=97 pg=255 erase_cnt=51 (vpc/ipc reset)
[EXP] [ERASE] ch=4 lun=1 pl=0 blk=97 pg=255 erase_cnt=51 (vpc/ipc reset)
[EXP] [ERASE] ch=4 lun=2 pl=0 blk=97 pg=255 erase_cnt=51 (vpc/ipc reset)
[EXP] [ERASE] ch=4 lun=3 pl=0 blk=97 pg=255 erase_cnt=51 (vpc/ipc reset)
[EXP] [ERASE] ch=4 lun=4 pl=0 blk=97 pg=255 erase_cnt=51 (vpc/ipc reset)
[EXP] [ERASE] ch=4 lun=5 pl=0 blk=97 pg=255 erase_cnt=51 (vpc/ipc reset)
[EXP] [ERASE] ch=4 lun=6 pl=0 blk=97 pg=255 erase_cnt=51 (vpc/ipc reset)
[EXP] [ERASE] ch=4 lun=7 pl=0 blk=97 pg=255 erase_cnt=51 (vpc/ipc reset)
[EXP] [ERASE] ch=5 lun=0 pl=0 blk=97 pg=255 erase_cnt=51 (vpc/ipc reset)
[EXP] [ERASE] ch=5 lun=1 pl=0 blk=97 pg=255 erase_cnt=51 (vpc/ipc reset)
[EXP] [ERASE] ch=5 lun=2 pl=0 blk=97 pg=255 erase_cnt=51 (vpc/ipc reset)
[EXP] [ERASE] ch=5 lun=3 pl=0 blk=97 pg=255 erase_cnt=51 (vpc/ipc reset)
[EXP] [ERASE] ch=5 lun=4 pl=0 blk=97 pg=255 erase_cnt=51 (vpc/ipc reset)
[EXP] [ERASE] ch=5 lun=5 pl=0 blk=97 pg=255 erase_cnt=51 (vpc/ipc reset)
[EXP] [ERASE] ch=5 lun=6 pl=0 blk=97 pg=255 erase_cnt=51 (vpc/ipc reset)
[EXP] [ERASE] ch=5 lun=7 pl=0 blk=97 pg=255 erase_cnt=51 (vpc/ipc reset)
[EXP] [ERASE] ch=6 lun=0 pl=0 blk=97 pg=255 erase_cnt=51 (vpc/ipc reset)
[EXP] [ERASE] ch=6 lun=1 pl=0 blk=97 pg=255 erase_cnt=51 (vpc/ipc reset)
[EXP] [ERASE] ch=6 lun=2 pl=0 blk=97 pg=255 erase_cnt=51 (vpc/ipc reset)
[EXP] [ERASE] ch=6 lun=3 pl=0 blk=97 pg=255 erase_cnt=51 (vpc/ipc reset)
[EXP] [ERASE] ch=6 lun=4 pl=0 blk=97 pg=255 erase_cnt=51 (vpc/ipc reset)
[EXP] [ERASE] ch=6 lun=5 pl=0 blk=97 pg=255 erase_cnt=51 (vpc/ipc reset)
[EXP] [ERASE] ch=6 lun=6 pl=0 blk=97 pg=255 erase_cnt=51 (vpc/ipc reset)
[EXP] [ERASE] ch=6 lun=7 pl=0 blk=97 pg=255 erase_cnt=51 (vpc/ipc reset)
[EXP] [ERASE] ch=7 lun=0 pl=0 blk=97 pg=255 erase_cnt=51 (vpc/ipc reset)
[EXP] [ERASE] ch=7 lun=1 pl=0 blk=97 pg=255 erase_cnt=51 (vpc/ipc reset)
[EXP] [ERASE] ch=7 lun=2 pl=0 blk=97 pg=255 erase_cnt=51 (vpc/ipc reset)
[EXP] [ERASE] ch=7 lun=3 pl=0 blk=97 pg=255 erase_cnt=51 (vpc/ipc reset)
[EXP] [ERASE] ch=7 lun=4 pl=0 blk=97 pg=255 erase_cnt=51 (vpc/ipc reset)
[EXP] [ERASE] ch=7 lun=5 pl=0 blk=97 pg=255 erase_cnt=51 (vpc/ipc reset)
[EXP] [ERASE] ch=7 lun=6 pl=0 blk=97 pg=255 erase_cnt=51 (vpc/ipc reset)
[EXP] [ERASE] ch=7 lun=7 pl=0 blk=97 pg=255 erase_cnt=51 (vpc/ipc reset)
[EXP] [ERASE] ch=0 lun=0 pl=0 blk=97 pg=255 erase_cnt=52 (vpc/ipc reset)
[EXP] [ERASE] ch=0 lun=1 pl=0 blk=97 pg=255 erase_cnt=52 (vpc/ipc reset)
[EXP] [ERASE] ch=0 lun=2 pl=0 blk=97 pg=255 erase_cnt=52 (vpc/ipc reset)
[EXP] [ERASE] ch=0 lun=3 pl=0 blk=97 pg=255 erase_cnt=52 (vpc/ipc reset)
[EXP] [ERASE] ch=0 lun=4 pl=0 blk=97 pg=255 erase_cnt=52 (vpc/ipc reset)
[EXP] [ERASE] ch=0 lun=5 pl=0 blk=97 pg=255 erase_cnt=52 (vpc/ipc reset)
[EXP] [ERASE] ch=0 lun=6 pl=0 blk=97 pg=255 erase_cnt=52 (vpc/ipc reset)
[EXP] [ERASE] ch=0 lun=7 pl=0 blk=97 pg=255 erase_cnt=52 (vpc/ipc reset)
[EXP] [ERASE] ch=1 lun=0 pl=0 blk=97 pg=255 erase_cnt=52 (vpc/ipc reset)
[EXP] [ERASE] ch=1 lun=1 pl=0 blk=97 pg=255 erase_cnt=52 (vpc/ipc reset)
[EXP] [ERASE] ch=1 lun=2 pl=0 blk=97 pg=255 erase_cnt=52 (vpc/ipc reset)
[EXP] [ERASE] ch=1 lun=3 pl=0 blk=97 pg=255 erase_cnt=52 (vpc/ipc reset)
[EXP] [ERASE] ch=1 lun=4 pl=0 blk=97 pg=255 erase_cnt=52 (vpc/ipc reset)
[EXP] [ERASE] ch=1 lun=5 pl=0 blk=97 pg=255 erase_cnt=52 (vpc/ipc reset)
[EXP] [ERASE] ch=1 lun=6 pl=0 blk=97 pg=255 erase_cnt=52 (vpc/ipc reset)
[EXP] [ERASE] ch=1 lun=7 pl=0 blk=97 pg=255 erase_cnt=52 (vpc/ipc reset)
[EXP] [ERASE] ch=2 lun=0 pl=0 blk=97 pg=255 erase_cnt=52 (vpc/ipc reset)
[EXP] [ERASE] ch=2 lun=1 pl=0 blk=97 pg=255 erase_cnt=52 (vpc/ipc reset)
[EXP] [ERASE] ch=2 lun=2 pl=0 blk=97 pg=255 erase_cnt=52 (vpc/ipc reset)
[EXP] [ERASE] ch=2 lun=3 pl=0 blk=97 pg=255 erase_cnt=52 (vpc/ipc reset)
[EXP] [ERASE] ch=2 lun=4 pl=0 blk=97 pg=255 erase_cnt=52 (vpc/ipc reset)
[EXP] [ERASE] ch=2 lun=5 pl=0 blk=97 pg=255 erase_cnt=52 (vpc/ipc reset)
[EXP] [ERASE] ch=2 lun=6 pl=0 blk=97 pg=255 erase_cnt=52 (vpc/ipc reset)
[EXP] [ERASE] ch=2 lun=7 pl=0 blk=97 pg=255 erase_cnt=52 (vpc/ipc reset)
[EXP] [ERASE] ch=3 lun=0 pl=0 blk=97 pg=255 erase_cnt=52 (vpc/ipc reset)
[EXP] [ERASE] ch=3 lun=1 pl=0 blk=97 pg=255 erase_cnt=52 (vpc/ipc reset)
[EXP] [ERASE] ch=3 lun=2 pl=0 blk=97 pg=255 erase_cnt=52 (vpc/ipc reset)
[EXP] [ERASE] ch=3 lun=3 pl=0 blk=97 pg=255 erase_cnt=52 (vpc/ipc reset)
[EXP] [ERASE] ch=3 lun=4 pl=0 blk=97 pg=255 erase_cnt=52 (vpc/ipc reset)
[EXP] [ERASE] ch=3 lun=5 pl=0 blk=97 pg=255 erase_cnt=52 (vpc/ipc reset)
[EXP] [ERASE] ch=3 lun=6 pl=0 blk=97 pg=255 erase_cnt=52 (vpc/ipc reset)
[EXP] [ERASE] ch=3 lun=7 pl=0 blk=97 pg=255 erase_cnt=52 (vpc/ipc reset)
[EXP] [ERASE] ch=4 lun=0 pl=0 blk=97 pg=255 erase_cnt=52 (vpc/ipc reset)
[EXP] [ERASE] ch=4 lun=1 pl=0 blk=97 pg=255 erase_cnt=52 (vpc/ipc reset)
[EXP] [ERASE] ch=4 lun=2 pl=0 blk=97 pg=255 erase_cnt=52 (vpc/ipc reset)
[EXP] [ERASE] ch=4 lun=3 pl=0 blk=97 pg=255 erase_cnt=52 (vpc/ipc reset)
[EXP] [ERASE] ch=4 lun=4 pl=0 blk=97 pg=255 erase_cnt=52 (vpc/ipc reset)
[EXP] [ERASE] ch=4 lun=5 pl=0 blk=97 pg=255 erase_cnt=52 (vpc/ipc reset)
[EXP] [ERASE] ch=4 lun=6 pl=0 blk=97 pg=255 erase_cnt=52 (vpc/ipc reset)
[EXP] [ERASE] ch=4 lun=7 pl=0 blk=97 pg=255 erase_cnt=52 (vpc/ipc reset)
[EXP] [ERASE] ch=5 lun=0 pl=0 blk=97 pg=255 erase_cnt=52 (vpc/ipc reset)
[EXP] [ERASE] ch=5 lun=1 pl=0 blk=97 pg=255 erase_cnt=52 (vpc/ipc reset)
[EXP] [ERASE] ch=5 lun=2 pl=0 blk=97 pg=255 erase_cnt=52 (vpc/ipc reset)
[EXP] [ERASE] ch=5 lun=3 pl=0 blk=97 pg=255 erase_cnt=52 (vpc/ipc reset)
[EXP] [ERASE] ch=5 lun=4 pl=0 blk=97 pg=255 erase_cnt=52 (vpc/ipc reset)
[EXP] [ERASE] ch=5 lun=5 pl=0 blk=97 pg=255 erase_cnt=52 (vpc/ipc reset)
[EXP] [ERASE] ch=5 lun=6 pl=0 blk=97 pg=255 erase_cnt=52 (vpc/ipc reset)
[EXP] [ERASE] ch=5 lun=7 pl=0 blk=97 pg=255 erase_cnt=52 (vpc/ipc reset)
[EXP] [ERASE] ch=6 lun=0 pl=0 blk=97 pg=255 erase_cnt=52 (vpc/ipc reset)
[EXP] [ERASE] ch=6 lun=1 pl=0 blk=97 pg=255 erase_cnt=52 (vpc/ipc reset)
[EXP] [ERASE] ch=6 lun=2 pl=0 blk=97 pg=255 erase_cnt=52 (vpc/ipc reset)
[EXP] [ERASE] ch=6 lun=3 pl=0 blk=97 pg=255 erase_cnt=52 (vpc/ipc reset)
[EXP] [ERASE] ch=6 lun=4 pl=0 blk=97 pg=255 erase_cnt=52 (vpc/ipc reset)
[EXP] [ERASE] ch=6 lun=5 pl=0 blk=97 pg=255 erase_cnt=52 (vpc/ipc reset)
[EXP] [ERASE] ch=6 lun=6 pl=0 blk=97 pg=255 erase_cnt=52 (vpc/ipc reset)
[EXP] [ERASE] ch=6 lun=7 pl=0 blk=97 pg=255 erase_cnt=52 (vpc/ipc reset)
[EXP] [ERASE] ch=7 lun=0 pl=0 blk=97 pg=255 erase_cnt=52 (vpc/ipc reset)
[EXP] [ERASE] ch=7 lun=1 pl=0 blk=97 pg=255 erase_cnt=52 (vpc/ipc reset)
[EXP] [ERASE] ch=7 lun=2 pl=0 blk=97 pg=255 erase_cnt=52 (vpc/ipc reset)
[EXP] [ERASE] ch=7 lun=3 pl=0 blk=97 pg=255 erase_cnt=52 (vpc/ipc reset)
[EXP] [ERASE] ch=7 lun=4 pl=0 blk=97 pg=255 erase_cnt=52 (vpc/ipc reset)
[EXP] [ERASE] ch=7 lun=5 pl=0 blk=97 pg=255 erase_cnt=52 (vpc/ipc reset)
[EXP] [ERASE] ch=7 lun=6 pl=0 blk=97 pg=255 erase_cnt=52 (vpc/ipc reset)
[EXP] [ERASE] ch=7 lun=7 pl=0 blk=97 pg=255 erase_cnt=52 (vpc/ipc reset)
[EXP] [ERASE] ch=0 lun=0 pl=0 blk=119 pg=255 erase_cnt=1 (vpc/ipc reset)
[EXP] [ERASE] ch=0 lun=1 pl=0 blk=119 pg=255 erase_cnt=1 (vpc/ipc reset)
[EXP] [ERASE] ch=0 lun=2 pl=0 blk=119 pg=255 erase_cnt=1 (vpc/ipc reset)
[EXP] [ERASE] ch=0 lun=3 pl=0 blk=119 pg=255 erase_cnt=1 (vpc/ipc reset)
[EXP] [ERASE] ch=0 lun=4 pl=0 blk=119 pg=255 erase_cnt=1 (vpc/ipc reset)
[EXP] [ERASE] ch=0 lun=5 pl=0 blk=119 pg=255 erase_cnt=1 (vpc/ipc reset)
[EXP] [ERASE] ch=0 lun=6 pl=0 blk=119 pg=255 erase_cnt=1 (vpc/ipc reset)
[EXP] [ERASE] ch=0 lun=7 pl=0 blk=119 pg=255 erase_cnt=1 (vpc/ipc reset)
[EXP] [ERASE] ch=1 lun=0 pl=0 blk=119 pg=255 erase_cnt=1 (vpc/ipc reset)
[EXP] [ERASE] ch=1 lun=1 pl=0 blk=119 pg=255 erase_cnt=1 (vpc/ipc reset)
[EXP] [ERASE] ch=1 lun=2 pl=0 blk=119 pg=255 erase_cnt=1 (vpc/ipc reset)
[EXP] [ERASE] ch=1 lun=3 pl=0 blk=119 pg=255 erase_cnt=1 (vpc/ipc reset)
[EXP] [ERASE] ch=1 lun=4 pl=0 blk=119 pg=255 erase_cnt=1 (vpc/ipc reset)
[EXP] [ERASE] ch=1 lun=5 pl=0 blk=119 pg=255 erase_cnt=1 (vpc/ipc reset)
[EXP] [ERASE] ch=1 lun=6 pl=0 blk=119 pg=255 erase_cnt=1 (vpc/ipc reset)
[EXP] [ERASE] ch=1 lun=7 pl=0 blk=119 pg=255 erase_cnt=1 (vpc/ipc reset)
[EXP] [ERASE] ch=2 lun=0 pl=0 blk=119 pg=255 erase_cnt=1 (vpc/ipc reset)
[EXP] [ERASE] ch=2 lun=1 pl=0 blk=119 pg=255 erase_cnt=1 (vpc/ipc reset)
[EXP] [ERASE] ch=2 lun=2 pl=0 blk=119 pg=255 erase_cnt=1 (vpc/ipc reset)
[EXP] [ERASE] ch=2 lun=3 pl=0 blk=119 pg=255 erase_cnt=1 (vpc/ipc reset)
[EXP] [ERASE] ch=2 lun=4 pl=0 blk=119 pg=255 erase_cnt=1 (vpc/ipc reset)
[EXP] [ERASE] ch=2 lun=5 pl=0 blk=119 pg=255 erase_cnt=1 (vpc/ipc reset)
[EXP] [ERASE] ch=2 lun=6 pl=0 blk=119 pg=255 erase_cnt=1 (vpc/ipc reset)
[EXP] [GC_MOVE] lpn=0 ch=2 lun=7 pl=0 blk=119 pg=5 -> ch=3 lun=2 pl=0 blk=120 pg=2
[EXP] [ERASE] ch=2 lun=7 pl=0 blk=119 pg=255 erase_cnt=1 (vpc/ipc reset)
[EXP] [ERASE] ch=3 lun=0 pl=0 blk=119 pg=255 erase_cnt=1 (vpc/ipc reset)
[EXP] [ERASE] ch=3 lun=1 pl=0 blk=119 pg=255 erase_cnt=1 (vpc/ipc reset)
[EXP] [ERASE] ch=3 lun=2 pl=0 blk=119 pg=255 erase_cnt=1 (vpc/ipc reset)
[EXP] [ERASE] ch=3 lun=3 pl=0 blk=119 pg=255 erase_cnt=1 (vpc/ipc reset)
[EXP] [ERASE] ch=3 lun=4 pl=0 blk=119 pg=255 erase_cnt=1 (vpc/ipc reset)
[EXP] [ERASE] ch=3 lun=5 pl=0 blk=119 pg=255 erase_cnt=1 (vpc/ipc reset)
[EXP] [ERASE] ch=3 lun=6 pl=0 blk=119 pg=255 erase_cnt=1 (vpc/ipc reset)
[EXP] [ERASE] ch=3 lun=7 pl=0 blk=119 pg=255 erase_cnt=1 (vpc/ipc reset)
[EXP] [ERASE] ch=4 lun=0 pl=0 blk=119 pg=255 erase_cnt=1 (vpc/ipc reset)
[EXP] [ERASE] ch=4 lun=1 pl=0 blk=119 pg=255 erase_cnt=1 (vpc/ipc reset)
[EXP] [ERASE] ch=4 lun=2 pl=0 blk=119 pg=255 erase_cnt=1 (vpc/ipc reset)
[EXP] [ERASE] ch=4 lun=3 pl=0 blk=119 pg=255 erase_cnt=1 (vpc/ipc reset)
[EXP] [ERASE] ch=4 lun=4 pl=0 blk=119 pg=255 erase_cnt=1 (vpc/ipc reset)
[EXP] [ERASE] ch=4 lun=5 pl=0 blk=119 pg=255 erase_cnt=1 (vpc/ipc reset)
[EXP] [ERASE] ch=4 lun=6 pl=0 blk=119 pg=255 erase_cnt=1 (vpc/ipc reset)
[EXP] [ERASE] ch=4 lun=7 pl=0 blk=119 pg=255 erase_cnt=1 (vpc/ipc reset)
[EXP] [ERASE] ch=5 lun=0 pl=0 blk=119 pg=255 erase_cnt=1 (vpc/ipc reset)
[EXP] [ERASE] ch=5 lun=1 pl=0 blk=119 pg=255 erase_cnt=1 (vpc/ipc reset)
[EXP] [ERASE] ch=5 lun=2 pl=0 blk=119 pg=255 erase_cnt=1 (vpc/ipc reset)
[EXP] [ERASE] ch=5 lun=3 pl=0 blk=119 pg=255 erase_cnt=1 (vpc/ipc reset)
[EXP] [ERASE] ch=5 lun=4 pl=0 blk=119 pg=255 erase_cnt=1 (vpc/ipc reset)
[EXP] [ERASE] ch=5 lun=5 pl=0 blk=119 pg=255 erase_cnt=1 (vpc/ipc reset)
[EXP] [ERASE] ch=5 lun=6 pl=0 blk=119 pg=255 erase_cnt=1 (vpc/ipc reset)
[EXP] [ERASE] ch=5 lun=7 pl=0 blk=119 pg=255 erase_cnt=1 (vpc/ipc reset)
[EXP] [ERASE] ch=6 lun=0 pl=0 blk=119 pg=255 erase_cnt=1 (vpc/ipc reset)
[EXP] [ERASE] ch=6 lun=1 pl=0 blk=119 pg=255 erase_cnt=1 (vpc/ipc reset)
[EXP] [ERASE] ch=6 lun=2 pl=0 blk=119 pg=255 erase_cnt=1 (vpc/ipc reset)
[EXP] [ERASE] ch=6 lun=3 pl=0 blk=119 pg=255 erase_cnt=1 (vpc/ipc reset)
[EXP] [ERASE] ch=6 lun=4 pl=0 blk=119 pg=255 erase_cnt=1 (vpc/ipc reset)
[EXP] [ERASE] ch=6 lun=5 pl=0 blk=119 pg=255 erase_cnt=1 (vpc/ipc reset)
[EXP] [ERASE] ch=6 lun=6 pl=0 blk=119 pg=255 erase_cnt=1 (vpc/ipc reset)
[EXP] [ERASE] ch=6 lun=7 pl=0 blk=119 pg=255 erase_cnt=1 (vpc/ipc reset)
[EXP] [ERASE] ch=7 lun=0 pl=0 blk=119 pg=255 erase_cnt=1 (vpc/ipc reset)
[EXP] [ERASE] ch=7 lun=1 pl=0 blk=119 pg=255 erase_cnt=1 (vpc/ipc reset)
[EXP] [ERASE] ch=7 lun=2 pl=0 blk=119 pg=255 erase_cnt=1 (vpc/ipc reset)
[EXP] [ERASE] ch=7 lun=3 pl=0 blk=119 pg=255 erase_cnt=1 (vpc/ipc reset)
[EXP] [ERASE] ch=7 lun=4 pl=0 blk=119 pg=255 erase_cnt=1 (vpc/ipc reset)
[EXP] [ERASE] ch=7 lun=5 pl=0 blk=119 pg=255 erase_cnt=1 (vpc/ipc reset)
[EXP] [ERASE] ch=7 lun=6 pl=0 blk=119 pg=255 erase_cnt=1 (vpc/ipc reset)
[EXP] [ERASE] ch=7 lun=7 pl=0 blk=119 pg=255 erase_cnt=1 (vpc/ipc reset)
[EXP] [ERASE] ch=0 lun=0 pl=0 blk=97 pg=255 erase_cnt=53 (vpc/ipc reset)
[EXP] [ERASE] ch=0 lun=1 pl=0 blk=97 pg=255 erase_cnt=53 (vpc/ipc reset)
[EXP] [ERASE] ch=0 lun=2 pl=0 blk=97 pg=255 erase_cnt=53 (vpc/ipc reset)
[EXP] [ERASE] ch=0 lun=3 pl=0 blk=97 pg=255 erase_cnt=53 (vpc/ipc reset)
[EXP] [ERASE] ch=0 lun=4 pl=0 blk=97 pg=255 erase_cnt=53 (vpc/ipc reset)
[EXP] [ERASE] ch=0 lun=5 pl=0 blk=97 pg=255 erase_cnt=53 (vpc/ipc reset)
[EXP] [ERASE] ch=0 lun=6 pl=0 blk=97 pg=255 erase_cnt=53 (vpc/ipc reset)
[EXP] [ERASE] ch=0 lun=7 pl=0 blk=97 pg=255 erase_cnt=53 (vpc/ipc reset)
[EXP] [ERASE] ch=1 lun=0 pl=0 blk=97 pg=255 erase_cnt=53 (vpc/ipc reset)
[EXP] [ERASE] ch=1 lun=1 pl=0 blk=97 pg=255 erase_cnt=53 (vpc/ipc reset)
[EXP] [ERASE] ch=1 lun=2 pl=0 blk=97 pg=255 erase_cnt=53 (vpc/ipc reset)
[EXP] [ERASE] ch=1 lun=3 pl=0 blk=97 pg=255 erase_cnt=53 (vpc/ipc reset)
[EXP] [ERASE] ch=1 lun=4 pl=0 blk=97 pg=255 erase_cnt=53 (vpc/ipc reset)
[EXP] [ERASE] ch=1 lun=5 pl=0 blk=97 pg=255 erase_cnt=53 (vpc/ipc reset)
[EXP] [ERASE] ch=1 lun=6 pl=0 blk=97 pg=255 erase_cnt=53 (vpc/ipc reset)
[EXP] [ERASE] ch=1 lun=7 pl=0 blk=97 pg=255 erase_cnt=53 (vpc/ipc reset)
[EXP] [ERASE] ch=2 lun=0 pl=0 blk=97 pg=255 erase_cnt=53 (vpc/ipc reset)
[EXP] [ERASE] ch=2 lun=1 pl=0 blk=97 pg=255 erase_cnt=53 (vpc/ipc reset)
[EXP] [ERASE] ch=2 lun=2 pl=0 blk=97 pg=255 erase_cnt=53 (vpc/ipc reset)
[EXP] [ERASE] ch=2 lun=3 pl=0 blk=97 pg=255 erase_cnt=53 (vpc/ipc reset)
[EXP] [ERASE] ch=2 lun=4 pl=0 blk=97 pg=255 erase_cnt=53 (vpc/ipc reset)
[EXP] [ERASE] ch=2 lun=5 pl=0 blk=97 pg=255 erase_cnt=53 (vpc/ipc reset)
[EXP] [ERASE] ch=2 lun=6 pl=0 blk=97 pg=255 erase_cnt=53 (vpc/ipc reset)
[EXP] [ERASE] ch=2 lun=7 pl=0 blk=97 pg=255 erase_cnt=53 (vpc/ipc reset)
[EXP] [ERASE] ch=3 lun=0 pl=0 blk=97 pg=255 erase_cnt=53 (vpc/ipc reset)
[EXP] [ERASE] ch=3 lun=1 pl=0 blk=97 pg=255 erase_cnt=53 (vpc/ipc reset)
[EXP] [ERASE] ch=3 lun=2 pl=0 blk=97 pg=255 erase_cnt=53 (vpc/ipc reset)
[EXP] [ERASE] ch=3 lun=3 pl=0 blk=97 pg=255 erase_cnt=53 (vpc/ipc reset)
[EXP] [ERASE] ch=3 lun=4 pl=0 blk=97 pg=255 erase_cnt=53 (vpc/ipc reset)
[EXP] [ERASE] ch=3 lun=5 pl=0 blk=97 pg=255 erase_cnt=53 (vpc/ipc reset)
[EXP] [ERASE] ch=3 lun=6 pl=0 blk=97 pg=255 erase_cnt=53 (vpc/ipc reset)
[EXP] [ERASE] ch=3 lun=7 pl=0 blk=97 pg=255 erase_cnt=53 (vpc/ipc reset)
[EXP] [ERASE] ch=4 lun=0 pl=0 blk=97 pg=255 erase_cnt=53 (vpc/ipc reset)
[EXP] [ERASE] ch=4 lun=1 pl=0 blk=97 pg=255 erase_cnt=53 (vpc/ipc reset)
[EXP] [ERASE] ch=4 lun=2 pl=0 blk=97 pg=255 erase_cnt=53 (vpc/ipc reset)
[EXP] [ERASE] ch=4 lun=3 pl=0 blk=97 pg=255 erase_cnt=53 (vpc/ipc reset)
[EXP] [ERASE] ch=4 lun=4 pl=0 blk=97 pg=255 erase_cnt=53 (vpc/ipc reset)
[EXP] [ERASE] ch=4 lun=5 pl=0 blk=97 pg=255 erase_cnt=53 (vpc/ipc reset)
[EXP] [ERASE] ch=4 lun=6 pl=0 blk=97 pg=255 erase_cnt=53 (vpc/ipc reset)
[EXP] [ERASE] ch=4 lun=7 pl=0 blk=97 pg=255 erase_cnt=53 (vpc/ipc reset)
[EXP] [ERASE] ch=5 lun=0 pl=0 blk=97 pg=255 erase_cnt=53 (vpc/ipc reset)
[EXP] [ERASE] ch=5 lun=1 pl=0 blk=97 pg=255 erase_cnt=53 (vpc/ipc reset)
[EXP] [ERASE] ch=5 lun=2 pl=0 blk=97 pg=255 erase_cnt=53 (vpc/ipc reset)
[EXP] [ERASE] ch=5 lun=3 pl=0 blk=97 pg=255 erase_cnt=53 (vpc/ipc reset)
[EXP] [ERASE] ch=5 lun=4 pl=0 blk=97 pg=255 erase_cnt=53 (vpc/ipc reset)
[EXP] [ERASE] ch=5 lun=5 pl=0 blk=97 pg=255 erase_cnt=53 (vpc/ipc reset)
[EXP] [ERASE] ch=5 lun=6 pl=0 blk=97 pg=255 erase_cnt=53 (vpc/ipc reset)
[EXP] [ERASE] ch=5 lun=7 pl=0 blk=97 pg=255 erase_cnt=53 (vpc/ipc reset)
[EXP] [ERASE] ch=6 lun=0 pl=0 blk=97 pg=255 erase_cnt=53 (vpc/ipc reset)
[EXP] [ERASE] ch=6 lun=1 pl=0 blk=97 pg=255 erase_cnt=53 (vpc/ipc reset)
[EXP] [ERASE] ch=6 lun=2 pl=0 blk=97 pg=255 erase_cnt=53 (vpc/ipc reset)
[EXP] [ERASE] ch=6 lun=3 pl=0 blk=97 pg=255 erase_cnt=53 (vpc/ipc reset)
[EXP] [ERASE] ch=6 lun=4 pl=0 blk=97 pg=255 erase_cnt=53 (vpc/ipc reset)
[EXP] [ERASE] ch=6 lun=5 pl=0 blk=97 pg=255 erase_cnt=53 (vpc/ipc reset)
[EXP] [ERASE] ch=6 lun=6 pl=0 blk=97 pg=255 erase_cnt=53 (vpc/ipc reset)
[EXP] [ERASE] ch=6 lun=7 pl=0 blk=97 pg=255 erase_cnt=53 (vpc/ipc reset)
[EXP] [ERASE] ch=7 lun=0 pl=0 blk=97 pg=255 erase_cnt=53 (vpc/ipc reset)
[EXP] [ERASE] ch=7 lun=1 pl=0 blk=97 pg=255 erase_cnt=53 (vpc/ipc reset)
[EXP] [ERASE] ch=7 lun=2 pl=0 blk=97 pg=255 erase_cnt=53 (vpc/ipc reset)
[EXP] [ERASE] ch=7 lun=3 pl=0 blk=97 pg=255 erase_cnt=53 (vpc/ipc reset)
[EXP] [ERASE] ch=7 lun=4 pl=0 blk=97 pg=255 erase_cnt=53 (vpc/ipc reset)
[EXP] [ERASE] ch=7 lun=5 pl=0 blk=97 pg=255 erase_cnt=53 (vpc/ipc reset)
[EXP] [ERASE] ch=7 lun=6 pl=0 blk=97 pg=255 erase_cnt=53 (vpc/ipc reset)
[EXP] [ERASE] ch=7 lun=7 pl=0 blk=97 pg=255 erase_cnt=53 (vpc/ipc reset)
[EXP] [ERASE] ch=0 lun=0 pl=0 blk=97 pg=255 erase_cnt=54 (vpc/ipc reset)
[EXP] [ERASE] ch=0 lun=1 pl=0 blk=97 pg=255 erase_cnt=54 (vpc/ipc reset)
[EXP] [ERASE] ch=0 lun=2 pl=0 blk=97 pg=255 erase_cnt=54 (vpc/ipc reset)
[EXP] [ERASE] ch=0 lun=3 pl=0 blk=97 pg=255 erase_cnt=54 (vpc/ipc reset)
[EXP] [ERASE] ch=0 lun=4 pl=0 blk=97 pg=255 erase_cnt=54 (vpc/ipc reset)
[EXP] [ERASE] ch=0 lun=5 pl=0 blk=97 pg=255 erase_cnt=54 (vpc/ipc reset)
[EXP] [ERASE] ch=0 lun=6 pl=0 blk=97 pg=255 erase_cnt=54 (vpc/ipc reset)
[EXP] [ERASE] ch=0 lun=7 pl=0 blk=97 pg=255 erase_cnt=54 (vpc/ipc reset)
[EXP] [ERASE] ch=1 lun=0 pl=0 blk=97 pg=255 erase_cnt=54 (vpc/ipc reset)
[EXP] [ERASE] ch=1 lun=1 pl=0 blk=97 pg=255 erase_cnt=54 (vpc/ipc reset)
[EXP] [ERASE] ch=1 lun=2 pl=0 blk=97 pg=255 erase_cnt=54 (vpc/ipc reset)
[EXP] [ERASE] ch=1 lun=3 pl=0 blk=97 pg=255 erase_cnt=54 (vpc/ipc reset)
[EXP] [ERASE] ch=1 lun=4 pl=0 blk=97 pg=255 erase_cnt=54 (vpc/ipc reset)
[EXP] [ERASE] ch=1 lun=5 pl=0 blk=97 pg=255 erase_cnt=54 (vpc/ipc reset)
[EXP] [ERASE] ch=1 lun=6 pl=0 blk=97 pg=255 erase_cnt=54 (vpc/ipc reset)
[EXP] [ERASE] ch=1 lun=7 pl=0 blk=97 pg=255 erase_cnt=54 (vpc/ipc reset)
[EXP] [ERASE] ch=2 lun=0 pl=0 blk=97 pg=255 erase_cnt=54 (vpc/ipc reset)
[EXP] [ERASE] ch=2 lun=1 pl=0 blk=97 pg=255 erase_cnt=54 (vpc/ipc reset)
[EXP] [ERASE] ch=2 lun=2 pl=0 blk=97 pg=255 erase_cnt=54 (vpc/ipc reset)
[EXP] [ERASE] ch=2 lun=3 pl=0 blk=97 pg=255 erase_cnt=54 (vpc/ipc reset)
[EXP] [ERASE] ch=2 lun=4 pl=0 blk=97 pg=255 erase_cnt=54 (vpc/ipc reset)
[EXP] [ERASE] ch=2 lun=5 pl=0 blk=97 pg=255 erase_cnt=54 (vpc/ipc reset)
[EXP] [ERASE] ch=2 lun=6 pl=0 blk=97 pg=255 erase_cnt=54 (vpc/ipc reset)
[EXP] [ERASE] ch=2 lun=7 pl=0 blk=97 pg=255 erase_cnt=54 (vpc/ipc reset)
[EXP] [ERASE] ch=3 lun=0 pl=0 blk=97 pg=255 erase_cnt=54 (vpc/ipc reset)
[EXP] [ERASE] ch=3 lun=1 pl=0 blk=97 pg=255 erase_cnt=54 (vpc/ipc reset)
[EXP] [ERASE] ch=3 lun=2 pl=0 blk=97 pg=255 erase_cnt=54 (vpc/ipc reset)
[EXP] [ERASE] ch=3 lun=3 pl=0 blk=97 pg=255 erase_cnt=54 (vpc/ipc reset)
[EXP] [ERASE] ch=3 lun=4 pl=0 blk=97 pg=255 erase_cnt=54 (vpc/ipc reset)
[EXP] [ERASE] ch=3 lun=5 pl=0 blk=97 pg=255 erase_cnt=54 (vpc/ipc reset)
[EXP] [ERASE] ch=3 lun=6 pl=0 blk=97 pg=255 erase_cnt=54 (vpc/ipc reset)
[EXP] [ERASE] ch=3 lun=7 pl=0 blk=97 pg=255 erase_cnt=54 (vpc/ipc reset)
[EXP] [ERASE] ch=4 lun=0 pl=0 blk=97 pg=255 erase_cnt=54 (vpc/ipc reset)
[EXP] [ERASE] ch=4 lun=1 pl=0 blk=97 pg=255 erase_cnt=54 (vpc/ipc reset)
[EXP] [ERASE] ch=4 lun=2 pl=0 blk=97 pg=255 erase_cnt=54 (vpc/ipc reset)
[EXP] [ERASE] ch=4 lun=3 pl=0 blk=97 pg=255 erase_cnt=54 (vpc/ipc reset)
[EXP] [ERASE] ch=4 lun=4 pl=0 blk=97 pg=255 erase_cnt=54 (vpc/ipc reset)
[EXP] [ERASE] ch=4 lun=5 pl=0 blk=97 pg=255 erase_cnt=54 (vpc/ipc reset)
[EXP] [ERASE] ch=4 lun=6 pl=0 blk=97 pg=255 erase_cnt=54 (vpc/ipc reset)
[EXP] [ERASE] ch=4 lun=7 pl=0 blk=97 pg=255 erase_cnt=54 (vpc/ipc reset)
[EXP] [ERASE] ch=5 lun=0 pl=0 blk=97 pg=255 erase_cnt=54 (vpc/ipc reset)
[EXP] [ERASE] ch=5 lun=1 pl=0 blk=97 pg=255 erase_cnt=54 (vpc/ipc reset)
[EXP] [ERASE] ch=5 lun=2 pl=0 blk=97 pg=255 erase_cnt=54 (vpc/ipc reset)
[EXP] [ERASE] ch=5 lun=3 pl=0 blk=97 pg=255 erase_cnt=54 (vpc/ipc reset)
[EXP] [ERASE] ch=5 lun=4 pl=0 blk=97 pg=255 erase_cnt=54 (vpc/ipc reset)
[EXP] [ERASE] ch=5 lun=5 pl=0 blk=97 pg=255 erase_cnt=54 (vpc/ipc reset)
[EXP] [ERASE] ch=5 lun=6 pl=0 blk=97 pg=255 erase_cnt=54 (vpc/ipc reset)
[EXP] [ERASE] ch=5 lun=7 pl=0 blk=97 pg=255 erase_cnt=54 (vpc/ipc reset)
[EXP] [ERASE] ch=6 lun=0 pl=0 blk=97 pg=255 erase_cnt=54 (vpc/ipc reset)
[EXP] [ERASE] ch=6 lun=1 pl=0 blk=97 pg=255 erase_cnt=54 (vpc/ipc reset)
[EXP] [ERASE] ch=6 lun=2 pl=0 blk=97 pg=255 erase_cnt=54 (vpc/ipc reset)
[EXP] [ERASE] ch=6 lun=3 pl=0 blk=97 pg=255 erase_cnt=54 (vpc/ipc reset)
[EXP] [ERASE] ch=6 lun=4 pl=0 blk=97 pg=255 erase_cnt=54 (vpc/ipc reset)
[EXP] [ERASE] ch=6 lun=5 pl=0 blk=97 pg=255 erase_cnt=54 (vpc/ipc reset)
[EXP] [ERASE] ch=6 lun=6 pl=0 blk=97 pg=255 erase_cnt=54 (vpc/ipc reset)
[EXP] [ERASE] ch=6 lun=7 pl=0 blk=97 pg=255 erase_cnt=54 (vpc/ipc reset)
[EXP] [ERASE] ch=7 lun=0 pl=0 blk=97 pg=255 erase_cnt=54 (vpc/ipc reset)
[EXP] [ERASE] ch=7 lun=1 pl=0 blk=97 pg=255 erase_cnt=54 (vpc/ipc reset)
[EXP] [ERASE] ch=7 lun=2 pl=0 blk=97 pg=255 erase_cnt=54 (vpc/ipc reset)
[EXP] [ERASE] ch=7 lun=3 pl=0 blk=97 pg=255 erase_cnt=54 (vpc/ipc reset)
[EXP] [ERASE] ch=7 lun=4 pl=0 blk=97 pg=255 erase_cnt=54 (vpc/ipc reset)
[EXP] [ERASE] ch=7 lun=5 pl=0 blk=97 pg=255 erase_cnt=54 (vpc/ipc reset)
[EXP] [ERASE] ch=7 lun=6 pl=0 blk=97 pg=255 erase_cnt=54 (vpc/ipc reset)
[EXP] [ERASE] ch=7 lun=7 pl=0 blk=97 pg=255 erase_cnt=54 (vpc/ipc reset)
[EXP] [ERASE] ch=0 lun=0 pl=0 blk=97 pg=255 erase_cnt=55 (vpc/ipc reset)
[EXP] [ERASE] ch=0 lun=1 pl=0 blk=97 pg=255 erase_cnt=55 (vpc/ipc reset)
[EXP] [ERASE] ch=0 lun=2 pl=0 blk=97 pg=255 erase_cnt=55 (vpc/ipc reset)
[EXP] [ERASE] ch=0 lun=3 pl=0 blk=97 pg=255 erase_cnt=55 (vpc/ipc reset)
[EXP] [ERASE] ch=0 lun=4 pl=0 blk=97 pg=255 erase_cnt=55 (vpc/ipc reset)
[EXP] [ERASE] ch=0 lun=5 pl=0 blk=97 pg=255 erase_cnt=55 (vpc/ipc reset)
[EXP] [ERASE] ch=0 lun=6 pl=0 blk=97 pg=255 erase_cnt=55 (vpc/ipc reset)
[EXP] [ERASE] ch=0 lun=7 pl=0 blk=97 pg=255 erase_cnt=55 (vpc/ipc reset)
[EXP] [ERASE] ch=1 lun=0 pl=0 blk=97 pg=255 erase_cnt=55 (vpc/ipc reset)
[EXP] [ERASE] ch=1 lun=1 pl=0 blk=97 pg=255 erase_cnt=55 (vpc/ipc reset)
[EXP] [ERASE] ch=1 lun=2 pl=0 blk=97 pg=255 erase_cnt=55 (vpc/ipc reset)
[EXP] [ERASE] ch=1 lun=3 pl=0 blk=97 pg=255 erase_cnt=55 (vpc/ipc reset)
[EXP] [ERASE] ch=1 lun=4 pl=0 blk=97 pg=255 erase_cnt=55 (vpc/ipc reset)
[EXP] [ERASE] ch=1 lun=5 pl=0 blk=97 pg=255 erase_cnt=55 (vpc/ipc reset)
[EXP] [ERASE] ch=1 lun=6 pl=0 blk=97 pg=255 erase_cnt=55 (vpc/ipc reset)
[EXP] [ERASE] ch=1 lun=7 pl=0 blk=97 pg=255 erase_cnt=55 (vpc/ipc reset)
[EXP] [ERASE] ch=2 lun=0 pl=0 blk=97 pg=255 erase_cnt=55 (vpc/ipc reset)
[EXP] [ERASE] ch=2 lun=1 pl=0 blk=97 pg=255 erase_cnt=55 (vpc/ipc reset)
[EXP] [ERASE] ch=2 lun=2 pl=0 blk=97 pg=255 erase_cnt=55 (vpc/ipc reset)
[EXP] [ERASE] ch=2 lun=3 pl=0 blk=97 pg=255 erase_cnt=55 (vpc/ipc reset)
[EXP] [ERASE] ch=2 lun=4 pl=0 blk=97 pg=255 erase_cnt=55 (vpc/ipc reset)
[EXP] [ERASE] ch=2 lun=5 pl=0 blk=97 pg=255 erase_cnt=55 (vpc/ipc reset)
[EXP] [ERASE] ch=2 lun=6 pl=0 blk=97 pg=255 erase_cnt=55 (vpc/ipc reset)
[EXP] [ERASE] ch=2 lun=7 pl=0 blk=97 pg=255 erase_cnt=55 (vpc/ipc reset)
[EXP] [ERASE] ch=3 lun=0 pl=0 blk=97 pg=255 erase_cnt=55 (vpc/ipc reset)
[EXP] [ERASE] ch=3 lun=1 pl=0 blk=97 pg=255 erase_cnt=55 (vpc/ipc reset)
[EXP] [ERASE] ch=3 lun=2 pl=0 blk=97 pg=255 erase_cnt=55 (vpc/ipc reset)
[EXP] [ERASE] ch=3 lun=3 pl=0 blk=97 pg=255 erase_cnt=55 (vpc/ipc reset)
[EXP] [ERASE] ch=3 lun=4 pl=0 blk=97 pg=255 erase_cnt=55 (vpc/ipc reset)
[EXP] [ERASE] ch=3 lun=5 pl=0 blk=97 pg=255 erase_cnt=55 (vpc/ipc reset)
[EXP] [ERASE] ch=3 lun=6 pl=0 blk=97 pg=255 erase_cnt=55 (vpc/ipc reset)
[EXP] [ERASE] ch=3 lun=7 pl=0 blk=97 pg=255 erase_cnt=55 (vpc/ipc reset)
[EXP] [ERASE] ch=4 lun=0 pl=0 blk=97 pg=255 erase_cnt=55 (vpc/ipc reset)
[EXP] [ERASE] ch=4 lun=1 pl=0 blk=97 pg=255 erase_cnt=55 (vpc/ipc reset)
[EXP] [ERASE] ch=4 lun=2 pl=0 blk=97 pg=255 erase_cnt=55 (vpc/ipc reset)
[EXP] [ERASE] ch=4 lun=3 pl=0 blk=97 pg=255 erase_cnt=55 (vpc/ipc reset)
[EXP] [ERASE] ch=4 lun=4 pl=0 blk=97 pg=255 erase_cnt=55 (vpc/ipc reset)
[EXP] [ERASE] ch=4 lun=5 pl=0 blk=97 pg=255 erase_cnt=55 (vpc/ipc reset)
[EXP] [ERASE] ch=4 lun=6 pl=0 blk=97 pg=255 erase_cnt=55 (vpc/ipc reset)
[EXP] [ERASE] ch=4 lun=7 pl=0 blk=97 pg=255 erase_cnt=55 (vpc/ipc reset)
[EXP] [ERASE] ch=5 lun=0 pl=0 blk=97 pg=255 erase_cnt=55 (vpc/ipc reset)
[EXP] [ERASE] ch=5 lun=1 pl=0 blk=97 pg=255 erase_cnt=55 (vpc/ipc reset)
[EXP] [ERASE] ch=5 lun=2 pl=0 blk=97 pg=255 erase_cnt=55 (vpc/ipc reset)
[EXP] [ERASE] ch=5 lun=3 pl=0 blk=97 pg=255 erase_cnt=55 (vpc/ipc reset)
[EXP] [ERASE] ch=5 lun=4 pl=0 blk=97 pg=255 erase_cnt=55 (vpc/ipc reset)
[EXP] [ERASE] ch=5 lun=5 pl=0 blk=97 pg=255 erase_cnt=55 (vpc/ipc reset)
[EXP] [ERASE] ch=5 lun=6 pl=0 blk=97 pg=255 erase_cnt=55 (vpc/ipc reset)
[EXP] [ERASE] ch=5 lun=7 pl=0 blk=97 pg=255 erase_cnt=55 (vpc/ipc reset)
[EXP] [ERASE] ch=6 lun=0 pl=0 blk=97 pg=255 erase_cnt=55 (vpc/ipc reset)
[EXP] [ERASE] ch=6 lun=1 pl=0 blk=97 pg=255 erase_cnt=55 (vpc/ipc reset)
[EXP] [ERASE] ch=6 lun=2 pl=0 blk=97 pg=255 erase_cnt=55 (vpc/ipc reset)
[EXP] [ERASE] ch=6 lun=3 pl=0 blk=97 pg=255 erase_cnt=55 (vpc/ipc reset)
[EXP] [ERASE] ch=6 lun=4 pl=0 blk=97 pg=255 erase_cnt=55 (vpc/ipc reset)
[EXP] [ERASE] ch=6 lun=5 pl=0 blk=97 pg=255 erase_cnt=55 (vpc/ipc reset)
[EXP] [ERASE] ch=6 lun=6 pl=0 blk=97 pg=255 erase_cnt=55 (vpc/ipc reset)
[EXP] [ERASE] ch=6 lun=7 pl=0 blk=97 pg=255 erase_cnt=55 (vpc/ipc reset)
[EXP] [ERASE] ch=7 lun=0 pl=0 blk=97 pg=255 erase_cnt=55 (vpc/ipc reset)
[EXP] [ERASE] ch=7 lun=1 pl=0 blk=97 pg=255 erase_cnt=55 (vpc/ipc reset)
[EXP] [ERASE] ch=7 lun=2 pl=0 blk=97 pg=255 erase_cnt=55 (vpc/ipc reset)
[EXP] [ERASE] ch=7 lun=3 pl=0 blk=97 pg=255 erase_cnt=55 (vpc/ipc reset)
[EXP] [ERASE] ch=7 lun=4 pl=0 blk=97 pg=255 erase_cnt=55 (vpc/ipc reset)
[EXP] [ERASE] ch=7 lun=5 pl=0 blk=97 pg=255 erase_cnt=55 (vpc/ipc reset)
[EXP] [ERASE] ch=7 lun=6 pl=0 blk=97 pg=255 erase_cnt=55 (vpc/ipc reset)
[EXP] [ERASE] ch=7 lun=7 pl=0 blk=97 pg=255 erase_cnt=55 (vpc/ipc reset)
[EXP] [ERASE] ch=0 lun=0 pl=0 blk=97 pg=255 erase_cnt=56 (vpc/ipc reset)
[EXP] [ERASE] ch=0 lun=1 pl=0 blk=97 pg=255 erase_cnt=56 (vpc/ipc reset)
[EXP] [ERASE] ch=0 lun=2 pl=0 blk=97 pg=255 erase_cnt=56 (vpc/ipc reset)
[EXP] [ERASE] ch=0 lun=3 pl=0 blk=97 pg=255 erase_cnt=56 (vpc/ipc reset)
[EXP] [ERASE] ch=0 lun=4 pl=0 blk=97 pg=255 erase_cnt=56 (vpc/ipc reset)
[EXP] [ERASE] ch=0 lun=5 pl=0 blk=97 pg=255 erase_cnt=56 (vpc/ipc reset)
[EXP] [ERASE] ch=0 lun=6 pl=0 blk=97 pg=255 erase_cnt=56 (vpc/ipc reset)
[EXP] [ERASE] ch=0 lun=7 pl=0 blk=97 pg=255 erase_cnt=56 (vpc/ipc reset)
[EXP] [ERASE] ch=1 lun=0 pl=0 blk=97 pg=255 erase_cnt=56 (vpc/ipc reset)
[EXP] [ERASE] ch=1 lun=1 pl=0 blk=97 pg=255 erase_cnt=56 (vpc/ipc reset)
[EXP] [ERASE] ch=1 lun=2 pl=0 blk=97 pg=255 erase_cnt=56 (vpc/ipc reset)
[EXP] [ERASE] ch=1 lun=3 pl=0 blk=97 pg=255 erase_cnt=56 (vpc/ipc reset)
[EXP] [ERASE] ch=1 lun=4 pl=0 blk=97 pg=255 erase_cnt=56 (vpc/ipc reset)
[EXP] [ERASE] ch=1 lun=5 pl=0 blk=97 pg=255 erase_cnt=56 (vpc/ipc reset)
[EXP] [ERASE] ch=1 lun=6 pl=0 blk=97 pg=255 erase_cnt=56 (vpc/ipc reset)
[EXP] [ERASE] ch=1 lun=7 pl=0 blk=97 pg=255 erase_cnt=56 (vpc/ipc reset)
[EXP] [ERASE] ch=2 lun=0 pl=0 blk=97 pg=255 erase_cnt=56 (vpc/ipc reset)
[EXP] [ERASE] ch=2 lun=1 pl=0 blk=97 pg=255 erase_cnt=56 (vpc/ipc reset)
[EXP] [ERASE] ch=2 lun=2 pl=0 blk=97 pg=255 erase_cnt=56 (vpc/ipc reset)
[EXP] [ERASE] ch=2 lun=3 pl=0 blk=97 pg=255 erase_cnt=56 (vpc/ipc reset)
[EXP] [ERASE] ch=2 lun=4 pl=0 blk=97 pg=255 erase_cnt=56 (vpc/ipc reset)
[EXP] [ERASE] ch=2 lun=5 pl=0 blk=97 pg=255 erase_cnt=56 (vpc/ipc reset)
[EXP] [ERASE] ch=2 lun=6 pl=0 blk=97 pg=255 erase_cnt=56 (vpc/ipc reset)
[EXP] [ERASE] ch=2 lun=7 pl=0 blk=97 pg=255 erase_cnt=56 (vpc/ipc reset)
[EXP] [ERASE] ch=3 lun=0 pl=0 blk=97 pg=255 erase_cnt=56 (vpc/ipc reset)
[EXP] [ERASE] ch=3 lun=1 pl=0 blk=97 pg=255 erase_cnt=56 (vpc/ipc reset)
[EXP] [ERASE] ch=3 lun=2 pl=0 blk=97 pg=255 erase_cnt=56 (vpc/ipc reset)
[EXP] [ERASE] ch=3 lun=3 pl=0 blk=97 pg=255 erase_cnt=56 (vpc/ipc reset)
[EXP] [ERASE] ch=3 lun=4 pl=0 blk=97 pg=255 erase_cnt=56 (vpc/ipc reset)
[EXP] [ERASE] ch=3 lun=5 pl=0 blk=97 pg=255 erase_cnt=56 (vpc/ipc reset)
[EXP] [ERASE] ch=3 lun=6 pl=0 blk=97 pg=255 erase_cnt=56 (vpc/ipc reset)
[EXP] [ERASE] ch=3 lun=7 pl=0 blk=97 pg=255 erase_cnt=56 (vpc/ipc reset)
[EXP] [ERASE] ch=4 lun=0 pl=0 blk=97 pg=255 erase_cnt=56 (vpc/ipc reset)
[EXP] [ERASE] ch=4 lun=1 pl=0 blk=97 pg=255 erase_cnt=56 (vpc/ipc reset)
[EXP] [ERASE] ch=4 lun=2 pl=0 blk=97 pg=255 erase_cnt=56 (vpc/ipc reset)
[EXP] [ERASE] ch=4 lun=3 pl=0 blk=97 pg=255 erase_cnt=56 (vpc/ipc reset)
[EXP] [ERASE] ch=4 lun=4 pl=0 blk=97 pg=255 erase_cnt=56 (vpc/ipc reset)
[EXP] [ERASE] ch=4 lun=5 pl=0 blk=97 pg=255 erase_cnt=56 (vpc/ipc reset)
[EXP] [ERASE] ch=4 lun=6 pl=0 blk=97 pg=255 erase_cnt=56 (vpc/ipc reset)
[EXP] [ERASE] ch=4 lun=7 pl=0 blk=97 pg=255 erase_cnt=56 (vpc/ipc reset)
[EXP] [ERASE] ch=5 lun=0 pl=0 blk=97 pg=255 erase_cnt=56 (vpc/ipc reset)
[EXP] [ERASE] ch=5 lun=1 pl=0 blk=97 pg=255 erase_cnt=56 (vpc/ipc reset)
[EXP] [ERASE] ch=5 lun=2 pl=0 blk=97 pg=255 erase_cnt=56 (vpc/ipc reset)
[EXP] [ERASE] ch=5 lun=3 pl=0 blk=97 pg=255 erase_cnt=56 (vpc/ipc reset)
[EXP] [ERASE] ch=5 lun=4 pl=0 blk=97 pg=255 erase_cnt=56 (vpc/ipc reset)
[EXP] [ERASE] ch=5 lun=5 pl=0 blk=97 pg=255 erase_cnt=56 (vpc/ipc reset)
[EXP] [ERASE] ch=5 lun=6 pl=0 blk=97 pg=255 erase_cnt=56 (vpc/ipc reset)
[EXP] [ERASE] ch=5 lun=7 pl=0 blk=97 pg=255 erase_cnt=56 (vpc/ipc reset)
[EXP] [ERASE] ch=6 lun=0 pl=0 blk=97 pg=255 erase_cnt=56 (vpc/ipc reset)
[EXP] [ERASE] ch=6 lun=1 pl=0 blk=97 pg=255 erase_cnt=56 (vpc/ipc reset)
[EXP] [ERASE] ch=6 lun=2 pl=0 blk=97 pg=255 erase_cnt=56 (vpc/ipc reset)
[EXP] [ERASE] ch=6 lun=3 pl=0 blk=97 pg=255 erase_cnt=56 (vpc/ipc reset)
[EXP] [ERASE] ch=6 lun=4 pl=0 blk=97 pg=255 erase_cnt=56 (vpc/ipc reset)
[EXP] [ERASE] ch=6 lun=5 pl=0 blk=97 pg=255 erase_cnt=56 (vpc/ipc reset)
[EXP] [ERASE] ch=6 lun=6 pl=0 blk=97 pg=255 erase_cnt=56 (vpc/ipc reset)
[EXP] [ERASE] ch=6 lun=7 pl=0 blk=97 pg=255 erase_cnt=56 (vpc/ipc reset)
[EXP] [ERASE] ch=7 lun=0 pl=0 blk=97 pg=255 erase_cnt=56 (vpc/ipc reset)
[EXP] [ERASE] ch=7 lun=1 pl=0 blk=97 pg=255 erase_cnt=56 (vpc/ipc reset)
[EXP] [ERASE] ch=7 lun=2 pl=0 blk=97 pg=255 erase_cnt=56 (vpc/ipc reset)
[EXP] [ERASE] ch=7 lun=3 pl=0 blk=97 pg=255 erase_cnt=56 (vpc/ipc reset)
[EXP] [ERASE] ch=7 lun=4 pl=0 blk=97 pg=255 erase_cnt=56 (vpc/ipc reset)
[EXP] [ERASE] ch=7 lun=5 pl=0 blk=97 pg=255 erase_cnt=56 (vpc/ipc reset)
[EXP] [ERASE] ch=7 lun=6 pl=0 blk=97 pg=255 erase_cnt=56 (vpc/ipc reset)
[EXP] [ERASE] ch=7 lun=7 pl=0 blk=97 pg=255 erase_cnt=56 (vpc/ipc reset)
[EXP] [ERASE] ch=0 lun=0 pl=0 blk=120 pg=255 erase_cnt=1 (vpc/ipc reset)
[EXP] [ERASE] ch=0 lun=1 pl=0 blk=120 pg=255 erase_cnt=1 (vpc/ipc reset)
[EXP] [ERASE] ch=0 lun=2 pl=0 blk=120 pg=255 erase_cnt=1 (vpc/ipc reset)
[EXP] [ERASE] ch=0 lun=3 pl=0 blk=120 pg=255 erase_cnt=1 (vpc/ipc reset)
[EXP] [ERASE] ch=0 lun=4 pl=0 blk=120 pg=255 erase_cnt=1 (vpc/ipc reset)
[EXP] [ERASE] ch=0 lun=5 pl=0 blk=120 pg=255 erase_cnt=1 (vpc/ipc reset)
[EXP] [ERASE] ch=0 lun=6 pl=0 blk=120 pg=255 erase_cnt=1 (vpc/ipc reset)
[EXP] [ERASE] ch=0 lun=7 pl=0 blk=120 pg=255 erase_cnt=1 (vpc/ipc reset)
[EXP] [ERASE] ch=1 lun=0 pl=0 blk=120 pg=255 erase_cnt=1 (vpc/ipc reset)
[EXP] [ERASE] ch=1 lun=1 pl=0 blk=120 pg=255 erase_cnt=1 (vpc/ipc reset)
[EXP] [ERASE] ch=1 lun=2 pl=0 blk=120 pg=255 erase_cnt=1 (vpc/ipc reset)
[EXP] [ERASE] ch=1 lun=3 pl=0 blk=120 pg=255 erase_cnt=1 (vpc/ipc reset)
[EXP] [ERASE] ch=1 lun=4 pl=0 blk=120 pg=255 erase_cnt=1 (vpc/ipc reset)
[EXP] [ERASE] ch=1 lun=5 pl=0 blk=120 pg=255 erase_cnt=1 (vpc/ipc reset)
[EXP] [ERASE] ch=1 lun=6 pl=0 blk=120 pg=255 erase_cnt=1 (vpc/ipc reset)
[EXP] [ERASE] ch=1 lun=7 pl=0 blk=120 pg=255 erase_cnt=1 (vpc/ipc reset)
[EXP] [ERASE] ch=2 lun=0 pl=0 blk=120 pg=255 erase_cnt=1 (vpc/ipc reset)
[EXP] [ERASE] ch=2 lun=1 pl=0 blk=120 pg=255 erase_cnt=1 (vpc/ipc reset)
[EXP] [ERASE] ch=2 lun=2 pl=0 blk=120 pg=255 erase_cnt=1 (vpc/ipc reset)
[EXP] [ERASE] ch=2 lun=3 pl=0 blk=120 pg=255 erase_cnt=1 (vpc/ipc reset)
[EXP] [ERASE] ch=2 lun=4 pl=0 blk=120 pg=255 erase_cnt=1 (vpc/ipc reset)
[EXP] [ERASE] ch=2 lun=5 pl=0 blk=120 pg=255 erase_cnt=1 (vpc/ipc reset)
[EXP] [ERASE] ch=2 lun=6 pl=0 blk=120 pg=255 erase_cnt=1 (vpc/ipc reset)
[EXP] [ERASE] ch=2 lun=7 pl=0 blk=120 pg=255 erase_cnt=1 (vpc/ipc reset)
[EXP] [ERASE] ch=3 lun=0 pl=0 blk=120 pg=255 erase_cnt=1 (vpc/ipc reset)
[EXP] [ERASE] ch=3 lun=1 pl=0 blk=120 pg=255 erase_cnt=1 (vpc/ipc reset)
[EXP] [GC_MOVE] lpn=0 ch=3 lun=2 pl=0 blk=120 pg=2 -> ch=5 lun=7 pl=0 blk=121 pg=2
[EXP] [ERASE] ch=3 lun=2 pl=0 blk=120 pg=255 erase_cnt=1 (vpc/ipc reset)
[EXP] [ERASE] ch=3 lun=3 pl=0 blk=120 pg=255 erase_cnt=1 (vpc/ipc reset)
[EXP] [ERASE] ch=3 lun=4 pl=0 blk=120 pg=255 erase_cnt=1 (vpc/ipc reset)
[EXP] [ERASE] ch=3 lun=5 pl=0 blk=120 pg=255 erase_cnt=1 (vpc/ipc reset)
[EXP] [ERASE] ch=3 lun=6 pl=0 blk=120 pg=255 erase_cnt=1 (vpc/ipc reset)
[EXP] [ERASE] ch=3 lun=7 pl=0 blk=120 pg=255 erase_cnt=1 (vpc/ipc reset)
[EXP] [ERASE] ch=4 lun=0 pl=0 blk=120 pg=255 erase_cnt=1 (vpc/ipc reset)
[EXP] [ERASE] ch=4 lun=1 pl=0 blk=120 pg=255 erase_cnt=1 (vpc/ipc reset)
[EXP] [ERASE] ch=4 lun=2 pl=0 blk=120 pg=255 erase_cnt=1 (vpc/ipc reset)
[EXP] [ERASE] ch=4 lun=3 pl=0 blk=120 pg=255 erase_cnt=1 (vpc/ipc reset)
[EXP] [ERASE] ch=4 lun=4 pl=0 blk=120 pg=255 erase_cnt=1 (vpc/ipc reset)
[EXP] [ERASE] ch=4 lun=5 pl=0 blk=120 pg=255 erase_cnt=1 (vpc/ipc reset)
[EXP] [ERASE] ch=4 lun=6 pl=0 blk=120 pg=255 erase_cnt=1 (vpc/ipc reset)
[EXP] [ERASE] ch=4 lun=7 pl=0 blk=120 pg=255 erase_cnt=1 (vpc/ipc reset)
[EXP] [ERASE] ch=5 lun=0 pl=0 blk=120 pg=255 erase_cnt=1 (vpc/ipc reset)
[EXP] [ERASE] ch=5 lun=1 pl=0 blk=120 pg=255 erase_cnt=1 (vpc/ipc reset)
[EXP] [ERASE] ch=5 lun=2 pl=0 blk=120 pg=255 erase_cnt=1 (vpc/ipc reset)
[EXP] [ERASE] ch=5 lun=3 pl=0 blk=120 pg=255 erase_cnt=1 (vpc/ipc reset)
[EXP] [ERASE] ch=5 lun=4 pl=0 blk=120 pg=255 erase_cnt=1 (vpc/ipc reset)
[EXP] [ERASE] ch=5 lun=5 pl=0 blk=120 pg=255 erase_cnt=1 (vpc/ipc reset)
[EXP] [ERASE] ch=5 lun=6 pl=0 blk=120 pg=255 erase_cnt=1 (vpc/ipc reset)
[EXP] [ERASE] ch=5 lun=7 pl=0 blk=120 pg=255 erase_cnt=1 (vpc/ipc reset)
[EXP] [ERASE] ch=6 lun=0 pl=0 blk=120 pg=255 erase_cnt=1 (vpc/ipc reset)
[EXP] [ERASE] ch=6 lun=1 pl=0 blk=120 pg=255 erase_cnt=1 (vpc/ipc reset)
[EXP] [ERASE] ch=6 lun=2 pl=0 blk=120 pg=255 erase_cnt=1 (vpc/ipc reset)
[EXP] [ERASE] ch=6 lun=3 pl=0 blk=120 pg=255 erase_cnt=1 (vpc/ipc reset)
[EXP] [ERASE] ch=6 lun=4 pl=0 blk=120 pg=255 erase_cnt=1 (vpc/ipc reset)
[EXP] [ERASE] ch=6 lun=5 pl=0 blk=120 pg=255 erase_cnt=1 (vpc/ipc reset)
[EXP] [ERASE] ch=6 lun=6 pl=0 blk=120 pg=255 erase_cnt=1 (vpc/ipc reset)
[EXP] [ERASE] ch=6 lun=7 pl=0 blk=120 pg=255 erase_cnt=1 (vpc/ipc reset)
[EXP] [ERASE] ch=7 lun=0 pl=0 blk=120 pg=255 erase_cnt=1 (vpc/ipc reset)
[EXP] [ERASE] ch=7 lun=1 pl=0 blk=120 pg=255 erase_cnt=1 (vpc/ipc reset)
[EXP] [ERASE] ch=7 lun=2 pl=0 blk=120 pg=255 erase_cnt=1 (vpc/ipc reset)
[EXP] [ERASE] ch=7 lun=3 pl=0 blk=120 pg=255 erase_cnt=1 (vpc/ipc reset)
[EXP] [ERASE] ch=7 lun=4 pl=0 blk=120 pg=255 erase_cnt=1 (vpc/ipc reset)
[EXP] [ERASE] ch=7 lun=5 pl=0 blk=120 pg=255 erase_cnt=1 (vpc/ipc reset)
[EXP] [ERASE] ch=7 lun=6 pl=0 blk=120 pg=255 erase_cnt=1 (vpc/ipc reset)
[EXP] [ERASE] ch=7 lun=7 pl=0 blk=120 pg=255 erase_cnt=1 (vpc/ipc reset)
[EXP] [ERASE] ch=0 lun=0 pl=0 blk=97 pg=255 erase_cnt=57 (vpc/ipc reset)
[EXP] [ERASE] ch=0 lun=1 pl=0 blk=97 pg=255 erase_cnt=57 (vpc/ipc reset)
[EXP] [ERASE] ch=0 lun=2 pl=0 blk=97 pg=255 erase_cnt=57 (vpc/ipc reset)
[EXP] [ERASE] ch=0 lun=3 pl=0 blk=97 pg=255 erase_cnt=57 (vpc/ipc reset)
[EXP] [ERASE] ch=0 lun=4 pl=0 blk=97 pg=255 erase_cnt=57 (vpc/ipc reset)
[EXP] [ERASE] ch=0 lun=5 pl=0 blk=97 pg=255 erase_cnt=57 (vpc/ipc reset)
[EXP] [ERASE] ch=0 lun=6 pl=0 blk=97 pg=255 erase_cnt=57 (vpc/ipc reset)
[EXP] [ERASE] ch=0 lun=7 pl=0 blk=97 pg=255 erase_cnt=57 (vpc/ipc reset)
[EXP] [ERASE] ch=1 lun=0 pl=0 blk=97 pg=255 erase_cnt=57 (vpc/ipc reset)
[EXP] [ERASE] ch=1 lun=1 pl=0 blk=97 pg=255 erase_cnt=57 (vpc/ipc reset)
[EXP] [ERASE] ch=1 lun=2 pl=0 blk=97 pg=255 erase_cnt=57 (vpc/ipc reset)
[EXP] [ERASE] ch=1 lun=3 pl=0 blk=97 pg=255 erase_cnt=57 (vpc/ipc reset)
[EXP] [ERASE] ch=1 lun=4 pl=0 blk=97 pg=255 erase_cnt=57 (vpc/ipc reset)
[EXP] [ERASE] ch=1 lun=5 pl=0 blk=97 pg=255 erase_cnt=57 (vpc/ipc reset)
[EXP] [ERASE] ch=1 lun=6 pl=0 blk=97 pg=255 erase_cnt=57 (vpc/ipc reset)
[EXP] [ERASE] ch=1 lun=7 pl=0 blk=97 pg=255 erase_cnt=57 (vpc/ipc reset)
[EXP] [ERASE] ch=2 lun=0 pl=0 blk=97 pg=255 erase_cnt=57 (vpc/ipc reset)
[EXP] [ERASE] ch=2 lun=1 pl=0 blk=97 pg=255 erase_cnt=57 (vpc/ipc reset)
[EXP] [ERASE] ch=2 lun=2 pl=0 blk=97 pg=255 erase_cnt=57 (vpc/ipc reset)
[EXP] [ERASE] ch=2 lun=3 pl=0 blk=97 pg=255 erase_cnt=57 (vpc/ipc reset)
[EXP] [ERASE] ch=2 lun=4 pl=0 blk=97 pg=255 erase_cnt=57 (vpc/ipc reset)
[EXP] [ERASE] ch=2 lun=5 pl=0 blk=97 pg=255 erase_cnt=57 (vpc/ipc reset)
[EXP] [ERASE] ch=2 lun=6 pl=0 blk=97 pg=255 erase_cnt=57 (vpc/ipc reset)
[EXP] [ERASE] ch=2 lun=7 pl=0 blk=97 pg=255 erase_cnt=57 (vpc/ipc reset)
[EXP] [ERASE] ch=3 lun=0 pl=0 blk=97 pg=255 erase_cnt=57 (vpc/ipc reset)
[EXP] [ERASE] ch=3 lun=1 pl=0 blk=97 pg=255 erase_cnt=57 (vpc/ipc reset)
[EXP] [ERASE] ch=3 lun=2 pl=0 blk=97 pg=255 erase_cnt=57 (vpc/ipc reset)
[EXP] [ERASE] ch=3 lun=3 pl=0 blk=97 pg=255 erase_cnt=57 (vpc/ipc reset)
[EXP] [ERASE] ch=3 lun=4 pl=0 blk=97 pg=255 erase_cnt=57 (vpc/ipc reset)
[EXP] [ERASE] ch=3 lun=5 pl=0 blk=97 pg=255 erase_cnt=57 (vpc/ipc reset)
[EXP] [ERASE] ch=3 lun=6 pl=0 blk=97 pg=255 erase_cnt=57 (vpc/ipc reset)
[EXP] [ERASE] ch=3 lun=7 pl=0 blk=97 pg=255 erase_cnt=57 (vpc/ipc reset)
[EXP] [ERASE] ch=4 lun=0 pl=0 blk=97 pg=255 erase_cnt=57 (vpc/ipc reset)
[EXP] [ERASE] ch=4 lun=1 pl=0 blk=97 pg=255 erase_cnt=57 (vpc/ipc reset)
[EXP] [ERASE] ch=4 lun=2 pl=0 blk=97 pg=255 erase_cnt=57 (vpc/ipc reset)
[EXP] [ERASE] ch=4 lun=3 pl=0 blk=97 pg=255 erase_cnt=57 (vpc/ipc reset)
[EXP] [ERASE] ch=4 lun=4 pl=0 blk=97 pg=255 erase_cnt=57 (vpc/ipc reset)
[EXP] [ERASE] ch=4 lun=5 pl=0 blk=97 pg=255 erase_cnt=57 (vpc/ipc reset)
[EXP] [ERASE] ch=4 lun=6 pl=0 blk=97 pg=255 erase_cnt=57 (vpc/ipc reset)
[EXP] [ERASE] ch=4 lun=7 pl=0 blk=97 pg=255 erase_cnt=57 (vpc/ipc reset)
[EXP] [ERASE] ch=5 lun=0 pl=0 blk=97 pg=255 erase_cnt=57 (vpc/ipc reset)
[EXP] [ERASE] ch=5 lun=1 pl=0 blk=97 pg=255 erase_cnt=57 (vpc/ipc reset)
[EXP] [ERASE] ch=5 lun=2 pl=0 blk=97 pg=255 erase_cnt=57 (vpc/ipc reset)
[EXP] [ERASE] ch=5 lun=3 pl=0 blk=97 pg=255 erase_cnt=57 (vpc/ipc reset)
[EXP] [ERASE] ch=5 lun=4 pl=0 blk=97 pg=255 erase_cnt=57 (vpc/ipc reset)
[EXP] [ERASE] ch=5 lun=5 pl=0 blk=97 pg=255 erase_cnt=57 (vpc/ipc reset)
[EXP] [ERASE] ch=5 lun=6 pl=0 blk=97 pg=255 erase_cnt=57 (vpc/ipc reset)
[EXP] [ERASE] ch=5 lun=7 pl=0 blk=97 pg=255 erase_cnt=57 (vpc/ipc reset)
[EXP] [ERASE] ch=6 lun=0 pl=0 blk=97 pg=255 erase_cnt=57 (vpc/ipc reset)
[EXP] [ERASE] ch=6 lun=1 pl=0 blk=97 pg=255 erase_cnt=57 (vpc/ipc reset)
[EXP] [ERASE] ch=6 lun=2 pl=0 blk=97 pg=255 erase_cnt=57 (vpc/ipc reset)
[EXP] [ERASE] ch=6 lun=3 pl=0 blk=97 pg=255 erase_cnt=57 (vpc/ipc reset)
[EXP] [ERASE] ch=6 lun=4 pl=0 blk=97 pg=255 erase_cnt=57 (vpc/ipc reset)
[EXP] [ERASE] ch=6 lun=5 pl=0 blk=97 pg=255 erase_cnt=57 (vpc/ipc reset)
[EXP] [ERASE] ch=6 lun=6 pl=0 blk=97 pg=255 erase_cnt=57 (vpc/ipc reset)
[EXP] [ERASE] ch=6 lun=7 pl=0 blk=97 pg=255 erase_cnt=57 (vpc/ipc reset)
[EXP] [ERASE] ch=7 lun=0 pl=0 blk=97 pg=255 erase_cnt=57 (vpc/ipc reset)
[EXP] [ERASE] ch=7 lun=1 pl=0 blk=97 pg=255 erase_cnt=57 (vpc/ipc reset)
[EXP] [ERASE] ch=7 lun=2 pl=0 blk=97 pg=255 erase_cnt=57 (vpc/ipc reset)
[EXP] [ERASE] ch=7 lun=3 pl=0 blk=97 pg=255 erase_cnt=57 (vpc/ipc reset)
[EXP] [ERASE] ch=7 lun=4 pl=0 blk=97 pg=255 erase_cnt=57 (vpc/ipc reset)
[EXP] [ERASE] ch=7 lun=5 pl=0 blk=97 pg=255 erase_cnt=57 (vpc/ipc reset)
[EXP] [ERASE] ch=7 lun=6 pl=0 blk=97 pg=255 erase_cnt=57 (vpc/ipc reset)
[EXP] [ERASE] ch=7 lun=7 pl=0 blk=97 pg=255 erase_cnt=57 (vpc/ipc reset)
[EXP] [ERASE] ch=0 lun=0 pl=0 blk=97 pg=255 erase_cnt=58 (vpc/ipc reset)
[EXP] [ERASE] ch=0 lun=1 pl=0 blk=97 pg=255 erase_cnt=58 (vpc/ipc reset)
[EXP] [ERASE] ch=0 lun=2 pl=0 blk=97 pg=255 erase_cnt=58 (vpc/ipc reset)
[EXP] [ERASE] ch=0 lun=3 pl=0 blk=97 pg=255 erase_cnt=58 (vpc/ipc reset)
[EXP] [ERASE] ch=0 lun=4 pl=0 blk=97 pg=255 erase_cnt=58 (vpc/ipc reset)
[EXP] [ERASE] ch=0 lun=5 pl=0 blk=97 pg=255 erase_cnt=58 (vpc/ipc reset)
[EXP] [ERASE] ch=0 lun=6 pl=0 blk=97 pg=255 erase_cnt=58 (vpc/ipc reset)
[EXP] [ERASE] ch=0 lun=7 pl=0 blk=97 pg=255 erase_cnt=58 (vpc/ipc reset)
[EXP] [ERASE] ch=1 lun=0 pl=0 blk=97 pg=255 erase_cnt=58 (vpc/ipc reset)
[EXP] [ERASE] ch=1 lun=1 pl=0 blk=97 pg=255 erase_cnt=58 (vpc/ipc reset)
[EXP] [ERASE] ch=1 lun=2 pl=0 blk=97 pg=255 erase_cnt=58 (vpc/ipc reset)
[EXP] [ERASE] ch=1 lun=3 pl=0 blk=97 pg=255 erase_cnt=58 (vpc/ipc reset)
[EXP] [ERASE] ch=1 lun=4 pl=0 blk=97 pg=255 erase_cnt=58 (vpc/ipc reset)
[EXP] [ERASE] ch=1 lun=5 pl=0 blk=97 pg=255 erase_cnt=58 (vpc/ipc reset)
[EXP] [ERASE] ch=1 lun=6 pl=0 blk=97 pg=255 erase_cnt=58 (vpc/ipc reset)
[EXP] [ERASE] ch=1 lun=7 pl=0 blk=97 pg=255 erase_cnt=58 (vpc/ipc reset)
[EXP] [ERASE] ch=2 lun=0 pl=0 blk=97 pg=255 erase_cnt=58 (vpc/ipc reset)
[EXP] [ERASE] ch=2 lun=1 pl=0 blk=97 pg=255 erase_cnt=58 (vpc/ipc reset)
[EXP] [ERASE] ch=2 lun=2 pl=0 blk=97 pg=255 erase_cnt=58 (vpc/ipc reset)
[EXP] [ERASE] ch=2 lun=3 pl=0 blk=97 pg=255 erase_cnt=58 (vpc/ipc reset)
[EXP] [ERASE] ch=2 lun=4 pl=0 blk=97 pg=255 erase_cnt=58 (vpc/ipc reset)
[EXP] [ERASE] ch=2 lun=5 pl=0 blk=97 pg=255 erase_cnt=58 (vpc/ipc reset)
[EXP] [ERASE] ch=2 lun=6 pl=0 blk=97 pg=255 erase_cnt=58 (vpc/ipc reset)
[EXP] [ERASE] ch=2 lun=7 pl=0 blk=97 pg=255 erase_cnt=58 (vpc/ipc reset)
[EXP] [ERASE] ch=3 lun=0 pl=0 blk=97 pg=255 erase_cnt=58 (vpc/ipc reset)
[EXP] [ERASE] ch=3 lun=1 pl=0 blk=97 pg=255 erase_cnt=58 (vpc/ipc reset)
[EXP] [ERASE] ch=3 lun=2 pl=0 blk=97 pg=255 erase_cnt=58 (vpc/ipc reset)
[EXP] [ERASE] ch=3 lun=3 pl=0 blk=97 pg=255 erase_cnt=58 (vpc/ipc reset)
[EXP] [ERASE] ch=3 lun=4 pl=0 blk=97 pg=255 erase_cnt=58 (vpc/ipc reset)
[EXP] [ERASE] ch=3 lun=5 pl=0 blk=97 pg=255 erase_cnt=58 (vpc/ipc reset)
[EXP] [ERASE] ch=3 lun=6 pl=0 blk=97 pg=255 erase_cnt=58 (vpc/ipc reset)
[EXP] [ERASE] ch=3 lun=7 pl=0 blk=97 pg=255 erase_cnt=58 (vpc/ipc reset)
[EXP] [ERASE] ch=4 lun=0 pl=0 blk=97 pg=255 erase_cnt=58 (vpc/ipc reset)
[EXP] [ERASE] ch=4 lun=1 pl=0 blk=97 pg=255 erase_cnt=58 (vpc/ipc reset)
[EXP] [ERASE] ch=4 lun=2 pl=0 blk=97 pg=255 erase_cnt=58 (vpc/ipc reset)
[EXP] [ERASE] ch=4 lun=3 pl=0 blk=97 pg=255 erase_cnt=58 (vpc/ipc reset)
[EXP] [ERASE] ch=4 lun=4 pl=0 blk=97 pg=255 erase_cnt=58 (vpc/ipc reset)
[EXP] [ERASE] ch=4 lun=5 pl=0 blk=97 pg=255 erase_cnt=58 (vpc/ipc reset)
[EXP] [ERASE] ch=4 lun=6 pl=0 blk=97 pg=255 erase_cnt=58 (vpc/ipc reset)
[EXP] [ERASE] ch=4 lun=7 pl=0 blk=97 pg=255 erase_cnt=58 (vpc/ipc reset)
[EXP] [ERASE] ch=5 lun=0 pl=0 blk=97 pg=255 erase_cnt=58 (vpc/ipc reset)
[EXP] [ERASE] ch=5 lun=1 pl=0 blk=97 pg=255 erase_cnt=58 (vpc/ipc reset)
[EXP] [ERASE] ch=5 lun=2 pl=0 blk=97 pg=255 erase_cnt=58 (vpc/ipc reset)
[EXP] [ERASE] ch=5 lun=3 pl=0 blk=97 pg=255 erase_cnt=58 (vpc/ipc reset)
[EXP] [ERASE] ch=5 lun=4 pl=0 blk=97 pg=255 erase_cnt=58 (vpc/ipc reset)
[EXP] [ERASE] ch=5 lun=5 pl=0 blk=97 pg=255 erase_cnt=58 (vpc/ipc reset)
[EXP] [ERASE] ch=5 lun=6 pl=0 blk=97 pg=255 erase_cnt=58 (vpc/ipc reset)
[EXP] [ERASE] ch=5 lun=7 pl=0 blk=97 pg=255 erase_cnt=58 (vpc/ipc reset)
[EXP] [ERASE] ch=6 lun=0 pl=0 blk=97 pg=255 erase_cnt=58 (vpc/ipc reset)
[EXP] [ERASE] ch=6 lun=1 pl=0 blk=97 pg=255 erase_cnt=58 (vpc/ipc reset)
[EXP] [ERASE] ch=6 lun=2 pl=0 blk=97 pg=255 erase_cnt=58 (vpc/ipc reset)
[EXP] [ERASE] ch=6 lun=3 pl=0 blk=97 pg=255 erase_cnt=58 (vpc/ipc reset)
[EXP] [ERASE] ch=6 lun=4 pl=0 blk=97 pg=255 erase_cnt=58 (vpc/ipc reset)
[EXP] [ERASE] ch=6 lun=5 pl=0 blk=97 pg=255 erase_cnt=58 (vpc/ipc reset)
[EXP] [ERASE] ch=6 lun=6 pl=0 blk=97 pg=255 erase_cnt=58 (vpc/ipc reset)
[EXP] [ERASE] ch=6 lun=7 pl=0 blk=97 pg=255 erase_cnt=58 (vpc/ipc reset)
[EXP] [ERASE] ch=7 lun=0 pl=0 blk=97 pg=255 erase_cnt=58 (vpc/ipc reset)
[EXP] [ERASE] ch=7 lun=1 pl=0 blk=97 pg=255 erase_cnt=58 (vpc/ipc reset)
[EXP] [ERASE] ch=7 lun=2 pl=0 blk=97 pg=255 erase_cnt=58 (vpc/ipc reset)
[EXP] [ERASE] ch=7 lun=3 pl=0 blk=97 pg=255 erase_cnt=58 (vpc/ipc reset)
[EXP] [ERASE] ch=7 lun=4 pl=0 blk=97 pg=255 erase_cnt=58 (vpc/ipc reset)
[EXP] [ERASE] ch=7 lun=5 pl=0 blk=97 pg=255 erase_cnt=58 (vpc/ipc reset)
[EXP] [ERASE] ch=7 lun=6 pl=0 blk=97 pg=255 erase_cnt=58 (vpc/ipc reset)
[EXP] [ERASE] ch=7 lun=7 pl=0 blk=97 pg=255 erase_cnt=58 (vpc/ipc reset)
[EXP] [ERASE] ch=0 lun=0 pl=0 blk=121 pg=255 erase_cnt=1 (vpc/ipc reset)
[EXP] [ERASE] ch=0 lun=1 pl=0 blk=121 pg=255 erase_cnt=1 (vpc/ipc reset)
[EXP] [ERASE] ch=0 lun=2 pl=0 blk=121 pg=255 erase_cnt=1 (vpc/ipc reset)
[EXP] [ERASE] ch=0 lun=3 pl=0 blk=121 pg=255 erase_cnt=1 (vpc/ipc reset)
[EXP] [ERASE] ch=0 lun=4 pl=0 blk=121 pg=255 erase_cnt=1 (vpc/ipc reset)
[EXP] [ERASE] ch=0 lun=5 pl=0 blk=121 pg=255 erase_cnt=1 (vpc/ipc reset)
[EXP] [ERASE] ch=0 lun=6 pl=0 blk=121 pg=255 erase_cnt=1 (vpc/ipc reset)
[EXP] [ERASE] ch=0 lun=7 pl=0 blk=121 pg=255 erase_cnt=1 (vpc/ipc reset)
[EXP] [ERASE] ch=1 lun=0 pl=0 blk=121 pg=255 erase_cnt=1 (vpc/ipc reset)
[EXP] [ERASE] ch=1 lun=1 pl=0 blk=121 pg=255 erase_cnt=1 (vpc/ipc reset)
[EXP] [ERASE] ch=1 lun=2 pl=0 blk=121 pg=255 erase_cnt=1 (vpc/ipc reset)
[EXP] [ERASE] ch=1 lun=3 pl=0 blk=121 pg=255 erase_cnt=1 (vpc/ipc reset)
[EXP] [ERASE] ch=1 lun=4 pl=0 blk=121 pg=255 erase_cnt=1 (vpc/ipc reset)
[EXP] [ERASE] ch=1 lun=5 pl=0 blk=121 pg=255 erase_cnt=1 (vpc/ipc reset)
[EXP] [ERASE] ch=1 lun=6 pl=0 blk=121 pg=255 erase_cnt=1 (vpc/ipc reset)
[EXP] [ERASE] ch=1 lun=7 pl=0 blk=121 pg=255 erase_cnt=1 (vpc/ipc reset)
[EXP] [ERASE] ch=2 lun=0 pl=0 blk=121 pg=255 erase_cnt=1 (vpc/ipc reset)
[EXP] [ERASE] ch=2 lun=1 pl=0 blk=121 pg=255 erase_cnt=1 (vpc/ipc reset)
[EXP] [ERASE] ch=2 lun=2 pl=0 blk=121 pg=255 erase_cnt=1 (vpc/ipc reset)
[EXP] [ERASE] ch=2 lun=3 pl=0 blk=121 pg=255 erase_cnt=1 (vpc/ipc reset)
[EXP] [ERASE] ch=2 lun=4 pl=0 blk=121 pg=255 erase_cnt=1 (vpc/ipc reset)
[EXP] [ERASE] ch=2 lun=5 pl=0 blk=121 pg=255 erase_cnt=1 (vpc/ipc reset)
[EXP] [ERASE] ch=2 lun=6 pl=0 blk=121 pg=255 erase_cnt=1 (vpc/ipc reset)
[EXP] [ERASE] ch=2 lun=7 pl=0 blk=121 pg=255 erase_cnt=1 (vpc/ipc reset)
[EXP] [ERASE] ch=3 lun=0 pl=0 blk=121 pg=255 erase_cnt=1 (vpc/ipc reset)
[EXP] [ERASE] ch=3 lun=1 pl=0 blk=121 pg=255 erase_cnt=1 (vpc/ipc reset)
[EXP] [ERASE] ch=3 lun=2 pl=0 blk=121 pg=255 erase_cnt=1 (vpc/ipc reset)
[EXP] [ERASE] ch=3 lun=3 pl=0 blk=121 pg=255 erase_cnt=1 (vpc/ipc reset)
[EXP] [ERASE] ch=3 lun=4 pl=0 blk=121 pg=255 erase_cnt=1 (vpc/ipc reset)
[EXP] [ERASE] ch=3 lun=5 pl=0 blk=121 pg=255 erase_cnt=1 (vpc/ipc reset)
[EXP] [ERASE] ch=3 lun=6 pl=0 blk=121 pg=255 erase_cnt=1 (vpc/ipc reset)
[EXP] [ERASE] ch=3 lun=7 pl=0 blk=121 pg=255 erase_cnt=1 (vpc/ipc reset)
[EXP] [ERASE] ch=4 lun=0 pl=0 blk=121 pg=255 erase_cnt=1 (vpc/ipc reset)
[EXP] [ERASE] ch=4 lun=1 pl=0 blk=121 pg=255 erase_cnt=1 (vpc/ipc reset)
[EXP] [ERASE] ch=4 lun=2 pl=0 blk=121 pg=255 erase_cnt=1 (vpc/ipc reset)
[EXP] [ERASE] ch=4 lun=3 pl=0 blk=121 pg=255 erase_cnt=1 (vpc/ipc reset)
[EXP] [ERASE] ch=4 lun=4 pl=0 blk=121 pg=255 erase_cnt=1 (vpc/ipc reset)
[EXP] [ERASE] ch=4 lun=5 pl=0 blk=121 pg=255 erase_cnt=1 (vpc/ipc reset)
[EXP] [ERASE] ch=4 lun=6 pl=0 blk=121 pg=255 erase_cnt=1 (vpc/ipc reset)
[EXP] [ERASE] ch=4 lun=7 pl=0 blk=121 pg=255 erase_cnt=1 (vpc/ipc reset)
[EXP] [ERASE] ch=5 lun=0 pl=0 blk=121 pg=255 erase_cnt=1 (vpc/ipc reset)
[EXP] [ERASE] ch=5 lun=1 pl=0 blk=121 pg=255 erase_cnt=1 (vpc/ipc reset)
[EXP] [ERASE] ch=5 lun=2 pl=0 blk=121 pg=255 erase_cnt=1 (vpc/ipc reset)
[EXP] [ERASE] ch=5 lun=3 pl=0 blk=121 pg=255 erase_cnt=1 (vpc/ipc reset)
[EXP] [ERASE] ch=5 lun=4 pl=0 blk=121 pg=255 erase_cnt=1 (vpc/ipc reset)
[EXP] [ERASE] ch=5 lun=5 pl=0 blk=121 pg=255 erase_cnt=1 (vpc/ipc reset)
[EXP] [ERASE] ch=5 lun=6 pl=0 blk=121 pg=255 erase_cnt=1 (vpc/ipc reset)
[EXP] [GC_MOVE] lpn=0 ch=5 lun=7 pl=0 blk=121 pg=2 -> ch=5 lun=2 pl=0 blk=122 pg=4
[EXP] [ERASE] ch=5 lun=7 pl=0 blk=121 pg=255 erase_cnt=1 (vpc/ipc reset)
[EXP] [ERASE] ch=6 lun=0 pl=0 blk=121 pg=255 erase_cnt=1 (vpc/ipc reset)
[EXP] [ERASE] ch=6 lun=1 pl=0 blk=121 pg=255 erase_cnt=1 (vpc/ipc reset)
[EXP] [ERASE] ch=6 lun=2 pl=0 blk=121 pg=255 erase_cnt=1 (vpc/ipc reset)
[EXP] [ERASE] ch=6 lun=3 pl=0 blk=121 pg=255 erase_cnt=1 (vpc/ipc reset)
[EXP] [ERASE] ch=6 lun=4 pl=0 blk=121 pg=255 erase_cnt=1 (vpc/ipc reset)
[EXP] [ERASE] ch=6 lun=5 pl=0 blk=121 pg=255 erase_cnt=1 (vpc/ipc reset)
[EXP] [ERASE] ch=6 lun=6 pl=0 blk=121 pg=255 erase_cnt=1 (vpc/ipc reset)
[EXP] [ERASE] ch=6 lun=7 pl=0 blk=121 pg=255 erase_cnt=1 (vpc/ipc reset)
[EXP] [ERASE] ch=7 lun=0 pl=0 blk=121 pg=255 erase_cnt=1 (vpc/ipc reset)
[EXP] [ERASE] ch=7 lun=1 pl=0 blk=121 pg=255 erase_cnt=1 (vpc/ipc reset)
[EXP] [ERASE] ch=7 lun=2 pl=0 blk=121 pg=255 erase_cnt=1 (vpc/ipc reset)
[EXP] [ERASE] ch=7 lun=3 pl=0 blk=121 pg=255 erase_cnt=1 (vpc/ipc reset)
[EXP] [ERASE] ch=7 lun=4 pl=0 blk=121 pg=255 erase_cnt=1 (vpc/ipc reset)
[EXP] [ERASE] ch=7 lun=5 pl=0 blk=121 pg=255 erase_cnt=1 (vpc/ipc reset)
[EXP] [ERASE] ch=7 lun=6 pl=0 blk=121 pg=255 erase_cnt=1 (vpc/ipc reset)
[EXP] [ERASE] ch=7 lun=7 pl=0 blk=121 pg=255 erase_cnt=1 (vpc/ipc reset)
[EXP] [ERASE] ch=0 lun=0 pl=0 blk=97 pg=255 erase_cnt=59 (vpc/ipc reset)
[EXP] [ERASE] ch=0 lun=1 pl=0 blk=97 pg=255 erase_cnt=59 (vpc/ipc reset)
[EXP] [ERASE] ch=0 lun=2 pl=0 blk=97 pg=255 erase_cnt=59 (vpc/ipc reset)
[EXP] [ERASE] ch=0 lun=3 pl=0 blk=97 pg=255 erase_cnt=59 (vpc/ipc reset)
[EXP] [ERASE] ch=0 lun=4 pl=0 blk=97 pg=255 erase_cnt=59 (vpc/ipc reset)
[EXP] [ERASE] ch=0 lun=5 pl=0 blk=97 pg=255 erase_cnt=59 (vpc/ipc reset)
[EXP] [ERASE] ch=0 lun=6 pl=0 blk=97 pg=255 erase_cnt=59 (vpc/ipc reset)
[EXP] [ERASE] ch=0 lun=7 pl=0 blk=97 pg=255 erase_cnt=59 (vpc/ipc reset)
[EXP] [ERASE] ch=1 lun=0 pl=0 blk=97 pg=255 erase_cnt=59 (vpc/ipc reset)
[EXP] [ERASE] ch=1 lun=1 pl=0 blk=97 pg=255 erase_cnt=59 (vpc/ipc reset)
[EXP] [ERASE] ch=1 lun=2 pl=0 blk=97 pg=255 erase_cnt=59 (vpc/ipc reset)
[EXP] [ERASE] ch=1 lun=3 pl=0 blk=97 pg=255 erase_cnt=59 (vpc/ipc reset)
[EXP] [ERASE] ch=1 lun=4 pl=0 blk=97 pg=255 erase_cnt=59 (vpc/ipc reset)
[EXP] [ERASE] ch=1 lun=5 pl=0 blk=97 pg=255 erase_cnt=59 (vpc/ipc reset)
[EXP] [ERASE] ch=1 lun=6 pl=0 blk=97 pg=255 erase_cnt=59 (vpc/ipc reset)
[EXP] [ERASE] ch=1 lun=7 pl=0 blk=97 pg=255 erase_cnt=59 (vpc/ipc reset)
[EXP] [ERASE] ch=2 lun=0 pl=0 blk=97 pg=255 erase_cnt=59 (vpc/ipc reset)
[EXP] [ERASE] ch=2 lun=1 pl=0 blk=97 pg=255 erase_cnt=59 (vpc/ipc reset)
[EXP] [ERASE] ch=2 lun=2 pl=0 blk=97 pg=255 erase_cnt=59 (vpc/ipc reset)
[EXP] [ERASE] ch=2 lun=3 pl=0 blk=97 pg=255 erase_cnt=59 (vpc/ipc reset)
[EXP] [ERASE] ch=2 lun=4 pl=0 blk=97 pg=255 erase_cnt=59 (vpc/ipc reset)
[EXP] [ERASE] ch=2 lun=5 pl=0 blk=97 pg=255 erase_cnt=59 (vpc/ipc reset)
[EXP] [ERASE] ch=2 lun=6 pl=0 blk=97 pg=255 erase_cnt=59 (vpc/ipc reset)
[EXP] [ERASE] ch=2 lun=7 pl=0 blk=97 pg=255 erase_cnt=59 (vpc/ipc reset)
[EXP] [ERASE] ch=3 lun=0 pl=0 blk=97 pg=255 erase_cnt=59 (vpc/ipc reset)
[EXP] [ERASE] ch=3 lun=1 pl=0 blk=97 pg=255 erase_cnt=59 (vpc/ipc reset)
[EXP] [ERASE] ch=3 lun=2 pl=0 blk=97 pg=255 erase_cnt=59 (vpc/ipc reset)
[EXP] [ERASE] ch=3 lun=3 pl=0 blk=97 pg=255 erase_cnt=59 (vpc/ipc reset)
[EXP] [ERASE] ch=3 lun=4 pl=0 blk=97 pg=255 erase_cnt=59 (vpc/ipc reset)
[EXP] [ERASE] ch=3 lun=5 pl=0 blk=97 pg=255 erase_cnt=59 (vpc/ipc reset)
[EXP] [ERASE] ch=3 lun=6 pl=0 blk=97 pg=255 erase_cnt=59 (vpc/ipc reset)
[EXP] [ERASE] ch=3 lun=7 pl=0 blk=97 pg=255 erase_cnt=59 (vpc/ipc reset)
[EXP] [ERASE] ch=4 lun=0 pl=0 blk=97 pg=255 erase_cnt=59 (vpc/ipc reset)
[EXP] [ERASE] ch=4 lun=1 pl=0 blk=97 pg=255 erase_cnt=59 (vpc/ipc reset)
[EXP] [ERASE] ch=4 lun=2 pl=0 blk=97 pg=255 erase_cnt=59 (vpc/ipc reset)
[EXP] [ERASE] ch=4 lun=3 pl=0 blk=97 pg=255 erase_cnt=59 (vpc/ipc reset)
[EXP] [ERASE] ch=4 lun=4 pl=0 blk=97 pg=255 erase_cnt=59 (vpc/ipc reset)
[EXP] [ERASE] ch=4 lun=5 pl=0 blk=97 pg=255 erase_cnt=59 (vpc/ipc reset)
[EXP] [ERASE] ch=4 lun=6 pl=0 blk=97 pg=255 erase_cnt=59 (vpc/ipc reset)
[EXP] [ERASE] ch=4 lun=7 pl=0 blk=97 pg=255 erase_cnt=59 (vpc/ipc reset)
[EXP] [ERASE] ch=5 lun=0 pl=0 blk=97 pg=255 erase_cnt=59 (vpc/ipc reset)
[EXP] [ERASE] ch=5 lun=1 pl=0 blk=97 pg=255 erase_cnt=59 (vpc/ipc reset)
[EXP] [ERASE] ch=5 lun=2 pl=0 blk=97 pg=255 erase_cnt=59 (vpc/ipc reset)
[EXP] [ERASE] ch=5 lun=3 pl=0 blk=97 pg=255 erase_cnt=59 (vpc/ipc reset)
[EXP] [ERASE] ch=5 lun=4 pl=0 blk=97 pg=255 erase_cnt=59 (vpc/ipc reset)
[EXP] [ERASE] ch=5 lun=5 pl=0 blk=97 pg=255 erase_cnt=59 (vpc/ipc reset)
[EXP] [ERASE] ch=5 lun=6 pl=0 blk=97 pg=255 erase_cnt=59 (vpc/ipc reset)
[EXP] [ERASE] ch=5 lun=7 pl=0 blk=97 pg=255 erase_cnt=59 (vpc/ipc reset)
[EXP] [ERASE] ch=6 lun=0 pl=0 blk=97 pg=255 erase_cnt=59 (vpc/ipc reset)
[EXP] [ERASE] ch=6 lun=1 pl=0 blk=97 pg=255 erase_cnt=59 (vpc/ipc reset)
[EXP] [ERASE] ch=6 lun=2 pl=0 blk=97 pg=255 erase_cnt=59 (vpc/ipc reset)
[EXP] [ERASE] ch=6 lun=3 pl=0 blk=97 pg=255 erase_cnt=59 (vpc/ipc reset)
[EXP] [ERASE] ch=6 lun=4 pl=0 blk=97 pg=255 erase_cnt=59 (vpc/ipc reset)
[EXP] [ERASE] ch=6 lun=5 pl=0 blk=97 pg=255 erase_cnt=59 (vpc/ipc reset)
[EXP] [ERASE] ch=6 lun=6 pl=0 blk=97 pg=255 erase_cnt=59 (vpc/ipc reset)
[EXP] [ERASE] ch=6 lun=7 pl=0 blk=97 pg=255 erase_cnt=59 (vpc/ipc reset)
[EXP] [ERASE] ch=7 lun=0 pl=0 blk=97 pg=255 erase_cnt=59 (vpc/ipc reset)
[EXP] [ERASE] ch=7 lun=1 pl=0 blk=97 pg=255 erase_cnt=59 (vpc/ipc reset)
[EXP] [ERASE] ch=7 lun=2 pl=0 blk=97 pg=255 erase_cnt=59 (vpc/ipc reset)
[EXP] [ERASE] ch=7 lun=3 pl=0 blk=97 pg=255 erase_cnt=59 (vpc/ipc reset)
[EXP] [ERASE] ch=7 lun=4 pl=0 blk=97 pg=255 erase_cnt=59 (vpc/ipc reset)
[EXP] [ERASE] ch=7 lun=5 pl=0 blk=97 pg=255 erase_cnt=59 (vpc/ipc reset)
[EXP] [ERASE] ch=7 lun=6 pl=0 blk=97 pg=255 erase_cnt=59 (vpc/ipc reset)
[EXP] [ERASE] ch=7 lun=7 pl=0 blk=97 pg=255 erase_cnt=59 (vpc/ipc reset)
[EXP] [ERASE] ch=0 lun=0 pl=0 blk=97 pg=255 erase_cnt=60 (vpc/ipc reset)
[EXP] [ERASE] ch=0 lun=1 pl=0 blk=97 pg=255 erase_cnt=60 (vpc/ipc reset)
[EXP] [ERASE] ch=0 lun=2 pl=0 blk=97 pg=255 erase_cnt=60 (vpc/ipc reset)
[EXP] [ERASE] ch=0 lun=3 pl=0 blk=97 pg=255 erase_cnt=60 (vpc/ipc reset)
[EXP] [ERASE] ch=0 lun=4 pl=0 blk=97 pg=255 erase_cnt=60 (vpc/ipc reset)
[EXP] [ERASE] ch=0 lun=5 pl=0 blk=97 pg=255 erase_cnt=60 (vpc/ipc reset)
[EXP] [ERASE] ch=0 lun=6 pl=0 blk=97 pg=255 erase_cnt=60 (vpc/ipc reset)
[EXP] [ERASE] ch=0 lun=7 pl=0 blk=97 pg=255 erase_cnt=60 (vpc/ipc reset)
[EXP] [ERASE] ch=1 lun=0 pl=0 blk=97 pg=255 erase_cnt=60 (vpc/ipc reset)
[EXP] [ERASE] ch=1 lun=1 pl=0 blk=97 pg=255 erase_cnt=60 (vpc/ipc reset)
[EXP] [ERASE] ch=1 lun=2 pl=0 blk=97 pg=255 erase_cnt=60 (vpc/ipc reset)
[EXP] [ERASE] ch=1 lun=3 pl=0 blk=97 pg=255 erase_cnt=60 (vpc/ipc reset)
[EXP] [ERASE] ch=1 lun=4 pl=0 blk=97 pg=255 erase_cnt=60 (vpc/ipc reset)
[EXP] [ERASE] ch=1 lun=5 pl=0 blk=97 pg=255 erase_cnt=60 (vpc/ipc reset)
[EXP] [ERASE] ch=1 lun=6 pl=0 blk=97 pg=255 erase_cnt=60 (vpc/ipc reset)
[EXP] [ERASE] ch=1 lun=7 pl=0 blk=97 pg=255 erase_cnt=60 (vpc/ipc reset)
[EXP] [ERASE] ch=2 lun=0 pl=0 blk=97 pg=255 erase_cnt=60 (vpc/ipc reset)
[EXP] [ERASE] ch=2 lun=1 pl=0 blk=97 pg=255 erase_cnt=60 (vpc/ipc reset)
[EXP] [ERASE] ch=2 lun=2 pl=0 blk=97 pg=255 erase_cnt=60 (vpc/ipc reset)
[EXP] [ERASE] ch=2 lun=3 pl=0 blk=97 pg=255 erase_cnt=60 (vpc/ipc reset)
[EXP] [ERASE] ch=2 lun=4 pl=0 blk=97 pg=255 erase_cnt=60 (vpc/ipc reset)
[EXP] [ERASE] ch=2 lun=5 pl=0 blk=97 pg=255 erase_cnt=60 (vpc/ipc reset)
[EXP] [ERASE] ch=2 lun=6 pl=0 blk=97 pg=255 erase_cnt=60 (vpc/ipc reset)
[EXP] [ERASE] ch=2 lun=7 pl=0 blk=97 pg=255 erase_cnt=60 (vpc/ipc reset)
[EXP] [ERASE] ch=3 lun=0 pl=0 blk=97 pg=255 erase_cnt=60 (vpc/ipc reset)
[EXP] [ERASE] ch=3 lun=1 pl=0 blk=97 pg=255 erase_cnt=60 (vpc/ipc reset)
[EXP] [ERASE] ch=3 lun=2 pl=0 blk=97 pg=255 erase_cnt=60 (vpc/ipc reset)
[EXP] [ERASE] ch=3 lun=3 pl=0 blk=97 pg=255 erase_cnt=60 (vpc/ipc reset)
[EXP] [ERASE] ch=3 lun=4 pl=0 blk=97 pg=255 erase_cnt=60 (vpc/ipc reset)
[EXP] [ERASE] ch=3 lun=5 pl=0 blk=97 pg=255 erase_cnt=60 (vpc/ipc reset)
[EXP] [ERASE] ch=3 lun=6 pl=0 blk=97 pg=255 erase_cnt=60 (vpc/ipc reset)
[EXP] [ERASE] ch=3 lun=7 pl=0 blk=97 pg=255 erase_cnt=60 (vpc/ipc reset)
[EXP] [ERASE] ch=4 lun=0 pl=0 blk=97 pg=255 erase_cnt=60 (vpc/ipc reset)
[EXP] [ERASE] ch=4 lun=1 pl=0 blk=97 pg=255 erase_cnt=60 (vpc/ipc reset)
[EXP] [ERASE] ch=4 lun=2 pl=0 blk=97 pg=255 erase_cnt=60 (vpc/ipc reset)
[EXP] [ERASE] ch=4 lun=3 pl=0 blk=97 pg=255 erase_cnt=60 (vpc/ipc reset)
[EXP] [ERASE] ch=4 lun=4 pl=0 blk=97 pg=255 erase_cnt=60 (vpc/ipc reset)
[EXP] [ERASE] ch=4 lun=5 pl=0 blk=97 pg=255 erase_cnt=60 (vpc/ipc reset)
[EXP] [ERASE] ch=4 lun=6 pl=0 blk=97 pg=255 erase_cnt=60 (vpc/ipc reset)
[EXP] [ERASE] ch=4 lun=7 pl=0 blk=97 pg=255 erase_cnt=60 (vpc/ipc reset)
[EXP] [ERASE] ch=5 lun=0 pl=0 blk=97 pg=255 erase_cnt=60 (vpc/ipc reset)
[EXP] [ERASE] ch=5 lun=1 pl=0 blk=97 pg=255 erase_cnt=60 (vpc/ipc reset)
[EXP] [ERASE] ch=5 lun=2 pl=0 blk=97 pg=255 erase_cnt=60 (vpc/ipc reset)
[EXP] [ERASE] ch=5 lun=3 pl=0 blk=97 pg=255 erase_cnt=60 (vpc/ipc reset)
[EXP] [ERASE] ch=5 lun=4 pl=0 blk=97 pg=255 erase_cnt=60 (vpc/ipc reset)
[EXP] [ERASE] ch=5 lun=5 pl=0 blk=97 pg=255 erase_cnt=60 (vpc/ipc reset)
[EXP] [ERASE] ch=5 lun=6 pl=0 blk=97 pg=255 erase_cnt=60 (vpc/ipc reset)
[EXP] [ERASE] ch=5 lun=7 pl=0 blk=97 pg=255 erase_cnt=60 (vpc/ipc reset)
[EXP] [ERASE] ch=6 lun=0 pl=0 blk=97 pg=255 erase_cnt=60 (vpc/ipc reset)
[EXP] [ERASE] ch=6 lun=1 pl=0 blk=97 pg=255 erase_cnt=60 (vpc/ipc reset)
[EXP] [ERASE] ch=6 lun=2 pl=0 blk=97 pg=255 erase_cnt=60 (vpc/ipc reset)
[EXP] [ERASE] ch=6 lun=3 pl=0 blk=97 pg=255 erase_cnt=60 (vpc/ipc reset)
[EXP] [ERASE] ch=6 lun=4 pl=0 blk=97 pg=255 erase_cnt=60 (vpc/ipc reset)
[EXP] [ERASE] ch=6 lun=5 pl=0 blk=97 pg=255 erase_cnt=60 (vpc/ipc reset)
[EXP] [ERASE] ch=6 lun=6 pl=0 blk=97 pg=255 erase_cnt=60 (vpc/ipc reset)
[EXP] [ERASE] ch=6 lun=7 pl=0 blk=97 pg=255 erase_cnt=60 (vpc/ipc reset)
[EXP] [ERASE] ch=7 lun=0 pl=0 blk=97 pg=255 erase_cnt=60 (vpc/ipc reset)
[EXP] [ERASE] ch=7 lun=1 pl=0 blk=97 pg=255 erase_cnt=60 (vpc/ipc reset)
[EXP] [ERASE] ch=7 lun=2 pl=0 blk=97 pg=255 erase_cnt=60 (vpc/ipc reset)
[EXP] [ERASE] ch=7 lun=3 pl=0 blk=97 pg=255 erase_cnt=60 (vpc/ipc reset)
[EXP] [ERASE] ch=7 lun=4 pl=0 blk=97 pg=255 erase_cnt=60 (vpc/ipc reset)
[EXP] [ERASE] ch=7 lun=5 pl=0 blk=97 pg=255 erase_cnt=60 (vpc/ipc reset)
[EXP] [ERASE] ch=7 lun=6 pl=0 blk=97 pg=255 erase_cnt=60 (vpc/ipc reset)
[EXP] [ERASE] ch=7 lun=7 pl=0 blk=97 pg=255 erase_cnt=60 (vpc/ipc reset)
[EXP] [ERASE] ch=0 lun=0 pl=0 blk=97 pg=255 erase_cnt=61 (vpc/ipc reset)
[EXP] [ERASE] ch=0 lun=1 pl=0 blk=97 pg=255 erase_cnt=61 (vpc/ipc reset)
[EXP] [ERASE] ch=0 lun=2 pl=0 blk=97 pg=255 erase_cnt=61 (vpc/ipc reset)
[EXP] [ERASE] ch=0 lun=3 pl=0 blk=97 pg=255 erase_cnt=61 (vpc/ipc reset)
[EXP] [ERASE] ch=0 lun=4 pl=0 blk=97 pg=255 erase_cnt=61 (vpc/ipc reset)
[EXP] [ERASE] ch=0 lun=5 pl=0 blk=97 pg=255 erase_cnt=61 (vpc/ipc reset)
[EXP] [ERASE] ch=0 lun=6 pl=0 blk=97 pg=255 erase_cnt=61 (vpc/ipc reset)
[EXP] [ERASE] ch=0 lun=7 pl=0 blk=97 pg=255 erase_cnt=61 (vpc/ipc reset)
[EXP] [ERASE] ch=1 lun=0 pl=0 blk=97 pg=255 erase_cnt=61 (vpc/ipc reset)
[EXP] [ERASE] ch=1 lun=1 pl=0 blk=97 pg=255 erase_cnt=61 (vpc/ipc reset)
[EXP] [ERASE] ch=1 lun=2 pl=0 blk=97 pg=255 erase_cnt=61 (vpc/ipc reset)
[EXP] [ERASE] ch=1 lun=3 pl=0 blk=97 pg=255 erase_cnt=61 (vpc/ipc reset)
[EXP] [ERASE] ch=1 lun=4 pl=0 blk=97 pg=255 erase_cnt=61 (vpc/ipc reset)
[EXP] [ERASE] ch=1 lun=5 pl=0 blk=97 pg=255 erase_cnt=61 (vpc/ipc reset)
[EXP] [ERASE] ch=1 lun=6 pl=0 blk=97 pg=255 erase_cnt=61 (vpc/ipc reset)
[EXP] [ERASE] ch=1 lun=7 pl=0 blk=97 pg=255 erase_cnt=61 (vpc/ipc reset)
[EXP] [ERASE] ch=2 lun=0 pl=0 blk=97 pg=255 erase_cnt=61 (vpc/ipc reset)
[EXP] [ERASE] ch=2 lun=1 pl=0 blk=97 pg=255 erase_cnt=61 (vpc/ipc reset)
[EXP] [ERASE] ch=2 lun=2 pl=0 blk=97 pg=255 erase_cnt=61 (vpc/ipc reset)
[EXP] [ERASE] ch=2 lun=3 pl=0 blk=97 pg=255 erase_cnt=61 (vpc/ipc reset)
[EXP] [ERASE] ch=2 lun=4 pl=0 blk=97 pg=255 erase_cnt=61 (vpc/ipc reset)
[EXP] [ERASE] ch=2 lun=5 pl=0 blk=97 pg=255 erase_cnt=61 (vpc/ipc reset)
[EXP] [ERASE] ch=2 lun=6 pl=0 blk=97 pg=255 erase_cnt=61 (vpc/ipc reset)
[EXP] [ERASE] ch=2 lun=7 pl=0 blk=97 pg=255 erase_cnt=61 (vpc/ipc reset)
[EXP] [ERASE] ch=3 lun=0 pl=0 blk=97 pg=255 erase_cnt=61 (vpc/ipc reset)
[EXP] [ERASE] ch=3 lun=1 pl=0 blk=97 pg=255 erase_cnt=61 (vpc/ipc reset)
[EXP] [ERASE] ch=3 lun=2 pl=0 blk=97 pg=255 erase_cnt=61 (vpc/ipc reset)
[EXP] [ERASE] ch=3 lun=3 pl=0 blk=97 pg=255 erase_cnt=61 (vpc/ipc reset)
[EXP] [ERASE] ch=3 lun=4 pl=0 blk=97 pg=255 erase_cnt=61 (vpc/ipc reset)
[EXP] [ERASE] ch=3 lun=5 pl=0 blk=97 pg=255 erase_cnt=61 (vpc/ipc reset)
[EXP] [ERASE] ch=3 lun=6 pl=0 blk=97 pg=255 erase_cnt=61 (vpc/ipc reset)
[EXP] [ERASE] ch=3 lun=7 pl=0 blk=97 pg=255 erase_cnt=61 (vpc/ipc reset)
[EXP] [ERASE] ch=4 lun=0 pl=0 blk=97 pg=255 erase_cnt=61 (vpc/ipc reset)
[EXP] [ERASE] ch=4 lun=1 pl=0 blk=97 pg=255 erase_cnt=61 (vpc/ipc reset)
[EXP] [ERASE] ch=4 lun=2 pl=0 blk=97 pg=255 erase_cnt=61 (vpc/ipc reset)
[EXP] [ERASE] ch=4 lun=3 pl=0 blk=97 pg=255 erase_cnt=61 (vpc/ipc reset)
[EXP] [ERASE] ch=4 lun=4 pl=0 blk=97 pg=255 erase_cnt=61 (vpc/ipc reset)
[EXP] [ERASE] ch=4 lun=5 pl=0 blk=97 pg=255 erase_cnt=61 (vpc/ipc reset)
[EXP] [ERASE] ch=4 lun=6 pl=0 blk=97 pg=255 erase_cnt=61 (vpc/ipc reset)
[EXP] [ERASE] ch=4 lun=7 pl=0 blk=97 pg=255 erase_cnt=61 (vpc/ipc reset)
[EXP] [ERASE] ch=5 lun=0 pl=0 blk=97 pg=255 erase_cnt=61 (vpc/ipc reset)
[EXP] [ERASE] ch=5 lun=1 pl=0 blk=97 pg=255 erase_cnt=61 (vpc/ipc reset)
[EXP] [ERASE] ch=5 lun=2 pl=0 blk=97 pg=255 erase_cnt=61 (vpc/ipc reset)
[EXP] [ERASE] ch=5 lun=3 pl=0 blk=97 pg=255 erase_cnt=61 (vpc/ipc reset)
[EXP] [ERASE] ch=5 lun=4 pl=0 blk=97 pg=255 erase_cnt=61 (vpc/ipc reset)
[EXP] [ERASE] ch=5 lun=5 pl=0 blk=97 pg=255 erase_cnt=61 (vpc/ipc reset)
[EXP] [ERASE] ch=5 lun=6 pl=0 blk=97 pg=255 erase_cnt=61 (vpc/ipc reset)
[EXP] [ERASE] ch=5 lun=7 pl=0 blk=97 pg=255 erase_cnt=61 (vpc/ipc reset)
[EXP] [ERASE] ch=6 lun=0 pl=0 blk=97 pg=255 erase_cnt=61 (vpc/ipc reset)
[EXP] [ERASE] ch=6 lun=1 pl=0 blk=97 pg=255 erase_cnt=61 (vpc/ipc reset)
[EXP] [ERASE] ch=6 lun=2 pl=0 blk=97 pg=255 erase_cnt=61 (vpc/ipc reset)
[EXP] [ERASE] ch=6 lun=3 pl=0 blk=97 pg=255 erase_cnt=61 (vpc/ipc reset)
[EXP] [ERASE] ch=6 lun=4 pl=0 blk=97 pg=255 erase_cnt=61 (vpc/ipc reset)
[EXP] [ERASE] ch=6 lun=5 pl=0 blk=97 pg=255 erase_cnt=61 (vpc/ipc reset)
[EXP] [ERASE] ch=6 lun=6 pl=0 blk=97 pg=255 erase_cnt=61 (vpc/ipc reset)
[EXP] [ERASE] ch=6 lun=7 pl=0 blk=97 pg=255 erase_cnt=61 (vpc/ipc reset)
[EXP] [ERASE] ch=7 lun=0 pl=0 blk=97 pg=255 erase_cnt=61 (vpc/ipc reset)
[EXP] [ERASE] ch=7 lun=1 pl=0 blk=97 pg=255 erase_cnt=61 (vpc/ipc reset)
[EXP] [ERASE] ch=7 lun=2 pl=0 blk=97 pg=255 erase_cnt=61 (vpc/ipc reset)
[EXP] [ERASE] ch=7 lun=3 pl=0 blk=97 pg=255 erase_cnt=61 (vpc/ipc reset)
[EXP] [ERASE] ch=7 lun=4 pl=0 blk=97 pg=255 erase_cnt=61 (vpc/ipc reset)
[EXP] [ERASE] ch=7 lun=5 pl=0 blk=97 pg=255 erase_cnt=61 (vpc/ipc reset)
[EXP] [ERASE] ch=7 lun=6 pl=0 blk=97 pg=255 erase_cnt=61 (vpc/ipc reset)
[EXP] [ERASE] ch=7 lun=7 pl=0 blk=97 pg=255 erase_cnt=61 (vpc/ipc reset)
[EXP] [ERASE] ch=0 lun=0 pl=0 blk=97 pg=255 erase_cnt=62 (vpc/ipc reset)
[EXP] [ERASE] ch=0 lun=1 pl=0 blk=97 pg=255 erase_cnt=62 (vpc/ipc reset)
[EXP] [ERASE] ch=0 lun=2 pl=0 blk=97 pg=255 erase_cnt=62 (vpc/ipc reset)
[EXP] [ERASE] ch=0 lun=3 pl=0 blk=97 pg=255 erase_cnt=62 (vpc/ipc reset)
[EXP] [ERASE] ch=0 lun=4 pl=0 blk=97 pg=255 erase_cnt=62 (vpc/ipc reset)
[EXP] [ERASE] ch=0 lun=5 pl=0 blk=97 pg=255 erase_cnt=62 (vpc/ipc reset)
[EXP] [ERASE] ch=0 lun=6 pl=0 blk=97 pg=255 erase_cnt=62 (vpc/ipc reset)
[EXP] [ERASE] ch=0 lun=7 pl=0 blk=97 pg=255 erase_cnt=62 (vpc/ipc reset)
[EXP] [ERASE] ch=1 lun=0 pl=0 blk=97 pg=255 erase_cnt=62 (vpc/ipc reset)
[EXP] [ERASE] ch=1 lun=1 pl=0 blk=97 pg=255 erase_cnt=62 (vpc/ipc reset)
[EXP] [ERASE] ch=1 lun=2 pl=0 blk=97 pg=255 erase_cnt=62 (vpc/ipc reset)
[EXP] [ERASE] ch=1 lun=3 pl=0 blk=97 pg=255 erase_cnt=62 (vpc/ipc reset)
[EXP] [ERASE] ch=1 lun=4 pl=0 blk=97 pg=255 erase_cnt=62 (vpc/ipc reset)
[EXP] [ERASE] ch=1 lun=5 pl=0 blk=97 pg=255 erase_cnt=62 (vpc/ipc reset)
[EXP] [ERASE] ch=1 lun=6 pl=0 blk=97 pg=255 erase_cnt=62 (vpc/ipc reset)
[EXP] [ERASE] ch=1 lun=7 pl=0 blk=97 pg=255 erase_cnt=62 (vpc/ipc reset)
[EXP] [ERASE] ch=2 lun=0 pl=0 blk=97 pg=255 erase_cnt=62 (vpc/ipc reset)
[EXP] [ERASE] ch=2 lun=1 pl=0 blk=97 pg=255 erase_cnt=62 (vpc/ipc reset)
[EXP] [ERASE] ch=2 lun=2 pl=0 blk=97 pg=255 erase_cnt=62 (vpc/ipc reset)
[EXP] [ERASE] ch=2 lun=3 pl=0 blk=97 pg=255 erase_cnt=62 (vpc/ipc reset)
[EXP] [ERASE] ch=2 lun=4 pl=0 blk=97 pg=255 erase_cnt=62 (vpc/ipc reset)
[EXP] [ERASE] ch=2 lun=5 pl=0 blk=97 pg=255 erase_cnt=62 (vpc/ipc reset)
[EXP] [ERASE] ch=2 lun=6 pl=0 blk=97 pg=255 erase_cnt=62 (vpc/ipc reset)
[EXP] [ERASE] ch=2 lun=7 pl=0 blk=97 pg=255 erase_cnt=62 (vpc/ipc reset)
[EXP] [ERASE] ch=3 lun=0 pl=0 blk=97 pg=255 erase_cnt=62 (vpc/ipc reset)
[EXP] [ERASE] ch=3 lun=1 pl=0 blk=97 pg=255 erase_cnt=62 (vpc/ipc reset)
[EXP] [ERASE] ch=3 lun=2 pl=0 blk=97 pg=255 erase_cnt=62 (vpc/ipc reset)
[EXP] [ERASE] ch=3 lun=3 pl=0 blk=97 pg=255 erase_cnt=62 (vpc/ipc reset)
[EXP] [ERASE] ch=3 lun=4 pl=0 blk=97 pg=255 erase_cnt=62 (vpc/ipc reset)
[EXP] [ERASE] ch=3 lun=5 pl=0 blk=97 pg=255 erase_cnt=62 (vpc/ipc reset)
[EXP] [ERASE] ch=3 lun=6 pl=0 blk=97 pg=255 erase_cnt=62 (vpc/ipc reset)
[EXP] [ERASE] ch=3 lun=7 pl=0 blk=97 pg=255 erase_cnt=62 (vpc/ipc reset)
[EXP] [ERASE] ch=4 lun=0 pl=0 blk=97 pg=255 erase_cnt=62 (vpc/ipc reset)
[EXP] [ERASE] ch=4 lun=1 pl=0 blk=97 pg=255 erase_cnt=62 (vpc/ipc reset)
[EXP] [ERASE] ch=4 lun=2 pl=0 blk=97 pg=255 erase_cnt=62 (vpc/ipc reset)
[EXP] [ERASE] ch=4 lun=3 pl=0 blk=97 pg=255 erase_cnt=62 (vpc/ipc reset)
[EXP] [ERASE] ch=4 lun=4 pl=0 blk=97 pg=255 erase_cnt=62 (vpc/ipc reset)
[EXP] [ERASE] ch=4 lun=5 pl=0 blk=97 pg=255 erase_cnt=62 (vpc/ipc reset)
[EXP] [ERASE] ch=4 lun=6 pl=0 blk=97 pg=255 erase_cnt=62 (vpc/ipc reset)
[EXP] [ERASE] ch=4 lun=7 pl=0 blk=97 pg=255 erase_cnt=62 (vpc/ipc reset)
[EXP] [ERASE] ch=5 lun=0 pl=0 blk=97 pg=255 erase_cnt=62 (vpc/ipc reset)
[EXP] [ERASE] ch=5 lun=1 pl=0 blk=97 pg=255 erase_cnt=62 (vpc/ipc reset)
[EXP] [ERASE] ch=5 lun=2 pl=0 blk=97 pg=255 erase_cnt=62 (vpc/ipc reset)
[EXP] [ERASE] ch=5 lun=3 pl=0 blk=97 pg=255 erase_cnt=62 (vpc/ipc reset)
[EXP] [ERASE] ch=5 lun=4 pl=0 blk=97 pg=255 erase_cnt=62 (vpc/ipc reset)
[EXP] [ERASE] ch=5 lun=5 pl=0 blk=97 pg=255 erase_cnt=62 (vpc/ipc reset)
[EXP] [ERASE] ch=5 lun=6 pl=0 blk=97 pg=255 erase_cnt=62 (vpc/ipc reset)
[EXP] [ERASE] ch=5 lun=7 pl=0 blk=97 pg=255 erase_cnt=62 (vpc/ipc reset)
[EXP] [ERASE] ch=6 lun=0 pl=0 blk=97 pg=255 erase_cnt=62 (vpc/ipc reset)
[EXP] [ERASE] ch=6 lun=1 pl=0 blk=97 pg=255 erase_cnt=62 (vpc/ipc reset)
[EXP] [ERASE] ch=6 lun=2 pl=0 blk=97 pg=255 erase_cnt=62 (vpc/ipc reset)
[EXP] [ERASE] ch=6 lun=3 pl=0 blk=97 pg=255 erase_cnt=62 (vpc/ipc reset)
[EXP] [ERASE] ch=6 lun=4 pl=0 blk=97 pg=255 erase_cnt=62 (vpc/ipc reset)
[EXP] [ERASE] ch=6 lun=5 pl=0 blk=97 pg=255 erase_cnt=62 (vpc/ipc reset)
[EXP] [ERASE] ch=6 lun=6 pl=0 blk=97 pg=255 erase_cnt=62 (vpc/ipc reset)
[EXP] [ERASE] ch=6 lun=7 pl=0 blk=97 pg=255 erase_cnt=62 (vpc/ipc reset)
[EXP] [ERASE] ch=7 lun=0 pl=0 blk=97 pg=255 erase_cnt=62 (vpc/ipc reset)
[EXP] [ERASE] ch=7 lun=1 pl=0 blk=97 pg=255 erase_cnt=62 (vpc/ipc reset)
[EXP] [ERASE] ch=7 lun=2 pl=0 blk=97 pg=255 erase_cnt=62 (vpc/ipc reset)
[EXP] [ERASE] ch=7 lun=3 pl=0 blk=97 pg=255 erase_cnt=62 (vpc/ipc reset)
[EXP] [ERASE] ch=7 lun=4 pl=0 blk=97 pg=255 erase_cnt=62 (vpc/ipc reset)
[EXP] [ERASE] ch=7 lun=5 pl=0 blk=97 pg=255 erase_cnt=62 (vpc/ipc reset)
[EXP] [ERASE] ch=7 lun=6 pl=0 blk=97 pg=255 erase_cnt=62 (vpc/ipc reset)
[EXP] [ERASE] ch=7 lun=7 pl=0 blk=97 pg=255 erase_cnt=62 (vpc/ipc reset)
[EXP] [ERASE] ch=0 lun=0 pl=0 blk=97 pg=255 erase_cnt=63 (vpc/ipc reset)
[EXP] [ERASE] ch=0 lun=1 pl=0 blk=97 pg=255 erase_cnt=63 (vpc/ipc reset)
[EXP] [ERASE] ch=0 lun=2 pl=0 blk=97 pg=255 erase_cnt=63 (vpc/ipc reset)
[EXP] [ERASE] ch=0 lun=3 pl=0 blk=97 pg=255 erase_cnt=63 (vpc/ipc reset)
[EXP] [ERASE] ch=0 lun=4 pl=0 blk=97 pg=255 erase_cnt=63 (vpc/ipc reset)
[EXP] [ERASE] ch=0 lun=5 pl=0 blk=97 pg=255 erase_cnt=63 (vpc/ipc reset)
[EXP] [ERASE] ch=0 lun=6 pl=0 blk=97 pg=255 erase_cnt=63 (vpc/ipc reset)
[EXP] [ERASE] ch=0 lun=7 pl=0 blk=97 pg=255 erase_cnt=63 (vpc/ipc reset)
[EXP] [ERASE] ch=1 lun=0 pl=0 blk=97 pg=255 erase_cnt=63 (vpc/ipc reset)
[EXP] [ERASE] ch=1 lun=1 pl=0 blk=97 pg=255 erase_cnt=63 (vpc/ipc reset)
[EXP] [ERASE] ch=1 lun=2 pl=0 blk=97 pg=255 erase_cnt=63 (vpc/ipc reset)
[EXP] [ERASE] ch=1 lun=3 pl=0 blk=97 pg=255 erase_cnt=63 (vpc/ipc reset)
[EXP] [ERASE] ch=1 lun=4 pl=0 blk=97 pg=255 erase_cnt=63 (vpc/ipc reset)
[EXP] [ERASE] ch=1 lun=5 pl=0 blk=97 pg=255 erase_cnt=63 (vpc/ipc reset)
[EXP] [ERASE] ch=1 lun=6 pl=0 blk=97 pg=255 erase_cnt=63 (vpc/ipc reset)
[EXP] [ERASE] ch=1 lun=7 pl=0 blk=97 pg=255 erase_cnt=63 (vpc/ipc reset)
[EXP] [ERASE] ch=2 lun=0 pl=0 blk=97 pg=255 erase_cnt=63 (vpc/ipc reset)
[EXP] [ERASE] ch=2 lun=1 pl=0 blk=97 pg=255 erase_cnt=63 (vpc/ipc reset)
[EXP] [ERASE] ch=2 lun=2 pl=0 blk=97 pg=255 erase_cnt=63 (vpc/ipc reset)
[EXP] [ERASE] ch=2 lun=3 pl=0 blk=97 pg=255 erase_cnt=63 (vpc/ipc reset)
[EXP] [ERASE] ch=2 lun=4 pl=0 blk=97 pg=255 erase_cnt=63 (vpc/ipc reset)
[EXP] [ERASE] ch=2 lun=5 pl=0 blk=97 pg=255 erase_cnt=63 (vpc/ipc reset)
[EXP] [ERASE] ch=2 lun=6 pl=0 blk=97 pg=255 erase_cnt=63 (vpc/ipc reset)
[EXP] [ERASE] ch=2 lun=7 pl=0 blk=97 pg=255 erase_cnt=63 (vpc/ipc reset)
[EXP] [ERASE] ch=3 lun=0 pl=0 blk=97 pg=255 erase_cnt=63 (vpc/ipc reset)
[EXP] [ERASE] ch=3 lun=1 pl=0 blk=97 pg=255 erase_cnt=63 (vpc/ipc reset)
[EXP] [ERASE] ch=3 lun=2 pl=0 blk=97 pg=255 erase_cnt=63 (vpc/ipc reset)
[EXP] [ERASE] ch=3 lun=3 pl=0 blk=97 pg=255 erase_cnt=63 (vpc/ipc reset)
[EXP] [ERASE] ch=3 lun=4 pl=0 blk=97 pg=255 erase_cnt=63 (vpc/ipc reset)
[EXP] [ERASE] ch=3 lun=5 pl=0 blk=97 pg=255 erase_cnt=63 (vpc/ipc reset)
[EXP] [ERASE] ch=3 lun=6 pl=0 blk=97 pg=255 erase_cnt=63 (vpc/ipc reset)
[EXP] [ERASE] ch=3 lun=7 pl=0 blk=97 pg=255 erase_cnt=63 (vpc/ipc reset)
[EXP] [ERASE] ch=4 lun=0 pl=0 blk=97 pg=255 erase_cnt=63 (vpc/ipc reset)
[EXP] [ERASE] ch=4 lun=1 pl=0 blk=97 pg=255 erase_cnt=63 (vpc/ipc reset)
[EXP] [ERASE] ch=4 lun=2 pl=0 blk=97 pg=255 erase_cnt=63 (vpc/ipc reset)
[EXP] [ERASE] ch=4 lun=3 pl=0 blk=97 pg=255 erase_cnt=63 (vpc/ipc reset)
[EXP] [ERASE] ch=4 lun=4 pl=0 blk=97 pg=255 erase_cnt=63 (vpc/ipc reset)
[EXP] [ERASE] ch=4 lun=5 pl=0 blk=97 pg=255 erase_cnt=63 (vpc/ipc reset)
[EXP] [ERASE] ch=4 lun=6 pl=0 blk=97 pg=255 erase_cnt=63 (vpc/ipc reset)
[EXP] [ERASE] ch=4 lun=7 pl=0 blk=97 pg=255 erase_cnt=63 (vpc/ipc reset)
[EXP] [ERASE] ch=5 lun=0 pl=0 blk=97 pg=255 erase_cnt=63 (vpc/ipc reset)
[EXP] [ERASE] ch=5 lun=1 pl=0 blk=97 pg=255 erase_cnt=63 (vpc/ipc reset)
[EXP] [ERASE] ch=5 lun=2 pl=0 blk=97 pg=255 erase_cnt=63 (vpc/ipc reset)
[EXP] [ERASE] ch=5 lun=3 pl=0 blk=97 pg=255 erase_cnt=63 (vpc/ipc reset)
[EXP] [ERASE] ch=5 lun=4 pl=0 blk=97 pg=255 erase_cnt=63 (vpc/ipc reset)
[EXP] [ERASE] ch=5 lun=5 pl=0 blk=97 pg=255 erase_cnt=63 (vpc/ipc reset)
[EXP] [ERASE] ch=5 lun=6 pl=0 blk=97 pg=255 erase_cnt=63 (vpc/ipc reset)
[EXP] [ERASE] ch=5 lun=7 pl=0 blk=97 pg=255 erase_cnt=63 (vpc/ipc reset)
[EXP] [ERASE] ch=6 lun=0 pl=0 blk=97 pg=255 erase_cnt=63 (vpc/ipc reset)
[EXP] [ERASE] ch=6 lun=1 pl=0 blk=97 pg=255 erase_cnt=63 (vpc/ipc reset)
[EXP] [ERASE] ch=6 lun=2 pl=0 blk=97 pg=255 erase_cnt=63 (vpc/ipc reset)
[EXP] [ERASE] ch=6 lun=3 pl=0 blk=97 pg=255 erase_cnt=63 (vpc/ipc reset)
[EXP] [ERASE] ch=6 lun=4 pl=0 blk=97 pg=255 erase_cnt=63 (vpc/ipc reset)
[EXP] [ERASE] ch=6 lun=5 pl=0 blk=97 pg=255 erase_cnt=63 (vpc/ipc reset)
[EXP] [ERASE] ch=6 lun=6 pl=0 blk=97 pg=255 erase_cnt=63 (vpc/ipc reset)
[EXP] [ERASE] ch=6 lun=7 pl=0 blk=97 pg=255 erase_cnt=63 (vpc/ipc reset)
[EXP] [ERASE] ch=7 lun=0 pl=0 blk=97 pg=255 erase_cnt=63 (vpc/ipc reset)
[EXP] [ERASE] ch=7 lun=1 pl=0 blk=97 pg=255 erase_cnt=63 (vpc/ipc reset)
[EXP] [ERASE] ch=7 lun=2 pl=0 blk=97 pg=255 erase_cnt=63 (vpc/ipc reset)
[EXP] [ERASE] ch=7 lun=3 pl=0 blk=97 pg=255 erase_cnt=63 (vpc/ipc reset)
[EXP] [ERASE] ch=7 lun=4 pl=0 blk=97 pg=255 erase_cnt=63 (vpc/ipc reset)
[EXP] [ERASE] ch=7 lun=5 pl=0 blk=97 pg=255 erase_cnt=63 (vpc/ipc reset)
[EXP] [ERASE] ch=7 lun=6 pl=0 blk=97 pg=255 erase_cnt=63 (vpc/ipc reset)
[EXP] [ERASE] ch=7 lun=7 pl=0 blk=97 pg=255 erase_cnt=63 (vpc/ipc reset)
[EXP] [ERASE] ch=0 lun=0 pl=0 blk=122 pg=255 erase_cnt=1 (vpc/ipc reset)
[EXP] [ERASE] ch=0 lun=1 pl=0 blk=122 pg=255 erase_cnt=1 (vpc/ipc reset)
[EXP] [ERASE] ch=0 lun=2 pl=0 blk=122 pg=255 erase_cnt=1 (vpc/ipc reset)
[EXP] [ERASE] ch=0 lun=3 pl=0 blk=122 pg=255 erase_cnt=1 (vpc/ipc reset)
[EXP] [ERASE] ch=0 lun=4 pl=0 blk=122 pg=255 erase_cnt=1 (vpc/ipc reset)
[EXP] [ERASE] ch=0 lun=5 pl=0 blk=122 pg=255 erase_cnt=1 (vpc/ipc reset)
[EXP] [ERASE] ch=0 lun=6 pl=0 blk=122 pg=255 erase_cnt=1 (vpc/ipc reset)
[EXP] [ERASE] ch=0 lun=7 pl=0 blk=122 pg=255 erase_cnt=1 (vpc/ipc reset)
[EXP] [ERASE] ch=1 lun=0 pl=0 blk=122 pg=255 erase_cnt=1 (vpc/ipc reset)
[EXP] [ERASE] ch=1 lun=1 pl=0 blk=122 pg=255 erase_cnt=1 (vpc/ipc reset)
[EXP] [ERASE] ch=1 lun=2 pl=0 blk=122 pg=255 erase_cnt=1 (vpc/ipc reset)
[EXP] [ERASE] ch=1 lun=3 pl=0 blk=122 pg=255 erase_cnt=1 (vpc/ipc reset)
[EXP] [ERASE] ch=1 lun=4 pl=0 blk=122 pg=255 erase_cnt=1 (vpc/ipc reset)
[EXP] [ERASE] ch=1 lun=5 pl=0 blk=122 pg=255 erase_cnt=1 (vpc/ipc reset)
[EXP] [ERASE] ch=1 lun=6 pl=0 blk=122 pg=255 erase_cnt=1 (vpc/ipc reset)
[EXP] [ERASE] ch=1 lun=7 pl=0 blk=122 pg=255 erase_cnt=1 (vpc/ipc reset)
[EXP] [ERASE] ch=2 lun=0 pl=0 blk=122 pg=255 erase_cnt=1 (vpc/ipc reset)
[EXP] [ERASE] ch=2 lun=1 pl=0 blk=122 pg=255 erase_cnt=1 (vpc/ipc reset)
[EXP] [ERASE] ch=2 lun=2 pl=0 blk=122 pg=255 erase_cnt=1 (vpc/ipc reset)
[EXP] [ERASE] ch=2 lun=3 pl=0 blk=122 pg=255 erase_cnt=1 (vpc/ipc reset)
[EXP] [ERASE] ch=2 lun=4 pl=0 blk=122 pg=255 erase_cnt=1 (vpc/ipc reset)
[EXP] [ERASE] ch=2 lun=5 pl=0 blk=122 pg=255 erase_cnt=1 (vpc/ipc reset)
[EXP] [ERASE] ch=2 lun=6 pl=0 blk=122 pg=255 erase_cnt=1 (vpc/ipc reset)
[EXP] [ERASE] ch=2 lun=7 pl=0 blk=122 pg=255 erase_cnt=1 (vpc/ipc reset)
[EXP] [ERASE] ch=3 lun=0 pl=0 blk=122 pg=255 erase_cnt=1 (vpc/ipc reset)
[EXP] [ERASE] ch=3 lun=1 pl=0 blk=122 pg=255 erase_cnt=1 (vpc/ipc reset)
[EXP] [ERASE] ch=3 lun=2 pl=0 blk=122 pg=255 erase_cnt=1 (vpc/ipc reset)
[EXP] [ERASE] ch=3 lun=3 pl=0 blk=122 pg=255 erase_cnt=1 (vpc/ipc reset)
[EXP] [ERASE] ch=3 lun=4 pl=0 blk=122 pg=255 erase_cnt=1 (vpc/ipc reset)
[EXP] [ERASE] ch=3 lun=5 pl=0 blk=122 pg=255 erase_cnt=1 (vpc/ipc reset)
[EXP] [ERASE] ch=3 lun=6 pl=0 blk=122 pg=255 erase_cnt=1 (vpc/ipc reset)
[EXP] [ERASE] ch=3 lun=7 pl=0 blk=122 pg=255 erase_cnt=1 (vpc/ipc reset)
[EXP] [ERASE] ch=4 lun=0 pl=0 blk=122 pg=255 erase_cnt=1 (vpc/ipc reset)
[EXP] [ERASE] ch=4 lun=1 pl=0 blk=122 pg=255 erase_cnt=1 (vpc/ipc reset)
[EXP] [ERASE] ch=4 lun=2 pl=0 blk=122 pg=255 erase_cnt=1 (vpc/ipc reset)
[EXP] [ERASE] ch=4 lun=3 pl=0 blk=122 pg=255 erase_cnt=1 (vpc/ipc reset)
[EXP] [ERASE] ch=4 lun=4 pl=0 blk=122 pg=255 erase_cnt=1 (vpc/ipc reset)
[EXP] [ERASE] ch=4 lun=5 pl=0 blk=122 pg=255 erase_cnt=1 (vpc/ipc reset)
[EXP] [ERASE] ch=4 lun=6 pl=0 blk=122 pg=255 erase_cnt=1 (vpc/ipc reset)
[EXP] [ERASE] ch=4 lun=7 pl=0 blk=122 pg=255 erase_cnt=1 (vpc/ipc reset)
[EXP] [ERASE] ch=5 lun=0 pl=0 blk=122 pg=255 erase_cnt=1 (vpc/ipc reset)
[EXP] [ERASE] ch=5 lun=1 pl=0 blk=122 pg=255 erase_cnt=1 (vpc/ipc reset)
[EXP] [GC_MOVE] lpn=0 ch=5 lun=2 pl=0 blk=122 pg=4 -> ch=3 lun=5 pl=0 blk=123 pg=3
[EXP] [ERASE] ch=5 lun=2 pl=0 blk=122 pg=255 erase_cnt=1 (vpc/ipc reset)
[EXP] [ERASE] ch=5 lun=3 pl=0 blk=122 pg=255 erase_cnt=1 (vpc/ipc reset)
[EXP] [ERASE] ch=5 lun=4 pl=0 blk=122 pg=255 erase_cnt=1 (vpc/ipc reset)
[EXP] [ERASE] ch=5 lun=5 pl=0 blk=122 pg=255 erase_cnt=1 (vpc/ipc reset)
[EXP] [ERASE] ch=5 lun=6 pl=0 blk=122 pg=255 erase_cnt=1 (vpc/ipc reset)
[EXP] [ERASE] ch=5 lun=7 pl=0 blk=122 pg=255 erase_cnt=1 (vpc/ipc reset)
[EXP] [ERASE] ch=6 lun=0 pl=0 blk=122 pg=255 erase_cnt=1 (vpc/ipc reset)
[EXP] [ERASE] ch=6 lun=1 pl=0 blk=122 pg=255 erase_cnt=1 (vpc/ipc reset)
[EXP] [ERASE] ch=6 lun=2 pl=0 blk=122 pg=255 erase_cnt=1 (vpc/ipc reset)
[EXP] [ERASE] ch=6 lun=3 pl=0 blk=122 pg=255 erase_cnt=1 (vpc/ipc reset)
[EXP] [ERASE] ch=6 lun=4 pl=0 blk=122 pg=255 erase_cnt=1 (vpc/ipc reset)
[EXP] [ERASE] ch=6 lun=5 pl=0 blk=122 pg=255 erase_cnt=1 (vpc/ipc reset)
[EXP] [ERASE] ch=6 lun=6 pl=0 blk=122 pg=255 erase_cnt=1 (vpc/ipc reset)
[EXP] [ERASE] ch=6 lun=7 pl=0 blk=122 pg=255 erase_cnt=1 (vpc/ipc reset)
[EXP] [ERASE] ch=7 lun=0 pl=0 blk=122 pg=255 erase_cnt=1 (vpc/ipc reset)
[EXP] [ERASE] ch=7 lun=1 pl=0 blk=122 pg=255 erase_cnt=1 (vpc/ipc reset)
[EXP] [ERASE] ch=7 lun=2 pl=0 blk=122 pg=255 erase_cnt=1 (vpc/ipc reset)
[EXP] [ERASE] ch=7 lun=3 pl=0 blk=122 pg=255 erase_cnt=1 (vpc/ipc reset)
[EXP] [ERASE] ch=7 lun=4 pl=0 blk=122 pg=255 erase_cnt=1 (vpc/ipc reset)
[EXP] [ERASE] ch=7 lun=5 pl=0 blk=122 pg=255 erase_cnt=1 (vpc/ipc reset)
[EXP] [ERASE] ch=7 lun=6 pl=0 blk=122 pg=255 erase_cnt=1 (vpc/ipc reset)
[EXP] [ERASE] ch=7 lun=7 pl=0 blk=122 pg=255 erase_cnt=1 (vpc/ipc reset)
[EXP] [ERASE] ch=0 lun=0 pl=0 blk=97 pg=255 erase_cnt=64 (vpc/ipc reset)
[EXP] [ERASE] ch=0 lun=1 pl=0 blk=97 pg=255 erase_cnt=64 (vpc/ipc reset)
[EXP] [ERASE] ch=0 lun=2 pl=0 blk=97 pg=255 erase_cnt=64 (vpc/ipc reset)
[EXP] [ERASE] ch=0 lun=3 pl=0 blk=97 pg=255 erase_cnt=64 (vpc/ipc reset)
[EXP] [ERASE] ch=0 lun=4 pl=0 blk=97 pg=255 erase_cnt=64 (vpc/ipc reset)
[EXP] [ERASE] ch=0 lun=5 pl=0 blk=97 pg=255 erase_cnt=64 (vpc/ipc reset)
[EXP] [ERASE] ch=0 lun=6 pl=0 blk=97 pg=255 erase_cnt=64 (vpc/ipc reset)
[EXP] [ERASE] ch=0 lun=7 pl=0 blk=97 pg=255 erase_cnt=64 (vpc/ipc reset)
[EXP] [ERASE] ch=1 lun=0 pl=0 blk=97 pg=255 erase_cnt=64 (vpc/ipc reset)
[EXP] [ERASE] ch=1 lun=1 pl=0 blk=97 pg=255 erase_cnt=64 (vpc/ipc reset)
[EXP] [ERASE] ch=1 lun=2 pl=0 blk=97 pg=255 erase_cnt=64 (vpc/ipc reset)
[EXP] [ERASE] ch=1 lun=3 pl=0 blk=97 pg=255 erase_cnt=64 (vpc/ipc reset)
[EXP] [ERASE] ch=1 lun=4 pl=0 blk=97 pg=255 erase_cnt=64 (vpc/ipc reset)
[EXP] [ERASE] ch=1 lun=5 pl=0 blk=97 pg=255 erase_cnt=64 (vpc/ipc reset)
[EXP] [ERASE] ch=1 lun=6 pl=0 blk=97 pg=255 erase_cnt=64 (vpc/ipc reset)
[EXP] [ERASE] ch=1 lun=7 pl=0 blk=97 pg=255 erase_cnt=64 (vpc/ipc reset)
[EXP] [ERASE] ch=2 lun=0 pl=0 blk=97 pg=255 erase_cnt=64 (vpc/ipc reset)
[EXP] [ERASE] ch=2 lun=1 pl=0 blk=97 pg=255 erase_cnt=64 (vpc/ipc reset)
[EXP] [ERASE] ch=2 lun=2 pl=0 blk=97 pg=255 erase_cnt=64 (vpc/ipc reset)
[EXP] [ERASE] ch=2 lun=3 pl=0 blk=97 pg=255 erase_cnt=64 (vpc/ipc reset)
[EXP] [ERASE] ch=2 lun=4 pl=0 blk=97 pg=255 erase_cnt=64 (vpc/ipc reset)
[EXP] [ERASE] ch=2 lun=5 pl=0 blk=97 pg=255 erase_cnt=64 (vpc/ipc reset)
[EXP] [ERASE] ch=2 lun=6 pl=0 blk=97 pg=255 erase_cnt=64 (vpc/ipc reset)
[EXP] [ERASE] ch=2 lun=7 pl=0 blk=97 pg=255 erase_cnt=64 (vpc/ipc reset)
[EXP] [ERASE] ch=3 lun=0 pl=0 blk=97 pg=255 erase_cnt=64 (vpc/ipc reset)
[EXP] [ERASE] ch=3 lun=1 pl=0 blk=97 pg=255 erase_cnt=64 (vpc/ipc reset)
[EXP] [ERASE] ch=3 lun=2 pl=0 blk=97 pg=255 erase_cnt=64 (vpc/ipc reset)
[EXP] [ERASE] ch=3 lun=3 pl=0 blk=97 pg=255 erase_cnt=64 (vpc/ipc reset)
[EXP] [ERASE] ch=3 lun=4 pl=0 blk=97 pg=255 erase_cnt=64 (vpc/ipc reset)
[EXP] [ERASE] ch=3 lun=5 pl=0 blk=97 pg=255 erase_cnt=64 (vpc/ipc reset)
[EXP] [ERASE] ch=3 lun=6 pl=0 blk=97 pg=255 erase_cnt=64 (vpc/ipc reset)
[EXP] [ERASE] ch=3 lun=7 pl=0 blk=97 pg=255 erase_cnt=64 (vpc/ipc reset)
[EXP] [ERASE] ch=4 lun=0 pl=0 blk=97 pg=255 erase_cnt=64 (vpc/ipc reset)
[EXP] [ERASE] ch=4 lun=1 pl=0 blk=97 pg=255 erase_cnt=64 (vpc/ipc reset)
[EXP] [ERASE] ch=4 lun=2 pl=0 blk=97 pg=255 erase_cnt=64 (vpc/ipc reset)
[EXP] [ERASE] ch=4 lun=3 pl=0 blk=97 pg=255 erase_cnt=64 (vpc/ipc reset)
[EXP] [ERASE] ch=4 lun=4 pl=0 blk=97 pg=255 erase_cnt=64 (vpc/ipc reset)
[EXP] [ERASE] ch=4 lun=5 pl=0 blk=97 pg=255 erase_cnt=64 (vpc/ipc reset)
[EXP] [ERASE] ch=4 lun=6 pl=0 blk=97 pg=255 erase_cnt=64 (vpc/ipc reset)
[EXP] [ERASE] ch=4 lun=7 pl=0 blk=97 pg=255 erase_cnt=64 (vpc/ipc reset)
[EXP] [ERASE] ch=5 lun=0 pl=0 blk=97 pg=255 erase_cnt=64 (vpc/ipc reset)
[EXP] [ERASE] ch=5 lun=1 pl=0 blk=97 pg=255 erase_cnt=64 (vpc/ipc reset)
[EXP] [ERASE] ch=5 lun=2 pl=0 blk=97 pg=255 erase_cnt=64 (vpc/ipc reset)
[EXP] [ERASE] ch=5 lun=3 pl=0 blk=97 pg=255 erase_cnt=64 (vpc/ipc reset)
[EXP] [ERASE] ch=5 lun=4 pl=0 blk=97 pg=255 erase_cnt=64 (vpc/ipc reset)
[EXP] [ERASE] ch=5 lun=5 pl=0 blk=97 pg=255 erase_cnt=64 (vpc/ipc reset)
[EXP] [ERASE] ch=5 lun=6 pl=0 blk=97 pg=255 erase_cnt=64 (vpc/ipc reset)
[EXP] [ERASE] ch=5 lun=7 pl=0 blk=97 pg=255 erase_cnt=64 (vpc/ipc reset)
[EXP] [ERASE] ch=6 lun=0 pl=0 blk=97 pg=255 erase_cnt=64 (vpc/ipc reset)
[EXP] [ERASE] ch=6 lun=1 pl=0 blk=97 pg=255 erase_cnt=64 (vpc/ipc reset)
[EXP] [ERASE] ch=6 lun=2 pl=0 blk=97 pg=255 erase_cnt=64 (vpc/ipc reset)
[EXP] [ERASE] ch=6 lun=3 pl=0 blk=97 pg=255 erase_cnt=64 (vpc/ipc reset)
[EXP] [ERASE] ch=6 lun=4 pl=0 blk=97 pg=255 erase_cnt=64 (vpc/ipc reset)
[EXP] [ERASE] ch=6 lun=5 pl=0 blk=97 pg=255 erase_cnt=64 (vpc/ipc reset)
[EXP] [ERASE] ch=6 lun=6 pl=0 blk=97 pg=255 erase_cnt=64 (vpc/ipc reset)
[EXP] [ERASE] ch=6 lun=7 pl=0 blk=97 pg=255 erase_cnt=64 (vpc/ipc reset)
[EXP] [ERASE] ch=7 lun=0 pl=0 blk=97 pg=255 erase_cnt=64 (vpc/ipc reset)
[EXP] [ERASE] ch=7 lun=1 pl=0 blk=97 pg=255 erase_cnt=64 (vpc/ipc reset)
[EXP] [ERASE] ch=7 lun=2 pl=0 blk=97 pg=255 erase_cnt=64 (vpc/ipc reset)
[EXP] [ERASE] ch=7 lun=3 pl=0 blk=97 pg=255 erase_cnt=64 (vpc/ipc reset)
[EXP] [ERASE] ch=7 lun=4 pl=0 blk=97 pg=255 erase_cnt=64 (vpc/ipc reset)
[EXP] [ERASE] ch=7 lun=5 pl=0 blk=97 pg=255 erase_cnt=64 (vpc/ipc reset)
[EXP] [ERASE] ch=7 lun=6 pl=0 blk=97 pg=255 erase_cnt=64 (vpc/ipc reset)
[EXP] [ERASE] ch=7 lun=7 pl=0 blk=97 pg=255 erase_cnt=64 (vpc/ipc reset)
[EXP] [ERASE] ch=0 lun=0 pl=0 blk=97 pg=255 erase_cnt=65 (vpc/ipc reset)
[EXP] [ERASE] ch=0 lun=1 pl=0 blk=97 pg=255 erase_cnt=65 (vpc/ipc reset)
[EXP] [ERASE] ch=0 lun=2 pl=0 blk=97 pg=255 erase_cnt=65 (vpc/ipc reset)
[EXP] [ERASE] ch=0 lun=3 pl=0 blk=97 pg=255 erase_cnt=65 (vpc/ipc reset)
[EXP] [ERASE] ch=0 lun=4 pl=0 blk=97 pg=255 erase_cnt=65 (vpc/ipc reset)
[EXP] [ERASE] ch=0 lun=5 pl=0 blk=97 pg=255 erase_cnt=65 (vpc/ipc reset)
[EXP] [ERASE] ch=0 lun=6 pl=0 blk=97 pg=255 erase_cnt=65 (vpc/ipc reset)
[EXP] [ERASE] ch=0 lun=7 pl=0 blk=97 pg=255 erase_cnt=65 (vpc/ipc reset)
[EXP] [ERASE] ch=1 lun=0 pl=0 blk=97 pg=255 erase_cnt=65 (vpc/ipc reset)
[EXP] [ERASE] ch=1 lun=1 pl=0 blk=97 pg=255 erase_cnt=65 (vpc/ipc reset)
[EXP] [ERASE] ch=1 lun=2 pl=0 blk=97 pg=255 erase_cnt=65 (vpc/ipc reset)
[EXP] [ERASE] ch=1 lun=3 pl=0 blk=97 pg=255 erase_cnt=65 (vpc/ipc reset)
[EXP] [ERASE] ch=1 lun=4 pl=0 blk=97 pg=255 erase_cnt=65 (vpc/ipc reset)
[EXP] [ERASE] ch=1 lun=5 pl=0 blk=97 pg=255 erase_cnt=65 (vpc/ipc reset)
[EXP] [ERASE] ch=1 lun=6 pl=0 blk=97 pg=255 erase_cnt=65 (vpc/ipc reset)
[EXP] [ERASE] ch=1 lun=7 pl=0 blk=97 pg=255 erase_cnt=65 (vpc/ipc reset)
[EXP] [ERASE] ch=2 lun=0 pl=0 blk=97 pg=255 erase_cnt=65 (vpc/ipc reset)
[EXP] [ERASE] ch=2 lun=1 pl=0 blk=97 pg=255 erase_cnt=65 (vpc/ipc reset)
[EXP] [ERASE] ch=2 lun=2 pl=0 blk=97 pg=255 erase_cnt=65 (vpc/ipc reset)
[EXP] [ERASE] ch=2 lun=3 pl=0 blk=97 pg=255 erase_cnt=65 (vpc/ipc reset)
[EXP] [ERASE] ch=2 lun=4 pl=0 blk=97 pg=255 erase_cnt=65 (vpc/ipc reset)
[EXP] [ERASE] ch=2 lun=5 pl=0 blk=97 pg=255 erase_cnt=65 (vpc/ipc reset)
[EXP] [ERASE] ch=2 lun=6 pl=0 blk=97 pg=255 erase_cnt=65 (vpc/ipc reset)
[EXP] [ERASE] ch=2 lun=7 pl=0 blk=97 pg=255 erase_cnt=65 (vpc/ipc reset)
[EXP] [ERASE] ch=3 lun=0 pl=0 blk=97 pg=255 erase_cnt=65 (vpc/ipc reset)
[EXP] [ERASE] ch=3 lun=1 pl=0 blk=97 pg=255 erase_cnt=65 (vpc/ipc reset)
[EXP] [ERASE] ch=3 lun=2 pl=0 blk=97 pg=255 erase_cnt=65 (vpc/ipc reset)
[EXP] [ERASE] ch=3 lun=3 pl=0 blk=97 pg=255 erase_cnt=65 (vpc/ipc reset)
[EXP] [ERASE] ch=3 lun=4 pl=0 blk=97 pg=255 erase_cnt=65 (vpc/ipc reset)
[EXP] [ERASE] ch=3 lun=5 pl=0 blk=97 pg=255 erase_cnt=65 (vpc/ipc reset)
[EXP] [ERASE] ch=3 lun=6 pl=0 blk=97 pg=255 erase_cnt=65 (vpc/ipc reset)
[EXP] [ERASE] ch=3 lun=7 pl=0 blk=97 pg=255 erase_cnt=65 (vpc/ipc reset)
[EXP] [ERASE] ch=4 lun=0 pl=0 blk=97 pg=255 erase_cnt=65 (vpc/ipc reset)
[EXP] [ERASE] ch=4 lun=1 pl=0 blk=97 pg=255 erase_cnt=65 (vpc/ipc reset)
[EXP] [ERASE] ch=4 lun=2 pl=0 blk=97 pg=255 erase_cnt=65 (vpc/ipc reset)
[EXP] [ERASE] ch=4 lun=3 pl=0 blk=97 pg=255 erase_cnt=65 (vpc/ipc reset)
[EXP] [ERASE] ch=4 lun=4 pl=0 blk=97 pg=255 erase_cnt=65 (vpc/ipc reset)
[EXP] [ERASE] ch=4 lun=5 pl=0 blk=97 pg=255 erase_cnt=65 (vpc/ipc reset)
[EXP] [ERASE] ch=4 lun=6 pl=0 blk=97 pg=255 erase_cnt=65 (vpc/ipc reset)
[EXP] [ERASE] ch=4 lun=7 pl=0 blk=97 pg=255 erase_cnt=65 (vpc/ipc reset)
[EXP] [ERASE] ch=5 lun=0 pl=0 blk=97 pg=255 erase_cnt=65 (vpc/ipc reset)
[EXP] [ERASE] ch=5 lun=1 pl=0 blk=97 pg=255 erase_cnt=65 (vpc/ipc reset)
[EXP] [ERASE] ch=5 lun=2 pl=0 blk=97 pg=255 erase_cnt=65 (vpc/ipc reset)
[EXP] [ERASE] ch=5 lun=3 pl=0 blk=97 pg=255 erase_cnt=65 (vpc/ipc reset)
[EXP] [ERASE] ch=5 lun=4 pl=0 blk=97 pg=255 erase_cnt=65 (vpc/ipc reset)
[EXP] [ERASE] ch=5 lun=5 pl=0 blk=97 pg=255 erase_cnt=65 (vpc/ipc reset)
[EXP] [ERASE] ch=5 lun=6 pl=0 blk=97 pg=255 erase_cnt=65 (vpc/ipc reset)
[EXP] [ERASE] ch=5 lun=7 pl=0 blk=97 pg=255 erase_cnt=65 (vpc/ipc reset)
[EXP] [ERASE] ch=6 lun=0 pl=0 blk=97 pg=255 erase_cnt=65 (vpc/ipc reset)
[EXP] [ERASE] ch=6 lun=1 pl=0 blk=97 pg=255 erase_cnt=65 (vpc/ipc reset)
[EXP] [ERASE] ch=6 lun=2 pl=0 blk=97 pg=255 erase_cnt=65 (vpc/ipc reset)
[EXP] [ERASE] ch=6 lun=3 pl=0 blk=97 pg=255 erase_cnt=65 (vpc/ipc reset)
[EXP] [ERASE] ch=6 lun=4 pl=0 blk=97 pg=255 erase_cnt=65 (vpc/ipc reset)
[EXP] [ERASE] ch=6 lun=5 pl=0 blk=97 pg=255 erase_cnt=65 (vpc/ipc reset)
[EXP] [ERASE] ch=6 lun=6 pl=0 blk=97 pg=255 erase_cnt=65 (vpc/ipc reset)
[EXP] [ERASE] ch=6 lun=7 pl=0 blk=97 pg=255 erase_cnt=65 (vpc/ipc reset)
[EXP] [ERASE] ch=7 lun=0 pl=0 blk=97 pg=255 erase_cnt=65 (vpc/ipc reset)
[EXP] [ERASE] ch=7 lun=1 pl=0 blk=97 pg=255 erase_cnt=65 (vpc/ipc reset)
[EXP] [ERASE] ch=7 lun=2 pl=0 blk=97 pg=255 erase_cnt=65 (vpc/ipc reset)
[EXP] [ERASE] ch=7 lun=3 pl=0 blk=97 pg=255 erase_cnt=65 (vpc/ipc reset)
[EXP] [ERASE] ch=7 lun=4 pl=0 blk=97 pg=255 erase_cnt=65 (vpc/ipc reset)
[EXP] [ERASE] ch=7 lun=5 pl=0 blk=97 pg=255 erase_cnt=65 (vpc/ipc reset)
[EXP] [ERASE] ch=7 lun=6 pl=0 blk=97 pg=255 erase_cnt=65 (vpc/ipc reset)
[EXP] [ERASE] ch=7 lun=7 pl=0 blk=97 pg=255 erase_cnt=65 (vpc/ipc reset)
[EXP] [ERASE] ch=0 lun=0 pl=0 blk=97 pg=255 erase_cnt=66 (vpc/ipc reset)
[EXP] [ERASE] ch=0 lun=1 pl=0 blk=97 pg=255 erase_cnt=66 (vpc/ipc reset)
[EXP] [ERASE] ch=0 lun=2 pl=0 blk=97 pg=255 erase_cnt=66 (vpc/ipc reset)
[EXP] [ERASE] ch=0 lun=3 pl=0 blk=97 pg=255 erase_cnt=66 (vpc/ipc reset)
[EXP] [ERASE] ch=0 lun=4 pl=0 blk=97 pg=255 erase_cnt=66 (vpc/ipc reset)
[EXP] [ERASE] ch=0 lun=5 pl=0 blk=97 pg=255 erase_cnt=66 (vpc/ipc reset)
[EXP] [ERASE] ch=0 lun=6 pl=0 blk=97 pg=255 erase_cnt=66 (vpc/ipc reset)
[EXP] [ERASE] ch=0 lun=7 pl=0 blk=97 pg=255 erase_cnt=66 (vpc/ipc reset)
[EXP] [ERASE] ch=1 lun=0 pl=0 blk=97 pg=255 erase_cnt=66 (vpc/ipc reset)
[EXP] [ERASE] ch=1 lun=1 pl=0 blk=97 pg=255 erase_cnt=66 (vpc/ipc reset)
[EXP] [ERASE] ch=1 lun=2 pl=0 blk=97 pg=255 erase_cnt=66 (vpc/ipc reset)
[EXP] [ERASE] ch=1 lun=3 pl=0 blk=97 pg=255 erase_cnt=66 (vpc/ipc reset)
[EXP] [ERASE] ch=1 lun=4 pl=0 blk=97 pg=255 erase_cnt=66 (vpc/ipc reset)
[EXP] [ERASE] ch=1 lun=5 pl=0 blk=97 pg=255 erase_cnt=66 (vpc/ipc reset)
[EXP] [ERASE] ch=1 lun=6 pl=0 blk=97 pg=255 erase_cnt=66 (vpc/ipc reset)
[EXP] [ERASE] ch=1 lun=7 pl=0 blk=97 pg=255 erase_cnt=66 (vpc/ipc reset)
[EXP] [ERASE] ch=2 lun=0 pl=0 blk=97 pg=255 erase_cnt=66 (vpc/ipc reset)
[EXP] [ERASE] ch=2 lun=1 pl=0 blk=97 pg=255 erase_cnt=66 (vpc/ipc reset)
[EXP] [ERASE] ch=2 lun=2 pl=0 blk=97 pg=255 erase_cnt=66 (vpc/ipc reset)
[EXP] [ERASE] ch=2 lun=3 pl=0 blk=97 pg=255 erase_cnt=66 (vpc/ipc reset)
[EXP] [ERASE] ch=2 lun=4 pl=0 blk=97 pg=255 erase_cnt=66 (vpc/ipc reset)
[EXP] [ERASE] ch=2 lun=5 pl=0 blk=97 pg=255 erase_cnt=66 (vpc/ipc reset)
[EXP] [ERASE] ch=2 lun=6 pl=0 blk=97 pg=255 erase_cnt=66 (vpc/ipc reset)
[EXP] [ERASE] ch=2 lun=7 pl=0 blk=97 pg=255 erase_cnt=66 (vpc/ipc reset)
[EXP] [ERASE] ch=3 lun=0 pl=0 blk=97 pg=255 erase_cnt=66 (vpc/ipc reset)
[EXP] [ERASE] ch=3 lun=1 pl=0 blk=97 pg=255 erase_cnt=66 (vpc/ipc reset)
[EXP] [ERASE] ch=3 lun=2 pl=0 blk=97 pg=255 erase_cnt=66 (vpc/ipc reset)
[EXP] [ERASE] ch=3 lun=3 pl=0 blk=97 pg=255 erase_cnt=66 (vpc/ipc reset)
[EXP] [ERASE] ch=3 lun=4 pl=0 blk=97 pg=255 erase_cnt=66 (vpc/ipc reset)
[EXP] [ERASE] ch=3 lun=5 pl=0 blk=97 pg=255 erase_cnt=66 (vpc/ipc reset)
[EXP] [ERASE] ch=3 lun=6 pl=0 blk=97 pg=255 erase_cnt=66 (vpc/ipc reset)
[EXP] [ERASE] ch=3 lun=7 pl=0 blk=97 pg=255 erase_cnt=66 (vpc/ipc reset)
[EXP] [ERASE] ch=4 lun=0 pl=0 blk=97 pg=255 erase_cnt=66 (vpc/ipc reset)
[EXP] [ERASE] ch=4 lun=1 pl=0 blk=97 pg=255 erase_cnt=66 (vpc/ipc reset)
[EXP] [ERASE] ch=4 lun=2 pl=0 blk=97 pg=255 erase_cnt=66 (vpc/ipc reset)
[EXP] [ERASE] ch=4 lun=3 pl=0 blk=97 pg=255 erase_cnt=66 (vpc/ipc reset)
[EXP] [ERASE] ch=4 lun=4 pl=0 blk=97 pg=255 erase_cnt=66 (vpc/ipc reset)
[EXP] [ERASE] ch=4 lun=5 pl=0 blk=97 pg=255 erase_cnt=66 (vpc/ipc reset)
[EXP] [ERASE] ch=4 lun=6 pl=0 blk=97 pg=255 erase_cnt=66 (vpc/ipc reset)
[EXP] [ERASE] ch=4 lun=7 pl=0 blk=97 pg=255 erase_cnt=66 (vpc/ipc reset)
[EXP] [ERASE] ch=5 lun=0 pl=0 blk=97 pg=255 erase_cnt=66 (vpc/ipc reset)
[EXP] [ERASE] ch=5 lun=1 pl=0 blk=97 pg=255 erase_cnt=66 (vpc/ipc reset)
[EXP] [ERASE] ch=5 lun=2 pl=0 blk=97 pg=255 erase_cnt=66 (vpc/ipc reset)
[EXP] [ERASE] ch=5 lun=3 pl=0 blk=97 pg=255 erase_cnt=66 (vpc/ipc reset)
[EXP] [ERASE] ch=5 lun=4 pl=0 blk=97 pg=255 erase_cnt=66 (vpc/ipc reset)
[EXP] [ERASE] ch=5 lun=5 pl=0 blk=97 pg=255 erase_cnt=66 (vpc/ipc reset)
[EXP] [ERASE] ch=5 lun=6 pl=0 blk=97 pg=255 erase_cnt=66 (vpc/ipc reset)
[EXP] [ERASE] ch=5 lun=7 pl=0 blk=97 pg=255 erase_cnt=66 (vpc/ipc reset)
[EXP] [ERASE] ch=6 lun=0 pl=0 blk=97 pg=255 erase_cnt=66 (vpc/ipc reset)
[EXP] [ERASE] ch=6 lun=1 pl=0 blk=97 pg=255 erase_cnt=66 (vpc/ipc reset)
[EXP] [ERASE] ch=6 lun=2 pl=0 blk=97 pg=255 erase_cnt=66 (vpc/ipc reset)
[EXP] [ERASE] ch=6 lun=3 pl=0 blk=97 pg=255 erase_cnt=66 (vpc/ipc reset)
[EXP] [ERASE] ch=6 lun=4 pl=0 blk=97 pg=255 erase_cnt=66 (vpc/ipc reset)
[EXP] [ERASE] ch=6 lun=5 pl=0 blk=97 pg=255 erase_cnt=66 (vpc/ipc reset)
[EXP] [ERASE] ch=6 lun=6 pl=0 blk=97 pg=255 erase_cnt=66 (vpc/ipc reset)
[EXP] [ERASE] ch=6 lun=7 pl=0 blk=97 pg=255 erase_cnt=66 (vpc/ipc reset)
[EXP] [ERASE] ch=7 lun=0 pl=0 blk=97 pg=255 erase_cnt=66 (vpc/ipc reset)
[EXP] [ERASE] ch=7 lun=1 pl=0 blk=97 pg=255 erase_cnt=66 (vpc/ipc reset)
[EXP] [ERASE] ch=7 lun=2 pl=0 blk=97 pg=255 erase_cnt=66 (vpc/ipc reset)
[EXP] [ERASE] ch=7 lun=3 pl=0 blk=97 pg=255 erase_cnt=66 (vpc/ipc reset)
[EXP] [ERASE] ch=7 lun=4 pl=0 blk=97 pg=255 erase_cnt=66 (vpc/ipc reset)
[EXP] [ERASE] ch=7 lun=5 pl=0 blk=97 pg=255 erase_cnt=66 (vpc/ipc reset)
[EXP] [ERASE] ch=7 lun=6 pl=0 blk=97 pg=255 erase_cnt=66 (vpc/ipc reset)
[EXP] [ERASE] ch=7 lun=7 pl=0 blk=97 pg=255 erase_cnt=66 (vpc/ipc reset)
[EXP] [ERASE] ch=0 lun=0 pl=0 blk=123 pg=255 erase_cnt=1 (vpc/ipc reset)
[EXP] [ERASE] ch=0 lun=1 pl=0 blk=123 pg=255 erase_cnt=1 (vpc/ipc reset)
[EXP] [ERASE] ch=0 lun=2 pl=0 blk=123 pg=255 erase_cnt=1 (vpc/ipc reset)
[EXP] [ERASE] ch=0 lun=3 pl=0 blk=123 pg=255 erase_cnt=1 (vpc/ipc reset)
[EXP] [ERASE] ch=0 lun=4 pl=0 blk=123 pg=255 erase_cnt=1 (vpc/ipc reset)
[EXP] [ERASE] ch=0 lun=5 pl=0 blk=123 pg=255 erase_cnt=1 (vpc/ipc reset)
[EXP] [ERASE] ch=0 lun=6 pl=0 blk=123 pg=255 erase_cnt=1 (vpc/ipc reset)
[EXP] [ERASE] ch=0 lun=7 pl=0 blk=123 pg=255 erase_cnt=1 (vpc/ipc reset)
[EXP] [ERASE] ch=1 lun=0 pl=0 blk=123 pg=255 erase_cnt=1 (vpc/ipc reset)
[EXP] [ERASE] ch=1 lun=1 pl=0 blk=123 pg=255 erase_cnt=1 (vpc/ipc reset)
[EXP] [ERASE] ch=1 lun=2 pl=0 blk=123 pg=255 erase_cnt=1 (vpc/ipc reset)
[EXP] [ERASE] ch=1 lun=3 pl=0 blk=123 pg=255 erase_cnt=1 (vpc/ipc reset)
[EXP] [ERASE] ch=1 lun=4 pl=0 blk=123 pg=255 erase_cnt=1 (vpc/ipc reset)
[EXP] [ERASE] ch=1 lun=5 pl=0 blk=123 pg=255 erase_cnt=1 (vpc/ipc reset)
[EXP] [ERASE] ch=1 lun=6 pl=0 blk=123 pg=255 erase_cnt=1 (vpc/ipc reset)
[EXP] [ERASE] ch=1 lun=7 pl=0 blk=123 pg=255 erase_cnt=1 (vpc/ipc reset)
[EXP] [ERASE] ch=2 lun=0 pl=0 blk=123 pg=255 erase_cnt=1 (vpc/ipc reset)
[EXP] [ERASE] ch=2 lun=1 pl=0 blk=123 pg=255 erase_cnt=1 (vpc/ipc reset)
[EXP] [ERASE] ch=2 lun=2 pl=0 blk=123 pg=255 erase_cnt=1 (vpc/ipc reset)
[EXP] [ERASE] ch=2 lun=3 pl=0 blk=123 pg=255 erase_cnt=1 (vpc/ipc reset)
[EXP] [ERASE] ch=2 lun=4 pl=0 blk=123 pg=255 erase_cnt=1 (vpc/ipc reset)
[EXP] [ERASE] ch=2 lun=5 pl=0 blk=123 pg=255 erase_cnt=1 (vpc/ipc reset)
[EXP] [ERASE] ch=2 lun=6 pl=0 blk=123 pg=255 erase_cnt=1 (vpc/ipc reset)
[EXP] [ERASE] ch=2 lun=7 pl=0 blk=123 pg=255 erase_cnt=1 (vpc/ipc reset)
[EXP] [ERASE] ch=3 lun=0 pl=0 blk=123 pg=255 erase_cnt=1 (vpc/ipc reset)
[EXP] [ERASE] ch=3 lun=1 pl=0 blk=123 pg=255 erase_cnt=1 (vpc/ipc reset)
[EXP] [ERASE] ch=3 lun=2 pl=0 blk=123 pg=255 erase_cnt=1 (vpc/ipc reset)
[EXP] [ERASE] ch=3 lun=3 pl=0 blk=123 pg=255 erase_cnt=1 (vpc/ipc reset)
[EXP] [ERASE] ch=3 lun=4 pl=0 blk=123 pg=255 erase_cnt=1 (vpc/ipc reset)
[EXP] [GC_MOVE] lpn=0 ch=3 lun=5 pl=0 blk=123 pg=3 -> ch=2 lun=0 pl=0 blk=124 pg=2
[EXP] [ERASE] ch=3 lun=5 pl=0 blk=123 pg=255 erase_cnt=1 (vpc/ipc reset)
[EXP] [ERASE] ch=3 lun=6 pl=0 blk=123 pg=255 erase_cnt=1 (vpc/ipc reset)
[EXP] [ERASE] ch=3 lun=7 pl=0 blk=123 pg=255 erase_cnt=1 (vpc/ipc reset)
[EXP] [ERASE] ch=4 lun=0 pl=0 blk=123 pg=255 erase_cnt=1 (vpc/ipc reset)
[EXP] [ERASE] ch=4 lun=1 pl=0 blk=123 pg=255 erase_cnt=1 (vpc/ipc reset)
[EXP] [ERASE] ch=4 lun=2 pl=0 blk=123 pg=255 erase_cnt=1 (vpc/ipc reset)
[EXP] [ERASE] ch=4 lun=3 pl=0 blk=123 pg=255 erase_cnt=1 (vpc/ipc reset)
[EXP] [ERASE] ch=4 lun=4 pl=0 blk=123 pg=255 erase_cnt=1 (vpc/ipc reset)
[EXP] [ERASE] ch=4 lun=5 pl=0 blk=123 pg=255 erase_cnt=1 (vpc/ipc reset)
[EXP] [ERASE] ch=4 lun=6 pl=0 blk=123 pg=255 erase_cnt=1 (vpc/ipc reset)
[EXP] [ERASE] ch=4 lun=7 pl=0 blk=123 pg=255 erase_cnt=1 (vpc/ipc reset)
[EXP] [ERASE] ch=5 lun=0 pl=0 blk=123 pg=255 erase_cnt=1 (vpc/ipc reset)
[EXP] [ERASE] ch=5 lun=1 pl=0 blk=123 pg=255 erase_cnt=1 (vpc/ipc reset)
[EXP] [ERASE] ch=5 lun=2 pl=0 blk=123 pg=255 erase_cnt=1 (vpc/ipc reset)
[EXP] [ERASE] ch=5 lun=3 pl=0 blk=123 pg=255 erase_cnt=1 (vpc/ipc reset)
[EXP] [ERASE] ch=5 lun=4 pl=0 blk=123 pg=255 erase_cnt=1 (vpc/ipc reset)
[EXP] [ERASE] ch=5 lun=5 pl=0 blk=123 pg=255 erase_cnt=1 (vpc/ipc reset)
[EXP] [ERASE] ch=5 lun=6 pl=0 blk=123 pg=255 erase_cnt=1 (vpc/ipc reset)
[EXP] [ERASE] ch=5 lun=7 pl=0 blk=123 pg=255 erase_cnt=1 (vpc/ipc reset)
[EXP] [ERASE] ch=6 lun=0 pl=0 blk=123 pg=255 erase_cnt=1 (vpc/ipc reset)
[EXP] [ERASE] ch=6 lun=1 pl=0 blk=123 pg=255 erase_cnt=1 (vpc/ipc reset)
[EXP] [ERASE] ch=6 lun=2 pl=0 blk=123 pg=255 erase_cnt=1 (vpc/ipc reset)
[EXP] [ERASE] ch=6 lun=3 pl=0 blk=123 pg=255 erase_cnt=1 (vpc/ipc reset)
[EXP] [ERASE] ch=6 lun=4 pl=0 blk=123 pg=255 erase_cnt=1 (vpc/ipc reset)
[EXP] [ERASE] ch=6 lun=5 pl=0 blk=123 pg=255 erase_cnt=1 (vpc/ipc reset)
[EXP] [ERASE] ch=6 lun=6 pl=0 blk=123 pg=255 erase_cnt=1 (vpc/ipc reset)
[EXP] [ERASE] ch=6 lun=7 pl=0 blk=123 pg=255 erase_cnt=1 (vpc/ipc reset)
[EXP] [ERASE] ch=7 lun=0 pl=0 blk=123 pg=255 erase_cnt=1 (vpc/ipc reset)
[EXP] [ERASE] ch=7 lun=1 pl=0 blk=123 pg=255 erase_cnt=1 (vpc/ipc reset)
[EXP] [ERASE] ch=7 lun=2 pl=0 blk=123 pg=255 erase_cnt=1 (vpc/ipc reset)
[EXP] [ERASE] ch=7 lun=3 pl=0 blk=123 pg=255 erase_cnt=1 (vpc/ipc reset)
[EXP] [ERASE] ch=7 lun=4 pl=0 blk=123 pg=255 erase_cnt=1 (vpc/ipc reset)
[EXP] [ERASE] ch=7 lun=5 pl=0 blk=123 pg=255 erase_cnt=1 (vpc/ipc reset)
[EXP] [ERASE] ch=7 lun=6 pl=0 blk=123 pg=255 erase_cnt=1 (vpc/ipc reset)
[EXP] [ERASE] ch=7 lun=7 pl=0 blk=123 pg=255 erase_cnt=1 (vpc/ipc reset)
[EXP] [ERASE] ch=0 lun=0 pl=0 blk=97 pg=255 erase_cnt=67 (vpc/ipc reset)
[EXP] [ERASE] ch=0 lun=1 pl=0 blk=97 pg=255 erase_cnt=67 (vpc/ipc reset)
[EXP] [ERASE] ch=0 lun=2 pl=0 blk=97 pg=255 erase_cnt=67 (vpc/ipc reset)
[EXP] [ERASE] ch=0 lun=3 pl=0 blk=97 pg=255 erase_cnt=67 (vpc/ipc reset)
[EXP] [ERASE] ch=0 lun=4 pl=0 blk=97 pg=255 erase_cnt=67 (vpc/ipc reset)
[EXP] [ERASE] ch=0 lun=5 pl=0 blk=97 pg=255 erase_cnt=67 (vpc/ipc reset)
[EXP] [ERASE] ch=0 lun=6 pl=0 blk=97 pg=255 erase_cnt=67 (vpc/ipc reset)
[EXP] [ERASE] ch=0 lun=7 pl=0 blk=97 pg=255 erase_cnt=67 (vpc/ipc reset)
[EXP] [ERASE] ch=1 lun=0 pl=0 blk=97 pg=255 erase_cnt=67 (vpc/ipc reset)
[EXP] [ERASE] ch=1 lun=1 pl=0 blk=97 pg=255 erase_cnt=67 (vpc/ipc reset)
[EXP] [ERASE] ch=1 lun=2 pl=0 blk=97 pg=255 erase_cnt=67 (vpc/ipc reset)
[EXP] [ERASE] ch=1 lun=3 pl=0 blk=97 pg=255 erase_cnt=67 (vpc/ipc reset)
[EXP] [ERASE] ch=1 lun=4 pl=0 blk=97 pg=255 erase_cnt=67 (vpc/ipc reset)
[EXP] [ERASE] ch=1 lun=5 pl=0 blk=97 pg=255 erase_cnt=67 (vpc/ipc reset)
[EXP] [ERASE] ch=1 lun=6 pl=0 blk=97 pg=255 erase_cnt=67 (vpc/ipc reset)
[EXP] [ERASE] ch=1 lun=7 pl=0 blk=97 pg=255 erase_cnt=67 (vpc/ipc reset)
[EXP] [ERASE] ch=2 lun=0 pl=0 blk=97 pg=255 erase_cnt=67 (vpc/ipc reset)
[EXP] [ERASE] ch=2 lun=1 pl=0 blk=97 pg=255 erase_cnt=67 (vpc/ipc reset)
[EXP] [ERASE] ch=2 lun=2 pl=0 blk=97 pg=255 erase_cnt=67 (vpc/ipc reset)
[EXP] [ERASE] ch=2 lun=3 pl=0 blk=97 pg=255 erase_cnt=67 (vpc/ipc reset)
[EXP] [ERASE] ch=2 lun=4 pl=0 blk=97 pg=255 erase_cnt=67 (vpc/ipc reset)
[EXP] [ERASE] ch=2 lun=5 pl=0 blk=97 pg=255 erase_cnt=67 (vpc/ipc reset)
[EXP] [ERASE] ch=2 lun=6 pl=0 blk=97 pg=255 erase_cnt=67 (vpc/ipc reset)
[EXP] [ERASE] ch=2 lun=7 pl=0 blk=97 pg=255 erase_cnt=67 (vpc/ipc reset)
[EXP] [ERASE] ch=3 lun=0 pl=0 blk=97 pg=255 erase_cnt=67 (vpc/ipc reset)
[EXP] [ERASE] ch=3 lun=1 pl=0 blk=97 pg=255 erase_cnt=67 (vpc/ipc reset)
[EXP] [ERASE] ch=3 lun=2 pl=0 blk=97 pg=255 erase_cnt=67 (vpc/ipc reset)
[EXP] [ERASE] ch=3 lun=3 pl=0 blk=97 pg=255 erase_cnt=67 (vpc/ipc reset)
[EXP] [ERASE] ch=3 lun=4 pl=0 blk=97 pg=255 erase_cnt=67 (vpc/ipc reset)
[EXP] [ERASE] ch=3 lun=5 pl=0 blk=97 pg=255 erase_cnt=67 (vpc/ipc reset)
[EXP] [ERASE] ch=3 lun=6 pl=0 blk=97 pg=255 erase_cnt=67 (vpc/ipc reset)
[EXP] [ERASE] ch=3 lun=7 pl=0 blk=97 pg=255 erase_cnt=67 (vpc/ipc reset)
[EXP] [ERASE] ch=4 lun=0 pl=0 blk=97 pg=255 erase_cnt=67 (vpc/ipc reset)
[EXP] [ERASE] ch=4 lun=1 pl=0 blk=97 pg=255 erase_cnt=67 (vpc/ipc reset)
[EXP] [ERASE] ch=4 lun=2 pl=0 blk=97 pg=255 erase_cnt=67 (vpc/ipc reset)
[EXP] [ERASE] ch=4 lun=3 pl=0 blk=97 pg=255 erase_cnt=67 (vpc/ipc reset)
[EXP] [ERASE] ch=4 lun=4 pl=0 blk=97 pg=255 erase_cnt=67 (vpc/ipc reset)
[EXP] [ERASE] ch=4 lun=5 pl=0 blk=97 pg=255 erase_cnt=67 (vpc/ipc reset)
[EXP] [ERASE] ch=4 lun=6 pl=0 blk=97 pg=255 erase_cnt=67 (vpc/ipc reset)
[EXP] [ERASE] ch=4 lun=7 pl=0 blk=97 pg=255 erase_cnt=67 (vpc/ipc reset)
[EXP] [ERASE] ch=5 lun=0 pl=0 blk=97 pg=255 erase_cnt=67 (vpc/ipc reset)
[EXP] [ERASE] ch=5 lun=1 pl=0 blk=97 pg=255 erase_cnt=67 (vpc/ipc reset)
[EXP] [ERASE] ch=5 lun=2 pl=0 blk=97 pg=255 erase_cnt=67 (vpc/ipc reset)
[EXP] [ERASE] ch=5 lun=3 pl=0 blk=97 pg=255 erase_cnt=67 (vpc/ipc reset)
[EXP] [ERASE] ch=5 lun=4 pl=0 blk=97 pg=255 erase_cnt=67 (vpc/ipc reset)
[EXP] [ERASE] ch=5 lun=5 pl=0 blk=97 pg=255 erase_cnt=67 (vpc/ipc reset)
[EXP] [ERASE] ch=5 lun=6 pl=0 blk=97 pg=255 erase_cnt=67 (vpc/ipc reset)
[EXP] [ERASE] ch=5 lun=7 pl=0 blk=97 pg=255 erase_cnt=67 (vpc/ipc reset)
[EXP] [ERASE] ch=6 lun=0 pl=0 blk=97 pg=255 erase_cnt=67 (vpc/ipc reset)
[EXP] [ERASE] ch=6 lun=1 pl=0 blk=97 pg=255 erase_cnt=67 (vpc/ipc reset)
[EXP] [ERASE] ch=6 lun=2 pl=0 blk=97 pg=255 erase_cnt=67 (vpc/ipc reset)
[EXP] [ERASE] ch=6 lun=3 pl=0 blk=97 pg=255 erase_cnt=67 (vpc/ipc reset)
[EXP] [ERASE] ch=6 lun=4 pl=0 blk=97 pg=255 erase_cnt=67 (vpc/ipc reset)
[EXP] [ERASE] ch=6 lun=5 pl=0 blk=97 pg=255 erase_cnt=67 (vpc/ipc reset)
[EXP] [ERASE] ch=6 lun=6 pl=0 blk=97 pg=255 erase_cnt=67 (vpc/ipc reset)
[EXP] [ERASE] ch=6 lun=7 pl=0 blk=97 pg=255 erase_cnt=67 (vpc/ipc reset)
[EXP] [ERASE] ch=7 lun=0 pl=0 blk=97 pg=255 erase_cnt=67 (vpc/ipc reset)
[EXP] [ERASE] ch=7 lun=1 pl=0 blk=97 pg=255 erase_cnt=67 (vpc/ipc reset)
[EXP] [ERASE] ch=7 lun=2 pl=0 blk=97 pg=255 erase_cnt=67 (vpc/ipc reset)
[EXP] [ERASE] ch=7 lun=3 pl=0 blk=97 pg=255 erase_cnt=67 (vpc/ipc reset)
[EXP] [ERASE] ch=7 lun=4 pl=0 blk=97 pg=255 erase_cnt=67 (vpc/ipc reset)
[EXP] [ERASE] ch=7 lun=5 pl=0 blk=97 pg=255 erase_cnt=67 (vpc/ipc reset)
[EXP] [ERASE] ch=7 lun=6 pl=0 blk=97 pg=255 erase_cnt=67 (vpc/ipc reset)
[EXP] [ERASE] ch=7 lun=7 pl=0 blk=97 pg=255 erase_cnt=67 (vpc/ipc reset)
[EXP] [ERASE] ch=0 lun=0 pl=0 blk=97 pg=255 erase_cnt=68 (vpc/ipc reset)
[EXP] [ERASE] ch=0 lun=1 pl=0 blk=97 pg=255 erase_cnt=68 (vpc/ipc reset)
[EXP] [ERASE] ch=0 lun=2 pl=0 blk=97 pg=255 erase_cnt=68 (vpc/ipc reset)
[EXP] [ERASE] ch=0 lun=3 pl=0 blk=97 pg=255 erase_cnt=68 (vpc/ipc reset)
[EXP] [ERASE] ch=0 lun=4 pl=0 blk=97 pg=255 erase_cnt=68 (vpc/ipc reset)
[EXP] [ERASE] ch=0 lun=5 pl=0 blk=97 pg=255 erase_cnt=68 (vpc/ipc reset)
[EXP] [ERASE] ch=0 lun=6 pl=0 blk=97 pg=255 erase_cnt=68 (vpc/ipc reset)
[EXP] [ERASE] ch=0 lun=7 pl=0 blk=97 pg=255 erase_cnt=68 (vpc/ipc reset)
[EXP] [ERASE] ch=1 lun=0 pl=0 blk=97 pg=255 erase_cnt=68 (vpc/ipc reset)
[EXP] [ERASE] ch=1 lun=1 pl=0 blk=97 pg=255 erase_cnt=68 (vpc/ipc reset)
[EXP] [ERASE] ch=1 lun=2 pl=0 blk=97 pg=255 erase_cnt=68 (vpc/ipc reset)
[EXP] [ERASE] ch=1 lun=3 pl=0 blk=97 pg=255 erase_cnt=68 (vpc/ipc reset)
[EXP] [ERASE] ch=1 lun=4 pl=0 blk=97 pg=255 erase_cnt=68 (vpc/ipc reset)
[EXP] [ERASE] ch=1 lun=5 pl=0 blk=97 pg=255 erase_cnt=68 (vpc/ipc reset)
[EXP] [ERASE] ch=1 lun=6 pl=0 blk=97 pg=255 erase_cnt=68 (vpc/ipc reset)
[EXP] [ERASE] ch=1 lun=7 pl=0 blk=97 pg=255 erase_cnt=68 (vpc/ipc reset)
[EXP] [ERASE] ch=2 lun=0 pl=0 blk=97 pg=255 erase_cnt=68 (vpc/ipc reset)
[EXP] [ERASE] ch=2 lun=1 pl=0 blk=97 pg=255 erase_cnt=68 (vpc/ipc reset)
[EXP] [ERASE] ch=2 lun=2 pl=0 blk=97 pg=255 erase_cnt=68 (vpc/ipc reset)
[EXP] [ERASE] ch=2 lun=3 pl=0 blk=97 pg=255 erase_cnt=68 (vpc/ipc reset)
[EXP] [ERASE] ch=2 lun=4 pl=0 blk=97 pg=255 erase_cnt=68 (vpc/ipc reset)
[EXP] [ERASE] ch=2 lun=5 pl=0 blk=97 pg=255 erase_cnt=68 (vpc/ipc reset)
[EXP] [ERASE] ch=2 lun=6 pl=0 blk=97 pg=255 erase_cnt=68 (vpc/ipc reset)
[EXP] [ERASE] ch=2 lun=7 pl=0 blk=97 pg=255 erase_cnt=68 (vpc/ipc reset)
[EXP] [ERASE] ch=3 lun=0 pl=0 blk=97 pg=255 erase_cnt=68 (vpc/ipc reset)
[EXP] [ERASE] ch=3 lun=1 pl=0 blk=97 pg=255 erase_cnt=68 (vpc/ipc reset)
[EXP] [ERASE] ch=3 lun=2 pl=0 blk=97 pg=255 erase_cnt=68 (vpc/ipc reset)
[EXP] [ERASE] ch=3 lun=3 pl=0 blk=97 pg=255 erase_cnt=68 (vpc/ipc reset)
[EXP] [ERASE] ch=3 lun=4 pl=0 blk=97 pg=255 erase_cnt=68 (vpc/ipc reset)
[EXP] [ERASE] ch=3 lun=5 pl=0 blk=97 pg=255 erase_cnt=68 (vpc/ipc reset)
[EXP] [ERASE] ch=3 lun=6 pl=0 blk=97 pg=255 erase_cnt=68 (vpc/ipc reset)
[EXP] [ERASE] ch=3 lun=7 pl=0 blk=97 pg=255 erase_cnt=68 (vpc/ipc reset)
[EXP] [ERASE] ch=4 lun=0 pl=0 blk=97 pg=255 erase_cnt=68 (vpc/ipc reset)
[EXP] [ERASE] ch=4 lun=1 pl=0 blk=97 pg=255 erase_cnt=68 (vpc/ipc reset)
[EXP] [ERASE] ch=4 lun=2 pl=0 blk=97 pg=255 erase_cnt=68 (vpc/ipc reset)
[EXP] [ERASE] ch=4 lun=3 pl=0 blk=97 pg=255 erase_cnt=68 (vpc/ipc reset)
[EXP] [ERASE] ch=4 lun=4 pl=0 blk=97 pg=255 erase_cnt=68 (vpc/ipc reset)
[EXP] [ERASE] ch=4 lun=5 pl=0 blk=97 pg=255 erase_cnt=68 (vpc/ipc reset)
[EXP] [ERASE] ch=4 lun=6 pl=0 blk=97 pg=255 erase_cnt=68 (vpc/ipc reset)
[EXP] [ERASE] ch=4 lun=7 pl=0 blk=97 pg=255 erase_cnt=68 (vpc/ipc reset)
[EXP] [ERASE] ch=5 lun=0 pl=0 blk=97 pg=255 erase_cnt=68 (vpc/ipc reset)
[EXP] [ERASE] ch=5 lun=1 pl=0 blk=97 pg=255 erase_cnt=68 (vpc/ipc reset)
[EXP] [ERASE] ch=5 lun=2 pl=0 blk=97 pg=255 erase_cnt=68 (vpc/ipc reset)
[EXP] [ERASE] ch=5 lun=3 pl=0 blk=97 pg=255 erase_cnt=68 (vpc/ipc reset)
[EXP] [ERASE] ch=5 lun=4 pl=0 blk=97 pg=255 erase_cnt=68 (vpc/ipc reset)
[EXP] [ERASE] ch=5 lun=5 pl=0 blk=97 pg=255 erase_cnt=68 (vpc/ipc reset)
[EXP] [ERASE] ch=5 lun=6 pl=0 blk=97 pg=255 erase_cnt=68 (vpc/ipc reset)
[EXP] [ERASE] ch=5 lun=7 pl=0 blk=97 pg=255 erase_cnt=68 (vpc/ipc reset)
[EXP] [ERASE] ch=6 lun=0 pl=0 blk=97 pg=255 erase_cnt=68 (vpc/ipc reset)
[EXP] [ERASE] ch=6 lun=1 pl=0 blk=97 pg=255 erase_cnt=68 (vpc/ipc reset)
[EXP] [ERASE] ch=6 lun=2 pl=0 blk=97 pg=255 erase_cnt=68 (vpc/ipc reset)
[EXP] [ERASE] ch=6 lun=3 pl=0 blk=97 pg=255 erase_cnt=68 (vpc/ipc reset)
[EXP] [ERASE] ch=6 lun=4 pl=0 blk=97 pg=255 erase_cnt=68 (vpc/ipc reset)
[EXP] [ERASE] ch=6 lun=5 pl=0 blk=97 pg=255 erase_cnt=68 (vpc/ipc reset)
[EXP] [ERASE] ch=6 lun=6 pl=0 blk=97 pg=255 erase_cnt=68 (vpc/ipc reset)
[EXP] [ERASE] ch=6 lun=7 pl=0 blk=97 pg=255 erase_cnt=68 (vpc/ipc reset)
[EXP] [ERASE] ch=7 lun=0 pl=0 blk=97 pg=255 erase_cnt=68 (vpc/ipc reset)
[EXP] [ERASE] ch=7 lun=1 pl=0 blk=97 pg=255 erase_cnt=68 (vpc/ipc reset)
[EXP] [ERASE] ch=7 lun=2 pl=0 blk=97 pg=255 erase_cnt=68 (vpc/ipc reset)
[EXP] [ERASE] ch=7 lun=3 pl=0 blk=97 pg=255 erase_cnt=68 (vpc/ipc reset)
[EXP] [ERASE] ch=7 lun=4 pl=0 blk=97 pg=255 erase_cnt=68 (vpc/ipc reset)
[EXP] [ERASE] ch=7 lun=5 pl=0 blk=97 pg=255 erase_cnt=68 (vpc/ipc reset)
[EXP] [ERASE] ch=7 lun=6 pl=0 blk=97 pg=255 erase_cnt=68 (vpc/ipc reset)
[EXP] [ERASE] ch=7 lun=7 pl=0 blk=97 pg=255 erase_cnt=68 (vpc/ipc reset)
[EXP] [ERASE] ch=0 lun=0 pl=0 blk=124 pg=255 erase_cnt=1 (vpc/ipc reset)
[EXP] [ERASE] ch=0 lun=1 pl=0 blk=124 pg=255 erase_cnt=1 (vpc/ipc reset)
[EXP] [ERASE] ch=0 lun=2 pl=0 blk=124 pg=255 erase_cnt=1 (vpc/ipc reset)
[EXP] [ERASE] ch=0 lun=3 pl=0 blk=124 pg=255 erase_cnt=1 (vpc/ipc reset)
[EXP] [ERASE] ch=0 lun=4 pl=0 blk=124 pg=255 erase_cnt=1 (vpc/ipc reset)
[EXP] [ERASE] ch=0 lun=5 pl=0 blk=124 pg=255 erase_cnt=1 (vpc/ipc reset)
[EXP] [ERASE] ch=0 lun=6 pl=0 blk=124 pg=255 erase_cnt=1 (vpc/ipc reset)
[EXP] [ERASE] ch=0 lun=7 pl=0 blk=124 pg=255 erase_cnt=1 (vpc/ipc reset)
[EXP] [ERASE] ch=1 lun=0 pl=0 blk=124 pg=255 erase_cnt=1 (vpc/ipc reset)
[EXP] [ERASE] ch=1 lun=1 pl=0 blk=124 pg=255 erase_cnt=1 (vpc/ipc reset)
[EXP] [ERASE] ch=1 lun=2 pl=0 blk=124 pg=255 erase_cnt=1 (vpc/ipc reset)
[EXP] [ERASE] ch=1 lun=3 pl=0 blk=124 pg=255 erase_cnt=1 (vpc/ipc reset)
[EXP] [ERASE] ch=1 lun=4 pl=0 blk=124 pg=255 erase_cnt=1 (vpc/ipc reset)
[EXP] [ERASE] ch=1 lun=5 pl=0 blk=124 pg=255 erase_cnt=1 (vpc/ipc reset)
[EXP] [ERASE] ch=1 lun=6 pl=0 blk=124 pg=255 erase_cnt=1 (vpc/ipc reset)
[EXP] [ERASE] ch=1 lun=7 pl=0 blk=124 pg=255 erase_cnt=1 (vpc/ipc reset)
[EXP] [GC_MOVE] lpn=0 ch=2 lun=0 pl=0 blk=124 pg=2 -> ch=0 lun=7 pl=0 blk=125 pg=1
[EXP] [ERASE] ch=2 lun=0 pl=0 blk=124 pg=255 erase_cnt=1 (vpc/ipc reset)
[EXP] [ERASE] ch=2 lun=1 pl=0 blk=124 pg=255 erase_cnt=1 (vpc/ipc reset)
[EXP] [ERASE] ch=2 lun=2 pl=0 blk=124 pg=255 erase_cnt=1 (vpc/ipc reset)
[EXP] [ERASE] ch=2 lun=3 pl=0 blk=124 pg=255 erase_cnt=1 (vpc/ipc reset)
[EXP] [ERASE] ch=2 lun=4 pl=0 blk=124 pg=255 erase_cnt=1 (vpc/ipc reset)
[EXP] [ERASE] ch=2 lun=5 pl=0 blk=124 pg=255 erase_cnt=1 (vpc/ipc reset)
[EXP] [ERASE] ch=2 lun=6 pl=0 blk=124 pg=255 erase_cnt=1 (vpc/ipc reset)
[EXP] [ERASE] ch=2 lun=7 pl=0 blk=124 pg=255 erase_cnt=1 (vpc/ipc reset)
[EXP] [ERASE] ch=3 lun=0 pl=0 blk=124 pg=255 erase_cnt=1 (vpc/ipc reset)
[EXP] [ERASE] ch=3 lun=1 pl=0 blk=124 pg=255 erase_cnt=1 (vpc/ipc reset)
[EXP] [ERASE] ch=3 lun=2 pl=0 blk=124 pg=255 erase_cnt=1 (vpc/ipc reset)
[EXP] [ERASE] ch=3 lun=3 pl=0 blk=124 pg=255 erase_cnt=1 (vpc/ipc reset)
[EXP] [ERASE] ch=3 lun=4 pl=0 blk=124 pg=255 erase_cnt=1 (vpc/ipc reset)
[EXP] [ERASE] ch=3 lun=5 pl=0 blk=124 pg=255 erase_cnt=1 (vpc/ipc reset)
[EXP] [ERASE] ch=3 lun=6 pl=0 blk=124 pg=255 erase_cnt=1 (vpc/ipc reset)
[EXP] [ERASE] ch=3 lun=7 pl=0 blk=124 pg=255 erase_cnt=1 (vpc/ipc reset)
[EXP] [ERASE] ch=4 lun=0 pl=0 blk=124 pg=255 erase_cnt=1 (vpc/ipc reset)
[EXP] [ERASE] ch=4 lun=1 pl=0 blk=124 pg=255 erase_cnt=1 (vpc/ipc reset)
[EXP] [ERASE] ch=4 lun=2 pl=0 blk=124 pg=255 erase_cnt=1 (vpc/ipc reset)
[EXP] [ERASE] ch=4 lun=3 pl=0 blk=124 pg=255 erase_cnt=1 (vpc/ipc reset)
[EXP] [ERASE] ch=4 lun=4 pl=0 blk=124 pg=255 erase_cnt=1 (vpc/ipc reset)
[EXP] [ERASE] ch=4 lun=5 pl=0 blk=124 pg=255 erase_cnt=1 (vpc/ipc reset)
[EXP] [ERASE] ch=4 lun=6 pl=0 blk=124 pg=255 erase_cnt=1 (vpc/ipc reset)
[EXP] [ERASE] ch=4 lun=7 pl=0 blk=124 pg=255 erase_cnt=1 (vpc/ipc reset)
[EXP] [ERASE] ch=5 lun=0 pl=0 blk=124 pg=255 erase_cnt=1 (vpc/ipc reset)
[EXP] [ERASE] ch=5 lun=1 pl=0 blk=124 pg=255 erase_cnt=1 (vpc/ipc reset)
[EXP] [ERASE] ch=5 lun=2 pl=0 blk=124 pg=255 erase_cnt=1 (vpc/ipc reset)
[EXP] [ERASE] ch=5 lun=3 pl=0 blk=124 pg=255 erase_cnt=1 (vpc/ipc reset)
[EXP] [ERASE] ch=5 lun=4 pl=0 blk=124 pg=255 erase_cnt=1 (vpc/ipc reset)
[EXP] [ERASE] ch=5 lun=5 pl=0 blk=124 pg=255 erase_cnt=1 (vpc/ipc reset)
[EXP] [ERASE] ch=5 lun=6 pl=0 blk=124 pg=255 erase_cnt=1 (vpc/ipc reset)
[EXP] [ERASE] ch=5 lun=7 pl=0 blk=124 pg=255 erase_cnt=1 (vpc/ipc reset)
[EXP] [ERASE] ch=6 lun=0 pl=0 blk=124 pg=255 erase_cnt=1 (vpc/ipc reset)
[EXP] [ERASE] ch=6 lun=1 pl=0 blk=124 pg=255 erase_cnt=1 (vpc/ipc reset)
[EXP] [ERASE] ch=6 lun=2 pl=0 blk=124 pg=255 erase_cnt=1 (vpc/ipc reset)
[EXP] [ERASE] ch=6 lun=3 pl=0 blk=124 pg=255 erase_cnt=1 (vpc/ipc reset)
[EXP] [ERASE] ch=6 lun=4 pl=0 blk=124 pg=255 erase_cnt=1 (vpc/ipc reset)
[EXP] [ERASE] ch=6 lun=5 pl=0 blk=124 pg=255 erase_cnt=1 (vpc/ipc reset)
[EXP] [ERASE] ch=6 lun=6 pl=0 blk=124 pg=255 erase_cnt=1 (vpc/ipc reset)
[EXP] [ERASE] ch=6 lun=7 pl=0 blk=124 pg=255 erase_cnt=1 (vpc/ipc reset)
[EXP] [ERASE] ch=7 lun=0 pl=0 blk=124 pg=255 erase_cnt=1 (vpc/ipc reset)
[EXP] [ERASE] ch=7 lun=1 pl=0 blk=124 pg=255 erase_cnt=1 (vpc/ipc reset)
[EXP] [ERASE] ch=7 lun=2 pl=0 blk=124 pg=255 erase_cnt=1 (vpc/ipc reset)
[EXP] [ERASE] ch=7 lun=3 pl=0 blk=124 pg=255 erase_cnt=1 (vpc/ipc reset)
[EXP] [ERASE] ch=7 lun=4 pl=0 blk=124 pg=255 erase_cnt=1 (vpc/ipc reset)
[EXP] [ERASE] ch=7 lun=5 pl=0 blk=124 pg=255 erase_cnt=1 (vpc/ipc reset)
[EXP] [ERASE] ch=7 lun=6 pl=0 blk=124 pg=255 erase_cnt=1 (vpc/ipc reset)
[EXP] [ERASE] ch=7 lun=7 pl=0 blk=124 pg=255 erase_cnt=1 (vpc/ipc reset)
[EXP] [ERASE] ch=0 lun=0 pl=0 blk=97 pg=255 erase_cnt=69 (vpc/ipc reset)
[EXP] [ERASE] ch=0 lun=1 pl=0 blk=97 pg=255 erase_cnt=69 (vpc/ipc reset)
[EXP] [ERASE] ch=0 lun=2 pl=0 blk=97 pg=255 erase_cnt=69 (vpc/ipc reset)
[EXP] [ERASE] ch=0 lun=3 pl=0 blk=97 pg=255 erase_cnt=69 (vpc/ipc reset)
[EXP] [ERASE] ch=0 lun=4 pl=0 blk=97 pg=255 erase_cnt=69 (vpc/ipc reset)
[EXP] [ERASE] ch=0 lun=5 pl=0 blk=97 pg=255 erase_cnt=69 (vpc/ipc reset)
[EXP] [ERASE] ch=0 lun=6 pl=0 blk=97 pg=255 erase_cnt=69 (vpc/ipc reset)
[EXP] [ERASE] ch=0 lun=7 pl=0 blk=97 pg=255 erase_cnt=69 (vpc/ipc reset)
[EXP] [ERASE] ch=1 lun=0 pl=0 blk=97 pg=255 erase_cnt=69 (vpc/ipc reset)
[EXP] [ERASE] ch=1 lun=1 pl=0 blk=97 pg=255 erase_cnt=69 (vpc/ipc reset)
[EXP] [ERASE] ch=1 lun=2 pl=0 blk=97 pg=255 erase_cnt=69 (vpc/ipc reset)
[EXP] [ERASE] ch=1 lun=3 pl=0 blk=97 pg=255 erase_cnt=69 (vpc/ipc reset)
[EXP] [ERASE] ch=1 lun=4 pl=0 blk=97 pg=255 erase_cnt=69 (vpc/ipc reset)
[EXP] [ERASE] ch=1 lun=5 pl=0 blk=97 pg=255 erase_cnt=69 (vpc/ipc reset)
[EXP] [ERASE] ch=1 lun=6 pl=0 blk=97 pg=255 erase_cnt=69 (vpc/ipc reset)
[EXP] [ERASE] ch=1 lun=7 pl=0 blk=97 pg=255 erase_cnt=69 (vpc/ipc reset)
[EXP] [ERASE] ch=2 lun=0 pl=0 blk=97 pg=255 erase_cnt=69 (vpc/ipc reset)
[EXP] [ERASE] ch=2 lun=1 pl=0 blk=97 pg=255 erase_cnt=69 (vpc/ipc reset)
[EXP] [ERASE] ch=2 lun=2 pl=0 blk=97 pg=255 erase_cnt=69 (vpc/ipc reset)
[EXP] [ERASE] ch=2 lun=3 pl=0 blk=97 pg=255 erase_cnt=69 (vpc/ipc reset)
[EXP] [ERASE] ch=2 lun=4 pl=0 blk=97 pg=255 erase_cnt=69 (vpc/ipc reset)
[EXP] [ERASE] ch=2 lun=5 pl=0 blk=97 pg=255 erase_cnt=69 (vpc/ipc reset)
[EXP] [ERASE] ch=2 lun=6 pl=0 blk=97 pg=255 erase_cnt=69 (vpc/ipc reset)
[EXP] [ERASE] ch=2 lun=7 pl=0 blk=97 pg=255 erase_cnt=69 (vpc/ipc reset)
[EXP] [ERASE] ch=3 lun=0 pl=0 blk=97 pg=255 erase_cnt=69 (vpc/ipc reset)
[EXP] [ERASE] ch=3 lun=1 pl=0 blk=97 pg=255 erase_cnt=69 (vpc/ipc reset)
[EXP] [ERASE] ch=3 lun=2 pl=0 blk=97 pg=255 erase_cnt=69 (vpc/ipc reset)
[EXP] [ERASE] ch=3 lun=3 pl=0 blk=97 pg=255 erase_cnt=69 (vpc/ipc reset)
[EXP] [ERASE] ch=3 lun=4 pl=0 blk=97 pg=255 erase_cnt=69 (vpc/ipc reset)
[EXP] [ERASE] ch=3 lun=5 pl=0 blk=97 pg=255 erase_cnt=69 (vpc/ipc reset)
[EXP] [ERASE] ch=3 lun=6 pl=0 blk=97 pg=255 erase_cnt=69 (vpc/ipc reset)
[EXP] [ERASE] ch=3 lun=7 pl=0 blk=97 pg=255 erase_cnt=69 (vpc/ipc reset)
[EXP] [ERASE] ch=4 lun=0 pl=0 blk=97 pg=255 erase_cnt=69 (vpc/ipc reset)
[EXP] [ERASE] ch=4 lun=1 pl=0 blk=97 pg=255 erase_cnt=69 (vpc/ipc reset)
[EXP] [ERASE] ch=4 lun=2 pl=0 blk=97 pg=255 erase_cnt=69 (vpc/ipc reset)
[EXP] [ERASE] ch=4 lun=3 pl=0 blk=97 pg=255 erase_cnt=69 (vpc/ipc reset)
[EXP] [ERASE] ch=4 lun=4 pl=0 blk=97 pg=255 erase_cnt=69 (vpc/ipc reset)
[EXP] [ERASE] ch=4 lun=5 pl=0 blk=97 pg=255 erase_cnt=69 (vpc/ipc reset)
[EXP] [ERASE] ch=4 lun=6 pl=0 blk=97 pg=255 erase_cnt=69 (vpc/ipc reset)
[EXP] [ERASE] ch=4 lun=7 pl=0 blk=97 pg=255 erase_cnt=69 (vpc/ipc reset)
[EXP] [ERASE] ch=5 lun=0 pl=0 blk=97 pg=255 erase_cnt=69 (vpc/ipc reset)
[EXP] [ERASE] ch=5 lun=1 pl=0 blk=97 pg=255 erase_cnt=69 (vpc/ipc reset)
[EXP] [ERASE] ch=5 lun=2 pl=0 blk=97 pg=255 erase_cnt=69 (vpc/ipc reset)
[EXP] [ERASE] ch=5 lun=3 pl=0 blk=97 pg=255 erase_cnt=69 (vpc/ipc reset)
[EXP] [ERASE] ch=5 lun=4 pl=0 blk=97 pg=255 erase_cnt=69 (vpc/ipc reset)
[EXP] [ERASE] ch=5 lun=5 pl=0 blk=97 pg=255 erase_cnt=69 (vpc/ipc reset)
[EXP] [ERASE] ch=5 lun=6 pl=0 blk=97 pg=255 erase_cnt=69 (vpc/ipc reset)
[EXP] [ERASE] ch=5 lun=7 pl=0 blk=97 pg=255 erase_cnt=69 (vpc/ipc reset)
[EXP] [ERASE] ch=6 lun=0 pl=0 blk=97 pg=255 erase_cnt=69 (vpc/ipc reset)
[EXP] [ERASE] ch=6 lun=1 pl=0 blk=97 pg=255 erase_cnt=69 (vpc/ipc reset)
[EXP] [ERASE] ch=6 lun=2 pl=0 blk=97 pg=255 erase_cnt=69 (vpc/ipc reset)
[EXP] [ERASE] ch=6 lun=3 pl=0 blk=97 pg=255 erase_cnt=69 (vpc/ipc reset)
[EXP] [ERASE] ch=6 lun=4 pl=0 blk=97 pg=255 erase_cnt=69 (vpc/ipc reset)
[EXP] [ERASE] ch=6 lun=5 pl=0 blk=97 pg=255 erase_cnt=69 (vpc/ipc reset)
[EXP] [ERASE] ch=6 lun=6 pl=0 blk=97 pg=255 erase_cnt=69 (vpc/ipc reset)
[EXP] [ERASE] ch=6 lun=7 pl=0 blk=97 pg=255 erase_cnt=69 (vpc/ipc reset)
[EXP] [ERASE] ch=7 lun=0 pl=0 blk=97 pg=255 erase_cnt=69 (vpc/ipc reset)
[EXP] [ERASE] ch=7 lun=1 pl=0 blk=97 pg=255 erase_cnt=69 (vpc/ipc reset)
[EXP] [ERASE] ch=7 lun=2 pl=0 blk=97 pg=255 erase_cnt=69 (vpc/ipc reset)
[EXP] [ERASE] ch=7 lun=3 pl=0 blk=97 pg=255 erase_cnt=69 (vpc/ipc reset)
[EXP] [ERASE] ch=7 lun=4 pl=0 blk=97 pg=255 erase_cnt=69 (vpc/ipc reset)
[EXP] [ERASE] ch=7 lun=5 pl=0 blk=97 pg=255 erase_cnt=69 (vpc/ipc reset)
[EXP] [ERASE] ch=7 lun=6 pl=0 blk=97 pg=255 erase_cnt=69 (vpc/ipc reset)
[EXP] [ERASE] ch=7 lun=7 pl=0 blk=97 pg=255 erase_cnt=69 (vpc/ipc reset)
[EXP] [ERASE] ch=0 lun=0 pl=0 blk=97 pg=255 erase_cnt=70 (vpc/ipc reset)
[EXP] [ERASE] ch=0 lun=1 pl=0 blk=97 pg=255 erase_cnt=70 (vpc/ipc reset)
[EXP] [ERASE] ch=0 lun=2 pl=0 blk=97 pg=255 erase_cnt=70 (vpc/ipc reset)
[EXP] [ERASE] ch=0 lun=3 pl=0 blk=97 pg=255 erase_cnt=70 (vpc/ipc reset)
[EXP] [ERASE] ch=0 lun=4 pl=0 blk=97 pg=255 erase_cnt=70 (vpc/ipc reset)
[EXP] [ERASE] ch=0 lun=5 pl=0 blk=97 pg=255 erase_cnt=70 (vpc/ipc reset)
[EXP] [ERASE] ch=0 lun=6 pl=0 blk=97 pg=255 erase_cnt=70 (vpc/ipc reset)
[EXP] [ERASE] ch=0 lun=7 pl=0 blk=97 pg=255 erase_cnt=70 (vpc/ipc reset)
[EXP] [ERASE] ch=1 lun=0 pl=0 blk=97 pg=255 erase_cnt=70 (vpc/ipc reset)
[EXP] [ERASE] ch=1 lun=1 pl=0 blk=97 pg=255 erase_cnt=70 (vpc/ipc reset)
[EXP] [ERASE] ch=1 lun=2 pl=0 blk=97 pg=255 erase_cnt=70 (vpc/ipc reset)
[EXP] [ERASE] ch=1 lun=3 pl=0 blk=97 pg=255 erase_cnt=70 (vpc/ipc reset)
[EXP] [ERASE] ch=1 lun=4 pl=0 blk=97 pg=255 erase_cnt=70 (vpc/ipc reset)
[EXP] [ERASE] ch=1 lun=5 pl=0 blk=97 pg=255 erase_cnt=70 (vpc/ipc reset)
[EXP] [ERASE] ch=1 lun=6 pl=0 blk=97 pg=255 erase_cnt=70 (vpc/ipc reset)
[EXP] [ERASE] ch=1 lun=7 pl=0 blk=97 pg=255 erase_cnt=70 (vpc/ipc reset)
[EXP] [ERASE] ch=2 lun=0 pl=0 blk=97 pg=255 erase_cnt=70 (vpc/ipc reset)
[EXP] [ERASE] ch=2 lun=1 pl=0 blk=97 pg=255 erase_cnt=70 (vpc/ipc reset)
[EXP] [ERASE] ch=2 lun=2 pl=0 blk=97 pg=255 erase_cnt=70 (vpc/ipc reset)
[EXP] [ERASE] ch=2 lun=3 pl=0 blk=97 pg=255 erase_cnt=70 (vpc/ipc reset)
[EXP] [ERASE] ch=2 lun=4 pl=0 blk=97 pg=255 erase_cnt=70 (vpc/ipc reset)
[EXP] [ERASE] ch=2 lun=5 pl=0 blk=97 pg=255 erase_cnt=70 (vpc/ipc reset)
[EXP] [ERASE] ch=2 lun=6 pl=0 blk=97 pg=255 erase_cnt=70 (vpc/ipc reset)
[EXP] [ERASE] ch=2 lun=7 pl=0 blk=97 pg=255 erase_cnt=70 (vpc/ipc reset)
[EXP] [ERASE] ch=3 lun=0 pl=0 blk=97 pg=255 erase_cnt=70 (vpc/ipc reset)
[EXP] [ERASE] ch=3 lun=1 pl=0 blk=97 pg=255 erase_cnt=70 (vpc/ipc reset)
[EXP] [ERASE] ch=3 lun=2 pl=0 blk=97 pg=255 erase_cnt=70 (vpc/ipc reset)
[EXP] [ERASE] ch=3 lun=3 pl=0 blk=97 pg=255 erase_cnt=70 (vpc/ipc reset)
[EXP] [ERASE] ch=3 lun=4 pl=0 blk=97 pg=255 erase_cnt=70 (vpc/ipc reset)
[EXP] [ERASE] ch=3 lun=5 pl=0 blk=97 pg=255 erase_cnt=70 (vpc/ipc reset)
[EXP] [ERASE] ch=3 lun=6 pl=0 blk=97 pg=255 erase_cnt=70 (vpc/ipc reset)
[EXP] [ERASE] ch=3 lun=7 pl=0 blk=97 pg=255 erase_cnt=70 (vpc/ipc reset)
[EXP] [ERASE] ch=4 lun=0 pl=0 blk=97 pg=255 erase_cnt=70 (vpc/ipc reset)
[EXP] [ERASE] ch=4 lun=1 pl=0 blk=97 pg=255 erase_cnt=70 (vpc/ipc reset)
[EXP] [ERASE] ch=4 lun=2 pl=0 blk=97 pg=255 erase_cnt=70 (vpc/ipc reset)
[EXP] [ERASE] ch=4 lun=3 pl=0 blk=97 pg=255 erase_cnt=70 (vpc/ipc reset)
[EXP] [ERASE] ch=4 lun=4 pl=0 blk=97 pg=255 erase_cnt=70 (vpc/ipc reset)
[EXP] [ERASE] ch=4 lun=5 pl=0 blk=97 pg=255 erase_cnt=70 (vpc/ipc reset)
[EXP] [ERASE] ch=4 lun=6 pl=0 blk=97 pg=255 erase_cnt=70 (vpc/ipc reset)
[EXP] [ERASE] ch=4 lun=7 pl=0 blk=97 pg=255 erase_cnt=70 (vpc/ipc reset)
[EXP] [ERASE] ch=5 lun=0 pl=0 blk=97 pg=255 erase_cnt=70 (vpc/ipc reset)
[EXP] [ERASE] ch=5 lun=1 pl=0 blk=97 pg=255 erase_cnt=70 (vpc/ipc reset)
[EXP] [ERASE] ch=5 lun=2 pl=0 blk=97 pg=255 erase_cnt=70 (vpc/ipc reset)
[EXP] [ERASE] ch=5 lun=3 pl=0 blk=97 pg=255 erase_cnt=70 (vpc/ipc reset)
[EXP] [ERASE] ch=5 lun=4 pl=0 blk=97 pg=255 erase_cnt=70 (vpc/ipc reset)
[EXP] [ERASE] ch=5 lun=5 pl=0 blk=97 pg=255 erase_cnt=70 (vpc/ipc reset)
[EXP] [ERASE] ch=5 lun=6 pl=0 blk=97 pg=255 erase_cnt=70 (vpc/ipc reset)
[EXP] [ERASE] ch=5 lun=7 pl=0 blk=97 pg=255 erase_cnt=70 (vpc/ipc reset)
[EXP] [ERASE] ch=6 lun=0 pl=0 blk=97 pg=255 erase_cnt=70 (vpc/ipc reset)
[EXP] [ERASE] ch=6 lun=1 pl=0 blk=97 pg=255 erase_cnt=70 (vpc/ipc reset)
[EXP] [ERASE] ch=6 lun=2 pl=0 blk=97 pg=255 erase_cnt=70 (vpc/ipc reset)
[EXP] [ERASE] ch=6 lun=3 pl=0 blk=97 pg=255 erase_cnt=70 (vpc/ipc reset)
[EXP] [ERASE] ch=6 lun=4 pl=0 blk=97 pg=255 erase_cnt=70 (vpc/ipc reset)
[EXP] [ERASE] ch=6 lun=5 pl=0 blk=97 pg=255 erase_cnt=70 (vpc/ipc reset)
[EXP] [ERASE] ch=6 lun=6 pl=0 blk=97 pg=255 erase_cnt=70 (vpc/ipc reset)
[EXP] [ERASE] ch=6 lun=7 pl=0 blk=97 pg=255 erase_cnt=70 (vpc/ipc reset)
[EXP] [ERASE] ch=7 lun=0 pl=0 blk=97 pg=255 erase_cnt=70 (vpc/ipc reset)
[EXP] [ERASE] ch=7 lun=1 pl=0 blk=97 pg=255 erase_cnt=70 (vpc/ipc reset)
[EXP] [ERASE] ch=7 lun=2 pl=0 blk=97 pg=255 erase_cnt=70 (vpc/ipc reset)
[EXP] [ERASE] ch=7 lun=3 pl=0 blk=97 pg=255 erase_cnt=70 (vpc/ipc reset)
[EXP] [ERASE] ch=7 lun=4 pl=0 blk=97 pg=255 erase_cnt=70 (vpc/ipc reset)
[EXP] [ERASE] ch=7 lun=5 pl=0 blk=97 pg=255 erase_cnt=70 (vpc/ipc reset)
[EXP] [ERASE] ch=7 lun=6 pl=0 blk=97 pg=255 erase_cnt=70 (vpc/ipc reset)
[EXP] [ERASE] ch=7 lun=7 pl=0 blk=97 pg=255 erase_cnt=70 (vpc/ipc reset)
[EXP] [ERASE] ch=0 lun=0 pl=0 blk=97 pg=255 erase_cnt=71 (vpc/ipc reset)
[EXP] [ERASE] ch=0 lun=1 pl=0 blk=97 pg=255 erase_cnt=71 (vpc/ipc reset)
[EXP] [ERASE] ch=0 lun=2 pl=0 blk=97 pg=255 erase_cnt=71 (vpc/ipc reset)
[EXP] [ERASE] ch=0 lun=3 pl=0 blk=97 pg=255 erase_cnt=71 (vpc/ipc reset)
[EXP] [ERASE] ch=0 lun=4 pl=0 blk=97 pg=255 erase_cnt=71 (vpc/ipc reset)
[EXP] [ERASE] ch=0 lun=5 pl=0 blk=97 pg=255 erase_cnt=71 (vpc/ipc reset)
[EXP] [ERASE] ch=0 lun=6 pl=0 blk=97 pg=255 erase_cnt=71 (vpc/ipc reset)
[EXP] [ERASE] ch=0 lun=7 pl=0 blk=97 pg=255 erase_cnt=71 (vpc/ipc reset)
[EXP] [ERASE] ch=1 lun=0 pl=0 blk=97 pg=255 erase_cnt=71 (vpc/ipc reset)
[EXP] [ERASE] ch=1 lun=1 pl=0 blk=97 pg=255 erase_cnt=71 (vpc/ipc reset)
[EXP] [ERASE] ch=1 lun=2 pl=0 blk=97 pg=255 erase_cnt=71 (vpc/ipc reset)
[EXP] [ERASE] ch=1 lun=3 pl=0 blk=97 pg=255 erase_cnt=71 (vpc/ipc reset)
[EXP] [ERASE] ch=1 lun=4 pl=0 blk=97 pg=255 erase_cnt=71 (vpc/ipc reset)
[EXP] [ERASE] ch=1 lun=5 pl=0 blk=97 pg=255 erase_cnt=71 (vpc/ipc reset)
[EXP] [ERASE] ch=1 lun=6 pl=0 blk=97 pg=255 erase_cnt=71 (vpc/ipc reset)
[EXP] [ERASE] ch=1 lun=7 pl=0 blk=97 pg=255 erase_cnt=71 (vpc/ipc reset)
[EXP] [ERASE] ch=2 lun=0 pl=0 blk=97 pg=255 erase_cnt=71 (vpc/ipc reset)
[EXP] [ERASE] ch=2 lun=1 pl=0 blk=97 pg=255 erase_cnt=71 (vpc/ipc reset)
[EXP] [ERASE] ch=2 lun=2 pl=0 blk=97 pg=255 erase_cnt=71 (vpc/ipc reset)
[EXP] [ERASE] ch=2 lun=3 pl=0 blk=97 pg=255 erase_cnt=71 (vpc/ipc reset)
[EXP] [ERASE] ch=2 lun=4 pl=0 blk=97 pg=255 erase_cnt=71 (vpc/ipc reset)
[EXP] [ERASE] ch=2 lun=5 pl=0 blk=97 pg=255 erase_cnt=71 (vpc/ipc reset)
[EXP] [ERASE] ch=2 lun=6 pl=0 blk=97 pg=255 erase_cnt=71 (vpc/ipc reset)
[EXP] [ERASE] ch=2 lun=7 pl=0 blk=97 pg=255 erase_cnt=71 (vpc/ipc reset)
[EXP] [ERASE] ch=3 lun=0 pl=0 blk=97 pg=255 erase_cnt=71 (vpc/ipc reset)
[EXP] [ERASE] ch=3 lun=1 pl=0 blk=97 pg=255 erase_cnt=71 (vpc/ipc reset)
[EXP] [ERASE] ch=3 lun=2 pl=0 blk=97 pg=255 erase_cnt=71 (vpc/ipc reset)
[EXP] [ERASE] ch=3 lun=3 pl=0 blk=97 pg=255 erase_cnt=71 (vpc/ipc reset)
[EXP] [ERASE] ch=3 lun=4 pl=0 blk=97 pg=255 erase_cnt=71 (vpc/ipc reset)
[EXP] [ERASE] ch=3 lun=5 pl=0 blk=97 pg=255 erase_cnt=71 (vpc/ipc reset)
[EXP] [ERASE] ch=3 lun=6 pl=0 blk=97 pg=255 erase_cnt=71 (vpc/ipc reset)
[EXP] [ERASE] ch=3 lun=7 pl=0 blk=97 pg=255 erase_cnt=71 (vpc/ipc reset)
[EXP] [ERASE] ch=4 lun=0 pl=0 blk=97 pg=255 erase_cnt=71 (vpc/ipc reset)
[EXP] [ERASE] ch=4 lun=1 pl=0 blk=97 pg=255 erase_cnt=71 (vpc/ipc reset)
[EXP] [ERASE] ch=4 lun=2 pl=0 blk=97 pg=255 erase_cnt=71 (vpc/ipc reset)
[EXP] [ERASE] ch=4 lun=3 pl=0 blk=97 pg=255 erase_cnt=71 (vpc/ipc reset)
[EXP] [ERASE] ch=4 lun=4 pl=0 blk=97 pg=255 erase_cnt=71 (vpc/ipc reset)
[EXP] [ERASE] ch=4 lun=5 pl=0 blk=97 pg=255 erase_cnt=71 (vpc/ipc reset)
[EXP] [ERASE] ch=4 lun=6 pl=0 blk=97 pg=255 erase_cnt=71 (vpc/ipc reset)
[EXP] [ERASE] ch=4 lun=7 pl=0 blk=97 pg=255 erase_cnt=71 (vpc/ipc reset)
[EXP] [ERASE] ch=5 lun=0 pl=0 blk=97 pg=255 erase_cnt=71 (vpc/ipc reset)
[EXP] [ERASE] ch=5 lun=1 pl=0 blk=97 pg=255 erase_cnt=71 (vpc/ipc reset)
[EXP] [ERASE] ch=5 lun=2 pl=0 blk=97 pg=255 erase_cnt=71 (vpc/ipc reset)
[EXP] [ERASE] ch=5 lun=3 pl=0 blk=97 pg=255 erase_cnt=71 (vpc/ipc reset)
[EXP] [ERASE] ch=5 lun=4 pl=0 blk=97 pg=255 erase_cnt=71 (vpc/ipc reset)
[EXP] [ERASE] ch=5 lun=5 pl=0 blk=97 pg=255 erase_cnt=71 (vpc/ipc reset)
[EXP] [ERASE] ch=5 lun=6 pl=0 blk=97 pg=255 erase_cnt=71 (vpc/ipc reset)
[EXP] [ERASE] ch=5 lun=7 pl=0 blk=97 pg=255 erase_cnt=71 (vpc/ipc reset)
[EXP] [ERASE] ch=6 lun=0 pl=0 blk=97 pg=255 erase_cnt=71 (vpc/ipc reset)
[EXP] [ERASE] ch=6 lun=1 pl=0 blk=97 pg=255 erase_cnt=71 (vpc/ipc reset)
[EXP] [ERASE] ch=6 lun=2 pl=0 blk=97 pg=255 erase_cnt=71 (vpc/ipc reset)
[EXP] [ERASE] ch=6 lun=3 pl=0 blk=97 pg=255 erase_cnt=71 (vpc/ipc reset)
[EXP] [ERASE] ch=6 lun=4 pl=0 blk=97 pg=255 erase_cnt=71 (vpc/ipc reset)
[EXP] [ERASE] ch=6 lun=5 pl=0 blk=97 pg=255 erase_cnt=71 (vpc/ipc reset)
[EXP] [ERASE] ch=6 lun=6 pl=0 blk=97 pg=255 erase_cnt=71 (vpc/ipc reset)
[EXP] [ERASE] ch=6 lun=7 pl=0 blk=97 pg=255 erase_cnt=71 (vpc/ipc reset)
[EXP] [ERASE] ch=7 lun=0 pl=0 blk=97 pg=255 erase_cnt=71 (vpc/ipc reset)
[EXP] [ERASE] ch=7 lun=1 pl=0 blk=97 pg=255 erase_cnt=71 (vpc/ipc reset)
[EXP] [ERASE] ch=7 lun=2 pl=0 blk=97 pg=255 erase_cnt=71 (vpc/ipc reset)
[EXP] [ERASE] ch=7 lun=3 pl=0 blk=97 pg=255 erase_cnt=71 (vpc/ipc reset)
[EXP] [ERASE] ch=7 lun=4 pl=0 blk=97 pg=255 erase_cnt=71 (vpc/ipc reset)
[EXP] [ERASE] ch=7 lun=5 pl=0 blk=97 pg=255 erase_cnt=71 (vpc/ipc reset)
[EXP] [ERASE] ch=7 lun=6 pl=0 blk=97 pg=255 erase_cnt=71 (vpc/ipc reset)
[EXP] [ERASE] ch=7 lun=7 pl=0 blk=97 pg=255 erase_cnt=71 (vpc/ipc reset)
[EXP] [ERASE] ch=0 lun=0 pl=0 blk=125 pg=255 erase_cnt=1 (vpc/ipc reset)
[EXP] [ERASE] ch=0 lun=1 pl=0 blk=125 pg=255 erase_cnt=1 (vpc/ipc reset)
[EXP] [ERASE] ch=0 lun=2 pl=0 blk=125 pg=255 erase_cnt=1 (vpc/ipc reset)
[EXP] [ERASE] ch=0 lun=3 pl=0 blk=125 pg=255 erase_cnt=1 (vpc/ipc reset)
[EXP] [ERASE] ch=0 lun=4 pl=0 blk=125 pg=255 erase_cnt=1 (vpc/ipc reset)
[EXP] [ERASE] ch=0 lun=5 pl=0 blk=125 pg=255 erase_cnt=1 (vpc/ipc reset)
[EXP] [ERASE] ch=0 lun=6 pl=0 blk=125 pg=255 erase_cnt=1 (vpc/ipc reset)
[EXP] [GC_MOVE] lpn=0 ch=0 lun=7 pl=0 blk=125 pg=1 -> ch=7 lun=5 pl=0 blk=126 pg=0
[EXP] [ERASE] ch=0 lun=7 pl=0 blk=125 pg=255 erase_cnt=1 (vpc/ipc reset)
[EXP] [ERASE] ch=1 lun=0 pl=0 blk=125 pg=255 erase_cnt=1 (vpc/ipc reset)
[EXP] [ERASE] ch=1 lun=1 pl=0 blk=125 pg=255 erase_cnt=1 (vpc/ipc reset)
[EXP] [ERASE] ch=1 lun=2 pl=0 blk=125 pg=255 erase_cnt=1 (vpc/ipc reset)
[EXP] [ERASE] ch=1 lun=3 pl=0 blk=125 pg=255 erase_cnt=1 (vpc/ipc reset)
[EXP] [ERASE] ch=1 lun=4 pl=0 blk=125 pg=255 erase_cnt=1 (vpc/ipc reset)
[EXP] [ERASE] ch=1 lun=5 pl=0 blk=125 pg=255 erase_cnt=1 (vpc/ipc reset)
[EXP] [ERASE] ch=1 lun=6 pl=0 blk=125 pg=255 erase_cnt=1 (vpc/ipc reset)
[EXP] [ERASE] ch=1 lun=7 pl=0 blk=125 pg=255 erase_cnt=1 (vpc/ipc reset)
[EXP] [ERASE] ch=2 lun=0 pl=0 blk=125 pg=255 erase_cnt=1 (vpc/ipc reset)
[EXP] [ERASE] ch=2 lun=1 pl=0 blk=125 pg=255 erase_cnt=1 (vpc/ipc reset)
[EXP] [ERASE] ch=2 lun=2 pl=0 blk=125 pg=255 erase_cnt=1 (vpc/ipc reset)
[EXP] [ERASE] ch=2 lun=3 pl=0 blk=125 pg=255 erase_cnt=1 (vpc/ipc reset)
[EXP] [ERASE] ch=2 lun=4 pl=0 blk=125 pg=255 erase_cnt=1 (vpc/ipc reset)
[EXP] [ERASE] ch=2 lun=5 pl=0 blk=125 pg=255 erase_cnt=1 (vpc/ipc reset)
[EXP] [ERASE] ch=2 lun=6 pl=0 blk=125 pg=255 erase_cnt=1 (vpc/ipc reset)
[EXP] [ERASE] ch=2 lun=7 pl=0 blk=125 pg=255 erase_cnt=1 (vpc/ipc reset)
[EXP] [ERASE] ch=3 lun=0 pl=0 blk=125 pg=255 erase_cnt=1 (vpc/ipc reset)
[EXP] [ERASE] ch=3 lun=1 pl=0 blk=125 pg=255 erase_cnt=1 (vpc/ipc reset)
[EXP] [ERASE] ch=3 lun=2 pl=0 blk=125 pg=255 erase_cnt=1 (vpc/ipc reset)
[EXP] [ERASE] ch=3 lun=3 pl=0 blk=125 pg=255 erase_cnt=1 (vpc/ipc reset)
[EXP] [ERASE] ch=3 lun=4 pl=0 blk=125 pg=255 erase_cnt=1 (vpc/ipc reset)
[EXP] [ERASE] ch=3 lun=5 pl=0 blk=125 pg=255 erase_cnt=1 (vpc/ipc reset)
[EXP] [ERASE] ch=3 lun=6 pl=0 blk=125 pg=255 erase_cnt=1 (vpc/ipc reset)
[EXP] [ERASE] ch=3 lun=7 pl=0 blk=125 pg=255 erase_cnt=1 (vpc/ipc reset)
[EXP] [ERASE] ch=4 lun=0 pl=0 blk=125 pg=255 erase_cnt=1 (vpc/ipc reset)
[EXP] [ERASE] ch=4 lun=1 pl=0 blk=125 pg=255 erase_cnt=1 (vpc/ipc reset)
[EXP] [ERASE] ch=4 lun=2 pl=0 blk=125 pg=255 erase_cnt=1 (vpc/ipc reset)
[EXP] [ERASE] ch=4 lun=3 pl=0 blk=125 pg=255 erase_cnt=1 (vpc/ipc reset)
[EXP] [ERASE] ch=4 lun=4 pl=0 blk=125 pg=255 erase_cnt=1 (vpc/ipc reset)
[EXP] [ERASE] ch=4 lun=5 pl=0 blk=125 pg=255 erase_cnt=1 (vpc/ipc reset)
[EXP] [ERASE] ch=4 lun=6 pl=0 blk=125 pg=255 erase_cnt=1 (vpc/ipc reset)
[EXP] [ERASE] ch=4 lun=7 pl=0 blk=125 pg=255 erase_cnt=1 (vpc/ipc reset)
[EXP] [ERASE] ch=5 lun=0 pl=0 blk=125 pg=255 erase_cnt=1 (vpc/ipc reset)
[EXP] [ERASE] ch=5 lun=1 pl=0 blk=125 pg=255 erase_cnt=1 (vpc/ipc reset)
[EXP] [ERASE] ch=5 lun=2 pl=0 blk=125 pg=255 erase_cnt=1 (vpc/ipc reset)
[EXP] [ERASE] ch=5 lun=3 pl=0 blk=125 pg=255 erase_cnt=1 (vpc/ipc reset)
[EXP] [ERASE] ch=5 lun=4 pl=0 blk=125 pg=255 erase_cnt=1 (vpc/ipc reset)
[EXP] [ERASE] ch=5 lun=5 pl=0 blk=125 pg=255 erase_cnt=1 (vpc/ipc reset)
[EXP] [ERASE] ch=5 lun=6 pl=0 blk=125 pg=255 erase_cnt=1 (vpc/ipc reset)
[EXP] [ERASE] ch=5 lun=7 pl=0 blk=125 pg=255 erase_cnt=1 (vpc/ipc reset)
[EXP] [ERASE] ch=6 lun=0 pl=0 blk=125 pg=255 erase_cnt=1 (vpc/ipc reset)
[EXP] [ERASE] ch=6 lun=1 pl=0 blk=125 pg=255 erase_cnt=1 (vpc/ipc reset)
[EXP] [ERASE] ch=6 lun=2 pl=0 blk=125 pg=255 erase_cnt=1 (vpc/ipc reset)
[EXP] [ERASE] ch=6 lun=3 pl=0 blk=125 pg=255 erase_cnt=1 (vpc/ipc reset)
[EXP] [ERASE] ch=6 lun=4 pl=0 blk=125 pg=255 erase_cnt=1 (vpc/ipc reset)
[EXP] [ERASE] ch=6 lun=5 pl=0 blk=125 pg=255 erase_cnt=1 (vpc/ipc reset)
[EXP] [ERASE] ch=6 lun=6 pl=0 blk=125 pg=255 erase_cnt=1 (vpc/ipc reset)
[EXP] [ERASE] ch=6 lun=7 pl=0 blk=125 pg=255 erase_cnt=1 (vpc/ipc reset)
[EXP] [ERASE] ch=7 lun=0 pl=0 blk=125 pg=255 erase_cnt=1 (vpc/ipc reset)
[EXP] [ERASE] ch=7 lun=1 pl=0 blk=125 pg=255 erase_cnt=1 (vpc/ipc reset)
[EXP] [ERASE] ch=7 lun=2 pl=0 blk=125 pg=255 erase_cnt=1 (vpc/ipc reset)
[EXP] [ERASE] ch=7 lun=3 pl=0 blk=125 pg=255 erase_cnt=1 (vpc/ipc reset)
[EXP] [ERASE] ch=7 lun=4 pl=0 blk=125 pg=255 erase_cnt=1 (vpc/ipc reset)
[EXP] [ERASE] ch=7 lun=5 pl=0 blk=125 pg=255 erase_cnt=1 (vpc/ipc reset)
[EXP] [ERASE] ch=7 lun=6 pl=0 blk=125 pg=255 erase_cnt=1 (vpc/ipc reset)
[EXP] [ERASE] ch=7 lun=7 pl=0 blk=125 pg=255 erase_cnt=1 (vpc/ipc reset)
[EXP] [ERASE] ch=0 lun=0 pl=0 blk=97 pg=255 erase_cnt=72 (vpc/ipc reset)
[EXP] [ERASE] ch=0 lun=1 pl=0 blk=97 pg=255 erase_cnt=72 (vpc/ipc reset)
[EXP] [ERASE] ch=0 lun=2 pl=0 blk=97 pg=255 erase_cnt=72 (vpc/ipc reset)
[EXP] [ERASE] ch=0 lun=3 pl=0 blk=97 pg=255 erase_cnt=72 (vpc/ipc reset)
[EXP] [ERASE] ch=0 lun=4 pl=0 blk=97 pg=255 erase_cnt=72 (vpc/ipc reset)
[EXP] [ERASE] ch=0 lun=5 pl=0 blk=97 pg=255 erase_cnt=72 (vpc/ipc reset)
[EXP] [ERASE] ch=0 lun=6 pl=0 blk=97 pg=255 erase_cnt=72 (vpc/ipc reset)
[EXP] [ERASE] ch=0 lun=7 pl=0 blk=97 pg=255 erase_cnt=72 (vpc/ipc reset)
[EXP] [ERASE] ch=1 lun=0 pl=0 blk=97 pg=255 erase_cnt=72 (vpc/ipc reset)
[EXP] [ERASE] ch=1 lun=1 pl=0 blk=97 pg=255 erase_cnt=72 (vpc/ipc reset)
[EXP] [ERASE] ch=1 lun=2 pl=0 blk=97 pg=255 erase_cnt=72 (vpc/ipc reset)
[EXP] [ERASE] ch=1 lun=3 pl=0 blk=97 pg=255 erase_cnt=72 (vpc/ipc reset)
[EXP] [ERASE] ch=1 lun=4 pl=0 blk=97 pg=255 erase_cnt=72 (vpc/ipc reset)
[EXP] [ERASE] ch=1 lun=5 pl=0 blk=97 pg=255 erase_cnt=72 (vpc/ipc reset)
[EXP] [ERASE] ch=1 lun=6 pl=0 blk=97 pg=255 erase_cnt=72 (vpc/ipc reset)
[EXP] [ERASE] ch=1 lun=7 pl=0 blk=97 pg=255 erase_cnt=72 (vpc/ipc reset)
[EXP] [ERASE] ch=2 lun=0 pl=0 blk=97 pg=255 erase_cnt=72 (vpc/ipc reset)
[EXP] [ERASE] ch=2 lun=1 pl=0 blk=97 pg=255 erase_cnt=72 (vpc/ipc reset)
[EXP] [ERASE] ch=2 lun=2 pl=0 blk=97 pg=255 erase_cnt=72 (vpc/ipc reset)
[EXP] [ERASE] ch=2 lun=3 pl=0 blk=97 pg=255 erase_cnt=72 (vpc/ipc reset)
[EXP] [ERASE] ch=2 lun=4 pl=0 blk=97 pg=255 erase_cnt=72 (vpc/ipc reset)
[EXP] [ERASE] ch=2 lun=5 pl=0 blk=97 pg=255 erase_cnt=72 (vpc/ipc reset)
[EXP] [ERASE] ch=2 lun=6 pl=0 blk=97 pg=255 erase_cnt=72 (vpc/ipc reset)
[EXP] [ERASE] ch=2 lun=7 pl=0 blk=97 pg=255 erase_cnt=72 (vpc/ipc reset)
[EXP] [ERASE] ch=3 lun=0 pl=0 blk=97 pg=255 erase_cnt=72 (vpc/ipc reset)
[EXP] [ERASE] ch=3 lun=1 pl=0 blk=97 pg=255 erase_cnt=72 (vpc/ipc reset)
[EXP] [ERASE] ch=3 lun=2 pl=0 blk=97 pg=255 erase_cnt=72 (vpc/ipc reset)
[EXP] [ERASE] ch=3 lun=3 pl=0 blk=97 pg=255 erase_cnt=72 (vpc/ipc reset)
[EXP] [ERASE] ch=3 lun=4 pl=0 blk=97 pg=255 erase_cnt=72 (vpc/ipc reset)
[EXP] [ERASE] ch=3 lun=5 pl=0 blk=97 pg=255 erase_cnt=72 (vpc/ipc reset)
[EXP] [ERASE] ch=3 lun=6 pl=0 blk=97 pg=255 erase_cnt=72 (vpc/ipc reset)
[EXP] [ERASE] ch=3 lun=7 pl=0 blk=97 pg=255 erase_cnt=72 (vpc/ipc reset)
[EXP] [ERASE] ch=4 lun=0 pl=0 blk=97 pg=255 erase_cnt=72 (vpc/ipc reset)
[EXP] [ERASE] ch=4 lun=1 pl=0 blk=97 pg=255 erase_cnt=72 (vpc/ipc reset)
[EXP] [ERASE] ch=4 lun=2 pl=0 blk=97 pg=255 erase_cnt=72 (vpc/ipc reset)
[EXP] [ERASE] ch=4 lun=3 pl=0 blk=97 pg=255 erase_cnt=72 (vpc/ipc reset)
[EXP] [ERASE] ch=4 lun=4 pl=0 blk=97 pg=255 erase_cnt=72 (vpc/ipc reset)
[EXP] [ERASE] ch=4 lun=5 pl=0 blk=97 pg=255 erase_cnt=72 (vpc/ipc reset)
[EXP] [ERASE] ch=4 lun=6 pl=0 blk=97 pg=255 erase_cnt=72 (vpc/ipc reset)
[EXP] [ERASE] ch=4 lun=7 pl=0 blk=97 pg=255 erase_cnt=72 (vpc/ipc reset)
[EXP] [ERASE] ch=5 lun=0 pl=0 blk=97 pg=255 erase_cnt=72 (vpc/ipc reset)
[EXP] [ERASE] ch=5 lun=1 pl=0 blk=97 pg=255 erase_cnt=72 (vpc/ipc reset)
[EXP] [ERASE] ch=5 lun=2 pl=0 blk=97 pg=255 erase_cnt=72 (vpc/ipc reset)
[EXP] [ERASE] ch=5 lun=3 pl=0 blk=97 pg=255 erase_cnt=72 (vpc/ipc reset)
[EXP] [ERASE] ch=5 lun=4 pl=0 blk=97 pg=255 erase_cnt=72 (vpc/ipc reset)
[EXP] [ERASE] ch=5 lun=5 pl=0 blk=97 pg=255 erase_cnt=72 (vpc/ipc reset)
[EXP] [ERASE] ch=5 lun=6 pl=0 blk=97 pg=255 erase_cnt=72 (vpc/ipc reset)
[EXP] [ERASE] ch=5 lun=7 pl=0 blk=97 pg=255 erase_cnt=72 (vpc/ipc reset)
[EXP] [ERASE] ch=6 lun=0 pl=0 blk=97 pg=255 erase_cnt=72 (vpc/ipc reset)
[EXP] [ERASE] ch=6 lun=1 pl=0 blk=97 pg=255 erase_cnt=72 (vpc/ipc reset)
[EXP] [ERASE] ch=6 lun=2 pl=0 blk=97 pg=255 erase_cnt=72 (vpc/ipc reset)
[EXP] [ERASE] ch=6 lun=3 pl=0 blk=97 pg=255 erase_cnt=72 (vpc/ipc reset)
[EXP] [ERASE] ch=6 lun=4 pl=0 blk=97 pg=255 erase_cnt=72 (vpc/ipc reset)
[EXP] [ERASE] ch=6 lun=5 pl=0 blk=97 pg=255 erase_cnt=72 (vpc/ipc reset)
[EXP] [ERASE] ch=6 lun=6 pl=0 blk=97 pg=255 erase_cnt=72 (vpc/ipc reset)
[EXP] [ERASE] ch=6 lun=7 pl=0 blk=97 pg=255 erase_cnt=72 (vpc/ipc reset)
[EXP] [ERASE] ch=7 lun=0 pl=0 blk=97 pg=255 erase_cnt=72 (vpc/ipc reset)
[EXP] [ERASE] ch=7 lun=1 pl=0 blk=97 pg=255 erase_cnt=72 (vpc/ipc reset)
[EXP] [ERASE] ch=7 lun=2 pl=0 blk=97 pg=255 erase_cnt=72 (vpc/ipc reset)
[EXP] [ERASE] ch=7 lun=3 pl=0 blk=97 pg=255 erase_cnt=72 (vpc/ipc reset)
[EXP] [ERASE] ch=7 lun=4 pl=0 blk=97 pg=255 erase_cnt=72 (vpc/ipc reset)
[EXP] [ERASE] ch=7 lun=5 pl=0 blk=97 pg=255 erase_cnt=72 (vpc/ipc reset)
[EXP] [ERASE] ch=7 lun=6 pl=0 blk=97 pg=255 erase_cnt=72 (vpc/ipc reset)
[EXP] [ERASE] ch=7 lun=7 pl=0 blk=97 pg=255 erase_cnt=72 (vpc/ipc reset)
[EXP] [ERASE] ch=0 lun=0 pl=0 blk=97 pg=255 erase_cnt=73 (vpc/ipc reset)
[EXP] [ERASE] ch=0 lun=1 pl=0 blk=97 pg=255 erase_cnt=73 (vpc/ipc reset)
[EXP] [ERASE] ch=0 lun=2 pl=0 blk=97 pg=255 erase_cnt=73 (vpc/ipc reset)
[EXP] [ERASE] ch=0 lun=3 pl=0 blk=97 pg=255 erase_cnt=73 (vpc/ipc reset)
[EXP] [ERASE] ch=0 lun=4 pl=0 blk=97 pg=255 erase_cnt=73 (vpc/ipc reset)
[EXP] [ERASE] ch=0 lun=5 pl=0 blk=97 pg=255 erase_cnt=73 (vpc/ipc reset)
[EXP] [ERASE] ch=0 lun=6 pl=0 blk=97 pg=255 erase_cnt=73 (vpc/ipc reset)
[EXP] [ERASE] ch=0 lun=7 pl=0 blk=97 pg=255 erase_cnt=73 (vpc/ipc reset)
[EXP] [ERASE] ch=1 lun=0 pl=0 blk=97 pg=255 erase_cnt=73 (vpc/ipc reset)
[EXP] [ERASE] ch=1 lun=1 pl=0 blk=97 pg=255 erase_cnt=73 (vpc/ipc reset)
[EXP] [ERASE] ch=1 lun=2 pl=0 blk=97 pg=255 erase_cnt=73 (vpc/ipc reset)
[EXP] [ERASE] ch=1 lun=3 pl=0 blk=97 pg=255 erase_cnt=73 (vpc/ipc reset)
[EXP] [ERASE] ch=1 lun=4 pl=0 blk=97 pg=255 erase_cnt=73 (vpc/ipc reset)
[EXP] [ERASE] ch=1 lun=5 pl=0 blk=97 pg=255 erase_cnt=73 (vpc/ipc reset)
[EXP] [ERASE] ch=1 lun=6 pl=0 blk=97 pg=255 erase_cnt=73 (vpc/ipc reset)
[EXP] [ERASE] ch=1 lun=7 pl=0 blk=97 pg=255 erase_cnt=73 (vpc/ipc reset)
[EXP] [ERASE] ch=2 lun=0 pl=0 blk=97 pg=255 erase_cnt=73 (vpc/ipc reset)
[EXP] [ERASE] ch=2 lun=1 pl=0 blk=97 pg=255 erase_cnt=73 (vpc/ipc reset)
[EXP] [ERASE] ch=2 lun=2 pl=0 blk=97 pg=255 erase_cnt=73 (vpc/ipc reset)
[EXP] [ERASE] ch=2 lun=3 pl=0 blk=97 pg=255 erase_cnt=73 (vpc/ipc reset)
[EXP] [ERASE] ch=2 lun=4 pl=0 blk=97 pg=255 erase_cnt=73 (vpc/ipc reset)
[EXP] [ERASE] ch=2 lun=5 pl=0 blk=97 pg=255 erase_cnt=73 (vpc/ipc reset)
[EXP] [ERASE] ch=2 lun=6 pl=0 blk=97 pg=255 erase_cnt=73 (vpc/ipc reset)
[EXP] [ERASE] ch=2 lun=7 pl=0 blk=97 pg=255 erase_cnt=73 (vpc/ipc reset)
[EXP] [ERASE] ch=3 lun=0 pl=0 blk=97 pg=255 erase_cnt=73 (vpc/ipc reset)
[EXP] [ERASE] ch=3 lun=1 pl=0 blk=97 pg=255 erase_cnt=73 (vpc/ipc reset)
[EXP] [ERASE] ch=3 lun=2 pl=0 blk=97 pg=255 erase_cnt=73 (vpc/ipc reset)
[EXP] [ERASE] ch=3 lun=3 pl=0 blk=97 pg=255 erase_cnt=73 (vpc/ipc reset)
[EXP] [ERASE] ch=3 lun=4 pl=0 blk=97 pg=255 erase_cnt=73 (vpc/ipc reset)
[EXP] [ERASE] ch=3 lun=5 pl=0 blk=97 pg=255 erase_cnt=73 (vpc/ipc reset)
[EXP] [ERASE] ch=3 lun=6 pl=0 blk=97 pg=255 erase_cnt=73 (vpc/ipc reset)
[EXP] [ERASE] ch=3 lun=7 pl=0 blk=97 pg=255 erase_cnt=73 (vpc/ipc reset)
[EXP] [ERASE] ch=4 lun=0 pl=0 blk=97 pg=255 erase_cnt=73 (vpc/ipc reset)
[EXP] [ERASE] ch=4 lun=1 pl=0 blk=97 pg=255 erase_cnt=73 (vpc/ipc reset)
[EXP] [ERASE] ch=4 lun=2 pl=0 blk=97 pg=255 erase_cnt=73 (vpc/ipc reset)
[EXP] [ERASE] ch=4 lun=3 pl=0 blk=97 pg=255 erase_cnt=73 (vpc/ipc reset)
[EXP] [ERASE] ch=4 lun=4 pl=0 blk=97 pg=255 erase_cnt=73 (vpc/ipc reset)
[EXP] [ERASE] ch=4 lun=5 pl=0 blk=97 pg=255 erase_cnt=73 (vpc/ipc reset)
[EXP] [ERASE] ch=4 lun=6 pl=0 blk=97 pg=255 erase_cnt=73 (vpc/ipc reset)
[EXP] [ERASE] ch=4 lun=7 pl=0 blk=97 pg=255 erase_cnt=73 (vpc/ipc reset)
[EXP] [ERASE] ch=5 lun=0 pl=0 blk=97 pg=255 erase_cnt=73 (vpc/ipc reset)
[EXP] [ERASE] ch=5 lun=1 pl=0 blk=97 pg=255 erase_cnt=73 (vpc/ipc reset)
[EXP] [ERASE] ch=5 lun=2 pl=0 blk=97 pg=255 erase_cnt=73 (vpc/ipc reset)
[EXP] [ERASE] ch=5 lun=3 pl=0 blk=97 pg=255 erase_cnt=73 (vpc/ipc reset)
[EXP] [ERASE] ch=5 lun=4 pl=0 blk=97 pg=255 erase_cnt=73 (vpc/ipc reset)
[EXP] [ERASE] ch=5 lun=5 pl=0 blk=97 pg=255 erase_cnt=73 (vpc/ipc reset)
[EXP] [ERASE] ch=5 lun=6 pl=0 blk=97 pg=255 erase_cnt=73 (vpc/ipc reset)
[EXP] [ERASE] ch=5 lun=7 pl=0 blk=97 pg=255 erase_cnt=73 (vpc/ipc reset)
[EXP] [ERASE] ch=6 lun=0 pl=0 blk=97 pg=255 erase_cnt=73 (vpc/ipc reset)
[EXP] [ERASE] ch=6 lun=1 pl=0 blk=97 pg=255 erase_cnt=73 (vpc/ipc reset)
[EXP] [ERASE] ch=6 lun=2 pl=0 blk=97 pg=255 erase_cnt=73 (vpc/ipc reset)
[EXP] [ERASE] ch=6 lun=3 pl=0 blk=97 pg=255 erase_cnt=73 (vpc/ipc reset)
[EXP] [ERASE] ch=6 lun=4 pl=0 blk=97 pg=255 erase_cnt=73 (vpc/ipc reset)
[EXP] [ERASE] ch=6 lun=5 pl=0 blk=97 pg=255 erase_cnt=73 (vpc/ipc reset)
[EXP] [ERASE] ch=6 lun=6 pl=0 blk=97 pg=255 erase_cnt=73 (vpc/ipc reset)
[EXP] [ERASE] ch=6 lun=7 pl=0 blk=97 pg=255 erase_cnt=73 (vpc/ipc reset)
[EXP] [ERASE] ch=7 lun=0 pl=0 blk=97 pg=255 erase_cnt=73 (vpc/ipc reset)
[EXP] [ERASE] ch=7 lun=1 pl=0 blk=97 pg=255 erase_cnt=73 (vpc/ipc reset)
[EXP] [ERASE] ch=7 lun=2 pl=0 blk=97 pg=255 erase_cnt=73 (vpc/ipc reset)
[EXP] [ERASE] ch=7 lun=3 pl=0 blk=97 pg=255 erase_cnt=73 (vpc/ipc reset)
[EXP] [ERASE] ch=7 lun=4 pl=0 blk=97 pg=255 erase_cnt=73 (vpc/ipc reset)
[EXP] [ERASE] ch=7 lun=5 pl=0 blk=97 pg=255 erase_cnt=73 (vpc/ipc reset)
[EXP] [ERASE] ch=7 lun=6 pl=0 blk=97 pg=255 erase_cnt=73 (vpc/ipc reset)
[EXP] [ERASE] ch=7 lun=7 pl=0 blk=97 pg=255 erase_cnt=73 (vpc/ipc reset)
[EXP] [ERASE] ch=0 lun=0 pl=0 blk=97 pg=255 erase_cnt=74 (vpc/ipc reset)
[EXP] [ERASE] ch=0 lun=1 pl=0 blk=97 pg=255 erase_cnt=74 (vpc/ipc reset)
[EXP] [ERASE] ch=0 lun=2 pl=0 blk=97 pg=255 erase_cnt=74 (vpc/ipc reset)
[EXP] [ERASE] ch=0 lun=3 pl=0 blk=97 pg=255 erase_cnt=74 (vpc/ipc reset)
[EXP] [ERASE] ch=0 lun=4 pl=0 blk=97 pg=255 erase_cnt=74 (vpc/ipc reset)
[EXP] [ERASE] ch=0 lun=5 pl=0 blk=97 pg=255 erase_cnt=74 (vpc/ipc reset)
[EXP] [ERASE] ch=0 lun=6 pl=0 blk=97 pg=255 erase_cnt=74 (vpc/ipc reset)
[EXP] [ERASE] ch=0 lun=7 pl=0 blk=97 pg=255 erase_cnt=74 (vpc/ipc reset)
[EXP] [ERASE] ch=1 lun=0 pl=0 blk=97 pg=255 erase_cnt=74 (vpc/ipc reset)
[EXP] [ERASE] ch=1 lun=1 pl=0 blk=97 pg=255 erase_cnt=74 (vpc/ipc reset)
[EXP] [ERASE] ch=1 lun=2 pl=0 blk=97 pg=255 erase_cnt=74 (vpc/ipc reset)
[EXP] [ERASE] ch=1 lun=3 pl=0 blk=97 pg=255 erase_cnt=74 (vpc/ipc reset)
[EXP] [ERASE] ch=1 lun=4 pl=0 blk=97 pg=255 erase_cnt=74 (vpc/ipc reset)
[EXP] [ERASE] ch=1 lun=5 pl=0 blk=97 pg=255 erase_cnt=74 (vpc/ipc reset)
[EXP] [ERASE] ch=1 lun=6 pl=0 blk=97 pg=255 erase_cnt=74 (vpc/ipc reset)
[EXP] [ERASE] ch=1 lun=7 pl=0 blk=97 pg=255 erase_cnt=74 (vpc/ipc reset)
[EXP] [ERASE] ch=2 lun=0 pl=0 blk=97 pg=255 erase_cnt=74 (vpc/ipc reset)
[EXP] [ERASE] ch=2 lun=1 pl=0 blk=97 pg=255 erase_cnt=74 (vpc/ipc reset)
[EXP] [ERASE] ch=2 lun=2 pl=0 blk=97 pg=255 erase_cnt=74 (vpc/ipc reset)
[EXP] [ERASE] ch=2 lun=3 pl=0 blk=97 pg=255 erase_cnt=74 (vpc/ipc reset)
[EXP] [ERASE] ch=2 lun=4 pl=0 blk=97 pg=255 erase_cnt=74 (vpc/ipc reset)
[EXP] [ERASE] ch=2 lun=5 pl=0 blk=97 pg=255 erase_cnt=74 (vpc/ipc reset)
[EXP] [ERASE] ch=2 lun=6 pl=0 blk=97 pg=255 erase_cnt=74 (vpc/ipc reset)
[EXP] [ERASE] ch=2 lun=7 pl=0 blk=97 pg=255 erase_cnt=74 (vpc/ipc reset)
[EXP] [ERASE] ch=3 lun=0 pl=0 blk=97 pg=255 erase_cnt=74 (vpc/ipc reset)
[EXP] [ERASE] ch=3 lun=1 pl=0 blk=97 pg=255 erase_cnt=74 (vpc/ipc reset)
[EXP] [ERASE] ch=3 lun=2 pl=0 blk=97 pg=255 erase_cnt=74 (vpc/ipc reset)
[EXP] [ERASE] ch=3 lun=3 pl=0 blk=97 pg=255 erase_cnt=74 (vpc/ipc reset)
[EXP] [ERASE] ch=3 lun=4 pl=0 blk=97 pg=255 erase_cnt=74 (vpc/ipc reset)
[EXP] [ERASE] ch=3 lun=5 pl=0 blk=97 pg=255 erase_cnt=74 (vpc/ipc reset)
[EXP] [ERASE] ch=3 lun=6 pl=0 blk=97 pg=255 erase_cnt=74 (vpc/ipc reset)
[EXP] [ERASE] ch=3 lun=7 pl=0 blk=97 pg=255 erase_cnt=74 (vpc/ipc reset)
[EXP] [ERASE] ch=4 lun=0 pl=0 blk=97 pg=255 erase_cnt=74 (vpc/ipc reset)
[EXP] [ERASE] ch=4 lun=1 pl=0 blk=97 pg=255 erase_cnt=74 (vpc/ipc reset)
[EXP] [ERASE] ch=4 lun=2 pl=0 blk=97 pg=255 erase_cnt=74 (vpc/ipc reset)
[EXP] [ERASE] ch=4 lun=3 pl=0 blk=97 pg=255 erase_cnt=74 (vpc/ipc reset)
[EXP] [ERASE] ch=4 lun=4 pl=0 blk=97 pg=255 erase_cnt=74 (vpc/ipc reset)
[EXP] [ERASE] ch=4 lun=5 pl=0 blk=97 pg=255 erase_cnt=74 (vpc/ipc reset)
[EXP] [ERASE] ch=4 lun=6 pl=0 blk=97 pg=255 erase_cnt=74 (vpc/ipc reset)
[EXP] [ERASE] ch=4 lun=7 pl=0 blk=97 pg=255 erase_cnt=74 (vpc/ipc reset)
[EXP] [ERASE] ch=5 lun=0 pl=0 blk=97 pg=255 erase_cnt=74 (vpc/ipc reset)
[EXP] [ERASE] ch=5 lun=1 pl=0 blk=97 pg=255 erase_cnt=74 (vpc/ipc reset)
[EXP] [ERASE] ch=5 lun=2 pl=0 blk=97 pg=255 erase_cnt=74 (vpc/ipc reset)
[EXP] [ERASE] ch=5 lun=3 pl=0 blk=97 pg=255 erase_cnt=74 (vpc/ipc reset)
[EXP] [ERASE] ch=5 lun=4 pl=0 blk=97 pg=255 erase_cnt=74 (vpc/ipc reset)
[EXP] [ERASE] ch=5 lun=5 pl=0 blk=97 pg=255 erase_cnt=74 (vpc/ipc reset)
[EXP] [ERASE] ch=5 lun=6 pl=0 blk=97 pg=255 erase_cnt=74 (vpc/ipc reset)
[EXP] [ERASE] ch=5 lun=7 pl=0 blk=97 pg=255 erase_cnt=74 (vpc/ipc reset)
[EXP] [ERASE] ch=6 lun=0 pl=0 blk=97 pg=255 erase_cnt=74 (vpc/ipc reset)
[EXP] [ERASE] ch=6 lun=1 pl=0 blk=97 pg=255 erase_cnt=74 (vpc/ipc reset)
[EXP] [ERASE] ch=6 lun=2 pl=0 blk=97 pg=255 erase_cnt=74 (vpc/ipc reset)
[EXP] [ERASE] ch=6 lun=3 pl=0 blk=97 pg=255 erase_cnt=74 (vpc/ipc reset)
[EXP] [ERASE] ch=6 lun=4 pl=0 blk=97 pg=255 erase_cnt=74 (vpc/ipc reset)
[EXP] [ERASE] ch=6 lun=5 pl=0 blk=97 pg=255 erase_cnt=74 (vpc/ipc reset)
[EXP] [ERASE] ch=6 lun=6 pl=0 blk=97 pg=255 erase_cnt=74 (vpc/ipc reset)
[EXP] [ERASE] ch=6 lun=7 pl=0 blk=97 pg=255 erase_cnt=74 (vpc/ipc reset)
[EXP] [ERASE] ch=7 lun=0 pl=0 blk=97 pg=255 erase_cnt=74 (vpc/ipc reset)
[EXP] [ERASE] ch=7 lun=1 pl=0 blk=97 pg=255 erase_cnt=74 (vpc/ipc reset)
[EXP] [ERASE] ch=7 lun=2 pl=0 blk=97 pg=255 erase_cnt=74 (vpc/ipc reset)
[EXP] [ERASE] ch=7 lun=3 pl=0 blk=97 pg=255 erase_cnt=74 (vpc/ipc reset)
[EXP] [ERASE] ch=7 lun=4 pl=0 blk=97 pg=255 erase_cnt=74 (vpc/ipc reset)
[EXP] [ERASE] ch=7 lun=5 pl=0 blk=97 pg=255 erase_cnt=74 (vpc/ipc reset)
[EXP] [ERASE] ch=7 lun=6 pl=0 blk=97 pg=255 erase_cnt=74 (vpc/ipc reset)
[EXP] [ERASE] ch=7 lun=7 pl=0 blk=97 pg=255 erase_cnt=74 (vpc/ipc reset)
[EXP] [ERASE] ch=0 lun=0 pl=0 blk=126 pg=255 erase_cnt=1 (vpc/ipc reset)
[EXP] [ERASE] ch=0 lun=1 pl=0 blk=126 pg=255 erase_cnt=1 (vpc/ipc reset)
[EXP] [ERASE] ch=0 lun=2 pl=0 blk=126 pg=255 erase_cnt=1 (vpc/ipc reset)
[EXP] [ERASE] ch=0 lun=3 pl=0 blk=126 pg=255 erase_cnt=1 (vpc/ipc reset)
[EXP] [ERASE] ch=0 lun=4 pl=0 blk=126 pg=255 erase_cnt=1 (vpc/ipc reset)
[EXP] [ERASE] ch=0 lun=5 pl=0 blk=126 pg=255 erase_cnt=1 (vpc/ipc reset)
[EXP] [ERASE] ch=0 lun=6 pl=0 blk=126 pg=255 erase_cnt=1 (vpc/ipc reset)
[EXP] [ERASE] ch=0 lun=7 pl=0 blk=126 pg=255 erase_cnt=1 (vpc/ipc reset)
[EXP] [ERASE] ch=1 lun=0 pl=0 blk=126 pg=255 erase_cnt=1 (vpc/ipc reset)
[EXP] [ERASE] ch=1 lun=1 pl=0 blk=126 pg=255 erase_cnt=1 (vpc/ipc reset)
[EXP] [ERASE] ch=1 lun=2 pl=0 blk=126 pg=255 erase_cnt=1 (vpc/ipc reset)
[EXP] [ERASE] ch=1 lun=3 pl=0 blk=126 pg=255 erase_cnt=1 (vpc/ipc reset)
[EXP] [ERASE] ch=1 lun=4 pl=0 blk=126 pg=255 erase_cnt=1 (vpc/ipc reset)
[EXP] [ERASE] ch=1 lun=5 pl=0 blk=126 pg=255 erase_cnt=1 (vpc/ipc reset)
[EXP] [ERASE] ch=1 lun=6 pl=0 blk=126 pg=255 erase_cnt=1 (vpc/ipc reset)
[EXP] [ERASE] ch=1 lun=7 pl=0 blk=126 pg=255 erase_cnt=1 (vpc/ipc reset)
[EXP] [ERASE] ch=2 lun=0 pl=0 blk=126 pg=255 erase_cnt=1 (vpc/ipc reset)
[EXP] [ERASE] ch=2 lun=1 pl=0 blk=126 pg=255 erase_cnt=1 (vpc/ipc reset)
[EXP] [ERASE] ch=2 lun=2 pl=0 blk=126 pg=255 erase_cnt=1 (vpc/ipc reset)
[EXP] [ERASE] ch=2 lun=3 pl=0 blk=126 pg=255 erase_cnt=1 (vpc/ipc reset)
[EXP] [ERASE] ch=2 lun=4 pl=0 blk=126 pg=255 erase_cnt=1 (vpc/ipc reset)
[EXP] [ERASE] ch=2 lun=5 pl=0 blk=126 pg=255 erase_cnt=1 (vpc/ipc reset)
[EXP] [ERASE] ch=2 lun=6 pl=0 blk=126 pg=255 erase_cnt=1 (vpc/ipc reset)
[EXP] [ERASE] ch=2 lun=7 pl=0 blk=126 pg=255 erase_cnt=1 (vpc/ipc reset)
[EXP] [ERASE] ch=3 lun=0 pl=0 blk=126 pg=255 erase_cnt=1 (vpc/ipc reset)
[EXP] [ERASE] ch=3 lun=1 pl=0 blk=126 pg=255 erase_cnt=1 (vpc/ipc reset)
[EXP] [ERASE] ch=3 lun=2 pl=0 blk=126 pg=255 erase_cnt=1 (vpc/ipc reset)
[EXP] [ERASE] ch=3 lun=3 pl=0 blk=126 pg=255 erase_cnt=1 (vpc/ipc reset)
[EXP] [ERASE] ch=3 lun=4 pl=0 blk=126 pg=255 erase_cnt=1 (vpc/ipc reset)
[EXP] [ERASE] ch=3 lun=5 pl=0 blk=126 pg=255 erase_cnt=1 (vpc/ipc reset)
[EXP] [ERASE] ch=3 lun=6 pl=0 blk=126 pg=255 erase_cnt=1 (vpc/ipc reset)
[EXP] [ERASE] ch=3 lun=7 pl=0 blk=126 pg=255 erase_cnt=1 (vpc/ipc reset)
[EXP] [ERASE] ch=4 lun=0 pl=0 blk=126 pg=255 erase_cnt=1 (vpc/ipc reset)
[EXP] [ERASE] ch=4 lun=1 pl=0 blk=126 pg=255 erase_cnt=1 (vpc/ipc reset)
[EXP] [ERASE] ch=4 lun=2 pl=0 blk=126 pg=255 erase_cnt=1 (vpc/ipc reset)
[EXP] [ERASE] ch=4 lun=3 pl=0 blk=126 pg=255 erase_cnt=1 (vpc/ipc reset)
[EXP] [ERASE] ch=4 lun=4 pl=0 blk=126 pg=255 erase_cnt=1 (vpc/ipc reset)
[EXP] [ERASE] ch=4 lun=5 pl=0 blk=126 pg=255 erase_cnt=1 (vpc/ipc reset)
[EXP] [ERASE] ch=4 lun=6 pl=0 blk=126 pg=255 erase_cnt=1 (vpc/ipc reset)
[EXP] [ERASE] ch=4 lun=7 pl=0 blk=126 pg=255 erase_cnt=1 (vpc/ipc reset)
[EXP] [ERASE] ch=5 lun=0 pl=0 blk=126 pg=255 erase_cnt=1 (vpc/ipc reset)
[EXP] [ERASE] ch=5 lun=1 pl=0 blk=126 pg=255 erase_cnt=1 (vpc/ipc reset)
[EXP] [ERASE] ch=5 lun=2 pl=0 blk=126 pg=255 erase_cnt=1 (vpc/ipc reset)
[EXP] [ERASE] ch=5 lun=3 pl=0 blk=126 pg=255 erase_cnt=1 (vpc/ipc reset)
[EXP] [ERASE] ch=5 lun=4 pl=0 blk=126 pg=255 erase_cnt=1 (vpc/ipc reset)
[EXP] [ERASE] ch=5 lun=5 pl=0 blk=126 pg=255 erase_cnt=1 (vpc/ipc reset)
[EXP] [ERASE] ch=5 lun=6 pl=0 blk=126 pg=255 erase_cnt=1 (vpc/ipc reset)
[EXP] [ERASE] ch=5 lun=7 pl=0 blk=126 pg=255 erase_cnt=1 (vpc/ipc reset)
[EXP] [ERASE] ch=6 lun=0 pl=0 blk=126 pg=255 erase_cnt=1 (vpc/ipc reset)
[EXP] [ERASE] ch=6 lun=1 pl=0 blk=126 pg=255 erase_cnt=1 (vpc/ipc reset)
[EXP] [ERASE] ch=6 lun=2 pl=0 blk=126 pg=255 erase_cnt=1 (vpc/ipc reset)
[EXP] [ERASE] ch=6 lun=3 pl=0 blk=126 pg=255 erase_cnt=1 (vpc/ipc reset)
[EXP] [ERASE] ch=6 lun=4 pl=0 blk=126 pg=255 erase_cnt=1 (vpc/ipc reset)
[EXP] [ERASE] ch=6 lun=5 pl=0 blk=126 pg=255 erase_cnt=1 (vpc/ipc reset)
[EXP] [ERASE] ch=6 lun=6 pl=0 blk=126 pg=255 erase_cnt=1 (vpc/ipc reset)
[EXP] [ERASE] ch=6 lun=7 pl=0 blk=126 pg=255 erase_cnt=1 (vpc/ipc reset)
[EXP] [ERASE] ch=7 lun=0 pl=0 blk=126 pg=255 erase_cnt=1 (vpc/ipc reset)
[EXP] [ERASE] ch=7 lun=1 pl=0 blk=126 pg=255 erase_cnt=1 (vpc/ipc reset)
[EXP] [ERASE] ch=7 lun=2 pl=0 blk=126 pg=255 erase_cnt=1 (vpc/ipc reset)
[EXP] [ERASE] ch=7 lun=3 pl=0 blk=126 pg=255 erase_cnt=1 (vpc/ipc reset)
[EXP] [ERASE] ch=7 lun=4 pl=0 blk=126 pg=255 erase_cnt=1 (vpc/ipc reset)
[EXP] [GC_MOVE] lpn=0 ch=7 lun=5 pl=0 blk=126 pg=0 -> ch=6 lun=5 pl=0 blk=127 pg=8
[EXP] [ERASE] ch=7 lun=5 pl=0 blk=126 pg=255 erase_cnt=1 (vpc/ipc reset)
[EXP] [ERASE] ch=7 lun=6 pl=0 blk=126 pg=255 erase_cnt=1 (vpc/ipc reset)
[EXP] [ERASE] ch=7 lun=7 pl=0 blk=126 pg=255 erase_cnt=1 (vpc/ipc reset)
[EXP] [ERASE] ch=0 lun=0 pl=0 blk=97 pg=255 erase_cnt=75 (vpc/ipc reset)
[EXP] [ERASE] ch=0 lun=1 pl=0 blk=97 pg=255 erase_cnt=75 (vpc/ipc reset)
[EXP] [ERASE] ch=0 lun=2 pl=0 blk=97 pg=255 erase_cnt=75 (vpc/ipc reset)
[EXP] [ERASE] ch=0 lun=3 pl=0 blk=97 pg=255 erase_cnt=75 (vpc/ipc reset)
[EXP] [ERASE] ch=0 lun=4 pl=0 blk=97 pg=255 erase_cnt=75 (vpc/ipc reset)
[EXP] [ERASE] ch=0 lun=5 pl=0 blk=97 pg=255 erase_cnt=75 (vpc/ipc reset)
[EXP] [ERASE] ch=0 lun=6 pl=0 blk=97 pg=255 erase_cnt=75 (vpc/ipc reset)
[EXP] [ERASE] ch=0 lun=7 pl=0 blk=97 pg=255 erase_cnt=75 (vpc/ipc reset)
[EXP] [ERASE] ch=1 lun=0 pl=0 blk=97 pg=255 erase_cnt=75 (vpc/ipc reset)
[EXP] [ERASE] ch=1 lun=1 pl=0 blk=97 pg=255 erase_cnt=75 (vpc/ipc reset)
[EXP] [ERASE] ch=1 lun=2 pl=0 blk=97 pg=255 erase_cnt=75 (vpc/ipc reset)
[EXP] [ERASE] ch=1 lun=3 pl=0 blk=97 pg=255 erase_cnt=75 (vpc/ipc reset)
[EXP] [ERASE] ch=1 lun=4 pl=0 blk=97 pg=255 erase_cnt=75 (vpc/ipc reset)
[EXP] [ERASE] ch=1 lun=5 pl=0 blk=97 pg=255 erase_cnt=75 (vpc/ipc reset)
[EXP] [ERASE] ch=1 lun=6 pl=0 blk=97 pg=255 erase_cnt=75 (vpc/ipc reset)
[EXP] [ERASE] ch=1 lun=7 pl=0 blk=97 pg=255 erase_cnt=75 (vpc/ipc reset)
[EXP] [ERASE] ch=2 lun=0 pl=0 blk=97 pg=255 erase_cnt=75 (vpc/ipc reset)
[EXP] [ERASE] ch=2 lun=1 pl=0 blk=97 pg=255 erase_cnt=75 (vpc/ipc reset)
[EXP] [ERASE] ch=2 lun=2 pl=0 blk=97 pg=255 erase_cnt=75 (vpc/ipc reset)
[EXP] [ERASE] ch=2 lun=3 pl=0 blk=97 pg=255 erase_cnt=75 (vpc/ipc reset)
[EXP] [ERASE] ch=2 lun=4 pl=0 blk=97 pg=255 erase_cnt=75 (vpc/ipc reset)
[EXP] [ERASE] ch=2 lun=5 pl=0 blk=97 pg=255 erase_cnt=75 (vpc/ipc reset)
[EXP] [ERASE] ch=2 lun=6 pl=0 blk=97 pg=255 erase_cnt=75 (vpc/ipc reset)
[EXP] [ERASE] ch=2 lun=7 pl=0 blk=97 pg=255 erase_cnt=75 (vpc/ipc reset)
[EXP] [ERASE] ch=3 lun=0 pl=0 blk=97 pg=255 erase_cnt=75 (vpc/ipc reset)
[EXP] [ERASE] ch=3 lun=1 pl=0 blk=97 pg=255 erase_cnt=75 (vpc/ipc reset)
[EXP] [ERASE] ch=3 lun=2 pl=0 blk=97 pg=255 erase_cnt=75 (vpc/ipc reset)
[EXP] [ERASE] ch=3 lun=3 pl=0 blk=97 pg=255 erase_cnt=75 (vpc/ipc reset)
[EXP] [ERASE] ch=3 lun=4 pl=0 blk=97 pg=255 erase_cnt=75 (vpc/ipc reset)
[EXP] [ERASE] ch=3 lun=5 pl=0 blk=97 pg=255 erase_cnt=75 (vpc/ipc reset)
[EXP] [ERASE] ch=3 lun=6 pl=0 blk=97 pg=255 erase_cnt=75 (vpc/ipc reset)
[EXP] [ERASE] ch=3 lun=7 pl=0 blk=97 pg=255 erase_cnt=75 (vpc/ipc reset)
[EXP] [ERASE] ch=4 lun=0 pl=0 blk=97 pg=255 erase_cnt=75 (vpc/ipc reset)
[EXP] [ERASE] ch=4 lun=1 pl=0 blk=97 pg=255 erase_cnt=75 (vpc/ipc reset)
[EXP] [ERASE] ch=4 lun=2 pl=0 blk=97 pg=255 erase_cnt=75 (vpc/ipc reset)
[EXP] [ERASE] ch=4 lun=3 pl=0 blk=97 pg=255 erase_cnt=75 (vpc/ipc reset)
[EXP] [ERASE] ch=4 lun=4 pl=0 blk=97 pg=255 erase_cnt=75 (vpc/ipc reset)
[EXP] [ERASE] ch=4 lun=5 pl=0 blk=97 pg=255 erase_cnt=75 (vpc/ipc reset)
[EXP] [ERASE] ch=4 lun=6 pl=0 blk=97 pg=255 erase_cnt=75 (vpc/ipc reset)
[EXP] [ERASE] ch=4 lun=7 pl=0 blk=97 pg=255 erase_cnt=75 (vpc/ipc reset)
[EXP] [ERASE] ch=5 lun=0 pl=0 blk=97 pg=255 erase_cnt=75 (vpc/ipc reset)
[EXP] [ERASE] ch=5 lun=1 pl=0 blk=97 pg=255 erase_cnt=75 (vpc/ipc reset)
[EXP] [ERASE] ch=5 lun=2 pl=0 blk=97 pg=255 erase_cnt=75 (vpc/ipc reset)
[EXP] [ERASE] ch=5 lun=3 pl=0 blk=97 pg=255 erase_cnt=75 (vpc/ipc reset)
[EXP] [ERASE] ch=5 lun=4 pl=0 blk=97 pg=255 erase_cnt=75 (vpc/ipc reset)
[EXP] [ERASE] ch=5 lun=5 pl=0 blk=97 pg=255 erase_cnt=75 (vpc/ipc reset)
[EXP] [ERASE] ch=5 lun=6 pl=0 blk=97 pg=255 erase_cnt=75 (vpc/ipc reset)
[EXP] [ERASE] ch=5 lun=7 pl=0 blk=97 pg=255 erase_cnt=75 (vpc/ipc reset)
[EXP] [ERASE] ch=6 lun=0 pl=0 blk=97 pg=255 erase_cnt=75 (vpc/ipc reset)
[EXP] [ERASE] ch=6 lun=1 pl=0 blk=97 pg=255 erase_cnt=75 (vpc/ipc reset)
[EXP] [ERASE] ch=6 lun=2 pl=0 blk=97 pg=255 erase_cnt=75 (vpc/ipc reset)
[EXP] [ERASE] ch=6 lun=3 pl=0 blk=97 pg=255 erase_cnt=75 (vpc/ipc reset)
[EXP] [ERASE] ch=6 lun=4 pl=0 blk=97 pg=255 erase_cnt=75 (vpc/ipc reset)
[EXP] [ERASE] ch=6 lun=5 pl=0 blk=97 pg=255 erase_cnt=75 (vpc/ipc reset)
[EXP] [ERASE] ch=6 lun=6 pl=0 blk=97 pg=255 erase_cnt=75 (vpc/ipc reset)
[EXP] [ERASE] ch=6 lun=7 pl=0 blk=97 pg=255 erase_cnt=75 (vpc/ipc reset)
[EXP] [ERASE] ch=7 lun=0 pl=0 blk=97 pg=255 erase_cnt=75 (vpc/ipc reset)
[EXP] [ERASE] ch=7 lun=1 pl=0 blk=97 pg=255 erase_cnt=75 (vpc/ipc reset)
[EXP] [ERASE] ch=7 lun=2 pl=0 blk=97 pg=255 erase_cnt=75 (vpc/ipc reset)
[EXP] [ERASE] ch=7 lun=3 pl=0 blk=97 pg=255 erase_cnt=75 (vpc/ipc reset)
[EXP] [ERASE] ch=7 lun=4 pl=0 blk=97 pg=255 erase_cnt=75 (vpc/ipc reset)
[EXP] [ERASE] ch=7 lun=5 pl=0 blk=97 pg=255 erase_cnt=75 (vpc/ipc reset)
[EXP] [ERASE] ch=7 lun=6 pl=0 blk=97 pg=255 erase_cnt=75 (vpc/ipc reset)
[EXP] [ERASE] ch=7 lun=7 pl=0 blk=97 pg=255 erase_cnt=75 (vpc/ipc reset)
[EXP] [ERASE] ch=0 lun=0 pl=0 blk=97 pg=255 erase_cnt=76 (vpc/ipc reset)
[EXP] [ERASE] ch=0 lun=1 pl=0 blk=97 pg=255 erase_cnt=76 (vpc/ipc reset)
[EXP] [ERASE] ch=0 lun=2 pl=0 blk=97 pg=255 erase_cnt=76 (vpc/ipc reset)
[EXP] [ERASE] ch=0 lun=3 pl=0 blk=97 pg=255 erase_cnt=76 (vpc/ipc reset)
[EXP] [ERASE] ch=0 lun=4 pl=0 blk=97 pg=255 erase_cnt=76 (vpc/ipc reset)
[EXP] [ERASE] ch=0 lun=5 pl=0 blk=97 pg=255 erase_cnt=76 (vpc/ipc reset)
[EXP] [ERASE] ch=0 lun=6 pl=0 blk=97 pg=255 erase_cnt=76 (vpc/ipc reset)
[EXP] [ERASE] ch=0 lun=7 pl=0 blk=97 pg=255 erase_cnt=76 (vpc/ipc reset)
[EXP] [ERASE] ch=1 lun=0 pl=0 blk=97 pg=255 erase_cnt=76 (vpc/ipc reset)
[EXP] [ERASE] ch=1 lun=1 pl=0 blk=97 pg=255 erase_cnt=76 (vpc/ipc reset)
[EXP] [ERASE] ch=1 lun=2 pl=0 blk=97 pg=255 erase_cnt=76 (vpc/ipc reset)
[EXP] [ERASE] ch=1 lun=3 pl=0 blk=97 pg=255 erase_cnt=76 (vpc/ipc reset)
[EXP] [ERASE] ch=1 lun=4 pl=0 blk=97 pg=255 erase_cnt=76 (vpc/ipc reset)
[EXP] [ERASE] ch=1 lun=5 pl=0 blk=97 pg=255 erase_cnt=76 (vpc/ipc reset)
[EXP] [ERASE] ch=1 lun=6 pl=0 blk=97 pg=255 erase_cnt=76 (vpc/ipc reset)
[EXP] [ERASE] ch=1 lun=7 pl=0 blk=97 pg=255 erase_cnt=76 (vpc/ipc reset)
[EXP] [ERASE] ch=2 lun=0 pl=0 blk=97 pg=255 erase_cnt=76 (vpc/ipc reset)
[EXP] [ERASE] ch=2 lun=1 pl=0 blk=97 pg=255 erase_cnt=76 (vpc/ipc reset)
[EXP] [ERASE] ch=2 lun=2 pl=0 blk=97 pg=255 erase_cnt=76 (vpc/ipc reset)
[EXP] [ERASE] ch=2 lun=3 pl=0 blk=97 pg=255 erase_cnt=76 (vpc/ipc reset)
[EXP] [ERASE] ch=2 lun=4 pl=0 blk=97 pg=255 erase_cnt=76 (vpc/ipc reset)
[EXP] [ERASE] ch=2 lun=5 pl=0 blk=97 pg=255 erase_cnt=76 (vpc/ipc reset)
[EXP] [ERASE] ch=2 lun=6 pl=0 blk=97 pg=255 erase_cnt=76 (vpc/ipc reset)
[EXP] [ERASE] ch=2 lun=7 pl=0 blk=97 pg=255 erase_cnt=76 (vpc/ipc reset)
[EXP] [ERASE] ch=3 lun=0 pl=0 blk=97 pg=255 erase_cnt=76 (vpc/ipc reset)
[EXP] [ERASE] ch=3 lun=1 pl=0 blk=97 pg=255 erase_cnt=76 (vpc/ipc reset)
[EXP] [ERASE] ch=3 lun=2 pl=0 blk=97 pg=255 erase_cnt=76 (vpc/ipc reset)
[EXP] [ERASE] ch=3 lun=3 pl=0 blk=97 pg=255 erase_cnt=76 (vpc/ipc reset)
[EXP] [ERASE] ch=3 lun=4 pl=0 blk=97 pg=255 erase_cnt=76 (vpc/ipc reset)
[EXP] [ERASE] ch=3 lun=5 pl=0 blk=97 pg=255 erase_cnt=76 (vpc/ipc reset)
[EXP] [ERASE] ch=3 lun=6 pl=0 blk=97 pg=255 erase_cnt=76 (vpc/ipc reset)
[EXP] [ERASE] ch=3 lun=7 pl=0 blk=97 pg=255 erase_cnt=76 (vpc/ipc reset)
[EXP] [ERASE] ch=4 lun=0 pl=0 blk=97 pg=255 erase_cnt=76 (vpc/ipc reset)
[EXP] [ERASE] ch=4 lun=1 pl=0 blk=97 pg=255 erase_cnt=76 (vpc/ipc reset)
[EXP] [ERASE] ch=4 lun=2 pl=0 blk=97 pg=255 erase_cnt=76 (vpc/ipc reset)
[EXP] [ERASE] ch=4 lun=3 pl=0 blk=97 pg=255 erase_cnt=76 (vpc/ipc reset)
[EXP] [ERASE] ch=4 lun=4 pl=0 blk=97 pg=255 erase_cnt=76 (vpc/ipc reset)
[EXP] [ERASE] ch=4 lun=5 pl=0 blk=97 pg=255 erase_cnt=76 (vpc/ipc reset)
[EXP] [ERASE] ch=4 lun=6 pl=0 blk=97 pg=255 erase_cnt=76 (vpc/ipc reset)
[EXP] [ERASE] ch=4 lun=7 pl=0 blk=97 pg=255 erase_cnt=76 (vpc/ipc reset)
[EXP] [ERASE] ch=5 lun=0 pl=0 blk=97 pg=255 erase_cnt=76 (vpc/ipc reset)
[EXP] [ERASE] ch=5 lun=1 pl=0 blk=97 pg=255 erase_cnt=76 (vpc/ipc reset)
[EXP] [ERASE] ch=5 lun=2 pl=0 blk=97 pg=255 erase_cnt=76 (vpc/ipc reset)
[EXP] [ERASE] ch=5 lun=3 pl=0 blk=97 pg=255 erase_cnt=76 (vpc/ipc reset)
[EXP] [ERASE] ch=5 lun=4 pl=0 blk=97 pg=255 erase_cnt=76 (vpc/ipc reset)
[EXP] [ERASE] ch=5 lun=5 pl=0 blk=97 pg=255 erase_cnt=76 (vpc/ipc reset)
[EXP] [ERASE] ch=5 lun=6 pl=0 blk=97 pg=255 erase_cnt=76 (vpc/ipc reset)
[EXP] [ERASE] ch=5 lun=7 pl=0 blk=97 pg=255 erase_cnt=76 (vpc/ipc reset)
[EXP] [ERASE] ch=6 lun=0 pl=0 blk=97 pg=255 erase_cnt=76 (vpc/ipc reset)
[EXP] [ERASE] ch=6 lun=1 pl=0 blk=97 pg=255 erase_cnt=76 (vpc/ipc reset)
[EXP] [ERASE] ch=6 lun=2 pl=0 blk=97 pg=255 erase_cnt=76 (vpc/ipc reset)
[EXP] [ERASE] ch=6 lun=3 pl=0 blk=97 pg=255 erase_cnt=76 (vpc/ipc reset)
[EXP] [ERASE] ch=6 lun=4 pl=0 blk=97 pg=255 erase_cnt=76 (vpc/ipc reset)
[EXP] [ERASE] ch=6 lun=5 pl=0 blk=97 pg=255 erase_cnt=76 (vpc/ipc reset)
[EXP] [ERASE] ch=6 lun=6 pl=0 blk=97 pg=255 erase_cnt=76 (vpc/ipc reset)
[EXP] [ERASE] ch=6 lun=7 pl=0 blk=97 pg=255 erase_cnt=76 (vpc/ipc reset)
[EXP] [ERASE] ch=7 lun=0 pl=0 blk=97 pg=255 erase_cnt=76 (vpc/ipc reset)
[EXP] [ERASE] ch=7 lun=1 pl=0 blk=97 pg=255 erase_cnt=76 (vpc/ipc reset)
[EXP] [ERASE] ch=7 lun=2 pl=0 blk=97 pg=255 erase_cnt=76 (vpc/ipc reset)
[EXP] [ERASE] ch=7 lun=3 pl=0 blk=97 pg=255 erase_cnt=76 (vpc/ipc reset)
[EXP] [ERASE] ch=7 lun=4 pl=0 blk=97 pg=255 erase_cnt=76 (vpc/ipc reset)
[EXP] [ERASE] ch=7 lun=5 pl=0 blk=97 pg=255 erase_cnt=76 (vpc/ipc reset)
[EXP] [ERASE] ch=7 lun=6 pl=0 blk=97 pg=255 erase_cnt=76 (vpc/ipc reset)
[EXP] [ERASE] ch=7 lun=7 pl=0 blk=97 pg=255 erase_cnt=76 (vpc/ipc reset)
[EXP] [ERASE] ch=0 lun=0 pl=0 blk=127 pg=255 erase_cnt=1 (vpc/ipc reset)
[EXP] [ERASE] ch=0 lun=1 pl=0 blk=127 pg=255 erase_cnt=1 (vpc/ipc reset)
[EXP] [ERASE] ch=0 lun=2 pl=0 blk=127 pg=255 erase_cnt=1 (vpc/ipc reset)
[EXP] [ERASE] ch=0 lun=3 pl=0 blk=127 pg=255 erase_cnt=1 (vpc/ipc reset)
[EXP] [ERASE] ch=0 lun=4 pl=0 blk=127 pg=255 erase_cnt=1 (vpc/ipc reset)
[EXP] [ERASE] ch=0 lun=5 pl=0 blk=127 pg=255 erase_cnt=1 (vpc/ipc reset)
[EXP] [ERASE] ch=0 lun=6 pl=0 blk=127 pg=255 erase_cnt=1 (vpc/ipc reset)
[EXP] [ERASE] ch=0 lun=7 pl=0 blk=127 pg=255 erase_cnt=1 (vpc/ipc reset)
[EXP] [ERASE] ch=1 lun=0 pl=0 blk=127 pg=255 erase_cnt=1 (vpc/ipc reset)
[EXP] [ERASE] ch=1 lun=1 pl=0 blk=127 pg=255 erase_cnt=1 (vpc/ipc reset)
[EXP] [ERASE] ch=1 lun=2 pl=0 blk=127 pg=255 erase_cnt=1 (vpc/ipc reset)
[EXP] [ERASE] ch=1 lun=3 pl=0 blk=127 pg=255 erase_cnt=1 (vpc/ipc reset)
[EXP] [ERASE] ch=1 lun=4 pl=0 blk=127 pg=255 erase_cnt=1 (vpc/ipc reset)
[EXP] [ERASE] ch=1 lun=5 pl=0 blk=127 pg=255 erase_cnt=1 (vpc/ipc reset)
[EXP] [ERASE] ch=1 lun=6 pl=0 blk=127 pg=255 erase_cnt=1 (vpc/ipc reset)
[EXP] [ERASE] ch=1 lun=7 pl=0 blk=127 pg=255 erase_cnt=1 (vpc/ipc reset)
[EXP] [ERASE] ch=2 lun=0 pl=0 blk=127 pg=255 erase_cnt=1 (vpc/ipc reset)
[EXP] [ERASE] ch=2 lun=1 pl=0 blk=127 pg=255 erase_cnt=1 (vpc/ipc reset)
[EXP] [ERASE] ch=2 lun=2 pl=0 blk=127 pg=255 erase_cnt=1 (vpc/ipc reset)
[EXP] [ERASE] ch=2 lun=3 pl=0 blk=127 pg=255 erase_cnt=1 (vpc/ipc reset)
[EXP] [ERASE] ch=2 lun=4 pl=0 blk=127 pg=255 erase_cnt=1 (vpc/ipc reset)
[EXP] [ERASE] ch=2 lun=5 pl=0 blk=127 pg=255 erase_cnt=1 (vpc/ipc reset)
[EXP] [ERASE] ch=2 lun=6 pl=0 blk=127 pg=255 erase_cnt=1 (vpc/ipc reset)
[EXP] [ERASE] ch=2 lun=7 pl=0 blk=127 pg=255 erase_cnt=1 (vpc/ipc reset)
[EXP] [ERASE] ch=3 lun=0 pl=0 blk=127 pg=255 erase_cnt=1 (vpc/ipc reset)
[EXP] [ERASE] ch=3 lun=1 pl=0 blk=127 pg=255 erase_cnt=1 (vpc/ipc reset)
[EXP] [ERASE] ch=3 lun=2 pl=0 blk=127 pg=255 erase_cnt=1 (vpc/ipc reset)
[EXP] [ERASE] ch=3 lun=3 pl=0 blk=127 pg=255 erase_cnt=1 (vpc/ipc reset)
[EXP] [ERASE] ch=3 lun=4 pl=0 blk=127 pg=255 erase_cnt=1 (vpc/ipc reset)
[EXP] [ERASE] ch=3 lun=5 pl=0 blk=127 pg=255 erase_cnt=1 (vpc/ipc reset)
[EXP] [ERASE] ch=3 lun=6 pl=0 blk=127 pg=255 erase_cnt=1 (vpc/ipc reset)
[EXP] [ERASE] ch=3 lun=7 pl=0 blk=127 pg=255 erase_cnt=1 (vpc/ipc reset)
[EXP] [ERASE] ch=4 lun=0 pl=0 blk=127 pg=255 erase_cnt=1 (vpc/ipc reset)
[EXP] [ERASE] ch=4 lun=1 pl=0 blk=127 pg=255 erase_cnt=1 (vpc/ipc reset)
[EXP] [ERASE] ch=4 lun=2 pl=0 blk=127 pg=255 erase_cnt=1 (vpc/ipc reset)
[EXP] [ERASE] ch=4 lun=3 pl=0 blk=127 pg=255 erase_cnt=1 (vpc/ipc reset)
[EXP] [ERASE] ch=4 lun=4 pl=0 blk=127 pg=255 erase_cnt=1 (vpc/ipc reset)
[EXP] [ERASE] ch=4 lun=5 pl=0 blk=127 pg=255 erase_cnt=1 (vpc/ipc reset)
[EXP] [ERASE] ch=4 lun=6 pl=0 blk=127 pg=255 erase_cnt=1 (vpc/ipc reset)
[EXP] [ERASE] ch=4 lun=7 pl=0 blk=127 pg=255 erase_cnt=1 (vpc/ipc reset)
[EXP] [ERASE] ch=5 lun=0 pl=0 blk=127 pg=255 erase_cnt=1 (vpc/ipc reset)
[EXP] [ERASE] ch=5 lun=1 pl=0 blk=127 pg=255 erase_cnt=1 (vpc/ipc reset)
[EXP] [ERASE] ch=5 lun=2 pl=0 blk=127 pg=255 erase_cnt=1 (vpc/ipc reset)
[EXP] [ERASE] ch=5 lun=3 pl=0 blk=127 pg=255 erase_cnt=1 (vpc/ipc reset)
[EXP] [ERASE] ch=5 lun=4 pl=0 blk=127 pg=255 erase_cnt=1 (vpc/ipc reset)
[EXP] [ERASE] ch=5 lun=5 pl=0 blk=127 pg=255 erase_cnt=1 (vpc/ipc reset)
[EXP] [ERASE] ch=5 lun=6 pl=0 blk=127 pg=255 erase_cnt=1 (vpc/ipc reset)
[EXP] [ERASE] ch=5 lun=7 pl=0 blk=127 pg=255 erase_cnt=1 (vpc/ipc reset)
[EXP] [ERASE] ch=6 lun=0 pl=0 blk=127 pg=255 erase_cnt=1 (vpc/ipc reset)
[EXP] [ERASE] ch=6 lun=1 pl=0 blk=127 pg=255 erase_cnt=1 (vpc/ipc reset)
[EXP] [ERASE] ch=6 lun=2 pl=0 blk=127 pg=255 erase_cnt=1 (vpc/ipc reset)
[EXP] [ERASE] ch=6 lun=3 pl=0 blk=127 pg=255 erase_cnt=1 (vpc/ipc reset)
[EXP] [ERASE] ch=6 lun=4 pl=0 blk=127 pg=255 erase_cnt=1 (vpc/ipc reset)
[EXP] [GC_MOVE] lpn=0 ch=6 lun=5 pl=0 blk=127 pg=8 -> ch=4 lun=7 pl=0 blk=64 pg=7
[EXP] [ERASE] ch=6 lun=5 pl=0 blk=127 pg=255 erase_cnt=1 (vpc/ipc reset)
[EXP] [ERASE] ch=6 lun=6 pl=0 blk=127 pg=255 erase_cnt=1 (vpc/ipc reset)
[EXP] [ERASE] ch=6 lun=7 pl=0 blk=127 pg=255 erase_cnt=1 (vpc/ipc reset)
[EXP] [ERASE] ch=7 lun=0 pl=0 blk=127 pg=255 erase_cnt=1 (vpc/ipc reset)
[EXP] [ERASE] ch=7 lun=1 pl=0 blk=127 pg=255 erase_cnt=1 (vpc/ipc reset)
[EXP] [ERASE] ch=7 lun=2 pl=0 blk=127 pg=255 erase_cnt=1 (vpc/ipc reset)
[EXP] [ERASE] ch=7 lun=3 pl=0 blk=127 pg=255 erase_cnt=1 (vpc/ipc reset)
[EXP] [ERASE] ch=7 lun=4 pl=0 blk=127 pg=255 erase_cnt=1 (vpc/ipc reset)
[EXP] [ERASE] ch=7 lun=5 pl=0 blk=127 pg=255 erase_cnt=1 (vpc/ipc reset)
[EXP] [ERASE] ch=7 lun=6 pl=0 blk=127 pg=255 erase_cnt=1 (vpc/ipc reset)
[EXP] [ERASE] ch=7 lun=7 pl=0 blk=127 pg=255 erase_cnt=1 (vpc/ipc reset)
[EXP] [ERASE] ch=0 lun=0 pl=0 blk=97 pg=255 erase_cnt=77 (vpc/ipc reset)
[EXP] [ERASE] ch=0 lun=1 pl=0 blk=97 pg=255 erase_cnt=77 (vpc/ipc reset)
[EXP] [ERASE] ch=0 lun=2 pl=0 blk=97 pg=255 erase_cnt=77 (vpc/ipc reset)
[EXP] [ERASE] ch=0 lun=3 pl=0 blk=97 pg=255 erase_cnt=77 (vpc/ipc reset)
[EXP] [ERASE] ch=0 lun=4 pl=0 blk=97 pg=255 erase_cnt=77 (vpc/ipc reset)
[EXP] [ERASE] ch=0 lun=5 pl=0 blk=97 pg=255 erase_cnt=77 (vpc/ipc reset)
[EXP] [ERASE] ch=0 lun=6 pl=0 blk=97 pg=255 erase_cnt=77 (vpc/ipc reset)
[EXP] [ERASE] ch=0 lun=7 pl=0 blk=97 pg=255 erase_cnt=77 (vpc/ipc reset)
[EXP] [ERASE] ch=1 lun=0 pl=0 blk=97 pg=255 erase_cnt=77 (vpc/ipc reset)
[EXP] [ERASE] ch=1 lun=1 pl=0 blk=97 pg=255 erase_cnt=77 (vpc/ipc reset)
[EXP] [ERASE] ch=1 lun=2 pl=0 blk=97 pg=255 erase_cnt=77 (vpc/ipc reset)
[EXP] [ERASE] ch=1 lun=3 pl=0 blk=97 pg=255 erase_cnt=77 (vpc/ipc reset)
[EXP] [ERASE] ch=1 lun=4 pl=0 blk=97 pg=255 erase_cnt=77 (vpc/ipc reset)
[EXP] [ERASE] ch=1 lun=5 pl=0 blk=97 pg=255 erase_cnt=77 (vpc/ipc reset)
[EXP] [ERASE] ch=1 lun=6 pl=0 blk=97 pg=255 erase_cnt=77 (vpc/ipc reset)
[EXP] [ERASE] ch=1 lun=7 pl=0 blk=97 pg=255 erase_cnt=77 (vpc/ipc reset)
[EXP] [ERASE] ch=2 lun=0 pl=0 blk=97 pg=255 erase_cnt=77 (vpc/ipc reset)
[EXP] [ERASE] ch=2 lun=1 pl=0 blk=97 pg=255 erase_cnt=77 (vpc/ipc reset)
[EXP] [ERASE] ch=2 lun=2 pl=0 blk=97 pg=255 erase_cnt=77 (vpc/ipc reset)
[EXP] [ERASE] ch=2 lun=3 pl=0 blk=97 pg=255 erase_cnt=77 (vpc/ipc reset)
[EXP] [ERASE] ch=2 lun=4 pl=0 blk=97 pg=255 erase_cnt=77 (vpc/ipc reset)
[EXP] [ERASE] ch=2 lun=5 pl=0 blk=97 pg=255 erase_cnt=77 (vpc/ipc reset)
[EXP] [ERASE] ch=2 lun=6 pl=0 blk=97 pg=255 erase_cnt=77 (vpc/ipc reset)
[EXP] [ERASE] ch=2 lun=7 pl=0 blk=97 pg=255 erase_cnt=77 (vpc/ipc reset)
[EXP] [ERASE] ch=3 lun=0 pl=0 blk=97 pg=255 erase_cnt=77 (vpc/ipc reset)
[EXP] [ERASE] ch=3 lun=1 pl=0 blk=97 pg=255 erase_cnt=77 (vpc/ipc reset)
[EXP] [ERASE] ch=3 lun=2 pl=0 blk=97 pg=255 erase_cnt=77 (vpc/ipc reset)
[EXP] [ERASE] ch=3 lun=3 pl=0 blk=97 pg=255 erase_cnt=77 (vpc/ipc reset)
[EXP] [ERASE] ch=3 lun=4 pl=0 blk=97 pg=255 erase_cnt=77 (vpc/ipc reset)
[EXP] [ERASE] ch=3 lun=5 pl=0 blk=97 pg=255 erase_cnt=77 (vpc/ipc reset)
[EXP] [ERASE] ch=3 lun=6 pl=0 blk=97 pg=255 erase_cnt=77 (vpc/ipc reset)
[EXP] [ERASE] ch=3 lun=7 pl=0 blk=97 pg=255 erase_cnt=77 (vpc/ipc reset)
[EXP] [ERASE] ch=4 lun=0 pl=0 blk=97 pg=255 erase_cnt=77 (vpc/ipc reset)
[EXP] [ERASE] ch=4 lun=1 pl=0 blk=97 pg=255 erase_cnt=77 (vpc/ipc reset)
[EXP] [ERASE] ch=4 lun=2 pl=0 blk=97 pg=255 erase_cnt=77 (vpc/ipc reset)
[EXP] [ERASE] ch=4 lun=3 pl=0 blk=97 pg=255 erase_cnt=77 (vpc/ipc reset)
[EXP] [ERASE] ch=4 lun=4 pl=0 blk=97 pg=255 erase_cnt=77 (vpc/ipc reset)
[EXP] [ERASE] ch=4 lun=5 pl=0 blk=97 pg=255 erase_cnt=77 (vpc/ipc reset)
[EXP] [ERASE] ch=4 lun=6 pl=0 blk=97 pg=255 erase_cnt=77 (vpc/ipc reset)
[EXP] [ERASE] ch=4 lun=7 pl=0 blk=97 pg=255 erase_cnt=77 (vpc/ipc reset)
[EXP] [ERASE] ch=5 lun=0 pl=0 blk=97 pg=255 erase_cnt=77 (vpc/ipc reset)
[EXP] [ERASE] ch=5 lun=1 pl=0 blk=97 pg=255 erase_cnt=77 (vpc/ipc reset)
[EXP] [ERASE] ch=5 lun=2 pl=0 blk=97 pg=255 erase_cnt=77 (vpc/ipc reset)
[EXP] [ERASE] ch=5 lun=3 pl=0 blk=97 pg=255 erase_cnt=77 (vpc/ipc reset)
[EXP] [ERASE] ch=5 lun=4 pl=0 blk=97 pg=255 erase_cnt=77 (vpc/ipc reset)
[EXP] [ERASE] ch=5 lun=5 pl=0 blk=97 pg=255 erase_cnt=77 (vpc/ipc reset)
[EXP] [ERASE] ch=5 lun=6 pl=0 blk=97 pg=255 erase_cnt=77 (vpc/ipc reset)
[EXP] [ERASE] ch=5 lun=7 pl=0 blk=97 pg=255 erase_cnt=77 (vpc/ipc reset)
[EXP] [ERASE] ch=6 lun=0 pl=0 blk=97 pg=255 erase_cnt=77 (vpc/ipc reset)
[EXP] [ERASE] ch=6 lun=1 pl=0 blk=97 pg=255 erase_cnt=77 (vpc/ipc reset)
[EXP] [ERASE] ch=6 lun=2 pl=0 blk=97 pg=255 erase_cnt=77 (vpc/ipc reset)
[EXP] [ERASE] ch=6 lun=3 pl=0 blk=97 pg=255 erase_cnt=77 (vpc/ipc reset)
[EXP] [ERASE] ch=6 lun=4 pl=0 blk=97 pg=255 erase_cnt=77 (vpc/ipc reset)
[EXP] [ERASE] ch=6 lun=5 pl=0 blk=97 pg=255 erase_cnt=77 (vpc/ipc reset)
[EXP] [ERASE] ch=6 lun=6 pl=0 blk=97 pg=255 erase_cnt=77 (vpc/ipc reset)
[EXP] [ERASE] ch=6 lun=7 pl=0 blk=97 pg=255 erase_cnt=77 (vpc/ipc reset)
[EXP] [ERASE] ch=7 lun=0 pl=0 blk=97 pg=255 erase_cnt=77 (vpc/ipc reset)
[EXP] [ERASE] ch=7 lun=1 pl=0 blk=97 pg=255 erase_cnt=77 (vpc/ipc reset)
[EXP] [ERASE] ch=7 lun=2 pl=0 blk=97 pg=255 erase_cnt=77 (vpc/ipc reset)
[EXP] [ERASE] ch=7 lun=3 pl=0 blk=97 pg=255 erase_cnt=77 (vpc/ipc reset)
[EXP] [ERASE] ch=7 lun=4 pl=0 blk=97 pg=255 erase_cnt=77 (vpc/ipc reset)
[EXP] [ERASE] ch=7 lun=5 pl=0 blk=97 pg=255 erase_cnt=77 (vpc/ipc reset)
[EXP] [ERASE] ch=7 lun=6 pl=0 blk=97 pg=255 erase_cnt=77 (vpc/ipc reset)
[EXP] [ERASE] ch=7 lun=7 pl=0 blk=97 pg=255 erase_cnt=77 (vpc/ipc reset)
[EXP] [ERASE] ch=0 lun=0 pl=0 blk=97 pg=255 erase_cnt=78 (vpc/ipc reset)
[EXP] [ERASE] ch=0 lun=1 pl=0 blk=97 pg=255 erase_cnt=78 (vpc/ipc reset)
[EXP] [ERASE] ch=0 lun=2 pl=0 blk=97 pg=255 erase_cnt=78 (vpc/ipc reset)
[EXP] [ERASE] ch=0 lun=3 pl=0 blk=97 pg=255 erase_cnt=78 (vpc/ipc reset)
[EXP] [ERASE] ch=0 lun=4 pl=0 blk=97 pg=255 erase_cnt=78 (vpc/ipc reset)
[EXP] [ERASE] ch=0 lun=5 pl=0 blk=97 pg=255 erase_cnt=78 (vpc/ipc reset)
[EXP] [ERASE] ch=0 lun=6 pl=0 blk=97 pg=255 erase_cnt=78 (vpc/ipc reset)
[EXP] [ERASE] ch=0 lun=7 pl=0 blk=97 pg=255 erase_cnt=78 (vpc/ipc reset)
[EXP] [ERASE] ch=1 lun=0 pl=0 blk=97 pg=255 erase_cnt=78 (vpc/ipc reset)
[EXP] [ERASE] ch=1 lun=1 pl=0 blk=97 pg=255 erase_cnt=78 (vpc/ipc reset)
[EXP] [ERASE] ch=1 lun=2 pl=0 blk=97 pg=255 erase_cnt=78 (vpc/ipc reset)
[EXP] [ERASE] ch=1 lun=3 pl=0 blk=97 pg=255 erase_cnt=78 (vpc/ipc reset)
[EXP] [ERASE] ch=1 lun=4 pl=0 blk=97 pg=255 erase_cnt=78 (vpc/ipc reset)
[EXP] [ERASE] ch=1 lun=5 pl=0 blk=97 pg=255 erase_cnt=78 (vpc/ipc reset)
[EXP] [ERASE] ch=1 lun=6 pl=0 blk=97 pg=255 erase_cnt=78 (vpc/ipc reset)
[EXP] [ERASE] ch=1 lun=7 pl=0 blk=97 pg=255 erase_cnt=78 (vpc/ipc reset)
[EXP] [ERASE] ch=2 lun=0 pl=0 blk=97 pg=255 erase_cnt=78 (vpc/ipc reset)
[EXP] [ERASE] ch=2 lun=1 pl=0 blk=97 pg=255 erase_cnt=78 (vpc/ipc reset)
[EXP] [ERASE] ch=2 lun=2 pl=0 blk=97 pg=255 erase_cnt=78 (vpc/ipc reset)
[EXP] [ERASE] ch=2 lun=3 pl=0 blk=97 pg=255 erase_cnt=78 (vpc/ipc reset)
[EXP] [ERASE] ch=2 lun=4 pl=0 blk=97 pg=255 erase_cnt=78 (vpc/ipc reset)
[EXP] [ERASE] ch=2 lun=5 pl=0 blk=97 pg=255 erase_cnt=78 (vpc/ipc reset)
[EXP] [ERASE] ch=2 lun=6 pl=0 blk=97 pg=255 erase_cnt=78 (vpc/ipc reset)
[EXP] [ERASE] ch=2 lun=7 pl=0 blk=97 pg=255 erase_cnt=78 (vpc/ipc reset)
[EXP] [ERASE] ch=3 lun=0 pl=0 blk=97 pg=255 erase_cnt=78 (vpc/ipc reset)
[EXP] [ERASE] ch=3 lun=1 pl=0 blk=97 pg=255 erase_cnt=78 (vpc/ipc reset)
[EXP] [ERASE] ch=3 lun=2 pl=0 blk=97 pg=255 erase_cnt=78 (vpc/ipc reset)
[EXP] [ERASE] ch=3 lun=3 pl=0 blk=97 pg=255 erase_cnt=78 (vpc/ipc reset)
[EXP] [ERASE] ch=3 lun=4 pl=0 blk=97 pg=255 erase_cnt=78 (vpc/ipc reset)
[EXP] [ERASE] ch=3 lun=5 pl=0 blk=97 pg=255 erase_cnt=78 (vpc/ipc reset)
[EXP] [ERASE] ch=3 lun=6 pl=0 blk=97 pg=255 erase_cnt=78 (vpc/ipc reset)
[EXP] [ERASE] ch=3 lun=7 pl=0 blk=97 pg=255 erase_cnt=78 (vpc/ipc reset)
[EXP] [ERASE] ch=4 lun=0 pl=0 blk=97 pg=255 erase_cnt=78 (vpc/ipc reset)
[EXP] [ERASE] ch=4 lun=1 pl=0 blk=97 pg=255 erase_cnt=78 (vpc/ipc reset)
[EXP] [ERASE] ch=4 lun=2 pl=0 blk=97 pg=255 erase_cnt=78 (vpc/ipc reset)
[EXP] [ERASE] ch=4 lun=3 pl=0 blk=97 pg=255 erase_cnt=78 (vpc/ipc reset)
[EXP] [ERASE] ch=4 lun=4 pl=0 blk=97 pg=255 erase_cnt=78 (vpc/ipc reset)
[EXP] [ERASE] ch=4 lun=5 pl=0 blk=97 pg=255 erase_cnt=78 (vpc/ipc reset)
[EXP] [ERASE] ch=4 lun=6 pl=0 blk=97 pg=255 erase_cnt=78 (vpc/ipc reset)
[EXP] [ERASE] ch=4 lun=7 pl=0 blk=97 pg=255 erase_cnt=78 (vpc/ipc reset)
[EXP] [ERASE] ch=5 lun=0 pl=0 blk=97 pg=255 erase_cnt=78 (vpc/ipc reset)
[EXP] [ERASE] ch=5 lun=1 pl=0 blk=97 pg=255 erase_cnt=78 (vpc/ipc reset)
[EXP] [ERASE] ch=5 lun=2 pl=0 blk=97 pg=255 erase_cnt=78 (vpc/ipc reset)
[EXP] [ERASE] ch=5 lun=3 pl=0 blk=97 pg=255 erase_cnt=78 (vpc/ipc reset)
[EXP] [ERASE] ch=5 lun=4 pl=0 blk=97 pg=255 erase_cnt=78 (vpc/ipc reset)
[EXP] [ERASE] ch=5 lun=5 pl=0 blk=97 pg=255 erase_cnt=78 (vpc/ipc reset)
[EXP] [ERASE] ch=5 lun=6 pl=0 blk=97 pg=255 erase_cnt=78 (vpc/ipc reset)
[EXP] [ERASE] ch=5 lun=7 pl=0 blk=97 pg=255 erase_cnt=78 (vpc/ipc reset)
[EXP] [ERASE] ch=6 lun=0 pl=0 blk=97 pg=255 erase_cnt=78 (vpc/ipc reset)
[EXP] [ERASE] ch=6 lun=1 pl=0 blk=97 pg=255 erase_cnt=78 (vpc/ipc reset)
[EXP] [ERASE] ch=6 lun=2 pl=0 blk=97 pg=255 erase_cnt=78 (vpc/ipc reset)
[EXP] [ERASE] ch=6 lun=3 pl=0 blk=97 pg=255 erase_cnt=78 (vpc/ipc reset)
[EXP] [ERASE] ch=6 lun=4 pl=0 blk=97 pg=255 erase_cnt=78 (vpc/ipc reset)
[EXP] [ERASE] ch=6 lun=5 pl=0 blk=97 pg=255 erase_cnt=78 (vpc/ipc reset)
[EXP] [ERASE] ch=6 lun=6 pl=0 blk=97 pg=255 erase_cnt=78 (vpc/ipc reset)
[EXP] [ERASE] ch=6 lun=7 pl=0 blk=97 pg=255 erase_cnt=78 (vpc/ipc reset)
[EXP] [ERASE] ch=7 lun=0 pl=0 blk=97 pg=255 erase_cnt=78 (vpc/ipc reset)
[EXP] [ERASE] ch=7 lun=1 pl=0 blk=97 pg=255 erase_cnt=78 (vpc/ipc reset)
[EXP] [ERASE] ch=7 lun=2 pl=0 blk=97 pg=255 erase_cnt=78 (vpc/ipc reset)
[EXP] [ERASE] ch=7 lun=3 pl=0 blk=97 pg=255 erase_cnt=78 (vpc/ipc reset)
[EXP] [ERASE] ch=7 lun=4 pl=0 blk=97 pg=255 erase_cnt=78 (vpc/ipc reset)
[EXP] [ERASE] ch=7 lun=5 pl=0 blk=97 pg=255 erase_cnt=78 (vpc/ipc reset)
[EXP] [ERASE] ch=7 lun=6 pl=0 blk=97 pg=255 erase_cnt=78 (vpc/ipc reset)
[EXP] [ERASE] ch=7 lun=7 pl=0 blk=97 pg=255 erase_cnt=78 (vpc/ipc reset)
[EXP] [ERASE] ch=0 lun=0 pl=0 blk=64 pg=255 erase_cnt=2 (vpc/ipc reset)
[EXP] [ERASE] ch=0 lun=1 pl=0 blk=64 pg=255 erase_cnt=2 (vpc/ipc reset)
[EXP] [ERASE] ch=0 lun=2 pl=0 blk=64 pg=255 erase_cnt=2 (vpc/ipc reset)
[EXP] [ERASE] ch=0 lun=3 pl=0 blk=64 pg=255 erase_cnt=2 (vpc/ipc reset)
[EXP] [ERASE] ch=0 lun=4 pl=0 blk=64 pg=255 erase_cnt=2 (vpc/ipc reset)
[EXP] [ERASE] ch=0 lun=5 pl=0 blk=64 pg=255 erase_cnt=2 (vpc/ipc reset)
[EXP] [ERASE] ch=0 lun=6 pl=0 blk=64 pg=255 erase_cnt=2 (vpc/ipc reset)
[EXP] [ERASE] ch=0 lun=7 pl=0 blk=64 pg=255 erase_cnt=2 (vpc/ipc reset)
[EXP] [ERASE] ch=1 lun=0 pl=0 blk=64 pg=255 erase_cnt=2 (vpc/ipc reset)
[EXP] [ERASE] ch=1 lun=1 pl=0 blk=64 pg=255 erase_cnt=2 (vpc/ipc reset)
[EXP] [ERASE] ch=1 lun=2 pl=0 blk=64 pg=255 erase_cnt=2 (vpc/ipc reset)
[EXP] [ERASE] ch=1 lun=3 pl=0 blk=64 pg=255 erase_cnt=2 (vpc/ipc reset)
[EXP] [ERASE] ch=1 lun=4 pl=0 blk=64 pg=255 erase_cnt=2 (vpc/ipc reset)
[EXP] [ERASE] ch=1 lun=5 pl=0 blk=64 pg=255 erase_cnt=2 (vpc/ipc reset)
[EXP] [ERASE] ch=1 lun=6 pl=0 blk=64 pg=255 erase_cnt=2 (vpc/ipc reset)
[EXP] [ERASE] ch=1 lun=7 pl=0 blk=64 pg=255 erase_cnt=2 (vpc/ipc reset)
[EXP] [ERASE] ch=2 lun=0 pl=0 blk=64 pg=255 erase_cnt=2 (vpc/ipc reset)
[EXP] [ERASE] ch=2 lun=1 pl=0 blk=64 pg=255 erase_cnt=2 (vpc/ipc reset)
[EXP] [ERASE] ch=2 lun=2 pl=0 blk=64 pg=255 erase_cnt=2 (vpc/ipc reset)
[EXP] [ERASE] ch=2 lun=3 pl=0 blk=64 pg=255 erase_cnt=2 (vpc/ipc reset)
[EXP] [ERASE] ch=2 lun=4 pl=0 blk=64 pg=255 erase_cnt=2 (vpc/ipc reset)
[EXP] [ERASE] ch=2 lun=5 pl=0 blk=64 pg=255 erase_cnt=2 (vpc/ipc reset)
[EXP] [ERASE] ch=2 lun=6 pl=0 blk=64 pg=255 erase_cnt=2 (vpc/ipc reset)
[EXP] [ERASE] ch=2 lun=7 pl=0 blk=64 pg=255 erase_cnt=2 (vpc/ipc reset)
[EXP] [ERASE] ch=3 lun=0 pl=0 blk=64 pg=255 erase_cnt=2 (vpc/ipc reset)
[EXP] [ERASE] ch=3 lun=1 pl=0 blk=64 pg=255 erase_cnt=2 (vpc/ipc reset)
[EXP] [ERASE] ch=3 lun=2 pl=0 blk=64 pg=255 erase_cnt=2 (vpc/ipc reset)
[EXP] [ERASE] ch=3 lun=3 pl=0 blk=64 pg=255 erase_cnt=2 (vpc/ipc reset)
[EXP] [ERASE] ch=3 lun=4 pl=0 blk=64 pg=255 erase_cnt=2 (vpc/ipc reset)
[EXP] [ERASE] ch=3 lun=5 pl=0 blk=64 pg=255 erase_cnt=2 (vpc/ipc reset)
[EXP] [ERASE] ch=3 lun=6 pl=0 blk=64 pg=255 erase_cnt=2 (vpc/ipc reset)
[EXP] [ERASE] ch=3 lun=7 pl=0 blk=64 pg=255 erase_cnt=2 (vpc/ipc reset)
[EXP] [ERASE] ch=4 lun=0 pl=0 blk=64 pg=255 erase_cnt=2 (vpc/ipc reset)
[EXP] [ERASE] ch=4 lun=1 pl=0 blk=64 pg=255 erase_cnt=2 (vpc/ipc reset)
[EXP] [ERASE] ch=4 lun=2 pl=0 blk=64 pg=255 erase_cnt=2 (vpc/ipc reset)
[EXP] [ERASE] ch=4 lun=3 pl=0 blk=64 pg=255 erase_cnt=2 (vpc/ipc reset)
[EXP] [ERASE] ch=4 lun=4 pl=0 blk=64 pg=255 erase_cnt=2 (vpc/ipc reset)
[EXP] [ERASE] ch=4 lun=5 pl=0 blk=64 pg=255 erase_cnt=2 (vpc/ipc reset)
[EXP] [ERASE] ch=4 lun=6 pl=0 blk=64 pg=255 erase_cnt=2 (vpc/ipc reset)
[EXP] [GC_MOVE] lpn=0 ch=4 lun=7 pl=0 blk=64 pg=7 -> ch=7 lun=7 pl=0 blk=104 pg=4
[EXP] [ERASE] ch=4 lun=7 pl=0 blk=64 pg=255 erase_cnt=2 (vpc/ipc reset)
[EXP] [ERASE] ch=5 lun=0 pl=0 blk=64 pg=255 erase_cnt=2 (vpc/ipc reset)
[EXP] [ERASE] ch=5 lun=1 pl=0 blk=64 pg=255 erase_cnt=2 (vpc/ipc reset)
[EXP] [ERASE] ch=5 lun=2 pl=0 blk=64 pg=255 erase_cnt=2 (vpc/ipc reset)
[EXP] [ERASE] ch=5 lun=3 pl=0 blk=64 pg=255 erase_cnt=2 (vpc/ipc reset)
[EXP] [ERASE] ch=5 lun=4 pl=0 blk=64 pg=255 erase_cnt=2 (vpc/ipc reset)
[EXP] [ERASE] ch=5 lun=5 pl=0 blk=64 pg=255 erase_cnt=2 (vpc/ipc reset)
[EXP] [ERASE] ch=5 lun=6 pl=0 blk=64 pg=255 erase_cnt=2 (vpc/ipc reset)
[EXP] [ERASE] ch=5 lun=7 pl=0 blk=64 pg=255 erase_cnt=2 (vpc/ipc reset)
[EXP] [ERASE] ch=6 lun=0 pl=0 blk=64 pg=255 erase_cnt=2 (vpc/ipc reset)
[EXP] [ERASE] ch=6 lun=1 pl=0 blk=64 pg=255 erase_cnt=2 (vpc/ipc reset)
[EXP] [ERASE] ch=6 lun=2 pl=0 blk=64 pg=255 erase_cnt=2 (vpc/ipc reset)
[EXP] [ERASE] ch=6 lun=3 pl=0 blk=64 pg=255 erase_cnt=2 (vpc/ipc reset)
[EXP] [ERASE] ch=6 lun=4 pl=0 blk=64 pg=255 erase_cnt=2 (vpc/ipc reset)
[EXP] [ERASE] ch=6 lun=5 pl=0 blk=64 pg=255 erase_cnt=2 (vpc/ipc reset)
[EXP] [ERASE] ch=6 lun=6 pl=0 blk=64 pg=255 erase_cnt=2 (vpc/ipc reset)
[EXP] [ERASE] ch=6 lun=7 pl=0 blk=64 pg=255 erase_cnt=2 (vpc/ipc reset)
[EXP] [ERASE] ch=7 lun=0 pl=0 blk=64 pg=255 erase_cnt=2 (vpc/ipc reset)
[EXP] [ERASE] ch=7 lun=1 pl=0 blk=64 pg=255 erase_cnt=2 (vpc/ipc reset)
[EXP] [ERASE] ch=7 lun=2 pl=0 blk=64 pg=255 erase_cnt=2 (vpc/ipc reset)
[EXP] [ERASE] ch=7 lun=3 pl=0 blk=64 pg=255 erase_cnt=2 (vpc/ipc reset)
[EXP] [ERASE] ch=7 lun=4 pl=0 blk=64 pg=255 erase_cnt=2 (vpc/ipc reset)
[EXP] [ERASE] ch=7 lun=5 pl=0 blk=64 pg=255 erase_cnt=2 (vpc/ipc reset)
[EXP] [ERASE] ch=7 lun=6 pl=0 blk=64 pg=255 erase_cnt=2 (vpc/ipc reset)
[EXP] [ERASE] ch=7 lun=7 pl=0 blk=64 pg=255 erase_cnt=2 (vpc/ipc reset)
[EXP] [ERASE] ch=0 lun=0 pl=0 blk=97 pg=255 erase_cnt=79 (vpc/ipc reset)
[EXP] [ERASE] ch=0 lun=1 pl=0 blk=97 pg=255 erase_cnt=79 (vpc/ipc reset)
[EXP] [ERASE] ch=0 lun=2 pl=0 blk=97 pg=255 erase_cnt=79 (vpc/ipc reset)
[EXP] [ERASE] ch=0 lun=3 pl=0 blk=97 pg=255 erase_cnt=79 (vpc/ipc reset)
[EXP] [ERASE] ch=0 lun=4 pl=0 blk=97 pg=255 erase_cnt=79 (vpc/ipc reset)
[EXP] [ERASE] ch=0 lun=5 pl=0 blk=97 pg=255 erase_cnt=79 (vpc/ipc reset)
[EXP] [ERASE] ch=0 lun=6 pl=0 blk=97 pg=255 erase_cnt=79 (vpc/ipc reset)
[EXP] [ERASE] ch=0 lun=7 pl=0 blk=97 pg=255 erase_cnt=79 (vpc/ipc reset)
[EXP] [ERASE] ch=1 lun=0 pl=0 blk=97 pg=255 erase_cnt=79 (vpc/ipc reset)
[EXP] [ERASE] ch=1 lun=1 pl=0 blk=97 pg=255 erase_cnt=79 (vpc/ipc reset)
[EXP] [ERASE] ch=1 lun=2 pl=0 blk=97 pg=255 erase_cnt=79 (vpc/ipc reset)
[EXP] [ERASE] ch=1 lun=3 pl=0 blk=97 pg=255 erase_cnt=79 (vpc/ipc reset)
[EXP] [ERASE] ch=1 lun=4 pl=0 blk=97 pg=255 erase_cnt=79 (vpc/ipc reset)
[EXP] [ERASE] ch=1 lun=5 pl=0 blk=97 pg=255 erase_cnt=79 (vpc/ipc reset)
[EXP] [ERASE] ch=1 lun=6 pl=0 blk=97 pg=255 erase_cnt=79 (vpc/ipc reset)
[EXP] [ERASE] ch=1 lun=7 pl=0 blk=97 pg=255 erase_cnt=79 (vpc/ipc reset)
[EXP] [ERASE] ch=2 lun=0 pl=0 blk=97 pg=255 erase_cnt=79 (vpc/ipc reset)
[EXP] [ERASE] ch=2 lun=1 pl=0 blk=97 pg=255 erase_cnt=79 (vpc/ipc reset)
[EXP] [ERASE] ch=2 lun=2 pl=0 blk=97 pg=255 erase_cnt=79 (vpc/ipc reset)
[EXP] [ERASE] ch=2 lun=3 pl=0 blk=97 pg=255 erase_cnt=79 (vpc/ipc reset)
[EXP] [ERASE] ch=2 lun=4 pl=0 blk=97 pg=255 erase_cnt=79 (vpc/ipc reset)
[EXP] [ERASE] ch=2 lun=5 pl=0 blk=97 pg=255 erase_cnt=79 (vpc/ipc reset)
[EXP] [ERASE] ch=2 lun=6 pl=0 blk=97 pg=255 erase_cnt=79 (vpc/ipc reset)
[EXP] [ERASE] ch=2 lun=7 pl=0 blk=97 pg=255 erase_cnt=79 (vpc/ipc reset)
[EXP] [ERASE] ch=3 lun=0 pl=0 blk=97 pg=255 erase_cnt=79 (vpc/ipc reset)
[EXP] [ERASE] ch=3 lun=1 pl=0 blk=97 pg=255 erase_cnt=79 (vpc/ipc reset)
[EXP] [ERASE] ch=3 lun=2 pl=0 blk=97 pg=255 erase_cnt=79 (vpc/ipc reset)
[EXP] [ERASE] ch=3 lun=3 pl=0 blk=97 pg=255 erase_cnt=79 (vpc/ipc reset)
[EXP] [ERASE] ch=3 lun=4 pl=0 blk=97 pg=255 erase_cnt=79 (vpc/ipc reset)
[EXP] [ERASE] ch=3 lun=5 pl=0 blk=97 pg=255 erase_cnt=79 (vpc/ipc reset)
[EXP] [ERASE] ch=3 lun=6 pl=0 blk=97 pg=255 erase_cnt=79 (vpc/ipc reset)
[EXP] [ERASE] ch=3 lun=7 pl=0 blk=97 pg=255 erase_cnt=79 (vpc/ipc reset)
[EXP] [ERASE] ch=4 lun=0 pl=0 blk=97 pg=255 erase_cnt=79 (vpc/ipc reset)
[EXP] [ERASE] ch=4 lun=1 pl=0 blk=97 pg=255 erase_cnt=79 (vpc/ipc reset)
[EXP] [ERASE] ch=4 lun=2 pl=0 blk=97 pg=255 erase_cnt=79 (vpc/ipc reset)
[EXP] [ERASE] ch=4 lun=3 pl=0 blk=97 pg=255 erase_cnt=79 (vpc/ipc reset)
[EXP] [ERASE] ch=4 lun=4 pl=0 blk=97 pg=255 erase_cnt=79 (vpc/ipc reset)
[EXP] [ERASE] ch=4 lun=5 pl=0 blk=97 pg=255 erase_cnt=79 (vpc/ipc reset)
[EXP] [ERASE] ch=4 lun=6 pl=0 blk=97 pg=255 erase_cnt=79 (vpc/ipc reset)
[EXP] [ERASE] ch=4 lun=7 pl=0 blk=97 pg=255 erase_cnt=79 (vpc/ipc reset)
[EXP] [ERASE] ch=5 lun=0 pl=0 blk=97 pg=255 erase_cnt=79 (vpc/ipc reset)
[EXP] [ERASE] ch=5 lun=1 pl=0 blk=97 pg=255 erase_cnt=79 (vpc/ipc reset)
[EXP] [ERASE] ch=5 lun=2 pl=0 blk=97 pg=255 erase_cnt=79 (vpc/ipc reset)
[EXP] [ERASE] ch=5 lun=3 pl=0 blk=97 pg=255 erase_cnt=79 (vpc/ipc reset)
[EXP] [ERASE] ch=5 lun=4 pl=0 blk=97 pg=255 erase_cnt=79 (vpc/ipc reset)
[EXP] [ERASE] ch=5 lun=5 pl=0 blk=97 pg=255 erase_cnt=79 (vpc/ipc reset)
[EXP] [ERASE] ch=5 lun=6 pl=0 blk=97 pg=255 erase_cnt=79 (vpc/ipc reset)
[EXP] [ERASE] ch=5 lun=7 pl=0 blk=97 pg=255 erase_cnt=79 (vpc/ipc reset)
[EXP] [ERASE] ch=6 lun=0 pl=0 blk=97 pg=255 erase_cnt=79 (vpc/ipc reset)
[EXP] [ERASE] ch=6 lun=1 pl=0 blk=97 pg=255 erase_cnt=79 (vpc/ipc reset)
[EXP] [ERASE] ch=6 lun=2 pl=0 blk=97 pg=255 erase_cnt=79 (vpc/ipc reset)
[EXP] [ERASE] ch=6 lun=3 pl=0 blk=97 pg=255 erase_cnt=79 (vpc/ipc reset)
[EXP] [ERASE] ch=6 lun=4 pl=0 blk=97 pg=255 erase_cnt=79 (vpc/ipc reset)
[EXP] [ERASE] ch=6 lun=5 pl=0 blk=97 pg=255 erase_cnt=79 (vpc/ipc reset)
[EXP] [ERASE] ch=6 lun=6 pl=0 blk=97 pg=255 erase_cnt=79 (vpc/ipc reset)
[EXP] [ERASE] ch=6 lun=7 pl=0 blk=97 pg=255 erase_cnt=79 (vpc/ipc reset)
[EXP] [ERASE] ch=7 lun=0 pl=0 blk=97 pg=255 erase_cnt=79 (vpc/ipc reset)
[EXP] [ERASE] ch=7 lun=1 pl=0 blk=97 pg=255 erase_cnt=79 (vpc/ipc reset)
[EXP] [ERASE] ch=7 lun=2 pl=0 blk=97 pg=255 erase_cnt=79 (vpc/ipc reset)
[EXP] [ERASE] ch=7 lun=3 pl=0 blk=97 pg=255 erase_cnt=79 (vpc/ipc reset)
[EXP] [ERASE] ch=7 lun=4 pl=0 blk=97 pg=255 erase_cnt=79 (vpc/ipc reset)
[EXP] [ERASE] ch=7 lun=5 pl=0 blk=97 pg=255 erase_cnt=79 (vpc/ipc reset)
[EXP] [ERASE] ch=7 lun=6 pl=0 blk=97 pg=255 erase_cnt=79 (vpc/ipc reset)
[EXP] [ERASE] ch=7 lun=7 pl=0 blk=97 pg=255 erase_cnt=79 (vpc/ipc reset)
[EXP] [ERASE] ch=0 lun=0 pl=0 blk=97 pg=255 erase_cnt=80 (vpc/ipc reset)
[EXP] [ERASE] ch=0 lun=1 pl=0 blk=97 pg=255 erase_cnt=80 (vpc/ipc reset)
[EXP] [ERASE] ch=0 lun=2 pl=0 blk=97 pg=255 erase_cnt=80 (vpc/ipc reset)
[EXP] [ERASE] ch=0 lun=3 pl=0 blk=97 pg=255 erase_cnt=80 (vpc/ipc reset)
[EXP] [ERASE] ch=0 lun=4 pl=0 blk=97 pg=255 erase_cnt=80 (vpc/ipc reset)
[EXP] [ERASE] ch=0 lun=5 pl=0 blk=97 pg=255 erase_cnt=80 (vpc/ipc reset)
[EXP] [ERASE] ch=0 lun=6 pl=0 blk=97 pg=255 erase_cnt=80 (vpc/ipc reset)
[EXP] [ERASE] ch=0 lun=7 pl=0 blk=97 pg=255 erase_cnt=80 (vpc/ipc reset)
[EXP] [ERASE] ch=1 lun=0 pl=0 blk=97 pg=255 erase_cnt=80 (vpc/ipc reset)
[EXP] [ERASE] ch=1 lun=1 pl=0 blk=97 pg=255 erase_cnt=80 (vpc/ipc reset)
[EXP] [ERASE] ch=1 lun=2 pl=0 blk=97 pg=255 erase_cnt=80 (vpc/ipc reset)
[EXP] [ERASE] ch=1 lun=3 pl=0 blk=97 pg=255 erase_cnt=80 (vpc/ipc reset)
[EXP] [ERASE] ch=1 lun=4 pl=0 blk=97 pg=255 erase_cnt=80 (vpc/ipc reset)
[EXP] [ERASE] ch=1 lun=5 pl=0 blk=97 pg=255 erase_cnt=80 (vpc/ipc reset)
[EXP] [ERASE] ch=1 lun=6 pl=0 blk=97 pg=255 erase_cnt=80 (vpc/ipc reset)
[EXP] [ERASE] ch=1 lun=7 pl=0 blk=97 pg=255 erase_cnt=80 (vpc/ipc reset)
[EXP] [ERASE] ch=2 lun=0 pl=0 blk=97 pg=255 erase_cnt=80 (vpc/ipc reset)
[EXP] [ERASE] ch=2 lun=1 pl=0 blk=97 pg=255 erase_cnt=80 (vpc/ipc reset)
[EXP] [ERASE] ch=2 lun=2 pl=0 blk=97 pg=255 erase_cnt=80 (vpc/ipc reset)
[EXP] [ERASE] ch=2 lun=3 pl=0 blk=97 pg=255 erase_cnt=80 (vpc/ipc reset)
[EXP] [ERASE] ch=2 lun=4 pl=0 blk=97 pg=255 erase_cnt=80 (vpc/ipc reset)
[EXP] [ERASE] ch=2 lun=5 pl=0 blk=97 pg=255 erase_cnt=80 (vpc/ipc reset)
[EXP] [ERASE] ch=2 lun=6 pl=0 blk=97 pg=255 erase_cnt=80 (vpc/ipc reset)
[EXP] [ERASE] ch=2 lun=7 pl=0 blk=97 pg=255 erase_cnt=80 (vpc/ipc reset)
[EXP] [ERASE] ch=3 lun=0 pl=0 blk=97 pg=255 erase_cnt=80 (vpc/ipc reset)
[EXP] [ERASE] ch=3 lun=1 pl=0 blk=97 pg=255 erase_cnt=80 (vpc/ipc reset)
[EXP] [ERASE] ch=3 lun=2 pl=0 blk=97 pg=255 erase_cnt=80 (vpc/ipc reset)
[EXP] [ERASE] ch=3 lun=3 pl=0 blk=97 pg=255 erase_cnt=80 (vpc/ipc reset)
[EXP] [ERASE] ch=3 lun=4 pl=0 blk=97 pg=255 erase_cnt=80 (vpc/ipc reset)
[EXP] [ERASE] ch=3 lun=5 pl=0 blk=97 pg=255 erase_cnt=80 (vpc/ipc reset)
[EXP] [ERASE] ch=3 lun=6 pl=0 blk=97 pg=255 erase_cnt=80 (vpc/ipc reset)
[EXP] [ERASE] ch=3 lun=7 pl=0 blk=97 pg=255 erase_cnt=80 (vpc/ipc reset)
[EXP] [ERASE] ch=4 lun=0 pl=0 blk=97 pg=255 erase_cnt=80 (vpc/ipc reset)
[EXP] [ERASE] ch=4 lun=1 pl=0 blk=97 pg=255 erase_cnt=80 (vpc/ipc reset)
[EXP] [ERASE] ch=4 lun=2 pl=0 blk=97 pg=255 erase_cnt=80 (vpc/ipc reset)
[EXP] [ERASE] ch=4 lun=3 pl=0 blk=97 pg=255 erase_cnt=80 (vpc/ipc reset)
[EXP] [ERASE] ch=4 lun=4 pl=0 blk=97 pg=255 erase_cnt=80 (vpc/ipc reset)
[EXP] [ERASE] ch=4 lun=5 pl=0 blk=97 pg=255 erase_cnt=80 (vpc/ipc reset)
[EXP] [ERASE] ch=4 lun=6 pl=0 blk=97 pg=255 erase_cnt=80 (vpc/ipc reset)
[EXP] [ERASE] ch=4 lun=7 pl=0 blk=97 pg=255 erase_cnt=80 (vpc/ipc reset)
[EXP] [ERASE] ch=5 lun=0 pl=0 blk=97 pg=255 erase_cnt=80 (vpc/ipc reset)
[EXP] [ERASE] ch=5 lun=1 pl=0 blk=97 pg=255 erase_cnt=80 (vpc/ipc reset)
[EXP] [ERASE] ch=5 lun=2 pl=0 blk=97 pg=255 erase_cnt=80 (vpc/ipc reset)
[EXP] [ERASE] ch=5 lun=3 pl=0 blk=97 pg=255 erase_cnt=80 (vpc/ipc reset)
[EXP] [ERASE] ch=5 lun=4 pl=0 blk=97 pg=255 erase_cnt=80 (vpc/ipc reset)
[EXP] [ERASE] ch=5 lun=5 pl=0 blk=97 pg=255 erase_cnt=80 (vpc/ipc reset)
[EXP] [ERASE] ch=5 lun=6 pl=0 blk=97 pg=255 erase_cnt=80 (vpc/ipc reset)
[EXP] [ERASE] ch=5 lun=7 pl=0 blk=97 pg=255 erase_cnt=80 (vpc/ipc reset)
[EXP] [ERASE] ch=6 lun=0 pl=0 blk=97 pg=255 erase_cnt=80 (vpc/ipc reset)
[EXP] [ERASE] ch=6 lun=1 pl=0 blk=97 pg=255 erase_cnt=80 (vpc/ipc reset)
[EXP] [ERASE] ch=6 lun=2 pl=0 blk=97 pg=255 erase_cnt=80 (vpc/ipc reset)
[EXP] [ERASE] ch=6 lun=3 pl=0 blk=97 pg=255 erase_cnt=80 (vpc/ipc reset)
[EXP] [ERASE] ch=6 lun=4 pl=0 blk=97 pg=255 erase_cnt=80 (vpc/ipc reset)
[EXP] [ERASE] ch=6 lun=5 pl=0 blk=97 pg=255 erase_cnt=80 (vpc/ipc reset)
[EXP] [ERASE] ch=6 lun=6 pl=0 blk=97 pg=255 erase_cnt=80 (vpc/ipc reset)
[EXP] [ERASE] ch=6 lun=7 pl=0 blk=97 pg=255 erase_cnt=80 (vpc/ipc reset)
[EXP] [ERASE] ch=7 lun=0 pl=0 blk=97 pg=255 erase_cnt=80 (vpc/ipc reset)
[EXP] [ERASE] ch=7 lun=1 pl=0 blk=97 pg=255 erase_cnt=80 (vpc/ipc reset)
[EXP] [ERASE] ch=7 lun=2 pl=0 blk=97 pg=255 erase_cnt=80 (vpc/ipc reset)
[EXP] [ERASE] ch=7 lun=3 pl=0 blk=97 pg=255 erase_cnt=80 (vpc/ipc reset)
[EXP] [ERASE] ch=7 lun=4 pl=0 blk=97 pg=255 erase_cnt=80 (vpc/ipc reset)
[EXP] [ERASE] ch=7 lun=5 pl=0 blk=97 pg=255 erase_cnt=80 (vpc/ipc reset)
[EXP] [ERASE] ch=7 lun=6 pl=0 blk=97 pg=255 erase_cnt=80 (vpc/ipc reset)
[EXP] [ERASE] ch=7 lun=7 pl=0 blk=97 pg=255 erase_cnt=80 (vpc/ipc reset)
[EXP] [ERASE] ch=0 lun=0 pl=0 blk=104 pg=255 erase_cnt=2 (vpc/ipc reset)
[EXP] [ERASE] ch=0 lun=1 pl=0 blk=104 pg=255 erase_cnt=2 (vpc/ipc reset)
[EXP] [ERASE] ch=0 lun=2 pl=0 blk=104 pg=255 erase_cnt=2 (vpc/ipc reset)
[EXP] [ERASE] ch=0 lun=3 pl=0 blk=104 pg=255 erase_cnt=2 (vpc/ipc reset)
[EXP] [ERASE] ch=0 lun=4 pl=0 blk=104 pg=255 erase_cnt=2 (vpc/ipc reset)
[EXP] [ERASE] ch=0 lun=5 pl=0 blk=104 pg=255 erase_cnt=2 (vpc/ipc reset)
[EXP] [ERASE] ch=0 lun=6 pl=0 blk=104 pg=255 erase_cnt=2 (vpc/ipc reset)
[EXP] [ERASE] ch=0 lun=7 pl=0 blk=104 pg=255 erase_cnt=2 (vpc/ipc reset)
[EXP] [ERASE] ch=1 lun=0 pl=0 blk=104 pg=255 erase_cnt=2 (vpc/ipc reset)
[EXP] [ERASE] ch=1 lun=1 pl=0 blk=104 pg=255 erase_cnt=2 (vpc/ipc reset)
[EXP] [ERASE] ch=1 lun=2 pl=0 blk=104 pg=255 erase_cnt=2 (vpc/ipc reset)
[EXP] [ERASE] ch=1 lun=3 pl=0 blk=104 pg=255 erase_cnt=2 (vpc/ipc reset)
[EXP] [ERASE] ch=1 lun=4 pl=0 blk=104 pg=255 erase_cnt=2 (vpc/ipc reset)
[EXP] [ERASE] ch=1 lun=5 pl=0 blk=104 pg=255 erase_cnt=2 (vpc/ipc reset)
[EXP] [ERASE] ch=1 lun=6 pl=0 blk=104 pg=255 erase_cnt=2 (vpc/ipc reset)
[EXP] [ERASE] ch=1 lun=7 pl=0 blk=104 pg=255 erase_cnt=2 (vpc/ipc reset)
[EXP] [ERASE] ch=2 lun=0 pl=0 blk=104 pg=255 erase_cnt=2 (vpc/ipc reset)
[EXP] [ERASE] ch=2 lun=1 pl=0 blk=104 pg=255 erase_cnt=2 (vpc/ipc reset)
[EXP] [ERASE] ch=2 lun=2 pl=0 blk=104 pg=255 erase_cnt=2 (vpc/ipc reset)
[EXP] [ERASE] ch=2 lun=3 pl=0 blk=104 pg=255 erase_cnt=2 (vpc/ipc reset)
[EXP] [ERASE] ch=2 lun=4 pl=0 blk=104 pg=255 erase_cnt=2 (vpc/ipc reset)
[EXP] [ERASE] ch=2 lun=5 pl=0 blk=104 pg=255 erase_cnt=2 (vpc/ipc reset)
[EXP] [ERASE] ch=2 lun=6 pl=0 blk=104 pg=255 erase_cnt=2 (vpc/ipc reset)
[EXP] [ERASE] ch=2 lun=7 pl=0 blk=104 pg=255 erase_cnt=2 (vpc/ipc reset)
[EXP] [ERASE] ch=3 lun=0 pl=0 blk=104 pg=255 erase_cnt=2 (vpc/ipc reset)
[EXP] [ERASE] ch=3 lun=1 pl=0 blk=104 pg=255 erase_cnt=2 (vpc/ipc reset)
[EXP] [ERASE] ch=3 lun=2 pl=0 blk=104 pg=255 erase_cnt=2 (vpc/ipc reset)
[EXP] [ERASE] ch=3 lun=3 pl=0 blk=104 pg=255 erase_cnt=2 (vpc/ipc reset)
[EXP] [ERASE] ch=3 lun=4 pl=0 blk=104 pg=255 erase_cnt=2 (vpc/ipc reset)
[EXP] [ERASE] ch=3 lun=5 pl=0 blk=104 pg=255 erase_cnt=2 (vpc/ipc reset)
[EXP] [ERASE] ch=3 lun=6 pl=0 blk=104 pg=255 erase_cnt=2 (vpc/ipc reset)
[EXP] [ERASE] ch=3 lun=7 pl=0 blk=104 pg=255 erase_cnt=2 (vpc/ipc reset)
[EXP] [ERASE] ch=4 lun=0 pl=0 blk=104 pg=255 erase_cnt=2 (vpc/ipc reset)
[EXP] [ERASE] ch=4 lun=1 pl=0 blk=104 pg=255 erase_cnt=2 (vpc/ipc reset)
[EXP] [ERASE] ch=4 lun=2 pl=0 blk=104 pg=255 erase_cnt=2 (vpc/ipc reset)
[EXP] [ERASE] ch=4 lun=3 pl=0 blk=104 pg=255 erase_cnt=2 (vpc/ipc reset)
[EXP] [ERASE] ch=4 lun=4 pl=0 blk=104 pg=255 erase_cnt=2 (vpc/ipc reset)
[EXP] [ERASE] ch=4 lun=5 pl=0 blk=104 pg=255 erase_cnt=2 (vpc/ipc reset)
[EXP] [ERASE] ch=4 lun=6 pl=0 blk=104 pg=255 erase_cnt=2 (vpc/ipc reset)
[EXP] [ERASE] ch=4 lun=7 pl=0 blk=104 pg=255 erase_cnt=2 (vpc/ipc reset)
[EXP] [ERASE] ch=5 lun=0 pl=0 blk=104 pg=255 erase_cnt=2 (vpc/ipc reset)
[EXP] [ERASE] ch=5 lun=1 pl=0 blk=104 pg=255 erase_cnt=2 (vpc/ipc reset)
[EXP] [ERASE] ch=5 lun=2 pl=0 blk=104 pg=255 erase_cnt=2 (vpc/ipc reset)
[EXP] [ERASE] ch=5 lun=3 pl=0 blk=104 pg=255 erase_cnt=2 (vpc/ipc reset)
[EXP] [ERASE] ch=5 lun=4 pl=0 blk=104 pg=255 erase_cnt=2 (vpc/ipc reset)
[EXP] [ERASE] ch=5 lun=5 pl=0 blk=104 pg=255 erase_cnt=2 (vpc/ipc reset)
[EXP] [ERASE] ch=5 lun=6 pl=0 blk=104 pg=255 erase_cnt=2 (vpc/ipc reset)
[EXP] [ERASE] ch=5 lun=7 pl=0 blk=104 pg=255 erase_cnt=2 (vpc/ipc reset)
[EXP] [ERASE] ch=6 lun=0 pl=0 blk=104 pg=255 erase_cnt=2 (vpc/ipc reset)
[EXP] [ERASE] ch=6 lun=1 pl=0 blk=104 pg=255 erase_cnt=2 (vpc/ipc reset)
[EXP] [ERASE] ch=6 lun=2 pl=0 blk=104 pg=255 erase_cnt=2 (vpc/ipc reset)
[EXP] [ERASE] ch=6 lun=3 pl=0 blk=104 pg=255 erase_cnt=2 (vpc/ipc reset)
[EXP] [ERASE] ch=6 lun=4 pl=0 blk=104 pg=255 erase_cnt=2 (vpc/ipc reset)
[EXP] [ERASE] ch=6 lun=5 pl=0 blk=104 pg=255 erase_cnt=2 (vpc/ipc reset)
[EXP] [ERASE] ch=6 lun=6 pl=0 blk=104 pg=255 erase_cnt=2 (vpc/ipc reset)
[EXP] [ERASE] ch=6 lun=7 pl=0 blk=104 pg=255 erase_cnt=2 (vpc/ipc reset)
[EXP] [ERASE] ch=7 lun=0 pl=0 blk=104 pg=255 erase_cnt=2 (vpc/ipc reset)
[EXP] [ERASE] ch=7 lun=1 pl=0 blk=104 pg=255 erase_cnt=2 (vpc/ipc reset)
[EXP] [ERASE] ch=7 lun=2 pl=0 blk=104 pg=255 erase_cnt=2 (vpc/ipc reset)
[EXP] [ERASE] ch=7 lun=3 pl=0 blk=104 pg=255 erase_cnt=2 (vpc/ipc reset)
[EXP] [ERASE] ch=7 lun=4 pl=0 blk=104 pg=255 erase_cnt=2 (vpc/ipc reset)
[EXP] [ERASE] ch=7 lun=5 pl=0 blk=104 pg=255 erase_cnt=2 (vpc/ipc reset)
[EXP] [ERASE] ch=7 lun=6 pl=0 blk=104 pg=255 erase_cnt=2 (vpc/ipc reset)
[EXP] [GC_MOVE] lpn=0 ch=7 lun=7 pl=0 blk=104 pg=4 -> ch=4 lun=5 pl=0 blk=105 pg=10
[EXP] [ERASE] ch=7 lun=7 pl=0 blk=104 pg=255 erase_cnt=2 (vpc/ipc reset)
[EXP] [ERASE] ch=0 lun=0 pl=0 blk=97 pg=255 erase_cnt=81 (vpc/ipc reset)
[EXP] [ERASE] ch=0 lun=1 pl=0 blk=97 pg=255 erase_cnt=81 (vpc/ipc reset)
[EXP] [ERASE] ch=0 lun=2 pl=0 blk=97 pg=255 erase_cnt=81 (vpc/ipc reset)
[EXP] [ERASE] ch=0 lun=3 pl=0 blk=97 pg=255 erase_cnt=81 (vpc/ipc reset)
[EXP] [ERASE] ch=0 lun=4 pl=0 blk=97 pg=255 erase_cnt=81 (vpc/ipc reset)
[EXP] [ERASE] ch=0 lun=5 pl=0 blk=97 pg=255 erase_cnt=81 (vpc/ipc reset)
[EXP] [ERASE] ch=0 lun=6 pl=0 blk=97 pg=255 erase_cnt=81 (vpc/ipc reset)
[EXP] [ERASE] ch=0 lun=7 pl=0 blk=97 pg=255 erase_cnt=81 (vpc/ipc reset)
[EXP] [ERASE] ch=1 lun=0 pl=0 blk=97 pg=255 erase_cnt=81 (vpc/ipc reset)
[EXP] [ERASE] ch=1 lun=1 pl=0 blk=97 pg=255 erase_cnt=81 (vpc/ipc reset)
[EXP] [ERASE] ch=1 lun=2 pl=0 blk=97 pg=255 erase_cnt=81 (vpc/ipc reset)
[EXP] [ERASE] ch=1 lun=3 pl=0 blk=97 pg=255 erase_cnt=81 (vpc/ipc reset)
[EXP] [ERASE] ch=1 lun=4 pl=0 blk=97 pg=255 erase_cnt=81 (vpc/ipc reset)
[EXP] [ERASE] ch=1 lun=5 pl=0 blk=97 pg=255 erase_cnt=81 (vpc/ipc reset)
[EXP] [ERASE] ch=1 lun=6 pl=0 blk=97 pg=255 erase_cnt=81 (vpc/ipc reset)
[EXP] [ERASE] ch=1 lun=7 pl=0 blk=97 pg=255 erase_cnt=81 (vpc/ipc reset)
[EXP] [ERASE] ch=2 lun=0 pl=0 blk=97 pg=255 erase_cnt=81 (vpc/ipc reset)
[EXP] [ERASE] ch=2 lun=1 pl=0 blk=97 pg=255 erase_cnt=81 (vpc/ipc reset)
[EXP] [ERASE] ch=2 lun=2 pl=0 blk=97 pg=255 erase_cnt=81 (vpc/ipc reset)
[EXP] [ERASE] ch=2 lun=3 pl=0 blk=97 pg=255 erase_cnt=81 (vpc/ipc reset)
[EXP] [ERASE] ch=2 lun=4 pl=0 blk=97 pg=255 erase_cnt=81 (vpc/ipc reset)
[EXP] [ERASE] ch=2 lun=5 pl=0 blk=97 pg=255 erase_cnt=81 (vpc/ipc reset)
[EXP] [ERASE] ch=2 lun=6 pl=0 blk=97 pg=255 erase_cnt=81 (vpc/ipc reset)
[EXP] [ERASE] ch=2 lun=7 pl=0 blk=97 pg=255 erase_cnt=81 (vpc/ipc reset)
[EXP] [ERASE] ch=3 lun=0 pl=0 blk=97 pg=255 erase_cnt=81 (vpc/ipc reset)
[EXP] [ERASE] ch=3 lun=1 pl=0 blk=97 pg=255 erase_cnt=81 (vpc/ipc reset)
[EXP] [ERASE] ch=3 lun=2 pl=0 blk=97 pg=255 erase_cnt=81 (vpc/ipc reset)
[EXP] [ERASE] ch=3 lun=3 pl=0 blk=97 pg=255 erase_cnt=81 (vpc/ipc reset)
[EXP] [ERASE] ch=3 lun=4 pl=0 blk=97 pg=255 erase_cnt=81 (vpc/ipc reset)
[EXP] [ERASE] ch=3 lun=5 pl=0 blk=97 pg=255 erase_cnt=81 (vpc/ipc reset)
[EXP] [ERASE] ch=3 lun=6 pl=0 blk=97 pg=255 erase_cnt=81 (vpc/ipc reset)
[EXP] [ERASE] ch=3 lun=7 pl=0 blk=97 pg=255 erase_cnt=81 (vpc/ipc reset)
[EXP] [ERASE] ch=4 lun=0 pl=0 blk=97 pg=255 erase_cnt=81 (vpc/ipc reset)
[EXP] [ERASE] ch=4 lun=1 pl=0 blk=97 pg=255 erase_cnt=81 (vpc/ipc reset)
[EXP] [ERASE] ch=4 lun=2 pl=0 blk=97 pg=255 erase_cnt=81 (vpc/ipc reset)
[EXP] [ERASE] ch=4 lun=3 pl=0 blk=97 pg=255 erase_cnt=81 (vpc/ipc reset)
[EXP] [ERASE] ch=4 lun=4 pl=0 blk=97 pg=255 erase_cnt=81 (vpc/ipc reset)
[EXP] [ERASE] ch=4 lun=5 pl=0 blk=97 pg=255 erase_cnt=81 (vpc/ipc reset)
[EXP] [ERASE] ch=4 lun=6 pl=0 blk=97 pg=255 erase_cnt=81 (vpc/ipc reset)
[EXP] [ERASE] ch=4 lun=7 pl=0 blk=97 pg=255 erase_cnt=81 (vpc/ipc reset)
[EXP] [ERASE] ch=5 lun=0 pl=0 blk=97 pg=255 erase_cnt=81 (vpc/ipc reset)
[EXP] [ERASE] ch=5 lun=1 pl=0 blk=97 pg=255 erase_cnt=81 (vpc/ipc reset)
[EXP] [ERASE] ch=5 lun=2 pl=0 blk=97 pg=255 erase_cnt=81 (vpc/ipc reset)
[EXP] [ERASE] ch=5 lun=3 pl=0 blk=97 pg=255 erase_cnt=81 (vpc/ipc reset)
[EXP] [ERASE] ch=5 lun=4 pl=0 blk=97 pg=255 erase_cnt=81 (vpc/ipc reset)
[EXP] [ERASE] ch=5 lun=5 pl=0 blk=97 pg=255 erase_cnt=81 (vpc/ipc reset)
[EXP] [ERASE] ch=5 lun=6 pl=0 blk=97 pg=255 erase_cnt=81 (vpc/ipc reset)
[EXP] [ERASE] ch=5 lun=7 pl=0 blk=97 pg=255 erase_cnt=81 (vpc/ipc reset)
[EXP] [ERASE] ch=6 lun=0 pl=0 blk=97 pg=255 erase_cnt=81 (vpc/ipc reset)
[EXP] [ERASE] ch=6 lun=1 pl=0 blk=97 pg=255 erase_cnt=81 (vpc/ipc reset)
[EXP] [ERASE] ch=6 lun=2 pl=0 blk=97 pg=255 erase_cnt=81 (vpc/ipc reset)
[EXP] [ERASE] ch=6 lun=3 pl=0 blk=97 pg=255 erase_cnt=81 (vpc/ipc reset)
[EXP] [ERASE] ch=6 lun=4 pl=0 blk=97 pg=255 erase_cnt=81 (vpc/ipc reset)
[EXP] [ERASE] ch=6 lun=5 pl=0 blk=97 pg=255 erase_cnt=81 (vpc/ipc reset)
[EXP] [ERASE] ch=6 lun=6 pl=0 blk=97 pg=255 erase_cnt=81 (vpc/ipc reset)
[EXP] [ERASE] ch=6 lun=7 pl=0 blk=97 pg=255 erase_cnt=81 (vpc/ipc reset)
[EXP] [ERASE] ch=7 lun=0 pl=0 blk=97 pg=255 erase_cnt=81 (vpc/ipc reset)
[EXP] [ERASE] ch=7 lun=1 pl=0 blk=97 pg=255 erase_cnt=81 (vpc/ipc reset)
[EXP] [ERASE] ch=7 lun=2 pl=0 blk=97 pg=255 erase_cnt=81 (vpc/ipc reset)
[EXP] [ERASE] ch=7 lun=3 pl=0 blk=97 pg=255 erase_cnt=81 (vpc/ipc reset)
[EXP] [ERASE] ch=7 lun=4 pl=0 blk=97 pg=255 erase_cnt=81 (vpc/ipc reset)
[EXP] [ERASE] ch=7 lun=5 pl=0 blk=97 pg=255 erase_cnt=81 (vpc/ipc reset)
[EXP] [ERASE] ch=7 lun=6 pl=0 blk=97 pg=255 erase_cnt=81 (vpc/ipc reset)
[EXP] [ERASE] ch=7 lun=7 pl=0 blk=97 pg=255 erase_cnt=81 (vpc/ipc reset)
[EXP] [ERASE] ch=0 lun=0 pl=0 blk=97 pg=255 erase_cnt=82 (vpc/ipc reset)
[EXP] [ERASE] ch=0 lun=1 pl=0 blk=97 pg=255 erase_cnt=82 (vpc/ipc reset)
[EXP] [ERASE] ch=0 lun=2 pl=0 blk=97 pg=255 erase_cnt=82 (vpc/ipc reset)
[EXP] [ERASE] ch=0 lun=3 pl=0 blk=97 pg=255 erase_cnt=82 (vpc/ipc reset)
[EXP] [ERASE] ch=0 lun=4 pl=0 blk=97 pg=255 erase_cnt=82 (vpc/ipc reset)
[EXP] [ERASE] ch=0 lun=5 pl=0 blk=97 pg=255 erase_cnt=82 (vpc/ipc reset)
[EXP] [ERASE] ch=0 lun=6 pl=0 blk=97 pg=255 erase_cnt=82 (vpc/ipc reset)
[EXP] [ERASE] ch=0 lun=7 pl=0 blk=97 pg=255 erase_cnt=82 (vpc/ipc reset)
[EXP] [ERASE] ch=1 lun=0 pl=0 blk=97 pg=255 erase_cnt=82 (vpc/ipc reset)
[EXP] [ERASE] ch=1 lun=1 pl=0 blk=97 pg=255 erase_cnt=82 (vpc/ipc reset)
[EXP] [ERASE] ch=1 lun=2 pl=0 blk=97 pg=255 erase_cnt=82 (vpc/ipc reset)
[EXP] [ERASE] ch=1 lun=3 pl=0 blk=97 pg=255 erase_cnt=82 (vpc/ipc reset)
[EXP] [ERASE] ch=1 lun=4 pl=0 blk=97 pg=255 erase_cnt=82 (vpc/ipc reset)
[EXP] [ERASE] ch=1 lun=5 pl=0 blk=97 pg=255 erase_cnt=82 (vpc/ipc reset)
[EXP] [ERASE] ch=1 lun=6 pl=0 blk=97 pg=255 erase_cnt=82 (vpc/ipc reset)
[EXP] [ERASE] ch=1 lun=7 pl=0 blk=97 pg=255 erase_cnt=82 (vpc/ipc reset)
[EXP] [ERASE] ch=2 lun=0 pl=0 blk=97 pg=255 erase_cnt=82 (vpc/ipc reset)
[EXP] [ERASE] ch=2 lun=1 pl=0 blk=97 pg=255 erase_cnt=82 (vpc/ipc reset)
[EXP] [ERASE] ch=2 lun=2 pl=0 blk=97 pg=255 erase_cnt=82 (vpc/ipc reset)
[EXP] [ERASE] ch=2 lun=3 pl=0 blk=97 pg=255 erase_cnt=82 (vpc/ipc reset)
[EXP] [ERASE] ch=2 lun=4 pl=0 blk=97 pg=255 erase_cnt=82 (vpc/ipc reset)
[EXP] [ERASE] ch=2 lun=5 pl=0 blk=97 pg=255 erase_cnt=82 (vpc/ipc reset)
[EXP] [ERASE] ch=2 lun=6 pl=0 blk=97 pg=255 erase_cnt=82 (vpc/ipc reset)
[EXP] [ERASE] ch=2 lun=7 pl=0 blk=97 pg=255 erase_cnt=82 (vpc/ipc reset)
[EXP] [ERASE] ch=3 lun=0 pl=0 blk=97 pg=255 erase_cnt=82 (vpc/ipc reset)
[EXP] [ERASE] ch=3 lun=1 pl=0 blk=97 pg=255 erase_cnt=82 (vpc/ipc reset)
[EXP] [ERASE] ch=3 lun=2 pl=0 blk=97 pg=255 erase_cnt=82 (vpc/ipc reset)
[EXP] [ERASE] ch=3 lun=3 pl=0 blk=97 pg=255 erase_cnt=82 (vpc/ipc reset)
[EXP] [ERASE] ch=3 lun=4 pl=0 blk=97 pg=255 erase_cnt=82 (vpc/ipc reset)
[EXP] [ERASE] ch=3 lun=5 pl=0 blk=97 pg=255 erase_cnt=82 (vpc/ipc reset)
[EXP] [ERASE] ch=3 lun=6 pl=0 blk=97 pg=255 erase_cnt=82 (vpc/ipc reset)
[EXP] [ERASE] ch=3 lun=7 pl=0 blk=97 pg=255 erase_cnt=82 (vpc/ipc reset)
[EXP] [ERASE] ch=4 lun=0 pl=0 blk=97 pg=255 erase_cnt=82 (vpc/ipc reset)
[EXP] [ERASE] ch=4 lun=1 pl=0 blk=97 pg=255 erase_cnt=82 (vpc/ipc reset)
[EXP] [ERASE] ch=4 lun=2 pl=0 blk=97 pg=255 erase_cnt=82 (vpc/ipc reset)
[EXP] [ERASE] ch=4 lun=3 pl=0 blk=97 pg=255 erase_cnt=82 (vpc/ipc reset)
[EXP] [ERASE] ch=4 lun=4 pl=0 blk=97 pg=255 erase_cnt=82 (vpc/ipc reset)
[EXP] [ERASE] ch=4 lun=5 pl=0 blk=97 pg=255 erase_cnt=82 (vpc/ipc reset)
[EXP] [ERASE] ch=4 lun=6 pl=0 blk=97 pg=255 erase_cnt=82 (vpc/ipc reset)
[EXP] [ERASE] ch=4 lun=7 pl=0 blk=97 pg=255 erase_cnt=82 (vpc/ipc reset)
[EXP] [ERASE] ch=5 lun=0 pl=0 blk=97 pg=255 erase_cnt=82 (vpc/ipc reset)
[EXP] [ERASE] ch=5 lun=1 pl=0 blk=97 pg=255 erase_cnt=82 (vpc/ipc reset)
[EXP] [ERASE] ch=5 lun=2 pl=0 blk=97 pg=255 erase_cnt=82 (vpc/ipc reset)
[EXP] [ERASE] ch=5 lun=3 pl=0 blk=97 pg=255 erase_cnt=82 (vpc/ipc reset)
[EXP] [ERASE] ch=5 lun=4 pl=0 blk=97 pg=255 erase_cnt=82 (vpc/ipc reset)
[EXP] [ERASE] ch=5 lun=5 pl=0 blk=97 pg=255 erase_cnt=82 (vpc/ipc reset)
[EXP] [ERASE] ch=5 lun=6 pl=0 blk=97 pg=255 erase_cnt=82 (vpc/ipc reset)
[EXP] [ERASE] ch=5 lun=7 pl=0 blk=97 pg=255 erase_cnt=82 (vpc/ipc reset)
[EXP] [ERASE] ch=6 lun=0 pl=0 blk=97 pg=255 erase_cnt=82 (vpc/ipc reset)
[EXP] [ERASE] ch=6 lun=1 pl=0 blk=97 pg=255 erase_cnt=82 (vpc/ipc reset)
[EXP] [ERASE] ch=6 lun=2 pl=0 blk=97 pg=255 erase_cnt=82 (vpc/ipc reset)
[EXP] [ERASE] ch=6 lun=3 pl=0 blk=97 pg=255 erase_cnt=82 (vpc/ipc reset)
[EXP] [ERASE] ch=6 lun=4 pl=0 blk=97 pg=255 erase_cnt=82 (vpc/ipc reset)
[EXP] [ERASE] ch=6 lun=5 pl=0 blk=97 pg=255 erase_cnt=82 (vpc/ipc reset)
[EXP] [ERASE] ch=6 lun=6 pl=0 blk=97 pg=255 erase_cnt=82 (vpc/ipc reset)
[EXP] [ERASE] ch=6 lun=7 pl=0 blk=97 pg=255 erase_cnt=82 (vpc/ipc reset)
[EXP] [ERASE] ch=7 lun=0 pl=0 blk=97 pg=255 erase_cnt=82 (vpc/ipc reset)
[EXP] [ERASE] ch=7 lun=1 pl=0 blk=97 pg=255 erase_cnt=82 (vpc/ipc reset)
[EXP] [ERASE] ch=7 lun=2 pl=0 blk=97 pg=255 erase_cnt=82 (vpc/ipc reset)
[EXP] [ERASE] ch=7 lun=3 pl=0 blk=97 pg=255 erase_cnt=82 (vpc/ipc reset)
[EXP] [ERASE] ch=7 lun=4 pl=0 blk=97 pg=255 erase_cnt=82 (vpc/ipc reset)
[EXP] [ERASE] ch=7 lun=5 pl=0 blk=97 pg=255 erase_cnt=82 (vpc/ipc reset)
[EXP] [ERASE] ch=7 lun=6 pl=0 blk=97 pg=255 erase_cnt=82 (vpc/ipc reset)
[EXP] [ERASE] ch=7 lun=7 pl=0 blk=97 pg=255 erase_cnt=82 (vpc/ipc reset)
[EXP] [ERASE] ch=0 lun=0 pl=0 blk=105 pg=255 erase_cnt=2 (vpc/ipc reset)
[EXP] [ERASE] ch=0 lun=1 pl=0 blk=105 pg=255 erase_cnt=2 (vpc/ipc reset)
[EXP] [ERASE] ch=0 lun=2 pl=0 blk=105 pg=255 erase_cnt=2 (vpc/ipc reset)
[EXP] [ERASE] ch=0 lun=3 pl=0 blk=105 pg=255 erase_cnt=2 (vpc/ipc reset)
[EXP] [ERASE] ch=0 lun=4 pl=0 blk=105 pg=255 erase_cnt=2 (vpc/ipc reset)
[EXP] [ERASE] ch=0 lun=5 pl=0 blk=105 pg=255 erase_cnt=2 (vpc/ipc reset)
[EXP] [ERASE] ch=0 lun=6 pl=0 blk=105 pg=255 erase_cnt=2 (vpc/ipc reset)
[EXP] [ERASE] ch=0 lun=7 pl=0 blk=105 pg=255 erase_cnt=2 (vpc/ipc reset)
[EXP] [ERASE] ch=1 lun=0 pl=0 blk=105 pg=255 erase_cnt=2 (vpc/ipc reset)
[EXP] [ERASE] ch=1 lun=1 pl=0 blk=105 pg=255 erase_cnt=2 (vpc/ipc reset)
[EXP] [ERASE] ch=1 lun=2 pl=0 blk=105 pg=255 erase_cnt=2 (vpc/ipc reset)
[EXP] [ERASE] ch=1 lun=3 pl=0 blk=105 pg=255 erase_cnt=2 (vpc/ipc reset)
[EXP] [ERASE] ch=1 lun=4 pl=0 blk=105 pg=255 erase_cnt=2 (vpc/ipc reset)
[EXP] [ERASE] ch=1 lun=5 pl=0 blk=105 pg=255 erase_cnt=2 (vpc/ipc reset)
[EXP] [ERASE] ch=1 lun=6 pl=0 blk=105 pg=255 erase_cnt=2 (vpc/ipc reset)
[EXP] [ERASE] ch=1 lun=7 pl=0 blk=105 pg=255 erase_cnt=2 (vpc/ipc reset)
[EXP] [ERASE] ch=2 lun=0 pl=0 blk=105 pg=255 erase_cnt=2 (vpc/ipc reset)
[EXP] [ERASE] ch=2 lun=1 pl=0 blk=105 pg=255 erase_cnt=2 (vpc/ipc reset)
[EXP] [ERASE] ch=2 lun=2 pl=0 blk=105 pg=255 erase_cnt=2 (vpc/ipc reset)
[EXP] [ERASE] ch=2 lun=3 pl=0 blk=105 pg=255 erase_cnt=2 (vpc/ipc reset)
[EXP] [ERASE] ch=2 lun=4 pl=0 blk=105 pg=255 erase_cnt=2 (vpc/ipc reset)
[EXP] [ERASE] ch=2 lun=5 pl=0 blk=105 pg=255 erase_cnt=2 (vpc/ipc reset)
[EXP] [ERASE] ch=2 lun=6 pl=0 blk=105 pg=255 erase_cnt=2 (vpc/ipc reset)
[EXP] [ERASE] ch=2 lun=7 pl=0 blk=105 pg=255 erase_cnt=2 (vpc/ipc reset)
[EXP] [ERASE] ch=3 lun=0 pl=0 blk=105 pg=255 erase_cnt=2 (vpc/ipc reset)
[EXP] [ERASE] ch=3 lun=1 pl=0 blk=105 pg=255 erase_cnt=2 (vpc/ipc reset)
[EXP] [ERASE] ch=3 lun=2 pl=0 blk=105 pg=255 erase_cnt=2 (vpc/ipc reset)
[EXP] [ERASE] ch=3 lun=3 pl=0 blk=105 pg=255 erase_cnt=2 (vpc/ipc reset)
[EXP] [ERASE] ch=3 lun=4 pl=0 blk=105 pg=255 erase_cnt=2 (vpc/ipc reset)
[EXP] [ERASE] ch=3 lun=5 pl=0 blk=105 pg=255 erase_cnt=2 (vpc/ipc reset)
[EXP] [ERASE] ch=3 lun=6 pl=0 blk=105 pg=255 erase_cnt=2 (vpc/ipc reset)
[EXP] [ERASE] ch=3 lun=7 pl=0 blk=105 pg=255 erase_cnt=2 (vpc/ipc reset)
[EXP] [ERASE] ch=4 lun=0 pl=0 blk=105 pg=255 erase_cnt=2 (vpc/ipc reset)
[EXP] [ERASE] ch=4 lun=1 pl=0 blk=105 pg=255 erase_cnt=2 (vpc/ipc reset)
[EXP] [ERASE] ch=4 lun=2 pl=0 blk=105 pg=255 erase_cnt=2 (vpc/ipc reset)
[EXP] [ERASE] ch=4 lun=3 pl=0 blk=105 pg=255 erase_cnt=2 (vpc/ipc reset)
[EXP] [ERASE] ch=4 lun=4 pl=0 blk=105 pg=255 erase_cnt=2 (vpc/ipc reset)
[EXP] [GC_MOVE] lpn=0 ch=4 lun=5 pl=0 blk=105 pg=10 -> ch=5 lun=0 pl=0 blk=106 pg=6
[EXP] [ERASE] ch=4 lun=5 pl=0 blk=105 pg=255 erase_cnt=2 (vpc/ipc reset)
[EXP] [ERASE] ch=4 lun=6 pl=0 blk=105 pg=255 erase_cnt=2 (vpc/ipc reset)
[EXP] [ERASE] ch=4 lun=7 pl=0 blk=105 pg=255 erase_cnt=2 (vpc/ipc reset)
[EXP] [ERASE] ch=5 lun=0 pl=0 blk=105 pg=255 erase_cnt=2 (vpc/ipc reset)
[EXP] [ERASE] ch=5 lun=1 pl=0 blk=105 pg=255 erase_cnt=2 (vpc/ipc reset)
[EXP] [ERASE] ch=5 lun=2 pl=0 blk=105 pg=255 erase_cnt=2 (vpc/ipc reset)
[EXP] [ERASE] ch=5 lun=3 pl=0 blk=105 pg=255 erase_cnt=2 (vpc/ipc reset)
[EXP] [ERASE] ch=5 lun=4 pl=0 blk=105 pg=255 erase_cnt=2 (vpc/ipc reset)
[EXP] [ERASE] ch=5 lun=5 pl=0 blk=105 pg=255 erase_cnt=2 (vpc/ipc reset)
[EXP] [ERASE] ch=5 lun=6 pl=0 blk=105 pg=255 erase_cnt=2 (vpc/ipc reset)
[EXP] [ERASE] ch=5 lun=7 pl=0 blk=105 pg=255 erase_cnt=2 (vpc/ipc reset)
[EXP] [ERASE] ch=6 lun=0 pl=0 blk=105 pg=255 erase_cnt=2 (vpc/ipc reset)
[EXP] [ERASE] ch=6 lun=1 pl=0 blk=105 pg=255 erase_cnt=2 (vpc/ipc reset)
[EXP] [ERASE] ch=6 lun=2 pl=0 blk=105 pg=255 erase_cnt=2 (vpc/ipc reset)
[EXP] [ERASE] ch=6 lun=3 pl=0 blk=105 pg=255 erase_cnt=2 (vpc/ipc reset)
[EXP] [ERASE] ch=6 lun=4 pl=0 blk=105 pg=255 erase_cnt=2 (vpc/ipc reset)
[EXP] [ERASE] ch=6 lun=5 pl=0 blk=105 pg=255 erase_cnt=2 (vpc/ipc reset)
[EXP] [ERASE] ch=6 lun=6 pl=0 blk=105 pg=255 erase_cnt=2 (vpc/ipc reset)
[EXP] [ERASE] ch=6 lun=7 pl=0 blk=105 pg=255 erase_cnt=2 (vpc/ipc reset)
[EXP] [ERASE] ch=7 lun=0 pl=0 blk=105 pg=255 erase_cnt=2 (vpc/ipc reset)
[EXP] [ERASE] ch=7 lun=1 pl=0 blk=105 pg=255 erase_cnt=2 (vpc/ipc reset)
[EXP] [ERASE] ch=7 lun=2 pl=0 blk=105 pg=255 erase_cnt=2 (vpc/ipc reset)
[EXP] [ERASE] ch=7 lun=3 pl=0 blk=105 pg=255 erase_cnt=2 (vpc/ipc reset)
[EXP] [ERASE] ch=7 lun=4 pl=0 blk=105 pg=255 erase_cnt=2 (vpc/ipc reset)
[EXP] [ERASE] ch=7 lun=5 pl=0 blk=105 pg=255 erase_cnt=2 (vpc/ipc reset)
[EXP] [ERASE] ch=7 lun=6 pl=0 blk=105 pg=255 erase_cnt=2 (vpc/ipc reset)
[EXP] [ERASE] ch=7 lun=7 pl=0 blk=105 pg=255 erase_cnt=2 (vpc/ipc reset)
