-device femu,devsz_mb=6144,namespaces=1,femu_mode=1,secsz=512,secs_per_pg=8,pgs_per_blk=256,blks_per_pl=128,pls_per_lun=1,luns_per_ch=8,nchs=8,pg_rd_lat=40000,pg_wr_lat=200000,blk_er_lat=2000000,ch_xfer_lat=0,gc_thres_pcent=75,gc_thres_pcent_high=95
[FEMU] FTL-Log: LPN metadata: entries=2097152 entry_size=32 total=64 MiB T_fast=1024 T_slow=4096 R=1
[FEMU] FTL-Log: Write pointers: hot_line=64 cold_line=0 free=126 hot_free=63 cold_free=63
c[?7l[2J[0mSeaBIOS (version rel-1.17.0-0-gb52ca86e094d-prebuilt.qemu.org)


iPXE (http://ipxe.org) 00:03.0 CA00 PCI2.10 PnP PMM+BEFD1D20+BEF31D20 CA00
Press Ctrl-B to configure iPXE (PCI 00:03.0)...                                                                               


Booting from Hard Disk...
[H[J[1;1H[?25l[m[H[J[1;1H[2;30HGNU GRUB  version 2.04

[m[4;2H+----------------------------------------------------------------------------+[5;2H|[5;79H|[6;2H|[6;79H|[7;2H|[7;79H|[8;2H|[8;79H|[9;2H|[9;79H|[10;2H|[10;79H|[11;2H|[11;79H|[12;2H|[12;79H|[13;2H|[13;79H|[14;2H|[14;79H|[15;2H|[15;79H|[16;2H|[16;79H|[17;2H+----------------------------------------------------------------------------+[m[18;2H[19;2H[m     Use the ^ and v keys to select which entry is highlighted.          
      Press enter to boot the selected OS, `e' to edit the commands       
      before booting or `c' for a command-line.                           [5;80H [7m[5;3H*Ubuntu, with Linux 5.4.0-64-generic                                        [m[5;78H[m[m[6;3H                                                                            [m[6;78H[m[m[7;3H                                                                            [m[7;78H[m[m[8;3H                                                                            [m[8;78H[m[m[9;3H                                                                            [m[9;78H[m[m[10;3H                                                                            [m[10;78H[m[m[11;3H                                                                            [m[11;78H[m[m[12;3H                                                                            [m[12;78H[m[m[13;3H                                                                            [m[13;78H[m[m[14;3H                                                                            [m[14;78H[m[m[15;3H                                                                            [m[15;78H[m[m[16;3H                                                                            [m[16;78H[m[16;80H [5;78H[22;1H   The highlighted entry will be executed automatically in 3s.                 [5;78H[22;1H   The highlighted entry will be executed automatically in 2s.                 [5;78H[22;1H   The highlighted entry will be executed automatically in 1s.                 [5;78H[22;1H   The highlighted entry will be executed automatically in 0s.                 [5;78H[?25h[H[J[1;1H[H[J[1;1HLoading Linux 5.4.0-64-generic ...
Loading initial ramdisk ...
[    0.000000] Linux version 5.4.0-64-generic (buildd@lcy01-amd64-021) (gcc version 9.3.0 (Ubuntu 9.3.0-17ubuntu1~20.04)) #72-Ubuntu SMP Fri Jan 15 10:27:54 UTC 2021 (Ubuntu 5.4.0-64.72-generic 5.4.78)
[    0.000000] Command line: BOOT_IMAGE=/boot/vmlinuz-5.4.0-64-generic root=UUID=66add23f-3d34-46f1-a540-ebfdd268827e ro ip=dhcp console=ttyS0,115200 console=tty console=ttyS0 text
[    0.000000] KERNEL supported cpus:
[    0.000000]   Intel GenuineIntel
[    0.000000]   AMD AuthenticAMD
[    0.000000]   Hygon HygonGenuine
[    0.000000]   Centaur CentaurHauls
[    0.000000]   zhaoxin   Shanghai  
[    0.000000] x86/fpu: Supporting XSAVE feature 0x001: 'x87 floating point registers'
[    0.000000] x86/fpu: Supporting XSAVE feature 0x002: 'SSE registers'
[    0.000000] x86/fpu: Supporting XSAVE feature 0x004: 'AVX registers'
[    0.000000] x86/fpu: xstate_offset[2]:  576, xstate_sizes[2]:  256
[    0.000000] x86/fpu: Enabled xstate features 0x7, context size is 832 bytes, using 'compacted' format.
[    0.000000] BIOS-provided physical RAM map:
[    0.000000] BIOS-e820: [mem 0x0000000000000000-0x000000000009fbff] usable
[    0.000000] BIOS-e820: [mem 0x000000000009fc00-0x000000000009ffff] reserved
[    0.000000] BIOS-e820: [mem 0x00000000000f0000-0x00000000000fffff] reserved
[    0.000000] BIOS-e820: [mem 0x0000000000100000-0x00000000bffdcfff] usable
[    0.000000] BIOS-e820: [mem 0x00000000bffdd000-0x00000000bfffffff] reserved
[    0.000000] BIOS-e820: [mem 0x00000000feffc000-0x00000000feffffff] reserved
[    0.000000] BIOS-e820: [mem 0x00000000fffc0000-0x00000000ffffffff] reserved
[    0.000000] BIOS-e820: [mem 0x0000000100000000-0x000000013fffffff] usable
[    0.000000] NX (Execute Disable) protection: active
[    0.000000] SMBIOS 2.8 present.
[    0.000000] DMI: QEMU Standard PC (i440FX + PIIX, 1996), BIOS rel-1.17.0-0-gb52ca86e094d-prebuilt.qemu.org 04/01/2014
[    0.000000] Hypervisor detected: KVM
[    0.000000] kvm-clock: Using msrs 4b564d01 and 4b564d00
[    0.000000] kvm-clock: cpu 0, msr 16801001, primary cpu clock
[    0.000000] kvm-clock: using sched offset of 9126316071 cycles
[    0.000003] clocksource: kvm-clock: mask: 0xffffffffffffffff max_cycles: 0x1cd42e4dffb, max_idle_ns: 881590591483 ns
[    0.000005] tsc: Detected 2995.202 MHz processor
[    0.002520] last_pfn = 0x140000 max_arch_pfn = 0x400000000
[    0.003107] x86/PAT: Configuration [0-7]: WB  WC  UC- UC  WB  WP  UC- WT  
[    0.003181] last_pfn = 0xbffdd max_arch_pfn = 0x400000000
[    0.008041] found SMP MP-table at [mem 0x000f54b0-0x000f54bf]
[    0.008444] check: Scanning 1 areas for low memory corruption
[    0.008831] Using GB pages for direct mapping
[    0.010461] RAMDISK: [mem 0x2d173000-0x328b0fff]
[    0.010615] ACPI: Early table checksum verification disabled
[    0.010679] ACPI: RSDP 0x00000000000F52B0 000014 (v00 BOCHS )
[    0.010701] ACPI: RSDT 0x00000000BFFE2458 000034 (v01 BOCHS  BXPC     00000001 BXPC 00000001)
[    0.010729] ACPI: FACP 0x00000000BFFE22F4 000074 (v01 BOCHS  BXPC     00000001 BXPC 00000001)
[    0.010747] ACPI: DSDT 0x00000000BFFE0040 0022B4 (v01 BOCHS  BXPC     00000001 BXPC 00000001)
[    0.010755] ACPI: FACS 0x00000000BFFE0000 000040
[    0.010758] ACPI: APIC 0x00000000BFFE2368 000090 (v03 BOCHS  BXPC     00000001 BXPC 00000001)
[    0.010762] ACPI: HPET 0x00000000BFFE23F8 000038 (v01 BOCHS  BXPC     00000001 BXPC 00000001)
[    0.010765] ACPI: WAET 0x00000000BFFE2430 000028 (v01 BOCHS  BXPC     00000001 BXPC 00000001)
[    0.011790] No NUMA configuration found
[    0.011792] Faking a node at [mem 0x0000000000000000-0x000000013fffffff]
[    0.011801] NODE_DATA(0) allocated [mem 0x13ffd3000-0x13fffdfff]
[    0.012920] Zone ranges:
[    0.012925]   DMA      [mem 0x0000000000001000-0x0000000000ffffff]
[    0.012927]   DMA32    [mem 0x0000000001000000-0x00000000ffffffff]
[    0.012928]   Normal   [mem 0x0000000100000000-0x000000013fffffff]
[    0.012929]   Device   empty
[    0.012930] Movable zone start for each node
[    0.012932] Early memory node ranges
[    0.012933]   node   0: [mem 0x0000000000001000-0x000000000009efff]
[    0.012934]   node   0: [mem 0x0000000000100000-0x00000000bffdcfff]
[    0.012935]   node   0: [mem 0x0000000100000000-0x000000013fffffff]
[    0.014560] Zeroed struct page in unavailable ranges: 133 pages
[    0.014563] Initmem setup node 0 [mem 0x0000000000001000-0x000000013fffffff]
[    0.057089] ACPI: PM-Timer IO Port: 0x608
[    0.057166] ACPI: LAPIC_NMI (acpi_id[0xff] dfl dfl lint[0x1])
[    0.057304] IOAPIC[0]: apic_id 0, version 17, address 0xfec00000, GSI 0-23
[    0.057307] ACPI: INT_SRC_OVR (bus 0 bus_irq 0 global_irq 2 dfl dfl)
[    0.057312] ACPI: INT_SRC_OVR (bus 0 bus_irq 5 global_irq 5 high level)
[    0.057313] ACPI: INT_SRC_OVR (bus 0 bus_irq 9 global_irq 9 high level)
[    0.057316] ACPI: INT_SRC_OVR (bus 0 bus_irq 10 global_irq 10 high level)
[    0.057316] ACPI: INT_SRC_OVR (bus 0 bus_irq 11 global_irq 11 high level)
[    0.057320] Using ACPI (MADT) for SMP configuration information
[    0.057324] ACPI: HPET id: 0x8086a201 base: 0xfed00000
[    0.057336] TSC deadline timer available
[    0.057353] smpboot: Allowing 4 CPUs, 0 hotplug CPUs
[    0.057448] KVM setup pv sched yield
[    0.057462] PM: Registered nosave memory: [mem 0x00000000-0x00000fff]
[    0.057464] PM: Registered nosave memory: [mem 0x0009f000-0x0009ffff]
[    0.057464] PM: Registered nosave memory: [mem 0x000a0000-0x000effff]
[    0.057465] PM: Registered nosave memory: [mem 0x000f0000-0x000fffff]
[    0.057465] PM: Registered nosave memory: [mem 0xbffdd000-0xbfffffff]
[    0.057466] PM: Registered nosave memory: [mem 0xc0000000-0xfeffbfff]
[    0.057466] PM: Registered nosave memory: [mem 0xfeffc000-0xfeffffff]
[    0.057467] PM: Registered nosave memory: [mem 0xff000000-0xfffbffff]
[    0.057467] PM: Registered nosave memory: [mem 0xfffc0000-0xffffffff]
[    0.057469] [mem 0xc0000000-0xfeffbfff] available for PCI devices
[    0.057485] Booting paravirtualized kernel on KVM
[    0.057488] clocksource: refined-jiffies: mask: 0xffffffff max_cycles: 0xffffffff, max_idle_ns: 7645519600211568 ns
[    0.057492] setup_percpu: NR_CPUS:8192 nr_cpumask_bits:4 nr_cpu_ids:4 nr_node_ids:1
[    0.059036] percpu: Embedded 55 pages/cpu s188416 r8192 d28672 u524288
[    0.059091] KVM setup async PF for cpu 0
[    0.059109] kvm-stealtime: cpu 0, msr 13ba2d040
[    0.059122] PV qspinlock hash table entries: 256 (order: 0, 4096 bytes, linear)
[    0.059142] Built 1 zonelists, mobility grouping on.  Total pages: 1032038
[    0.059143] Policy zone: Normal
[    0.059145] Kernel command line: BOOT_IMAGE=/boot/vmlinuz-5.4.0-64-generic root=UUID=66add23f-3d34-46f1-a540-ebfdd268827e ro ip=dhcp console=ttyS0,115200 console=tty console=ttyS0 text
[    0.060634] Dentry cache hash table entries: 524288 (order: 10, 4194304 bytes, linear)
[    0.065472] Inode-cache hash table entries: 262144 (order: 9, 2097152 bytes, linear)
[    0.065662] mem auto-init: stack:off, heap alloc:on, heap free:off
[    0.091444] Memory: 3932816K/4193772K available (14339K kernel code, 2399K rwdata, 4960K rodata, 2724K init, 4980K bss, 260956K reserved, 0K cma-reserved)
[    0.091484] random: get_random_u64 called from kmem_cache_open+0x2d/0x410 with crng_init=0
[    0.092501] SLUB: HWalign=64, Order=0-3, MinObjects=0, CPUs=4, Nodes=1
[    0.092517] ftrace: allocating 44555 entries in 175 pages
[    0.109385] rcu: Hierarchical RCU implementation.
[    0.109389] rcu: 	RCU restricting CPUs from NR_CPUS=8192 to nr_cpu_ids=4.
[    0.109390] 	Tasks RCU enabled.
[    0.109390] rcu: RCU calculated value of scheduler-enlistment delay is 25 jiffies.
[    0.109391] rcu: Adjusting geometry for rcu_fanout_leaf=16, nr_cpu_ids=4
[    0.110989] NR_IRQS: 524544, nr_irqs: 456, preallocated irqs: 16
[    0.111377] random: crng done (trusting CPU's manufacturer)
[    0.153652] Console: colour VGA+ 80x25
[    0.239190] printk: console [tty0] enabled
[    0.574776] printk: console [ttyS0] enabled
[    0.578369] ACPI: Core revision 20190816
[    0.581850] clocksource: hpet: mask: 0xffffffff max_cycles: 0xffffffff, max_idle_ns: 19112604467 ns
[    0.588055] APIC: Switch to symmetric I/O mode setup
[    0.592378] x2apic enabled
[    0.595414] Switched APIC routing to physical x2apic.
[    0.598455] KVM setup pv IPIs
[    0.605106] ..TIMER: vector=0x30 apic1=0 pin1=2 apic2=-1 pin2=-1
[    0.609621] clocksource: tsc-early: mask: 0xffffffffffffffff max_cycles: 0x2b2c909a7c7, max_idle_ns: 440795208498 ns
[    0.615172] Calibrating delay loop (skipped) preset value.. 5990.40 BogoMIPS (lpj=11980808)
[    0.619201] pid_max: default: 32768 minimum: 301
[    0.623988] LSM: Security Framework initializing
[    0.627362] Yama: becoming mindful.
[    0.630175] AppArmor: AppArmor initialized
[    0.631585] Mount-cache hash table entries: 8192 (order: 4, 65536 bytes, linear)
[    0.635276] Mountpoint-cache hash table entries: 8192 (order: 4, 65536 bytes, linear)
[    0.639589] *** VALIDATE tmpfs ***
[    0.643418] *** VALIDATE proc ***
[    0.645804] *** VALIDATE cgroup1 ***
[    0.647208] *** VALIDATE cgroup2 ***
[    0.652066] x86/cpu: User Mode Instruction Prevention (UMIP) activated
[    0.655548] Last level iTLB entries: 4KB 0, 2MB 0, 4MB 0
[    0.659173] Last level dTLB entries: 4KB 0, 2MB 0, 4MB 0, 1GB 0
[    0.663207] Spectre V1 : Mitigation: usercopy/swapgs barriers and __user pointer sanitization
[    0.667193] Spectre V2 : Mitigation: Enhanced IBRS
[    0.670339] Spectre V2 : Spectre v2 / SpectreRSB mitigation: Filling RSB on context switch
[    0.671204] Spectre V2 : mitigation: Enabling conditional Indirect Branch Prediction Barrier
[    0.675183] Speculative Store Bypass: Mitigation: Speculative Store Bypass disabled via prctl and seccomp
[    0.680033] Freeing SMP alternatives memory: 40K
[    0.691594] smpboot: CPU0: Intel(R) Core(TM) Ultra 5 125H (family: 0x6, model: 0xaa, stepping: 0x4)
[    0.695440] Performance Events: unsupported p6 CPU model 170 no PMU driver, software events only.
[    0.699685] rcu: Hierarchical SRCU implementation.
[    0.704604] NMI watchdog: Perf NMI watchdog permanently disabled
[    0.707761] smp: Bringing up secondary CPUs ...
[    0.712657] x86: Booting SMP configuration:
[    0.715330] .... node  #0, CPUs:      #1
[    0.491859] kvm-clock: cpu 1, msr 16801041, secondary cpu clock
[    0.718915] KVM setup async PF for cpu 1
[    0.719153] kvm-stealtime: cpu 1, msr 13baad040
[    0.732663]  #2
[    0.491859] kvm-clock: cpu 2, msr 16801081, secondary cpu clock
[    0.738011] KVM setup async PF for cpu 2
[    0.739153] kvm-stealtime: cpu 2, msr 13bb2d040
[    0.747514]  #3
[    0.491859] kvm-clock: cpu 3, msr 168010c1, secondary cpu clock
[    0.751224] KVM setup async PF for cpu 3
[    0.755153] kvm-stealtime: cpu 3, msr 13bbad040
[    0.765170] smp: Brought up 1 node, 4 CPUs
[    0.767196] smpboot: Max logical packages: 1
[    0.769860] smpboot: Total of 4 processors activated (23961.61 BogoMIPS)
[    0.776419] devtmpfs: initialized
[    0.779792] x86/mm: Memory block size: 128MB
[    0.791185] clocksource: jiffies: mask: 0xffffffff max_cycles: 0xffffffff, max_idle_ns: 7645041785100000 ns
[    0.795377] futex hash table entries: 1024 (order: 4, 65536 bytes, linear)
[    0.799868] pinctrl core: initialized pinctrl subsystem
[    0.805966] PM: RTC time: 12:43:42, date: 2026-08-27
[    0.809787] NET: Registered protocol family 16
[    0.811853] audit: initializing netlink subsys (disabled)
[    0.815914] audit: type=2000 audit(1787834623.231:1): state=initialized audit_enabled=0 res=1
[    0.817372] EISA bus registered
[    0.822426] cpuidle: using governor ladder
[    0.823413] cpuidle: using governor menu
[    0.827719] KVM setup pv remote TLB flush
[    0.831257] ACPI: bus type PCI registered
[    0.835119] acpiphp: ACPI Hot Plug PCI Controller Driver version: 0.5
[    0.838767] PCI: Using configuration type 1 for base access
[    0.875802] HugeTLB registered 1.00 GiB page size, pre-allocated 0 pages
[    0.879283] HugeTLB registered 2.00 MiB page size, pre-allocated 0 pages
[    0.900402] ACPI: Added _OSI(Module Device)
[    0.903214] ACPI: Added _OSI(Processor Device)
[    0.904939] ACPI: Added _OSI(3.0 _SCP Extensions)
[    0.907226] ACPI: Added _OSI(Processor Aggregator Device)
[    0.919275] ACPI: Added _OSI(Linux-Dell-Video)
[    0.922990] ACPI: Added _OSI(Linux-Lenovo-NV-HDMI-Audio)
[    0.927195] ACPI: Added _OSI(Linux-HPI-Hybrid-Graphics)
[    0.931916] ACPI: 1 ACPI AML tables successfully acquired and loaded
[    0.937915] ACPI: Interpreter enabled
[    0.939276] ACPI: (supports S0 S3 S4 S5)
[    0.942089] ACPI: Using IOAPIC for interrupt routing
[    0.943574] PCI: Using host bridge windows from ACPI; if necessary, use "pci=nocrs" and report a bug
[    0.951448] ACPI: Enabled 2 GPEs in block 00 to 0F
[    0.960740] ACPI: PCI Root Bridge [PCI0] (domain 0000 [bus 00-ff])
[    0.963267] acpi PNP0A03:00: _OSC: OS supports [ASPM ClockPM Segments MSI HPX-Type3]
[    0.971497] acpi PNP0A03:00: fail to add MMCONFIG information, can't access extended PCI configuration space under this bridge.
[    0.975945] acpiphp: Slot [3] registered
[    0.978503] acpiphp: Slot [4] registered
[    0.983473] acpiphp: Slot [5] registered
[    0.987043] acpiphp: Slot [6] registered
[    0.987667] acpiphp: Slot [7] registered
[    0.989820] acpiphp: Slot [8] registered
[    0.991896] acpiphp: Slot [9] registered
[    0.994733] acpiphp: Slot [10] registered
[    0.995418] acpiphp: Slot [11] registered
[    0.998870] acpiphp: Slot [12] registered
[    1.003743] acpiphp: Slot [13] registered
[    1.006032] acpiphp: Slot [14] registered
[    1.007439] acpiphp: Slot [15] registered
[    1.010447] acpiphp: Slot [16] registered
[    1.015350] acpiphp: Slot [17] registered
[    1.017747] acpiphp: Slot [18] registered
[    1.019399] acpiphp: Slot [19] registered
[    1.021725] acpiphp: Slot [20] registered
[    1.024041] acpiphp: Slot [21] registered
[    1.027071] acpiphp: Slot [22] registered
[    1.031422] acpiphp: Slot [23] registered
[    1.035399] acpiphp: Slot [24] registered
[    1.039796] acpiphp: Slot [25] registered
[    1.042958] acpiphp: Slot [26] registered
[    1.044085] acpiphp: Slot [27] registered
[    1.047917] acpiphp: Slot [28] registered
[    1.051946] acpiphp: Slot [29] registered
[    1.055005] acpiphp: Slot [30] registered
[    1.060816] acpiphp: Slot [31] registered
[    1.063726] PCI host bridge to bus 0000:00
[    1.071404] pci_bus 0000:00: root bus resource [io  0x0000-0x0cf7 window]
[    1.075243] pci_bus 0000:00: root bus resource [io  0x0d00-0xffff window]
[    1.079297] pci_bus 0000:00: root bus resource [mem 0x000a0000-0x000bffff window]
[    1.083257] pci_bus 0000:00: root bus resource [mem 0xc0000000-0xfebfffff window]
[    1.091231] pci_bus 0000:00: root bus resource [mem 0xe0000000000-0xe007fffffff window]
[    1.095745] pci_bus 0000:00: root bus resource [bus 00-ff]
[    1.103785] pci 0000:00:00.0: [8086:1237] type 00 class 0x060000
[    1.112795] pci 0000:00:01.0: [8086:7000] type 00 class 0x060100
[    1.126608] pci 0000:00:01.1: [8086:7010] type 00 class 0x010180
[    1.144016] pci 0000:00:01.1: reg 0x20: [io  0xc060-0xc06f]
[    1.162131] pci 0000:00:01.1: legacy IDE quirk: reg 0x10: [io  0x01f0-0x01f7]
[    1.175369] pci 0000:00:01.1: legacy IDE quirk: reg 0x14: [io  0x03f6]
[    1.183255] pci 0000:00:01.1: legacy IDE quirk: reg 0x18: [io  0x0170-0x0177]
[    1.195298] pci 0000:00:01.1: legacy IDE quirk: reg 0x1c: [io  0x0376]
[    1.205055] pci 0000:00:01.3: [8086:7113] type 00 class 0x068000
[    1.213684] pci 0000:00:01.3: quirk: [io  0x0600-0x063f] claimed by PIIX4 ACPI
[    1.223471] pci 0000:00:01.3: quirk: [io  0x0700-0x070f] claimed by PIIX4 SMB
[    1.232012] pci 0000:00:01.3: quirk_piix4_acpi+0x0/0x170 took 19531 usecs
[    1.248213] pci 0000:00:02.0: [1234:1111] type 00 class 0x030000
[    1.255434] pci 0000:00:02.0: reg 0x10: [mem 0xfd000000-0xfdffffff pref]
[    1.274869] pci 0000:00:02.0: reg 0x18: [mem 0xfebd0000-0xfebd0fff]
[    1.289689] pci 0000:00:02.0: reg 0x30: [mem 0xfebc0000-0xfebcffff pref]
[    1.294149] pci 0000:00:03.0: [1af4:1000] type 00 class 0x020000
[    1.302463] pci 0000:00:03.0: reg 0x10: [io  0xc040-0xc05f]
[    1.306489] pci 0000:00:03.0: reg 0x14: [mem 0xfebd1000-0xfebd1fff]
[    1.325153] pci 0000:00:03.0: reg 0x20: [mem 0xe0040000000-0xe0040003fff 64bit pref]
[    1.332248] pci 0000:00:03.0: reg 0x30: [mem 0xfeb80000-0xfebbffff pref]
[    1.339288] pci 0000:00:04.0: [1af4:1004] type 00 class 0x010000
[    1.343836] pci 0000:00:04.0: reg 0x10: [io  0xc000-0xc03f]
[    1.351841] pci 0000:00:04.0: reg 0x14: [mem 0xfebd2000-0xfebd2fff]
[    1.375732] pci 0000:00:04.0: reg 0x20: [mem 0xe0040004000-0xe0040007fff 64bit pref]
[    1.391153] pci 0000:00:05.0: [1d1d:1f1f] type 00 class 0x010802
[    1.401006] pci 0000:00:05.0: reg 0x10: [mem 0xe0000000000-0xe0000001fff 64bit]
[    1.409274] pci 0000:00:05.0: reg 0x20: [mem 0xfebd3000-0xfebd3fff]
[    1.413178] pci 0000:00:05.0: enabling Extended Tags
[    1.456161] ACPI: PCI Interrupt Link [LNKA] (IRQs 5 *10 11)
[    1.458475] ACPI: PCI Interrupt Link [LNKB] (IRQs 5 *10 11)
[    1.463313] ACPI: PCI Interrupt Link [LNKC] (IRQs 5 10 *11)
[    1.466406] ACPI: PCI Interrupt Link [LNKD] (IRQs 5 10 *11)
[    1.471266] ACPI: PCI Interrupt Link [LNKS] (IRQs *9)
[    1.474086] iommu: Default domain type: Translated 
[    1.475392] SCSI subsystem initialized
[    1.479268] pci 0000:00:02.0: vgaarb: setting as boot VGA device
[    1.483153] pci 0000:00:02.0: vgaarb: VGA device added: decodes=io+mem,owns=io+mem,locks=none
[    1.491168] pci 0000:00:02.0: vgaarb: bridge control possible
[    1.493608] vgaarb: loaded
[    1.494940] ACPI: bus type USB registered
[    1.495184] usbcore: registered new interface driver usbfs
[    1.498181] usbcore: registered new interface driver hub
[    1.503473] usbcore: registered new device driver usb
[    1.505973] pps_core: LinuxPPS API ver. 1 registered
[    1.507162] pps_core: Software ver. 5.3.6 - Copyright 2005-2007 Rodolfo Giometti <giometti@linux.it>
[    1.511170] PTP clock support registered
[    1.515251] EDAC MC: Ver: 3.0.0
[    1.515576] PCI: Using ACPI for IRQ routing
[    1.519676] NetLabel: Initializing
[    1.521889] NetLabel:  domain hash size = 128
[    1.523162] NetLabel:  protocols = UNLABELED CIPSOv4 CALIPSO
[    1.525341] NetLabel:  unlabeled traffic allowed by default
[    1.532541] hpet0: at MMIO 0xfed00000, IRQs 2, 8, 0
[    1.535162] hpet0: 3 comparators, 64-bit 100.000000 MHz counter
[    1.540348] clocksource: Switched to clocksource kvm-clock
[    1.553940] *** VALIDATE bpf ***
[    1.555630] VFS: Disk quotas dquot_6.6.0
[    1.557392] VFS: Dquot-cache hash table entries: 512 (order 0, 4096 bytes)
[    1.560630] *** VALIDATE ramfs ***
[    1.562590] *** VALIDATE hugetlbfs ***
[    1.565764] AppArmor: AppArmor Filesystem Enabled
[    1.568683] pnp: PnP ACPI init
[    1.571031] pnp: PnP ACPI: found 6 devices
[    1.576745] thermal_sys: Registered thermal governor 'fair_share'
[    1.576746] thermal_sys: Registered thermal governor 'bang_bang'
[    1.583450] thermal_sys: Registered thermal governor 'step_wise'
[    1.589384] thermal_sys: Registered thermal governor 'user_space'
[    1.592134] thermal_sys: Registered thermal governor 'power_allocator'
[    1.599885] clocksource: acpi_pm: mask: 0xffffff max_cycles: 0xffffff, max_idle_ns: 2085701024 ns
[    1.606192] pci_bus 0000:00: resource 4 [io  0x0000-0x0cf7 window]
[    1.609298] pci_bus 0000:00: resource 5 [io  0x0d00-0xffff window]
[    1.612512] pci_bus 0000:00: resource 6 [mem 0x000a0000-0x000bffff window]
[    1.616054] pci_bus 0000:00: resource 7 [mem 0xc0000000-0xfebfffff window]
[    1.619146] pci_bus 0000:00: resource 8 [mem 0xe0000000000-0xe007fffffff window]
[    1.622954] NET: Registered protocol family 2
[    1.624921] tcp_listen_portaddr_hash hash table entries: 2048 (order: 3, 32768 bytes, linear)
[    1.629857] TCP established hash table entries: 32768 (order: 6, 262144 bytes, linear)
[    1.634476] TCP bind hash table entries: 32768 (order: 7, 524288 bytes, linear)
[    1.637605] TCP: Hash tables configured (established 32768 bind 32768)
[    1.641746] UDP hash table entries: 2048 (order: 4, 65536 bytes, linear)
[    1.645278] UDP-Lite hash table entries: 2048 (order: 4, 65536 bytes, linear)
[    1.649029] NET: Registered protocol family 1
[    1.652068] NET: Registered protocol family 44
[    1.654512] pci 0000:00:01.0: PIIX3: Enabling Passive Release
[    1.664409] pci 0000:00:00.0: Limiting direct PCI/PCI transfers
[    1.666306] pci 0000:00:01.0: Activating ISA DMA hang workarounds
[    1.668928] pci 0000:00:02.0: Video device with shadowed ROM at [mem 0x000c0000-0x000dffff]
[    1.672433] PCI: CLS 0 bytes, default 64
[    1.681870] Trying to unpack rootfs image as initramfs...
[    1.948578] Freeing initrd memory: 89336K
[    1.950256] PCI-DMA: Using software bounce buffering for IO (SWIOTLB)
[    1.952983] software IO TLB: mapped [mem 0xbbfdd000-0xbffdd000] (64MB)
[    1.955241] clocksource: tsc: mask: 0xffffffffffffffff max_cycles: 0x2b2c909a7c7, max_idle_ns: 440795208498 ns
[    1.960876] check: Scanning for low memory corruption every 60 seconds
[    1.965211] Initialise system trusted keyrings
[    1.969670] Key type blacklist registered
[    1.973359] workingset: timestamp_bits=36 max_order=20 bucket_order=0
[    1.978075] zbud: loaded
[    1.981182] squashfs: version 4.0 (2009/01/31) Phillip Lougher
[    1.992230] fuse: init (API version 7.31)
[    1.995915] *** VALIDATE fuse ***
[    1.997556] *** VALIDATE fuse ***
[    1.999134] Platform Keyring initialized
[    2.002920] Key type asymmetric registered
[    2.004556] Asymmetric key parser 'x509' registered
[    2.007049] Block layer SCSI generic (bsg) driver version 0.4 loaded (major 244)
[    2.011878] io scheduler mq-deadline registered
[    2.014959] shpchp: Standard Hot Plug PCI Controller Driver version: 0.4
[    2.021063] input: Power Button as /devices/LNXSYSTM:00/LNXPWRBN:00/input/input0
[    2.025997] ACPI: Power Button [PWRF]
[    2.030328] PCI Interrupt Link [LNKC] enabled at IRQ 11
[    2.036538] PCI Interrupt Link [LNKD] enabled at IRQ 10
[    2.042077] Serial: 8250/16550 driver, 32 ports, IRQ sharing enabled
[    2.074793] 00:04: ttyS0 at I/O 0x3f8 (irq = 4, base_baud = 115200) is a 16550A
[    2.085343] Linux agpgart interface v0.103
[    2.090535] loop: module loaded
[    2.096104] scsi host0: ata_piix
[    2.097639] scsi host1: ata_piix
[    2.100267] ata1: PATA max MWDMA2 cmd 0x1f0 ctl 0x3f6 bmdma 0xc060 irq 14
[    2.104449] ata2: PATA max MWDMA2 cmd 0x170 ctl 0x376 bmdma 0xc068 irq 15
[    2.114407] libphy: Fixed MDIO Bus: probed
[    2.120128] tun: Universal TUN/TAP device driver, 1.6
[    2.125246] PPP generic driver version 2.4.2
[    2.127362] VFIO - User Level meta-driver version: 0.3
[    2.132604] ehci_hcd: USB 2.0 'Enhanced' Host Controller (EHCI) Driver
[    2.136154] ehci-pci: EHCI PCI platform driver
[    2.138318] ehci-platform: EHCI generic platform driver
[    2.140571] ohci_hcd: USB 1.1 'Open' Host Controller (OHCI) Driver
[    2.143435] ohci-pci: OHCI PCI platform driver
[    2.148157] ohci-platform: OHCI generic platform driver
[    2.150872] uhci_hcd: USB Universal Host Controller Interface driver
[    2.154633] i8042: PNP: PS/2 Controller [PNP0303:KBD,PNP0f13:MOU] at 0x60,0x64 irq 1,12
[    2.162651] serio: i8042 KBD port at 0x60,0x64 irq 1
[    2.166315] serio: i8042 AUX port at 0x60,0x64 irq 12
[    2.169523] mousedev: PS/2 mouse device common for all mice
[    2.173192] rtc_cmos 00:05: RTC can wake from S4
[    2.174358] input: AT Translated Set 2 keyboard as /devices/platform/i8042/serio0/input/input1
[    2.179147] rtc_cmos 00:05: registered as rtc0
[    2.185307] rtc_cmos 00:05: alarms up to one day, y3k, 242 bytes nvram, hpet irqs
[    2.188113] i2c /dev entries driver
[    2.191462] device-mapper: uevent: version 1.0.3
[    2.195020] device-mapper: ioctl: 4.41.0-ioctl (2019-09-16) initialised: dm-devel@redhat.com
[    2.197963] platform eisa.0: Probing EISA bus 0
[    2.199976] platform eisa.0: EISA: Cannot allocate resource for mainboard
[    2.202805] platform eisa.0: Cannot allocate resource for EISA slot 1
[    2.207379] platform eisa.0: Cannot allocate resource for EISA slot 2
[    2.210385] platform eisa.0: Cannot allocate resource for EISA slot 3
[    2.212849] platform eisa.0: Cannot allocate resource for EISA slot 4
[    2.215521] platform eisa.0: Cannot allocate resource for EISA slot 5
[    2.218087] platform eisa.0: Cannot allocate resource for EISA slot 6
[    2.221275] platform eisa.0: Cannot allocate resource for EISA slot 7
[    2.225302] platform eisa.0: Cannot allocate resource for EISA slot 8
[    2.228563] platform eisa.0: EISA: Detected 0 cards
[    2.230975] intel_pstate: CPU model not supported
[    2.233864] ledtrig-cpu: registered to indicate activity on CPUs
[    2.238021] drop_monitor: Initializing network drop monitor service
[    2.242478] NET: Registered protocol family 10
[    2.252462] Segment Routing with IPv6
[    2.254262] NET: Registered protocol family 17
[    2.256701] Key type dns_resolver registered
[    2.259954] RAS: Correctable Errors collector initialized.
[    2.262680] IPI shorthand broadcast: enabled
[    2.265652] sched_clock: Marking stable (1777545036, 487859580)->(2390484481, -125079865)
[    2.270474] registered taskstats version 1
[    2.274356] Loading compiled-in X.509 certificates
[    2.279403] Loaded X.509 cert 'Build time autogenerated kernel key: 7f1af841edfbf04e4b72462ffb6202c30b2da0bb'
[    2.284798] zswap: loaded using pool lzo/zbud
[    2.288423] Key type ._fscrypt registered
[    2.290681] Key type .fscrypt registered
[    2.299788] Key type big_key registered
[    2.303796] Key type encrypted registered
[    2.305280] AppArmor: AppArmor sha1 policy hashing enabled
[    2.308035] ima: No TPM chip found, activating TPM-bypass!
[    2.310648] ima: Allocated hash algorithm: sha1
[    2.313384] ima: No architecture policies found
[    2.316482] evm: Initialising EVM extended attributes:
[    2.318376] evm: security.selinux
[    2.320390] evm: security.SMACK64
[    2.321920] evm: security.SMACK64EXEC
[    2.323731] evm: security.SMACK64TRANSMUTE
[    2.325359] evm: security.SMACK64MMAP
[    2.327315] evm: security.apparmor
[    2.329255] evm: security.ima
[    2.330726] evm: security.capability
[    2.332408] evm: HMAC attrs: 0x1
[    2.334449] PM:   Magic number: 6:0:735
[    2.336535] rtc_cmos 00:05: setting system clock to 2026-08-27T12:43:44 UTC (1787834624)
[    2.346985] Freeing unused decrypted memory: 2040K
[    2.351285] Freeing unused kernel image memory: 2724K
[    2.367222] Write protecting the kernel read-only data: 22528k
[    2.371233] Freeing unused kernel image memory: 2008K
[    2.373800] Freeing unused kernel image memory: 1184K
[    2.381989] x86/mm: Checked W+X mappings: passed, no W+X pages found.
[    2.386853] Run /init as init process
Loading, please wait...
Starting version 245.4-4ubuntu3.2
[    2.436396] Floppy drive(s): fd0 is 2.88M AMI BIOS
[    2.440207] piix4_smbus 0000:00:01.3: SMBus Host Controller at 0x700, revision 0
[    2.450615] input: VirtualPS/2 VMware VMMouse as /devices/platform/i8042/serio1/input/input4
[    2.456946] input: VirtualPS/2 VMware VMMouse as /devices/platform/i8042/serio1/input/input3
[    2.464870] FDC 0 is a S82078B
[    2.469825] nvme nvme0: pci function 0000:00:05.0
[    2.473221] PCI Interrupt Link [LNKA] enabled at IRQ 10
[    2.477603] scsi host2: Virtio SCSI HBA
[    2.485092] cryptd: max_cpu_qlen set to 1000
[    2.490361] scsi 2:0:0:0: Direct-Access     QEMU     QEMU HARDDISK    2.5+ PQ: 0 ANSI: 5
[    2.490852] nvme nvme0: 4/0/0 default/read/poll queues
[    2.507138] AVX2 version of gcm_enc/dec engaged.
[    2.510118] AES CTR mode by8 optimization enabled
[    2.513381] virtio_net virtio0 ens3: renamed from eth0
[    2.521824] bochs-drm 0000:00:02.0: remove_conflicting_pci_framebuffers: bar 0: 0xfd000000 -> 0xfdffffff
[    2.531853] bochs-drm 0000:00:02.0: remove_conflicting_pci_framebuffers: bar 2: 0xfebd0000 -> 0xfebd0fff
[    2.545027] sd 2:0:0:0: Power-on or device reset occurred
[    2.545624] bochs-drm 0000:00:02.0: vgaarb: deactivate vga console
[    2.545709] sd 2:0:0:0: Attached scsi generic sg0 type 0
[    2.552390] sd 2:0:0:0: [sda] 167772160 512-byte logical blocks: (85.9 GB/80.0 GiB)
[    2.564568] sd 2:0:0:0: [sda] Write Protect is off
[    2.564983] sd 2:0:0:0: [sda] Write cache: enabled, read cache: enabled, supports DPO and FUA
[    2.569845] Console: switching to colour dummy device 80x25
[    2.578455] [drm] Found bochs VGA, ID 0xb0c5.
[    2.580260] [drm] Framebuffer size 16384 kB @ 0xfd000000, mmio @ 0xfebd0000.
[    2.585556] [TTM] Zone  kernel: Available graphics memory: 2015074 KiB
[    2.586534]  sda: sda1 sda2
[    2.588227] [TTM] Initializing pool allocator
[    2.591677] sd 2:0:0:0: [sda] Attached SCSI disk
[    2.593654] [TTM] Initializing DMA pool allocator
[    2.601650] [drm] Found EDID data blob.
[    2.603071] [drm] Initialized bochs-drm 1.0.0 20130925 for 0000:00:02.0 on minor 0
[    2.610182] fbcon: bochs-drmdrmfb (fb0) is primary device
[    2.632212] Console: switching to colour frame buffer device 160x50
[    2.641065] bochs-drm 0000:00:02.0: fb0: bochs-drmdrmfb frame buffer device
Begin: Loading essential drivers ... [    2.771243] raid6: avx2x4   gen() 28175 MB/s
[    2.819309] raid6: avx2x4   xor() 11438 MB/s
[    2.867280] raid6: avx2x2   gen() 25265 MB/s
[    2.915261] raid6: avx2x2   xor() 16801 MB/s
[    2.967229] raid6: avx2x1   gen() 22766 MB/s
[    3.015307] raid6: avx2x1   xor() 15785 MB/s
[    3.067243] raid6: sse2x4   gen() 17282 MB/s
[    3.119217] raid6: sse2x4   xor()  9465 MB/s
[    3.167248] raid6: sse2x2   gen() 16104 MB/s
[    3.215215] raid6: sse2x2   xor() 10564 MB/s
[    3.263368] raid6: sse2x1   gen() 12445 MB/s
[    3.311300] raid6: sse2x1   xor()  8874 MB/s
[    3.315506] raid6: using algorithm avx2x4 gen() 28175 MB/s
[    3.319608] raid6: .... xor() 11438 MB/s, rmw enabled
[    3.323265] raid6: using avx2x2 recovery algorithm
[    3.331490] xor: automatically using best checksumming function   avx       
[    3.335977] async_tx: api initialized (async)
done.
Begin: Running /scripts/init-premount ... done.
Begin: Mounting root file system ... Begin: Running /scripts/local-top ... done.
Begin: Running /scripts/local-premount ... [    3.407116] Btrfs loaded, crc32c=crc32c-intel
Scanning for Btrfs filesystems
[    3.487360] blk_update_request: I/O error, dev fd0, sector 0 op 0x0:(READ) flags 0x0 phys_seg 1 prio class 0
[    3.490691] floppy: error 10 while reading block 0
done.
Warning: fsck not present, so skipping root file system
[    3.546891] EXT4-fs (sda2): mounted filesystem with ordered data mode. Opts: (null)
done.
Begin: Running /scripts/local-bottom ... done.
Begin: Running /scripts/init-bottom ... Internet Systems Consortium DHCP Client 4.4.1
Copyright 2004-2018 Internet Systems Consortium.
All rights reserved.
For info, please visit https://www.isc.org/software/dhcp/

Listening on LPF/ens3/52:54:00:12:34:56
Sending on   LPF/ens3/52:54:00:12:34:56
Sending on   Socket/fallback
DHCPDISCOVER on ens3 to 255.255.255.255 port 67 interval 3 (xid=0x48816952)
DHCPOFFER of 10.0.2.15 from 10.0.2.2
DHCPREQUEST for 10.0.2.15 on ens3 to 255.255.255.255 port 67 (xid=0x52698148)
DHCPACK of 10.0.2.15 from 10.0.2.2 (xid=0x48816952)
bound to 10.0.2.15 -- renewal in 34230 seconds.
done.
[    3.818518] systemd[1]: Inserted module 'autofs4'
[    3.834080] systemd[1]: systemd 245.4-4ubuntu3.20 running in system mode. (+PAM +AUDIT +SELINUX +IMA +APPARMOR +SMACK +SYSVINIT +UTMP +LIBCRYPTSETUP +GCRYPT +GNUTLS +ACL +XZ +LZ4 +SECCOMP +BLKID +ELFUTILS +KMOD +IDN2 -IDN +PCRE2 default-hierarchy=hybrid)
[    3.846294] systemd[1]: Detected virtualization kvm.
[    3.851353] systemd[1]: Detected architecture x86-64.

Welcome to [1mUbuntu 20.04.1 LTS[0m!

[    3.878183] systemd[1]: Set hostname to <fvm>.
[    4.076477] systemd[1]: Created slice system-modprobe.slice.
[[0;32m  OK  [0m] Created slice [0;1;39msystem-modprobe.slice[0m.
[    4.084450] systemd[1]: Created slice system-serial\x2dgetty.slice.
[[0;32m  OK  [0m] Created slice [0;1;39msystem-serial\x2dgetty.slice[0m.
[    4.089367] systemd[1]: Created slice User and Session Slice.
[[0;32m  OK  [0m] Created slice [0;1;39mUser and Session Slice[0m.
[    4.095839] systemd[1]: Started Forward Password Requests to Wall Directory Watch.
[[0;32m  OK  [0m] Started [0;1;39mForward Password R…uests to Wall Directory Watch[0m.
[    4.102491] systemd[1]: Set up automount Arbitrary Executable File Formats File System Automount Point.
[[0;32m  OK  [0m] Set up automount [0;1;39mArbitrary…s File System Automount Point[0m.
[    4.111521] systemd[1]: Reached target User and Group Name Lookups.
[[0;32m  OK  [0m] Reached target [0;1;39mUser and Group Name Lookups[0m.
[    4.118162] systemd[1]: Reached target Slices.
[[0;32m  OK  [0m] Reached target [0;1;39mSlices[0m.
[    4.126058] systemd[1]: Listening on Device-mapper event daemon FIFOs.
[[0;32m  OK  [0m] Listening on [0;1;39mDevice-mapper event daemon FIFOs[0m.
[    4.133009] systemd[1]: Listening on LVM2 poll daemon socket.
[[0;32m  OK  [0m] Listening on [0;1;39mLVM2 poll daemon socket[0m.
[    4.142191] systemd[1]: Listening on multipathd control socket.
[[0;32m  OK  [0m] Listening on [0;1;39mmultipathd control socket[0m.
[    4.151048] systemd[1]: Listening on Syslog Socket.
[[0;32m  OK  [0m] Listening on [0;1;39mSyslog Socket[0m.
[    4.158139] systemd[1]: Listening on initctl Compatibility Named Pipe.
[[0;32m  OK  [0m] Listening on [0;1;39minitctl Compatibility Named Pipe[0m.
[    4.166248] systemd[1]: Listening on Journal Audit Socket.
[[0;32m  OK  [0m] Listening on [0;1;39mJournal Audit Socket[0m.
[    4.173846] systemd[1]: Listening on Journal Socket (/dev/log).
[[0;32m  OK  [0m] Listening on [0;1;39mJournal Socket (/dev/log)[0m.
[    4.179917] systemd[1]: Listening on Journal Socket.
[[0;32m  OK  [0m] Listening on [0;1;39mJournal Socket[0m.
[    4.188427] systemd[1]: Listening on Network Service Netlink Socket.
[[0;32m  OK  [0m] Listening on [0;1;39mNetwork Service Netlink Socket[0m.
[    4.194106] systemd[1]: Listening on udev Control Socket.
[[0;32m  OK  [0m] Listening on [0;1;39mudev Control Socket[0m.
[    4.199559] systemd[1]: Listening on udev Kernel Socket.
[[0;32m  OK  [0m] Listening on [0;1;39mudev Kernel Socket[0m.
[    4.208618] systemd[1]: Mounting Huge Pages File System...
         Mounting [0;1;39mHuge Pages File System[0m...
[    4.216484] systemd[1]: Mounting POSIX Message Queue File System...
         Mounting [0;1;39mPOSIX Message Queue File System[0m...
[    4.224970] systemd[1]: Mounting Kernel Debug File System...
         Mounting [0;1;39mKernel Debug File System[0m...
[    4.230046] systemd[1]: Mounting Kernel Trace File System...
         Mounting [0;1;39mKernel Trace File System[0m...
[    4.241158] systemd[1]: Starting Journal Service...
         Starting [0;1;39mJournal Service[0m...
[    4.246697] systemd[1]: Starting Set the console keyboard layout...
         Starting [0;1;39mSet the console keyboard layout[0m...
[    4.257686] systemd[1]: Starting Create list of static device nodes for the current kernel...
         Starting [0;1;39mCreate list of st…odes for the current kernel[0m...
[    4.270467] systemd[1]: Starting Monitoring of LVM2 mirrors, snapshots etc. using dmeventd or progress polling...
         Starting [0;1;39mMonitoring of LVM…meventd or progress polling[0m...
[    4.282736] systemd[1]: Starting Load Kernel Module chromeos_pstore...
         Starting [0;1;39mLoad Kernel Module chromeos_pstore[0m...
[    4.294524] systemd[1]: Condition check resulted in Load Kernel Module drm being skipped.
[    4.300261] systemd[1]: Starting Load Kernel Module efi_pstore...
         Starting [0;1;39mLoad Kernel Module efi_pstore[0m...
[    4.305812] systemd[1]: Starting Load Kernel Module pstore_blk...
         Starting [0;1;39mLoad Kernel Module pstore_blk[0m...
[    4.320734] systemd[1]: Starting Load Kernel Module pstore_zone...
         Starting [0;1;39mLoad Kernel Module pstore_zone[0m...
[    4.333008] systemd[1]: Starting Load Kernel Module ramoops...
         Starting [0;1;39mLoad Kernel Module ramoops[0m...
[    4.341656] systemd[1]: Condition check resulted in Set Up Additional Binary Formats being skipped.
[    4.349273] systemd[1]: Starting Load Kernel Modules...
         Starting [0;1;39mLoad Kernel Modules[0m...
[    4.358510] systemd[1]: Starting Remount Root and Kernel File Systems...
         Starting [0;1;39mRemount Root and Kernel File Systems[0m...
[    4.365937] EXT4-fs (sda2): re-mounted. Opts: (null)
[    4.366552] systemd[1]: Starting udev Coldplug all Devices...
         Starting [0;1;39mudev Coldplug all Devices[0m...
[    4.378897] systemd[1]: Starting Uncomplicated firewall...
         Starting [0;1;39mUncomplicated firewall[0m...
[    4.388886] systemd[1]: Started Journal Service.
[[0;32m  OK  [0m] Started [0;1;39mJournal Service[0m.
[[0;32m  OK  [0m] Mounted [0;1;39mHuge Pages File System[0m.
[[0;32m  OK  [0m] Mounted [0;1;39mPOSIX Message Queue File System[0m.
[[0;32m  OK  [0m] Mounted [0;1;39mKernel Debug File System[0m.
[[0;32m  OK  [0m] Mounted [0;1;39mKernel Trace File System[0m.
[[0;32m  OK  [0m] Finished [0;1;39mSet the console keyboard layout[0m.
[[0;32m  OK  [0m] Finished [0;1;39mCreate list of st… nodes for the current kernel[0m.
[[0;32m  OK  [0m] Finished [0;1;39mMonitoring of LVM… dmeventd or progress polling[0m.
[[0;32m  OK  [0m] Finished [0;1;39mLoad Kernel Module chromeos_pstore[0m.
[[0;32m  OK  [0m] Finished [0;1;39mLoad Kernel Module efi_pstore[0m.
[[0;32m  OK  [0m] Finished [0;1;39mLoad Kernel Module pstore_blk[0m.
[[0;32m  OK  [0m] Finished [0;1;39mLoad Kernel Module pstore_zone[0m.
[[0;32m  OK  [0m] Finished [0;1;39mLoad Kernel Module ramoops[0m.
[[0;32m  OK  [0m] Finished [0;1;39mLoad Kernel Modules[0m.
[[0;32m  OK  [0m] Finished [0;1;39mRemount Root and Kernel File Systems[0m.
[[0;32m  OK  [0m] Finished [0;1;39mUncomplicated firewall[0m.
         Activating swap [0;1;39m/swap.img[0m...
         Mounting [0;1;39mFUSE Control File System[0m...
         Mounting [0;1;39mKernel Configuration File System[0m...
         Starting [0;1;39mFlush Journal to Persistent Storage[0m...
[    4.483527] systemd-journald[374]: Received client request to flush runtime journal.
         Starting [0;1;39mLoad/Save Random Seed[0m...
         Starting [0;1;39mApply Kernel Variables[0m...
         Starting [0;1;39mCreate System Users[0m...
[[0;32m  OK  [0m] Finished [0;1;39mudev Coldplug all Devices[0m.
[[0;32m  OK  [0m] Mounted [0;1;39mFUSE Control File System[0m.
[[0;32m  OK  [0m] Mounted [0;1;39mKernel Configuration File System[0m.
[[0;32m  OK  [0m] Finished [0;1;39mLoad/Save Random Seed[0m.
         Starting [0;1;39mudev Wait for Complete Device Initialization[0m...
[[0;32m  OK  [0m] Finished [0;1;39mApply Kernel Variables[0m.
[[0;32m  OK  [0m] Finished [0;1;39mCreate System Users[0m.
         Starting [0;1;39mCreate Static Device Nodes in /dev[0m...
[[0;32m  OK  [0m] Finished [0;1;39mCreate Static Device Nodes in /dev[0m.
         Starting [0;1;39mudev Kernel Device Manager[0m...
[[0;32m  OK  [0m] Activated swap [0;1;39m/swap.img[0m.
[[0;32m  OK  [0m] Reached target [0;1;39mSwap[0m.
[[0;32m  OK  [0m] Finished [0;1;39mFlush Journal to Persistent Storage[0m.
[[0;32m  OK  [0m] Started [0;1;39mudev Kernel Device Manager[0m.
[[0;32m  OK  [0m] Started [0;1;39mDispatch Password …ts to Console Directory Watch[0m.
[[0;32m  OK  [0m] Reached target [0;1;39mLocal Encrypted Volumes[0m.
         Starting [0;1;39mNetwork Service[0m...
[[0;32m  OK  [0m] Started [0;1;39mNetwork Service[0m.
         Starting [0;1;39mWait for Network to be Configured[0m...
[[0;32m  OK  [0m] Finished [0;1;39mWait for Network to be Configured[0m.
[[0;32m  OK  [0m] Found device [0;1;39m/dev/ttyS0[0m.
[[0;32m  OK  [0m] Listening on [0;1;39mLoad/Save RF …itch Status /dev/rfkill Watch[0m.
[[0;32m  OK  [0m] Finished [0;1;39mudev Wait for Complete Device Initialization[0m.
         Starting [0;1;39mDevice-Mapper Multipath Device Controller[0m...
[[0;32m  OK  [0m] Started [0;1;39mDevice-Mapper Multipath Device Controller[0m.
[[0;32m  OK  [0m] Reached target [0;1;39mLocal File Systems (Pre)[0m.
         Mounting [0;1;39mMount unit for core18, revision 1880[0m...
         Mounting [0;1;39mMount unit for lxd, revision 16099[0m...
         Mounting [0;1;39mMount unit for snapd, revision 8542[0m...
[[0;32m  OK  [0m] Mounted [0;1;39mMount unit for core18, revision 1880[0m.
[[0;32m  OK  [0m] Mounted [0;1;39mMount unit for lxd, revision 16099[0m.
[[0;32m  OK  [0m] Mounted [0;1;39mMount unit for snapd, revision 8542[0m.
[[0;32m  OK  [0m] Reached target [0;1;39mLocal File Systems[0m.
         Starting [0;1;39mLoad AppArmor profiles[0m...
         Starting [0;1;39mSet console font and keymap[0m...
         Starting [0;1;39mCreate final runt…dir for shutdown pivot root[0m...
         Starting [0;1;39mTell Plymouth To Write Out Runtime Data[0m...
         Starting [0;1;39mCreate Volatile Files and Directories[0m...
[[0;32m  OK  [0m] Finished [0;1;39mCreate final runt…e dir for shutdown pivot root[0m.
[[0;32m  OK  [0m] Finished [0;1;39mSet console font and keymap[0m.
[[0;32m  OK  [0m] Finished [0;1;39mTell Plymouth To Write Out Runtime Data[0m.
[[0;32m  OK  [0m] Finished [0;1;39mCreate Volatile Files and Directories[0m.
         Starting [0;1;39mNetwork Name Resolution[0m...
         Starting [0;1;39mNetwork Time Synchronization[0m...
         Starting [0;1;39mUpdate UTMP about System Boot/Shutdown[0m...
[[0;32m  OK  [0m] Finished [0;1;39mLoad AppArmor profiles[0m.
[[0;32m  OK  [0m] Finished [0;1;39mUpdate UTMP about System Boot/Shutdown[0m.
         Starting [0;1;39mLoad AppArmor pro…managed internally by snapd[0m...
[[0;32m  OK  [0m] Finished [0;1;39mLoad AppArmor pro…s managed internally by snapd[0m.
[[0;32m  OK  [0m] Started [0;1;39mNetwork Time Synchronization[0m.
[[0;32m  OK  [0m] Reached target [0;1;39mSystem Initialization[0m.
[[0;32m  OK  [0m] Started [0;1;39mDaily Cleanup of Temporary Directories[0m.
[[0;32m  OK  [0m] Reached target [0;1;39mPaths[0m.
[[0;32m  OK  [0m] Reached target [0;1;39mSystem Time Set[0m.
[[0;32m  OK  [0m] Reached target [0;1;39mSystem Time Synchronized[0m.
[[0;32m  OK  [0m] Started [0;1;39mDaily apt download activities[0m.
[[0;32m  OK  [0m] Started [0;1;39mDaily apt upgrade and clean activities[0m.
[[0;32m  OK  [0m] Started [0;1;39mPeriodic ext4 Onli…ata Check for All Filesystems[0m.
[[0;32m  OK  [0m] Started [0;1;39mDiscard unused blocks once a week[0m.
[[0;32m  OK  [0m] Started [0;1;39mRefresh fwupd metadata regularly[0m.
[[0;32m  OK  [0m] Started [0;1;39mDaily rotation of log files[0m.
[[0;32m  OK  [0m] Started [0;1;39mDaily man-db regeneration[0m.
[[0;32m  OK  [0m] Started [0;1;39mMessage of the Day[0m.
[[0;32m  OK  [0m] Reached target [0;1;39mTimers[0m.
[[0;32m  OK  [0m] Listening on [0;1;39mD-Bus System Message Bus Socket[0m.
[[0;32m  OK  [0m] Listening on [0;1;39mOpen-iSCSI iscsid Socket[0m.
[[0;32m  OK  [0m] Listening on [0;1;39mSocket unix for snap application lxd.daemon[0m.
         Starting [0;1;39mSocket activation for snappy daemon[0m.
[[0;32m  OK  [0m] Listening on [0;1;39mUUID daemon activation socket[0m.
[[0;32m  OK  [0m] Started [0;1;39mNetwork Name Resolution[0m.
[[0;32m  OK  [0m] Listening on [0;1;39mSocket activation for snappy daemon[0m.
[[0;32m  OK  [0m] Reached target [0;1;39mNetwork[0m.
[[0;32m  OK  [0m] Reached target [0;1;39mNetwork is Online[0m.
[[0;32m  OK  [0m] Reached target [0;1;39mHost and Network Name Lookups[0m.
[[0;32m  OK  [0m] Reached target [0;1;39mSockets[0m.
[[0;32m  OK  [0m] Reached target [0;1;39mBasic System[0m.
         Starting [0;1;39mAccounts Service[0m...
[[0;32m  OK  [0m] Started [0;1;39mD-Bus System Message Bus[0m.
[[0;32m  OK  [0m] Started [0;1;39mSave initial kernel messages after boot[0m.
         Starting [0;1;39mRemove Stale Onli…t4 Metadata Check Snapshots[0m...
         Starting [0;1;39mLSB: Record successful boot for GRUB[0m...
         Starting [0;1;39mGRUB failed boot detection[0m...
[[0;32m  OK  [0m] Started [0;1;39mirqbalance daemon[0m.
         Starting [0;1;39mDispatcher daemon for systemd-networkd[0m...
[[0;32m  OK  [0m] Reached target [0;1;39mRemote File Systems (Pre)[0m.
[[0;32m  OK  [0m] Reached target [0;1;39mRemote File Systems[0m.
         Starting [0;1;39mLSB: automatic crash report generation[0m...
         Starting [0;1;39mDeferred execution scheduler[0m...
         Starting [0;1;39mAvailability of block devices[0m...
[[0;32m  OK  [0m] Started [0;1;39mRegular background program processing daemon[0m.
         Starting [0;1;39mSystem Logging Service[0m...
         Starting [0;1;39mService for snap application lxd.activate[0m...
         Starting [0;1;39mSnap Daemon[0m...
         Starting [0;1;39mOpenBSD Secure Shell server[0m...
         Starting [0;1;39mLogin Service[0m...
         Starting [0;1;39mPermit User Sessions[0m...
         Starting [0;1;39mThermal Daemon Service[0m...
[[0;32m  OK  [0m] Finished [0;1;39mRemove Stale Onli…ext4 Metadata Check Snapshots[0m.
[[0;32m  OK  [0m] Started [0;1;39mDeferred execution scheduler[0m.
[[0;32m  OK  [0m] Finished [0;1;39mAvailability of block devices[0m.
[[0;32m  OK  [0m] Finished [0;1;39mPermit User Sessions[0m.
[[0;32m  OK  [0m] Started [0;1;39mThermal Daemon Service[0m.
[[0;32m  OK  [0m] Started [0;1;39mOpenBSD Secure Shell server[0m.
[[0;32m  OK  [0m] Finished [0;1;39mGRUB failed boot detection[0m.
[[0;32m  OK  [0m] Started [0;1;39mSystem Logging Service[0m.
[[0;32m  OK  [0m] Started [0;1;39mLogin Service[0m.
         Starting [0;1;39mHold until boot process finishes up[0m...
         Starting [0;1;39mTerminate Plymouth Boot Screen[0m...
         Starting [0;1;39mAuthorization Manager[0m...
[[0;32m  OK  [0m] Started [0;1;39mUnattended Upgrades Shutdown[0m.
[[0;32m  OK  [0m] Started [0;1;39mLSB: Record successful boot for GRUB[0m.
[[0;32m  OK  [0m] Started [0;1;39mLSB: automatic crash report generation[0m.
[[0;32m  OK  [0m] Finished [0;1;39mHold until boot process finishes up[0m.
[[0;32m  OK  [0m] Finished [0;1;39mTerminate Plymouth Boot Screen[0m.
[[0;32m  OK  [0m] Started [0;1;39mAuthorization Manager[0m.
[[0;32m  OK  [0m] Started [0;1;39mAccounts Service[0m.
[[0;32m  OK  [0m] Started [0;1;39mSerial Getty on ttyS0[0m.
         Starting [0;1;39mSet console scheme[0m...
[[0;32m  OK  [0m] Finished [0;1;39mSet console scheme[0m.
[[0;32m  OK  [0m] Created slice [0;1;39msystem-getty.slice[0m.
[[0;32m  OK  [0m] Started [0;1;39mGetty on tty1[0m.
[[0;32m  OK  [0m] Reached target [0;1;39mLogin Prompts[0m.
[[0;32m  OK  [0m] Started [0;1;39mDispatcher daemon for systemd-networkd[0m.
[[0;32m  OK  [0m] Started [0;1;39mSnap Daemon[0m.
         Starting [0;1;39mWait until snapd is fully seeded[0m...
[[0;32m  OK  [0m] Finished [0;1;39mWait until snapd is fully seeded[0m.
[[0;32m  OK  [0m] Finished [0;1;39mService for snap application lxd.activate[0m.
[[0;32m  OK  [0m] Reached target [0;1;39mMulti-User System[0m.
[[0;32m  OK  [0m] Reached target [0;1;39mGraphical Interface[0m.
         Starting [0;1;39mUpdate UTMP about System Runlevel Changes[0m...
[[0;32m  OK  [0m] Finished [0;1;39mUpdate UTMP about System Runlevel Changes[0m.

Ubuntu 20.04.1 LTS fvm ttyS0

fvm login: [FEMU] FTL-Log: BBSSD-STATS version=V3 hot_rewrite_window=1024 hot_boundary_window=4096 erase_survival_threshold=1 host_page_writes=1572864 nand_page_writes=1572864 gc_page_writes=0 block_erases=0 waf=1.000000 gc_count=0 average_gc_copy=N/A host_hot_writes=0 host_cold_writes=1572864 hot_write_ratio=0.000000 host_cold_first_writes=1572864 host_hot_fast_writes=0 host_hot_boundary_writes=0 host_cold_survival_writes=0 host_cold_slow_writes=0 boundary_survival_zero=0 boundary_survival_one=0 boundary_survival_two=0 boundary_survival_three_plus=0 gc_hot_writes=0 gc_cold_writes=0 cold_to_hot_count=0 hot_to_cold_count=0 hot_pool_empty_count=0 cold_pool_empty_count=33 borrow_count=33 emergency_gc_count=0 counter_invariant=PASS
[FEMU] Log: vSSD0,Reset tt_late_ios/tt_ios,2943/6394
[EXP] [CLASSIFY] lpn=0 state=COLD reason=SLOW_REWRITE interval=1572864 survival_before=0 R=1
[EXP] [WRITE] lpn=0 -> ch=0 lun=0 pl=0 blk=97 pg=0 (secret)
[EXP] [GC_MOVE] lpn=0 ch=0 lun=0 pl=0 blk=97 pg=0 -> ch=1 lun=0 pl=0 blk=98 pg=0
[EXP] [ERASE_SURVIVE] lpn=0 count=1 source ch=0 lun=0 pl=0 blk=97 pg=0
[EXP] [ERASE] ch=0 lun=0 pl=0 blk=97 pg=255 erase_cnt=1 (vpc/ipc reset)
[EXP] [ERASE] ch=0 lun=1 pl=0 blk=97 pg=255 erase_cnt=1 (vpc/ipc reset)
[EXP] [ERASE] ch=0 lun=2 pl=0 blk=97 pg=255 erase_cnt=1 (vpc/ipc reset)
[EXP] [ERASE] ch=0 lun=3 pl=0 blk=97 pg=255 erase_cnt=1 (vpc/ipc reset)
[EXP] [ERASE] ch=0 lun=4 pl=0 blk=97 pg=255 erase_cnt=1 (vpc/ipc reset)
[EXP] [ERASE] ch=0 lun=5 pl=0 blk=97 pg=255 erase_cnt=1 (vpc/ipc reset)
[EXP] [ERASE] ch=0 lun=6 pl=0 blk=97 pg=255 erase_cnt=1 (vpc/ipc reset)
[EXP] [ERASE] ch=0 lun=7 pl=0 blk=97 pg=255 erase_cnt=1 (vpc/ipc reset)
[EXP] [ERASE] ch=1 lun=0 pl=0 blk=97 pg=255 erase_cnt=1 (vpc/ipc reset)
[EXP] [ERASE] ch=1 lun=1 pl=0 blk=97 pg=255 erase_cnt=1 (vpc/ipc reset)
[EXP] [ERASE] ch=1 lun=2 pl=0 blk=97 pg=255 erase_cnt=1 (vpc/ipc reset)
[EXP] [ERASE] ch=1 lun=3 pl=0 blk=97 pg=255 erase_cnt=1 (vpc/ipc reset)
[EXP] [ERASE] ch=1 lun=4 pl=0 blk=97 pg=255 erase_cnt=1 (vpc/ipc reset)
[EXP] [ERASE] ch=1 lun=5 pl=0 blk=97 pg=255 erase_cnt=1 (vpc/ipc reset)
[EXP] [ERASE] ch=1 lun=6 pl=0 blk=97 pg=255 erase_cnt=1 (vpc/ipc reset)
[EXP] [ERASE] ch=1 lun=7 pl=0 blk=97 pg=255 erase_cnt=1 (vpc/ipc reset)
[EXP] [ERASE] ch=2 lun=0 pl=0 blk=97 pg=255 erase_cnt=1 (vpc/ipc reset)
[EXP] [ERASE] ch=2 lun=1 pl=0 blk=97 pg=255 erase_cnt=1 (vpc/ipc reset)
[EXP] [ERASE] ch=2 lun=2 pl=0 blk=97 pg=255 erase_cnt=1 (vpc/ipc reset)
[EXP] [ERASE] ch=2 lun=3 pl=0 blk=97 pg=255 erase_cnt=1 (vpc/ipc reset)
[EXP] [ERASE] ch=2 lun=4 pl=0 blk=97 pg=255 erase_cnt=1 (vpc/ipc reset)
[EXP] [ERASE] ch=2 lun=5 pl=0 blk=97 pg=255 erase_cnt=1 (vpc/ipc reset)
[EXP] [ERASE] ch=2 lun=6 pl=0 blk=97 pg=255 erase_cnt=1 (vpc/ipc reset)
[EXP] [ERASE] ch=2 lun=7 pl=0 blk=97 pg=255 erase_cnt=1 (vpc/ipc reset)
[EXP] [ERASE] ch=3 lun=0 pl=0 blk=97 pg=255 erase_cnt=1 (vpc/ipc reset)
[EXP] [ERASE] ch=3 lun=1 pl=0 blk=97 pg=255 erase_cnt=1 (vpc/ipc reset)
[EXP] [ERASE] ch=3 lun=2 pl=0 blk=97 pg=255 erase_cnt=1 (vpc/ipc reset)
[EXP] [ERASE] ch=3 lun=3 pl=0 blk=97 pg=255 erase_cnt=1 (vpc/ipc reset)
[EXP] [ERASE] ch=3 lun=4 pl=0 blk=97 pg=255 erase_cnt=1 (vpc/ipc reset)
[EXP] [ERASE] ch=3 lun=5 pl=0 blk=97 pg=255 erase_cnt=1 (vpc/ipc reset)
[EXP] [ERASE] ch=3 lun=6 pl=0 blk=97 pg=255 erase_cnt=1 (vpc/ipc reset)
[EXP] [ERASE] ch=3 lun=7 pl=0 blk=97 pg=255 erase_cnt=1 (vpc/ipc reset)
[EXP] [ERASE] ch=4 lun=0 pl=0 blk=97 pg=255 erase_cnt=1 (vpc/ipc reset)
[EXP] [ERASE] ch=4 lun=1 pl=0 blk=97 pg=255 erase_cnt=1 (vpc/ipc reset)
[EXP] [ERASE] ch=4 lun=2 pl=0 blk=97 pg=255 erase_cnt=1 (vpc/ipc reset)
[EXP] [ERASE] ch=4 lun=3 pl=0 blk=97 pg=255 erase_cnt=1 (vpc/ipc reset)
[EXP] [ERASE] ch=4 lun=4 pl=0 blk=97 pg=255 erase_cnt=1 (vpc/ipc reset)
[EXP] [ERASE] ch=4 lun=5 pl=0 blk=97 pg=255 erase_cnt=1 (vpc/ipc reset)
[EXP] [ERASE] ch=4 lun=6 pl=0 blk=97 pg=255 erase_cnt=1 (vpc/ipc reset)
[EXP] [ERASE] ch=4 lun=7 pl=0 blk=97 pg=255 erase_cnt=1 (vpc/ipc reset)
[EXP] [ERASE] ch=5 lun=0 pl=0 blk=97 pg=255 erase_cnt=1 (vpc/ipc reset)
[EXP] [ERASE] ch=5 lun=1 pl=0 blk=97 pg=255 erase_cnt=1 (vpc/ipc reset)
[EXP] [ERASE] ch=5 lun=2 pl=0 blk=97 pg=255 erase_cnt=1 (vpc/ipc reset)
[EXP] [ERASE] ch=5 lun=3 pl=0 blk=97 pg=255 erase_cnt=1 (vpc/ipc reset)
[EXP] [ERASE] ch=5 lun=4 pl=0 blk=97 pg=255 erase_cnt=1 (vpc/ipc reset)
[EXP] [ERASE] ch=5 lun=5 pl=0 blk=97 pg=255 erase_cnt=1 (vpc/ipc reset)
[EXP] [ERASE] ch=5 lun=6 pl=0 blk=97 pg=255 erase_cnt=1 (vpc/ipc reset)
[EXP] [ERASE] ch=5 lun=7 pl=0 blk=97 pg=255 erase_cnt=1 (vpc/ipc reset)
[EXP] [ERASE] ch=6 lun=0 pl=0 blk=97 pg=255 erase_cnt=1 (vpc/ipc reset)
[EXP] [ERASE] ch=6 lun=1 pl=0 blk=97 pg=255 erase_cnt=1 (vpc/ipc reset)
[EXP] [ERASE] ch=6 lun=2 pl=0 blk=97 pg=255 erase_cnt=1 (vpc/ipc reset)
[EXP] [ERASE] ch=6 lun=3 pl=0 blk=97 pg=255 erase_cnt=1 (vpc/ipc reset)
[EXP] [ERASE] ch=6 lun=4 pl=0 blk=97 pg=255 erase_cnt=1 (vpc/ipc reset)
[EXP] [ERASE] ch=6 lun=5 pl=0 blk=97 pg=255 erase_cnt=1 (vpc/ipc reset)
[EXP] [ERASE] ch=6 lun=6 pl=0 blk=97 pg=255 erase_cnt=1 (vpc/ipc reset)
[EXP] [ERASE] ch=6 lun=7 pl=0 blk=97 pg=255 erase_cnt=1 (vpc/ipc reset)
[EXP] [ERASE] ch=7 lun=0 pl=0 blk=97 pg=255 erase_cnt=1 (vpc/ipc reset)
[EXP] [ERASE] ch=7 lun=1 pl=0 blk=97 pg=255 erase_cnt=1 (vpc/ipc reset)
[EXP] [ERASE] ch=7 lun=2 pl=0 blk=97 pg=255 erase_cnt=1 (vpc/ipc reset)
[EXP] [ERASE] ch=7 lun=3 pl=0 blk=97 pg=255 erase_cnt=1 (vpc/ipc reset)
[EXP] [ERASE] ch=7 lun=4 pl=0 blk=97 pg=255 erase_cnt=1 (vpc/ipc reset)
[EXP] [ERASE] ch=7 lun=5 pl=0 blk=97 pg=255 erase_cnt=1 (vpc/ipc reset)
[EXP] [ERASE] ch=7 lun=6 pl=0 blk=97 pg=255 erase_cnt=1 (vpc/ipc reset)
[EXP] [ERASE] ch=7 lun=7 pl=0 blk=97 pg=255 erase_cnt=1 (vpc/ipc reset)
[EXP] [ERASE] ch=0 lun=0 pl=0 blk=97 pg=255 erase_cnt=2 (vpc/ipc reset)
[EXP] [ERASE] ch=0 lun=1 pl=0 blk=97 pg=255 erase_cnt=2 (vpc/ipc reset)
[EXP] [ERASE] ch=0 lun=2 pl=0 blk=97 pg=255 erase_cnt=2 (vpc/ipc reset)
[EXP] [ERASE] ch=0 lun=3 pl=0 blk=97 pg=255 erase_cnt=2 (vpc/ipc reset)
[EXP] [ERASE] ch=0 lun=4 pl=0 blk=97 pg=255 erase_cnt=2 (vpc/ipc reset)
[EXP] [ERASE] ch=0 lun=5 pl=0 blk=97 pg=255 erase_cnt=2 (vpc/ipc reset)
[EXP] [ERASE] ch=0 lun=6 pl=0 blk=97 pg=255 erase_cnt=2 (vpc/ipc reset)
[EXP] [ERASE] ch=0 lun=7 pl=0 blk=97 pg=255 erase_cnt=2 (vpc/ipc reset)
[EXP] [ERASE] ch=1 lun=0 pl=0 blk=97 pg=255 erase_cnt=2 (vpc/ipc reset)
[EXP] [ERASE] ch=1 lun=1 pl=0 blk=97 pg=255 erase_cnt=2 (vpc/ipc reset)
[EXP] [ERASE] ch=1 lun=2 pl=0 blk=97 pg=255 erase_cnt=2 (vpc/ipc reset)
[EXP] [ERASE] ch=1 lun=3 pl=0 blk=97 pg=255 erase_cnt=2 (vpc/ipc reset)
[EXP] [ERASE] ch=1 lun=4 pl=0 blk=97 pg=255 erase_cnt=2 (vpc/ipc reset)
[EXP] [ERASE] ch=1 lun=5 pl=0 blk=97 pg=255 erase_cnt=2 (vpc/ipc reset)
[EXP] [ERASE] ch=1 lun=6 pl=0 blk=97 pg=255 erase_cnt=2 (vpc/ipc reset)
[EXP] [ERASE] ch=1 lun=7 pl=0 blk=97 pg=255 erase_cnt=2 (vpc/ipc reset)
[EXP] [ERASE] ch=2 lun=0 pl=0 blk=97 pg=255 erase_cnt=2 (vpc/ipc reset)
[EXP] [ERASE] ch=2 lun=1 pl=0 blk=97 pg=255 erase_cnt=2 (vpc/ipc reset)
[EXP] [ERASE] ch=2 lun=2 pl=0 blk=97 pg=255 erase_cnt=2 (vpc/ipc reset)
[EXP] [ERASE] ch=2 lun=3 pl=0 blk=97 pg=255 erase_cnt=2 (vpc/ipc reset)
[EXP] [ERASE] ch=2 lun=4 pl=0 blk=97 pg=255 erase_cnt=2 (vpc/ipc reset)
[EXP] [ERASE] ch=2 lun=5 pl=0 blk=97 pg=255 erase_cnt=2 (vpc/ipc reset)
[EXP] [ERASE] ch=2 lun=6 pl=0 blk=97 pg=255 erase_cnt=2 (vpc/ipc reset)
[EXP] [ERASE] ch=2 lun=7 pl=0 blk=97 pg=255 erase_cnt=2 (vpc/ipc reset)
[EXP] [ERASE] ch=3 lun=0 pl=0 blk=97 pg=255 erase_cnt=2 (vpc/ipc reset)
[EXP] [ERASE] ch=3 lun=1 pl=0 blk=97 pg=255 erase_cnt=2 (vpc/ipc reset)
[EXP] [ERASE] ch=3 lun=2 pl=0 blk=97 pg=255 erase_cnt=2 (vpc/ipc reset)
[EXP] [ERASE] ch=3 lun=3 pl=0 blk=97 pg=255 erase_cnt=2 (vpc/ipc reset)
[EXP] [ERASE] ch=3 lun=4 pl=0 blk=97 pg=255 erase_cnt=2 (vpc/ipc reset)
[EXP] [ERASE] ch=3 lun=5 pl=0 blk=97 pg=255 erase_cnt=2 (vpc/ipc reset)
[EXP] [ERASE] ch=3 lun=6 pl=0 blk=97 pg=255 erase_cnt=2 (vpc/ipc reset)
[EXP] [ERASE] ch=3 lun=7 pl=0 blk=97 pg=255 erase_cnt=2 (vpc/ipc reset)
[EXP] [ERASE] ch=4 lun=0 pl=0 blk=97 pg=255 erase_cnt=2 (vpc/ipc reset)
[EXP] [ERASE] ch=4 lun=1 pl=0 blk=97 pg=255 erase_cnt=2 (vpc/ipc reset)
[EXP] [ERASE] ch=4 lun=2 pl=0 blk=97 pg=255 erase_cnt=2 (vpc/ipc reset)
[EXP] [ERASE] ch=4 lun=3 pl=0 blk=97 pg=255 erase_cnt=2 (vpc/ipc reset)
[EXP] [ERASE] ch=4 lun=4 pl=0 blk=97 pg=255 erase_cnt=2 (vpc/ipc reset)
[EXP] [ERASE] ch=4 lun=5 pl=0 blk=97 pg=255 erase_cnt=2 (vpc/ipc reset)
[EXP] [ERASE] ch=4 lun=6 pl=0 blk=97 pg=255 erase_cnt=2 (vpc/ipc reset)
[EXP] [ERASE] ch=4 lun=7 pl=0 blk=97 pg=255 erase_cnt=2 (vpc/ipc reset)
[EXP] [ERASE] ch=5 lun=0 pl=0 blk=97 pg=255 erase_cnt=2 (vpc/ipc reset)
[EXP] [ERASE] ch=5 lun=1 pl=0 blk=97 pg=255 erase_cnt=2 (vpc/ipc reset)
[EXP] [ERASE] ch=5 lun=2 pl=0 blk=97 pg=255 erase_cnt=2 (vpc/ipc reset)
[EXP] [ERASE] ch=5 lun=3 pl=0 blk=97 pg=255 erase_cnt=2 (vpc/ipc reset)
[EXP] [ERASE] ch=5 lun=4 pl=0 blk=97 pg=255 erase_cnt=2 (vpc/ipc reset)
[EXP] [ERASE] ch=5 lun=5 pl=0 blk=97 pg=255 erase_cnt=2 (vpc/ipc reset)
[EXP] [ERASE] ch=5 lun=6 pl=0 blk=97 pg=255 erase_cnt=2 (vpc/ipc reset)
[EXP] [ERASE] ch=5 lun=7 pl=0 blk=97 pg=255 erase_cnt=2 (vpc/ipc reset)
[EXP] [ERASE] ch=6 lun=0 pl=0 blk=97 pg=255 erase_cnt=2 (vpc/ipc reset)
[EXP] [ERASE] ch=6 lun=1 pl=0 blk=97 pg=255 erase_cnt=2 (vpc/ipc reset)
[EXP] [ERASE] ch=6 lun=2 pl=0 blk=97 pg=255 erase_cnt=2 (vpc/ipc reset)
[EXP] [ERASE] ch=6 lun=3 pl=0 blk=97 pg=255 erase_cnt=2 (vpc/ipc reset)
[EXP] [ERASE] ch=6 lun=4 pl=0 blk=97 pg=255 erase_cnt=2 (vpc/ipc reset)
[EXP] [ERASE] ch=6 lun=5 pl=0 blk=97 pg=255 erase_cnt=2 (vpc/ipc reset)
[EXP] [ERASE] ch=6 lun=6 pl=0 blk=97 pg=255 erase_cnt=2 (vpc/ipc reset)
[EXP] [ERASE] ch=6 lun=7 pl=0 blk=97 pg=255 erase_cnt=2 (vpc/ipc reset)
[EXP] [ERASE] ch=7 lun=0 pl=0 blk=97 pg=255 erase_cnt=2 (vpc/ipc reset)
[EXP] [ERASE] ch=7 lun=1 pl=0 blk=97 pg=255 erase_cnt=2 (vpc/ipc reset)
[EXP] [ERASE] ch=7 lun=2 pl=0 blk=97 pg=255 erase_cnt=2 (vpc/ipc reset)
[EXP] [ERASE] ch=7 lun=3 pl=0 blk=97 pg=255 erase_cnt=2 (vpc/ipc reset)
[EXP] [ERASE] ch=7 lun=4 pl=0 blk=97 pg=255 erase_cnt=2 (vpc/ipc reset)
[EXP] [ERASE] ch=7 lun=5 pl=0 blk=97 pg=255 erase_cnt=2 (vpc/ipc reset)
[EXP] [ERASE] ch=7 lun=6 pl=0 blk=97 pg=255 erase_cnt=2 (vpc/ipc reset)
[EXP] [ERASE] ch=7 lun=7 pl=0 blk=97 pg=255 erase_cnt=2 (vpc/ipc reset)
[EXP] [ERASE] ch=0 lun=0 pl=0 blk=98 pg=255 erase_cnt=1 (vpc/ipc reset)
[EXP] [ERASE] ch=0 lun=1 pl=0 blk=98 pg=255 erase_cnt=1 (vpc/ipc reset)
[EXP] [ERASE] ch=0 lun=2 pl=0 blk=98 pg=255 erase_cnt=1 (vpc/ipc reset)
[EXP] [ERASE] ch=0 lun=3 pl=0 blk=98 pg=255 erase_cnt=1 (vpc/ipc reset)
[EXP] [ERASE] ch=0 lun=4 pl=0 blk=98 pg=255 erase_cnt=1 (vpc/ipc reset)
[EXP] [ERASE] ch=0 lun=5 pl=0 blk=98 pg=255 erase_cnt=1 (vpc/ipc reset)
[EXP] [ERASE] ch=0 lun=6 pl=0 blk=98 pg=255 erase_cnt=1 (vpc/ipc reset)
[EXP] [ERASE] ch=0 lun=7 pl=0 blk=98 pg=255 erase_cnt=1 (vpc/ipc reset)
[EXP] [GC_MOVE] lpn=0 ch=1 lun=0 pl=0 blk=98 pg=0 -> ch=2 lun=0 pl=0 blk=97 pg=98
[EXP] [ERASE_SURVIVE] lpn=0 count=2 source ch=1 lun=0 pl=0 blk=98 pg=0
[EXP] [ERASE] ch=1 lun=0 pl=0 blk=98 pg=255 erase_cnt=1 (vpc/ipc reset)
[EXP] [ERASE] ch=1 lun=1 pl=0 blk=98 pg=255 erase_cnt=1 (vpc/ipc reset)
[EXP] [ERASE] ch=1 lun=2 pl=0 blk=98 pg=255 erase_cnt=1 (vpc/ipc reset)
[EXP] [ERASE] ch=1 lun=3 pl=0 blk=98 pg=255 erase_cnt=1 (vpc/ipc reset)
[EXP] [ERASE] ch=1 lun=4 pl=0 blk=98 pg=255 erase_cnt=1 (vpc/ipc reset)
[EXP] [ERASE] ch=1 lun=5 pl=0 blk=98 pg=255 erase_cnt=1 (vpc/ipc reset)
[EXP] [ERASE] ch=1 lun=6 pl=0 blk=98 pg=255 erase_cnt=1 (vpc/ipc reset)
[EXP] [ERASE] ch=1 lun=7 pl=0 blk=98 pg=255 erase_cnt=1 (vpc/ipc reset)
[EXP] [ERASE] ch=2 lun=0 pl=0 blk=98 pg=255 erase_cnt=1 (vpc/ipc reset)
[EXP] [ERASE] ch=2 lun=1 pl=0 blk=98 pg=255 erase_cnt=1 (vpc/ipc reset)
[EXP] [ERASE] ch=2 lun=2 pl=0 blk=98 pg=255 erase_cnt=1 (vpc/ipc reset)
[EXP] [ERASE] ch=2 lun=3 pl=0 blk=98 pg=255 erase_cnt=1 (vpc/ipc reset)
[EXP] [ERASE] ch=2 lun=4 pl=0 blk=98 pg=255 erase_cnt=1 (vpc/ipc reset)
[EXP] [ERASE] ch=2 lun=5 pl=0 blk=98 pg=255 erase_cnt=1 (vpc/ipc reset)
[EXP] [ERASE] ch=2 lun=6 pl=0 blk=98 pg=255 erase_cnt=1 (vpc/ipc reset)
[EXP] [ERASE] ch=2 lun=7 pl=0 blk=98 pg=255 erase_cnt=1 (vpc/ipc reset)
[EXP] [ERASE] ch=3 lun=0 pl=0 blk=98 pg=255 erase_cnt=1 (vpc/ipc reset)
[EXP] [ERASE] ch=3 lun=1 pl=0 blk=98 pg=255 erase_cnt=1 (vpc/ipc reset)
[EXP] [ERASE] ch=3 lun=2 pl=0 blk=98 pg=255 erase_cnt=1 (vpc/ipc reset)
[EXP] [ERASE] ch=3 lun=3 pl=0 blk=98 pg=255 erase_cnt=1 (vpc/ipc reset)
[EXP] [ERASE] ch=3 lun=4 pl=0 blk=98 pg=255 erase_cnt=1 (vpc/ipc reset)
[EXP] [ERASE] ch=3 lun=5 pl=0 blk=98 pg=255 erase_cnt=1 (vpc/ipc reset)
[EXP] [ERASE] ch=3 lun=6 pl=0 blk=98 pg=255 erase_cnt=1 (vpc/ipc reset)
[EXP] [ERASE] ch=3 lun=7 pl=0 blk=98 pg=255 erase_cnt=1 (vpc/ipc reset)
[EXP] [ERASE] ch=4 lun=0 pl=0 blk=98 pg=255 erase_cnt=1 (vpc/ipc reset)
[EXP] [ERASE] ch=4 lun=1 pl=0 blk=98 pg=255 erase_cnt=1 (vpc/ipc reset)
[EXP] [ERASE] ch=4 lun=2 pl=0 blk=98 pg=255 erase_cnt=1 (vpc/ipc reset)
[EXP] [ERASE] ch=4 lun=3 pl=0 blk=98 pg=255 erase_cnt=1 (vpc/ipc reset)
[EXP] [ERASE] ch=4 lun=4 pl=0 blk=98 pg=255 erase_cnt=1 (vpc/ipc reset)
[EXP] [ERASE] ch=4 lun=5 pl=0 blk=98 pg=255 erase_cnt=1 (vpc/ipc reset)
[EXP] [ERASE] ch=4 lun=6 pl=0 blk=98 pg=255 erase_cnt=1 (vpc/ipc reset)
[EXP] [ERASE] ch=4 lun=7 pl=0 blk=98 pg=255 erase_cnt=1 (vpc/ipc reset)
[EXP] [ERASE] ch=5 lun=0 pl=0 blk=98 pg=255 erase_cnt=1 (vpc/ipc reset)
[EXP] [ERASE] ch=5 lun=1 pl=0 blk=98 pg=255 erase_cnt=1 (vpc/ipc reset)
[EXP] [ERASE] ch=5 lun=2 pl=0 blk=98 pg=255 erase_cnt=1 (vpc/ipc reset)
[EXP] [ERASE] ch=5 lun=3 pl=0 blk=98 pg=255 erase_cnt=1 (vpc/ipc reset)
[EXP] [ERASE] ch=5 lun=4 pl=0 blk=98 pg=255 erase_cnt=1 (vpc/ipc reset)
[EXP] [ERASE] ch=5 lun=5 pl=0 blk=98 pg=255 erase_cnt=1 (vpc/ipc reset)
[EXP] [ERASE] ch=5 lun=6 pl=0 blk=98 pg=255 erase_cnt=1 (vpc/ipc reset)
[EXP] [ERASE] ch=5 lun=7 pl=0 blk=98 pg=255 erase_cnt=1 (vpc/ipc reset)
[EXP] [ERASE] ch=6 lun=0 pl=0 blk=98 pg=255 erase_cnt=1 (vpc/ipc reset)
[EXP] [ERASE] ch=6 lun=1 pl=0 blk=98 pg=255 erase_cnt=1 (vpc/ipc reset)
[EXP] [ERASE] ch=6 lun=2 pl=0 blk=98 pg=255 erase_cnt=1 (vpc/ipc reset)
[EXP] [ERASE] ch=6 lun=3 pl=0 blk=98 pg=255 erase_cnt=1 (vpc/ipc reset)
[EXP] [ERASE] ch=6 lun=4 pl=0 blk=98 pg=255 erase_cnt=1 (vpc/ipc reset)
[EXP] [ERASE] ch=6 lun=5 pl=0 blk=98 pg=255 erase_cnt=1 (vpc/ipc reset)
[EXP] [ERASE] ch=6 lun=6 pl=0 blk=98 pg=255 erase_cnt=1 (vpc/ipc reset)
[EXP] [ERASE] ch=6 lun=7 pl=0 blk=98 pg=255 erase_cnt=1 (vpc/ipc reset)
[EXP] [ERASE] ch=7 lun=0 pl=0 blk=98 pg=255 erase_cnt=1 (vpc/ipc reset)
[EXP] [ERASE] ch=7 lun=1 pl=0 blk=98 pg=255 erase_cnt=1 (vpc/ipc reset)
[EXP] [ERASE] ch=7 lun=2 pl=0 blk=98 pg=255 erase_cnt=1 (vpc/ipc reset)
[EXP] [ERASE] ch=7 lun=3 pl=0 blk=98 pg=255 erase_cnt=1 (vpc/ipc reset)
[EXP] [ERASE] ch=7 lun=4 pl=0 blk=98 pg=255 erase_cnt=1 (vpc/ipc reset)
[EXP] [ERASE] ch=7 lun=5 pl=0 blk=98 pg=255 erase_cnt=1 (vpc/ipc reset)
[EXP] [ERASE] ch=7 lun=6 pl=0 blk=98 pg=255 erase_cnt=1 (vpc/ipc reset)
[EXP] [ERASE] ch=7 lun=7 pl=0 blk=98 pg=255 erase_cnt=1 (vpc/ipc reset)
[EXP] [ERASE] ch=0 lun=0 pl=0 blk=97 pg=255 erase_cnt=3 (vpc/ipc reset)
[EXP] [ERASE] ch=0 lun=1 pl=0 blk=97 pg=255 erase_cnt=3 (vpc/ipc reset)
[EXP] [ERASE] ch=0 lun=2 pl=0 blk=97 pg=255 erase_cnt=3 (vpc/ipc reset)
[EXP] [ERASE] ch=0 lun=3 pl=0 blk=97 pg=255 erase_cnt=3 (vpc/ipc reset)
[EXP] [ERASE] ch=0 lun=4 pl=0 blk=97 pg=255 erase_cnt=3 (vpc/ipc reset)
[EXP] [ERASE] ch=0 lun=5 pl=0 blk=97 pg=255 erase_cnt=3 (vpc/ipc reset)
[EXP] [ERASE] ch=0 lun=6 pl=0 blk=97 pg=255 erase_cnt=3 (vpc/ipc reset)
[EXP] [ERASE] ch=0 lun=7 pl=0 blk=97 pg=255 erase_cnt=3 (vpc/ipc reset)
[EXP] [ERASE] ch=1 lun=0 pl=0 blk=97 pg=255 erase_cnt=3 (vpc/ipc reset)
[EXP] [ERASE] ch=1 lun=1 pl=0 blk=97 pg=255 erase_cnt=3 (vpc/ipc reset)
[EXP] [ERASE] ch=1 lun=2 pl=0 blk=97 pg=255 erase_cnt=3 (vpc/ipc reset)
[EXP] [ERASE] ch=1 lun=3 pl=0 blk=97 pg=255 erase_cnt=3 (vpc/ipc reset)
[EXP] [ERASE] ch=1 lun=4 pl=0 blk=97 pg=255 erase_cnt=3 (vpc/ipc reset)
[EXP] [ERASE] ch=1 lun=5 pl=0 blk=97 pg=255 erase_cnt=3 (vpc/ipc reset)
[EXP] [ERASE] ch=1 lun=6 pl=0 blk=97 pg=255 erase_cnt=3 (vpc/ipc reset)
[EXP] [ERASE] ch=1 lun=7 pl=0 blk=97 pg=255 erase_cnt=3 (vpc/ipc reset)
[EXP] [GC_MOVE] lpn=0 ch=2 lun=0 pl=0 blk=97 pg=98 -> ch=1 lun=4 pl=0 blk=99 pg=221
[EXP] [ERASE_SURVIVE] lpn=0 count=3 source ch=2 lun=0 pl=0 blk=97 pg=98
[EXP] [ERASE] ch=2 lun=0 pl=0 blk=97 pg=255 erase_cnt=3 (vpc/ipc reset)
[EXP] [ERASE] ch=2 lun=1 pl=0 blk=97 pg=255 erase_cnt=3 (vpc/ipc reset)
[EXP] [ERASE] ch=2 lun=2 pl=0 blk=97 pg=255 erase_cnt=3 (vpc/ipc reset)
[EXP] [ERASE] ch=2 lun=3 pl=0 blk=97 pg=255 erase_cnt=3 (vpc/ipc reset)
[EXP] [ERASE] ch=2 lun=4 pl=0 blk=97 pg=255 erase_cnt=3 (vpc/ipc reset)
[EXP] [ERASE] ch=2 lun=5 pl=0 blk=97 pg=255 erase_cnt=3 (vpc/ipc reset)
[EXP] [ERASE] ch=2 lun=6 pl=0 blk=97 pg=255 erase_cnt=3 (vpc/ipc reset)
[EXP] [ERASE] ch=2 lun=7 pl=0 blk=97 pg=255 erase_cnt=3 (vpc/ipc reset)
[EXP] [ERASE] ch=3 lun=0 pl=0 blk=97 pg=255 erase_cnt=3 (vpc/ipc reset)
[EXP] [ERASE] ch=3 lun=1 pl=0 blk=97 pg=255 erase_cnt=3 (vpc/ipc reset)
[EXP] [ERASE] ch=3 lun=2 pl=0 blk=97 pg=255 erase_cnt=3 (vpc/ipc reset)
[EXP] [ERASE] ch=3 lun=3 pl=0 blk=97 pg=255 erase_cnt=3 (vpc/ipc reset)
[EXP] [ERASE] ch=3 lun=4 pl=0 blk=97 pg=255 erase_cnt=3 (vpc/ipc reset)
[EXP] [ERASE] ch=3 lun=5 pl=0 blk=97 pg=255 erase_cnt=3 (vpc/ipc reset)
[EXP] [ERASE] ch=3 lun=6 pl=0 blk=97 pg=255 erase_cnt=3 (vpc/ipc reset)
[EXP] [ERASE] ch=3 lun=7 pl=0 blk=97 pg=255 erase_cnt=3 (vpc/ipc reset)
[EXP] [ERASE] ch=4 lun=0 pl=0 blk=97 pg=255 erase_cnt=3 (vpc/ipc reset)
[EXP] [ERASE] ch=4 lun=1 pl=0 blk=97 pg=255 erase_cnt=3 (vpc/ipc reset)
[EXP] [ERASE] ch=4 lun=2 pl=0 blk=97 pg=255 erase_cnt=3 (vpc/ipc reset)
[EXP] [ERASE] ch=4 lun=3 pl=0 blk=97 pg=255 erase_cnt=3 (vpc/ipc reset)
[EXP] [ERASE] ch=4 lun=4 pl=0 blk=97 pg=255 erase_cnt=3 (vpc/ipc reset)
[EXP] [ERASE] ch=4 lun=5 pl=0 blk=97 pg=255 erase_cnt=3 (vpc/ipc reset)
[EXP] [ERASE] ch=4 lun=6 pl=0 blk=97 pg=255 erase_cnt=3 (vpc/ipc reset)
[EXP] [ERASE] ch=4 lun=7 pl=0 blk=97 pg=255 erase_cnt=3 (vpc/ipc reset)
[EXP] [ERASE] ch=5 lun=0 pl=0 blk=97 pg=255 erase_cnt=3 (vpc/ipc reset)
[EXP] [ERASE] ch=5 lun=1 pl=0 blk=97 pg=255 erase_cnt=3 (vpc/ipc reset)
[EXP] [ERASE] ch=5 lun=2 pl=0 blk=97 pg=255 erase_cnt=3 (vpc/ipc reset)
[EXP] [ERASE] ch=5 lun=3 pl=0 blk=97 pg=255 erase_cnt=3 (vpc/ipc reset)
[EXP] [ERASE] ch=5 lun=4 pl=0 blk=97 pg=255 erase_cnt=3 (vpc/ipc reset)
[EXP] [ERASE] ch=5 lun=5 pl=0 blk=97 pg=255 erase_cnt=3 (vpc/ipc reset)
[EXP] [ERASE] ch=5 lun=6 pl=0 blk=97 pg=255 erase_cnt=3 (vpc/ipc reset)
[EXP] [ERASE] ch=5 lun=7 pl=0 blk=97 pg=255 erase_cnt=3 (vpc/ipc reset)
[EXP] [ERASE] ch=6 lun=0 pl=0 blk=97 pg=255 erase_cnt=3 (vpc/ipc reset)
[EXP] [ERASE] ch=6 lun=1 pl=0 blk=97 pg=255 erase_cnt=3 (vpc/ipc reset)
[EXP] [ERASE] ch=6 lun=2 pl=0 blk=97 pg=255 erase_cnt=3 (vpc/ipc reset)
[EXP] [ERASE] ch=6 lun=3 pl=0 blk=97 pg=255 erase_cnt=3 (vpc/ipc reset)
[EXP] [ERASE] ch=6 lun=4 pl=0 blk=97 pg=255 erase_cnt=3 (vpc/ipc reset)
[EXP] [ERASE] ch=6 lun=5 pl=0 blk=97 pg=255 erase_cnt=3 (vpc/ipc reset)
[EXP] [ERASE] ch=6 lun=6 pl=0 blk=97 pg=255 erase_cnt=3 (vpc/ipc reset)
[EXP] [ERASE] ch=6 lun=7 pl=0 blk=97 pg=255 erase_cnt=3 (vpc/ipc reset)
[EXP] [ERASE] ch=7 lun=0 pl=0 blk=97 pg=255 erase_cnt=3 (vpc/ipc reset)
[EXP] [ERASE] ch=7 lun=1 pl=0 blk=97 pg=255 erase_cnt=3 (vpc/ipc reset)
[EXP] [ERASE] ch=7 lun=2 pl=0 blk=97 pg=255 erase_cnt=3 (vpc/ipc reset)
[EXP] [ERASE] ch=7 lun=3 pl=0 blk=97 pg=255 erase_cnt=3 (vpc/ipc reset)
[EXP] [ERASE] ch=7 lun=4 pl=0 blk=97 pg=255 erase_cnt=3 (vpc/ipc reset)
[EXP] [ERASE] ch=7 lun=5 pl=0 blk=97 pg=255 erase_cnt=3 (vpc/ipc reset)
[EXP] [ERASE] ch=7 lun=6 pl=0 blk=97 pg=255 erase_cnt=3 (vpc/ipc reset)
[EXP] [ERASE] ch=7 lun=7 pl=0 blk=97 pg=255 erase_cnt=3 (vpc/ipc reset)
[EXP] [ERASE] ch=0 lun=0 pl=0 blk=99 pg=255 erase_cnt=2 (vpc/ipc reset)
[EXP] [ERASE] ch=0 lun=1 pl=0 blk=99 pg=255 erase_cnt=2 (vpc/ipc reset)
[EXP] [ERASE] ch=0 lun=2 pl=0 blk=99 pg=255 erase_cnt=2 (vpc/ipc reset)
[EXP] [ERASE] ch=0 lun=3 pl=0 blk=99 pg=255 erase_cnt=2 (vpc/ipc reset)
[EXP] [ERASE] ch=0 lun=4 pl=0 blk=99 pg=255 erase_cnt=2 (vpc/ipc reset)
[EXP] [ERASE] ch=0 lun=5 pl=0 blk=99 pg=255 erase_cnt=2 (vpc/ipc reset)
[EXP] [ERASE] ch=0 lun=6 pl=0 blk=99 pg=255 erase_cnt=2 (vpc/ipc reset)
[EXP] [ERASE] ch=0 lun=7 pl=0 blk=99 pg=255 erase_cnt=2 (vpc/ipc reset)
[EXP] [ERASE] ch=1 lun=0 pl=0 blk=99 pg=255 erase_cnt=2 (vpc/ipc reset)
[EXP] [ERASE] ch=1 lun=1 pl=0 blk=99 pg=255 erase_cnt=2 (vpc/ipc reset)
[EXP] [ERASE] ch=1 lun=2 pl=0 blk=99 pg=255 erase_cnt=2 (vpc/ipc reset)
[EXP] [ERASE] ch=1 lun=3 pl=0 blk=99 pg=255 erase_cnt=2 (vpc/ipc reset)
[EXP] [GC_MOVE] lpn=0 ch=1 lun=4 pl=0 blk=99 pg=221 -> ch=7 lun=2 pl=0 blk=97 pg=134
[EXP] [ERASE_SURVIVE] lpn=0 count=4 source ch=1 lun=4 pl=0 blk=99 pg=221
[EXP] [ERASE] ch=1 lun=4 pl=0 blk=99 pg=255 erase_cnt=2 (vpc/ipc reset)
[EXP] [ERASE] ch=1 lun=5 pl=0 blk=99 pg=255 erase_cnt=2 (vpc/ipc reset)
[EXP] [ERASE] ch=1 lun=6 pl=0 blk=99 pg=255 erase_cnt=2 (vpc/ipc reset)
[EXP] [ERASE] ch=1 lun=7 pl=0 blk=99 pg=255 erase_cnt=2 (vpc/ipc reset)
[EXP] [ERASE] ch=2 lun=0 pl=0 blk=99 pg=255 erase_cnt=2 (vpc/ipc reset)
[EXP] [ERASE] ch=2 lun=1 pl=0 blk=99 pg=255 erase_cnt=2 (vpc/ipc reset)
[EXP] [ERASE] ch=2 lun=2 pl=0 blk=99 pg=255 erase_cnt=2 (vpc/ipc reset)
[EXP] [ERASE] ch=2 lun=3 pl=0 blk=99 pg=255 erase_cnt=2 (vpc/ipc reset)
[EXP] [ERASE] ch=2 lun=4 pl=0 blk=99 pg=255 erase_cnt=2 (vpc/ipc reset)
[EXP] [ERASE] ch=2 lun=5 pl=0 blk=99 pg=255 erase_cnt=2 (vpc/ipc reset)
[EXP] [ERASE] ch=2 lun=6 pl=0 blk=99 pg=255 erase_cnt=2 (vpc/ipc reset)
[EXP] [ERASE] ch=2 lun=7 pl=0 blk=99 pg=255 erase_cnt=2 (vpc/ipc reset)
[EXP] [ERASE] ch=3 lun=0 pl=0 blk=99 pg=255 erase_cnt=2 (vpc/ipc reset)
[EXP] [ERASE] ch=3 lun=1 pl=0 blk=99 pg=255 erase_cnt=2 (vpc/ipc reset)
[EXP] [ERASE] ch=3 lun=2 pl=0 blk=99 pg=255 erase_cnt=2 (vpc/ipc reset)
[EXP] [ERASE] ch=3 lun=3 pl=0 blk=99 pg=255 erase_cnt=2 (vpc/ipc reset)
[EXP] [ERASE] ch=3 lun=4 pl=0 blk=99 pg=255 erase_cnt=2 (vpc/ipc reset)
[EXP] [ERASE] ch=3 lun=5 pl=0 blk=99 pg=255 erase_cnt=2 (vpc/ipc reset)
[EXP] [ERASE] ch=3 lun=6 pl=0 blk=99 pg=255 erase_cnt=2 (vpc/ipc reset)
[EXP] [ERASE] ch=3 lun=7 pl=0 blk=99 pg=255 erase_cnt=2 (vpc/ipc reset)
[EXP] [ERASE] ch=4 lun=0 pl=0 blk=99 pg=255 erase_cnt=2 (vpc/ipc reset)
[EXP] [ERASE] ch=4 lun=1 pl=0 blk=99 pg=255 erase_cnt=2 (vpc/ipc reset)
[EXP] [ERASE] ch=4 lun=2 pl=0 blk=99 pg=255 erase_cnt=2 (vpc/ipc reset)
[EXP] [ERASE] ch=4 lun=3 pl=0 blk=99 pg=255 erase_cnt=2 (vpc/ipc reset)
[EXP] [ERASE] ch=4 lun=4 pl=0 blk=99 pg=255 erase_cnt=2 (vpc/ipc reset)
[EXP] [ERASE] ch=4 lun=5 pl=0 blk=99 pg=255 erase_cnt=2 (vpc/ipc reset)
[EXP] [ERASE] ch=4 lun=6 pl=0 blk=99 pg=255 erase_cnt=2 (vpc/ipc reset)
[EXP] [ERASE] ch=4 lun=7 pl=0 blk=99 pg=255 erase_cnt=2 (vpc/ipc reset)
[EXP] [ERASE] ch=5 lun=0 pl=0 blk=99 pg=255 erase_cnt=2 (vpc/ipc reset)
[EXP] [ERASE] ch=5 lun=1 pl=0 blk=99 pg=255 erase_cnt=2 (vpc/ipc reset)
[EXP] [ERASE] ch=5 lun=2 pl=0 blk=99 pg=255 erase_cnt=2 (vpc/ipc reset)
[EXP] [ERASE] ch=5 lun=3 pl=0 blk=99 pg=255 erase_cnt=2 (vpc/ipc reset)
[EXP] [ERASE] ch=5 lun=4 pl=0 blk=99 pg=255 erase_cnt=2 (vpc/ipc reset)
[EXP] [ERASE] ch=5 lun=5 pl=0 blk=99 pg=255 erase_cnt=2 (vpc/ipc reset)
[EXP] [ERASE] ch=5 lun=6 pl=0 blk=99 pg=255 erase_cnt=2 (vpc/ipc reset)
[EXP] [ERASE] ch=5 lun=7 pl=0 blk=99 pg=255 erase_cnt=2 (vpc/ipc reset)
[EXP] [ERASE] ch=6 lun=0 pl=0 blk=99 pg=255 erase_cnt=2 (vpc/ipc reset)
[EXP] [ERASE] ch=6 lun=1 pl=0 blk=99 pg=255 erase_cnt=2 (vpc/ipc reset)
[EXP] [ERASE] ch=6 lun=2 pl=0 blk=99 pg=255 erase_cnt=2 (vpc/ipc reset)
[EXP] [ERASE] ch=6 lun=3 pl=0 blk=99 pg=255 erase_cnt=2 (vpc/ipc reset)
[EXP] [ERASE] ch=6 lun=4 pl=0 blk=99 pg=255 erase_cnt=2 (vpc/ipc reset)
[EXP] [ERASE] ch=6 lun=5 pl=0 blk=99 pg=255 erase_cnt=2 (vpc/ipc reset)
[EXP] [ERASE] ch=6 lun=6 pl=0 blk=99 pg=255 erase_cnt=2 (vpc/ipc reset)
[EXP] [ERASE] ch=6 lun=7 pl=0 blk=99 pg=255 erase_cnt=2 (vpc/ipc reset)
[EXP] [ERASE] ch=7 lun=0 pl=0 blk=99 pg=255 erase_cnt=2 (vpc/ipc reset)
[EXP] [ERASE] ch=7 lun=1 pl=0 blk=99 pg=255 erase_cnt=2 (vpc/ipc reset)
[EXP] [ERASE] ch=7 lun=2 pl=0 blk=99 pg=255 erase_cnt=2 (vpc/ipc reset)
[EXP] [ERASE] ch=7 lun=3 pl=0 blk=99 pg=255 erase_cnt=2 (vpc/ipc reset)
[EXP] [ERASE] ch=7 lun=4 pl=0 blk=99 pg=255 erase_cnt=2 (vpc/ipc reset)
[EXP] [ERASE] ch=7 lun=5 pl=0 blk=99 pg=255 erase_cnt=2 (vpc/ipc reset)
[EXP] [ERASE] ch=7 lun=6 pl=0 blk=99 pg=255 erase_cnt=2 (vpc/ipc reset)
[EXP] [ERASE] ch=7 lun=7 pl=0 blk=99 pg=255 erase_cnt=2 (vpc/ipc reset)
[EXP] [ERASE] ch=0 lun=0 pl=0 blk=98 pg=255 erase_cnt=2 (vpc/ipc reset)
[EXP] [ERASE] ch=0 lun=1 pl=0 blk=98 pg=255 erase_cnt=2 (vpc/ipc reset)
[EXP] [ERASE] ch=0 lun=2 pl=0 blk=98 pg=255 erase_cnt=2 (vpc/ipc reset)
[EXP] [ERASE] ch=0 lun=3 pl=0 blk=98 pg=255 erase_cnt=2 (vpc/ipc reset)
[EXP] [ERASE] ch=0 lun=4 pl=0 blk=98 pg=255 erase_cnt=2 (vpc/ipc reset)
[EXP] [ERASE] ch=0 lun=5 pl=0 blk=98 pg=255 erase_cnt=2 (vpc/ipc reset)
[EXP] [ERASE] ch=0 lun=6 pl=0 blk=98 pg=255 erase_cnt=2 (vpc/ipc reset)
[EXP] [ERASE] ch=0 lun=7 pl=0 blk=98 pg=255 erase_cnt=2 (vpc/ipc reset)
[EXP] [ERASE] ch=1 lun=0 pl=0 blk=98 pg=255 erase_cnt=2 (vpc/ipc reset)
[EXP] [ERASE] ch=1 lun=1 pl=0 blk=98 pg=255 erase_cnt=2 (vpc/ipc reset)
[EXP] [ERASE] ch=1 lun=2 pl=0 blk=98 pg=255 erase_cnt=2 (vpc/ipc reset)
[EXP] [ERASE] ch=1 lun=3 pl=0 blk=98 pg=255 erase_cnt=2 (vpc/ipc reset)
[EXP] [ERASE] ch=1 lun=4 pl=0 blk=98 pg=255 erase_cnt=2 (vpc/ipc reset)
[EXP] [ERASE] ch=1 lun=5 pl=0 blk=98 pg=255 erase_cnt=2 (vpc/ipc reset)
[EXP] [ERASE] ch=1 lun=6 pl=0 blk=98 pg=255 erase_cnt=2 (vpc/ipc reset)
[EXP] [ERASE] ch=1 lun=7 pl=0 blk=98 pg=255 erase_cnt=2 (vpc/ipc reset)
[EXP] [ERASE] ch=2 lun=0 pl=0 blk=98 pg=255 erase_cnt=2 (vpc/ipc reset)
[EXP] [ERASE] ch=2 lun=1 pl=0 blk=98 pg=255 erase_cnt=2 (vpc/ipc reset)
[EXP] [ERASE] ch=2 lun=2 pl=0 blk=98 pg=255 erase_cnt=2 (vpc/ipc reset)
[EXP] [ERASE] ch=2 lun=3 pl=0 blk=98 pg=255 erase_cnt=2 (vpc/ipc reset)
[EXP] [ERASE] ch=2 lun=4 pl=0 blk=98 pg=255 erase_cnt=2 (vpc/ipc reset)
[EXP] [ERASE] ch=2 lun=5 pl=0 blk=98 pg=255 erase_cnt=2 (vpc/ipc reset)
[EXP] [ERASE] ch=2 lun=6 pl=0 blk=98 pg=255 erase_cnt=2 (vpc/ipc reset)
[EXP] [ERASE] ch=2 lun=7 pl=0 blk=98 pg=255 erase_cnt=2 (vpc/ipc reset)
[EXP] [ERASE] ch=3 lun=0 pl=0 blk=98 pg=255 erase_cnt=2 (vpc/ipc reset)
[EXP] [ERASE] ch=3 lun=1 pl=0 blk=98 pg=255 erase_cnt=2 (vpc/ipc reset)
[EXP] [ERASE] ch=3 lun=2 pl=0 blk=98 pg=255 erase_cnt=2 (vpc/ipc reset)
[EXP] [ERASE] ch=3 lun=3 pl=0 blk=98 pg=255 erase_cnt=2 (vpc/ipc reset)
[EXP] [ERASE] ch=3 lun=4 pl=0 blk=98 pg=255 erase_cnt=2 (vpc/ipc reset)
[EXP] [ERASE] ch=3 lun=5 pl=0 blk=98 pg=255 erase_cnt=2 (vpc/ipc reset)
[EXP] [ERASE] ch=3 lun=6 pl=0 blk=98 pg=255 erase_cnt=2 (vpc/ipc reset)
[EXP] [ERASE] ch=3 lun=7 pl=0 blk=98 pg=255 erase_cnt=2 (vpc/ipc reset)
[EXP] [ERASE] ch=4 lun=0 pl=0 blk=98 pg=255 erase_cnt=2 (vpc/ipc reset)
[EXP] [ERASE] ch=4 lun=1 pl=0 blk=98 pg=255 erase_cnt=2 (vpc/ipc reset)
[EXP] [ERASE] ch=4 lun=2 pl=0 blk=98 pg=255 erase_cnt=2 (vpc/ipc reset)
[EXP] [ERASE] ch=4 lun=3 pl=0 blk=98 pg=255 erase_cnt=2 (vpc/ipc reset)
[EXP] [ERASE] ch=4 lun=4 pl=0 blk=98 pg=255 erase_cnt=2 (vpc/ipc reset)
[EXP] [ERASE] ch=4 lun=5 pl=0 blk=98 pg=255 erase_cnt=2 (vpc/ipc reset)
[EXP] [ERASE] ch=4 lun=6 pl=0 blk=98 pg=255 erase_cnt=2 (vpc/ipc reset)
[EXP] [ERASE] ch=4 lun=7 pl=0 blk=98 pg=255 erase_cnt=2 (vpc/ipc reset)
[EXP] [ERASE] ch=5 lun=0 pl=0 blk=98 pg=255 erase_cnt=2 (vpc/ipc reset)
[EXP] [ERASE] ch=5 lun=1 pl=0 blk=98 pg=255 erase_cnt=2 (vpc/ipc reset)
[EXP] [ERASE] ch=5 lun=2 pl=0 blk=98 pg=255 erase_cnt=2 (vpc/ipc reset)
[EXP] [ERASE] ch=5 lun=3 pl=0 blk=98 pg=255 erase_cnt=2 (vpc/ipc reset)
[EXP] [ERASE] ch=5 lun=4 pl=0 blk=98 pg=255 erase_cnt=2 (vpc/ipc reset)
[EXP] [ERASE] ch=5 lun=5 pl=0 blk=98 pg=255 erase_cnt=2 (vpc/ipc reset)
[EXP] [ERASE] ch=5 lun=6 pl=0 blk=98 pg=255 erase_cnt=2 (vpc/ipc reset)
[EXP] [ERASE] ch=5 lun=7 pl=0 blk=98 pg=255 erase_cnt=2 (vpc/ipc reset)
[EXP] [ERASE] ch=6 lun=0 pl=0 blk=98 pg=255 erase_cnt=2 (vpc/ipc reset)
[EXP] [ERASE] ch=6 lun=1 pl=0 blk=98 pg=255 erase_cnt=2 (vpc/ipc reset)
[EXP] [ERASE] ch=6 lun=2 pl=0 blk=98 pg=255 erase_cnt=2 (vpc/ipc reset)
[EXP] [ERASE] ch=6 lun=3 pl=0 blk=98 pg=255 erase_cnt=2 (vpc/ipc reset)
[EXP] [ERASE] ch=6 lun=4 pl=0 blk=98 pg=255 erase_cnt=2 (vpc/ipc reset)
[EXP] [ERASE] ch=6 lun=5 pl=0 blk=98 pg=255 erase_cnt=2 (vpc/ipc reset)
[EXP] [ERASE] ch=6 lun=6 pl=0 blk=98 pg=255 erase_cnt=2 (vpc/ipc reset)
[EXP] [ERASE] ch=6 lun=7 pl=0 blk=98 pg=255 erase_cnt=2 (vpc/ipc reset)
[EXP] [ERASE] ch=7 lun=0 pl=0 blk=98 pg=255 erase_cnt=2 (vpc/ipc reset)
[EXP] [ERASE] ch=7 lun=1 pl=0 blk=98 pg=255 erase_cnt=2 (vpc/ipc reset)
[EXP] [ERASE] ch=7 lun=2 pl=0 blk=98 pg=255 erase_cnt=2 (vpc/ipc reset)
[EXP] [ERASE] ch=7 lun=3 pl=0 blk=98 pg=255 erase_cnt=2 (vpc/ipc reset)
[EXP] [ERASE] ch=7 lun=4 pl=0 blk=98 pg=255 erase_cnt=2 (vpc/ipc reset)
[EXP] [ERASE] ch=7 lun=5 pl=0 blk=98 pg=255 erase_cnt=2 (vpc/ipc reset)
[EXP] [ERASE] ch=7 lun=6 pl=0 blk=98 pg=255 erase_cnt=2 (vpc/ipc reset)
[EXP] [ERASE] ch=7 lun=7 pl=0 blk=98 pg=255 erase_cnt=2 (vpc/ipc reset)
[EXP] [ERASE] ch=0 lun=0 pl=0 blk=97 pg=255 erase_cnt=4 (vpc/ipc reset)
[EXP] [ERASE] ch=0 lun=1 pl=0 blk=97 pg=255 erase_cnt=4 (vpc/ipc reset)
[EXP] [ERASE] ch=0 lun=2 pl=0 blk=97 pg=255 erase_cnt=4 (vpc/ipc reset)
[EXP] [ERASE] ch=0 lun=3 pl=0 blk=97 pg=255 erase_cnt=4 (vpc/ipc reset)
[EXP] [ERASE] ch=0 lun=4 pl=0 blk=97 pg=255 erase_cnt=4 (vpc/ipc reset)
[EXP] [ERASE] ch=0 lun=5 pl=0 blk=97 pg=255 erase_cnt=4 (vpc/ipc reset)
[EXP] [ERASE] ch=0 lun=6 pl=0 blk=97 pg=255 erase_cnt=4 (vpc/ipc reset)
[EXP] [ERASE] ch=0 lun=7 pl=0 blk=97 pg=255 erase_cnt=4 (vpc/ipc reset)
[EXP] [ERASE] ch=1 lun=0 pl=0 blk=97 pg=255 erase_cnt=4 (vpc/ipc reset)
[EXP] [ERASE] ch=1 lun=1 pl=0 blk=97 pg=255 erase_cnt=4 (vpc/ipc reset)
[EXP] [ERASE] ch=1 lun=2 pl=0 blk=97 pg=255 erase_cnt=4 (vpc/ipc reset)
[EXP] [ERASE] ch=1 lun=3 pl=0 blk=97 pg=255 erase_cnt=4 (vpc/ipc reset)
[EXP] [ERASE] ch=1 lun=4 pl=0 blk=97 pg=255 erase_cnt=4 (vpc/ipc reset)
[EXP] [ERASE] ch=1 lun=5 pl=0 blk=97 pg=255 erase_cnt=4 (vpc/ipc reset)
[EXP] [ERASE] ch=1 lun=6 pl=0 blk=97 pg=255 erase_cnt=4 (vpc/ipc reset)
[EXP] [ERASE] ch=1 lun=7 pl=0 blk=97 pg=255 erase_cnt=4 (vpc/ipc reset)
[EXP] [ERASE] ch=2 lun=0 pl=0 blk=97 pg=255 erase_cnt=4 (vpc/ipc reset)
[EXP] [ERASE] ch=2 lun=1 pl=0 blk=97 pg=255 erase_cnt=4 (vpc/ipc reset)
[EXP] [ERASE] ch=2 lun=2 pl=0 blk=97 pg=255 erase_cnt=4 (vpc/ipc reset)
[EXP] [ERASE] ch=2 lun=3 pl=0 blk=97 pg=255 erase_cnt=4 (vpc/ipc reset)
[EXP] [ERASE] ch=2 lun=4 pl=0 blk=97 pg=255 erase_cnt=4 (vpc/ipc reset)
[EXP] [ERASE] ch=2 lun=5 pl=0 blk=97 pg=255 erase_cnt=4 (vpc/ipc reset)
[EXP] [ERASE] ch=2 lun=6 pl=0 blk=97 pg=255 erase_cnt=4 (vpc/ipc reset)
[EXP] [ERASE] ch=2 lun=7 pl=0 blk=97 pg=255 erase_cnt=4 (vpc/ipc reset)
[EXP] [ERASE] ch=3 lun=0 pl=0 blk=97 pg=255 erase_cnt=4 (vpc/ipc reset)
[EXP] [ERASE] ch=3 lun=1 pl=0 blk=97 pg=255 erase_cnt=4 (vpc/ipc reset)
[EXP] [ERASE] ch=3 lun=2 pl=0 blk=97 pg=255 erase_cnt=4 (vpc/ipc reset)
[EXP] [ERASE] ch=3 lun=3 pl=0 blk=97 pg=255 erase_cnt=4 (vpc/ipc reset)
[EXP] [ERASE] ch=3 lun=4 pl=0 blk=97 pg=255 erase_cnt=4 (vpc/ipc reset)
[EXP] [ERASE] ch=3 lun=5 pl=0 blk=97 pg=255 erase_cnt=4 (vpc/ipc reset)
[EXP] [ERASE] ch=3 lun=6 pl=0 blk=97 pg=255 erase_cnt=4 (vpc/ipc reset)
[EXP] [ERASE] ch=3 lun=7 pl=0 blk=97 pg=255 erase_cnt=4 (vpc/ipc reset)
[EXP] [ERASE] ch=4 lun=0 pl=0 blk=97 pg=255 erase_cnt=4 (vpc/ipc reset)
[EXP] [ERASE] ch=4 lun=1 pl=0 blk=97 pg=255 erase_cnt=4 (vpc/ipc reset)
[EXP] [ERASE] ch=4 lun=2 pl=0 blk=97 pg=255 erase_cnt=4 (vpc/ipc reset)
[EXP] [ERASE] ch=4 lun=3 pl=0 blk=97 pg=255 erase_cnt=4 (vpc/ipc reset)
[EXP] [ERASE] ch=4 lun=4 pl=0 blk=97 pg=255 erase_cnt=4 (vpc/ipc reset)
[EXP] [ERASE] ch=4 lun=5 pl=0 blk=97 pg=255 erase_cnt=4 (vpc/ipc reset)
[EXP] [ERASE] ch=4 lun=6 pl=0 blk=97 pg=255 erase_cnt=4 (vpc/ipc reset)
[EXP] [ERASE] ch=4 lun=7 pl=0 blk=97 pg=255 erase_cnt=4 (vpc/ipc reset)
[EXP] [ERASE] ch=5 lun=0 pl=0 blk=97 pg=255 erase_cnt=4 (vpc/ipc reset)
[EXP] [ERASE] ch=5 lun=1 pl=0 blk=97 pg=255 erase_cnt=4 (vpc/ipc reset)
[EXP] [ERASE] ch=5 lun=2 pl=0 blk=97 pg=255 erase_cnt=4 (vpc/ipc reset)
[EXP] [ERASE] ch=5 lun=3 pl=0 blk=97 pg=255 erase_cnt=4 (vpc/ipc reset)
[EXP] [ERASE] ch=5 lun=4 pl=0 blk=97 pg=255 erase_cnt=4 (vpc/ipc reset)
[EXP] [ERASE] ch=5 lun=5 pl=0 blk=97 pg=255 erase_cnt=4 (vpc/ipc reset)
[EXP] [ERASE] ch=5 lun=6 pl=0 blk=97 pg=255 erase_cnt=4 (vpc/ipc reset)
[EXP] [ERASE] ch=5 lun=7 pl=0 blk=97 pg=255 erase_cnt=4 (vpc/ipc reset)
[EXP] [ERASE] ch=6 lun=0 pl=0 blk=97 pg=255 erase_cnt=4 (vpc/ipc reset)
[EXP] [ERASE] ch=6 lun=1 pl=0 blk=97 pg=255 erase_cnt=4 (vpc/ipc reset)
[EXP] [ERASE] ch=6 lun=2 pl=0 blk=97 pg=255 erase_cnt=4 (vpc/ipc reset)
[EXP] [ERASE] ch=6 lun=3 pl=0 blk=97 pg=255 erase_cnt=4 (vpc/ipc reset)
[EXP] [ERASE] ch=6 lun=4 pl=0 blk=97 pg=255 erase_cnt=4 (vpc/ipc reset)
[EXP] [ERASE] ch=6 lun=5 pl=0 blk=97 pg=255 erase_cnt=4 (vpc/ipc reset)
[EXP] [ERASE] ch=6 lun=6 pl=0 blk=97 pg=255 erase_cnt=4 (vpc/ipc reset)
[EXP] [ERASE] ch=6 lun=7 pl=0 blk=97 pg=255 erase_cnt=4 (vpc/ipc reset)
[EXP] [ERASE] ch=7 lun=0 pl=0 blk=97 pg=255 erase_cnt=4 (vpc/ipc reset)
[EXP] [ERASE] ch=7 lun=1 pl=0 blk=97 pg=255 erase_cnt=4 (vpc/ipc reset)
[EXP] [GC_MOVE] lpn=0 ch=7 lun=2 pl=0 blk=97 pg=134 -> ch=7 lun=2 pl=0 blk=100 pg=254
[EXP] [ERASE_SURVIVE] lpn=0 count=5 source ch=7 lun=2 pl=0 blk=97 pg=134
[EXP] [ERASE] ch=7 lun=2 pl=0 blk=97 pg=255 erase_cnt=4 (vpc/ipc reset)
[EXP] [ERASE] ch=7 lun=3 pl=0 blk=97 pg=255 erase_cnt=4 (vpc/ipc reset)
[EXP] [ERASE] ch=7 lun=4 pl=0 blk=97 pg=255 erase_cnt=4 (vpc/ipc reset)
[EXP] [ERASE] ch=7 lun=5 pl=0 blk=97 pg=255 erase_cnt=4 (vpc/ipc reset)
[EXP] [ERASE] ch=7 lun=6 pl=0 blk=97 pg=255 erase_cnt=4 (vpc/ipc reset)
[EXP] [ERASE] ch=7 lun=7 pl=0 blk=97 pg=255 erase_cnt=4 (vpc/ipc reset)
[EXP] [ERASE] ch=0 lun=0 pl=0 blk=98 pg=255 erase_cnt=3 (vpc/ipc reset)
[EXP] [ERASE] ch=0 lun=1 pl=0 blk=98 pg=255 erase_cnt=3 (vpc/ipc reset)
[EXP] [ERASE] ch=0 lun=2 pl=0 blk=98 pg=255 erase_cnt=3 (vpc/ipc reset)
[EXP] [ERASE] ch=0 lun=3 pl=0 blk=98 pg=255 erase_cnt=3 (vpc/ipc reset)
[EXP] [ERASE] ch=0 lun=4 pl=0 blk=98 pg=255 erase_cnt=3 (vpc/ipc reset)
[EXP] [ERASE] ch=0 lun=5 pl=0 blk=98 pg=255 erase_cnt=3 (vpc/ipc reset)
[EXP] [ERASE] ch=0 lun=6 pl=0 blk=98 pg=255 erase_cnt=3 (vpc/ipc reset)
[EXP] [ERASE] ch=0 lun=7 pl=0 blk=98 pg=255 erase_cnt=3 (vpc/ipc reset)
[EXP] [ERASE] ch=1 lun=0 pl=0 blk=98 pg=255 erase_cnt=3 (vpc/ipc reset)
[EXP] [ERASE] ch=1 lun=1 pl=0 blk=98 pg=255 erase_cnt=3 (vpc/ipc reset)
[EXP] [ERASE] ch=1 lun=2 pl=0 blk=98 pg=255 erase_cnt=3 (vpc/ipc reset)
[EXP] [ERASE] ch=1 lun=3 pl=0 blk=98 pg=255 erase_cnt=3 (vpc/ipc reset)
[EXP] [ERASE] ch=1 lun=4 pl=0 blk=98 pg=255 erase_cnt=3 (vpc/ipc reset)
[EXP] [ERASE] ch=1 lun=5 pl=0 blk=98 pg=255 erase_cnt=3 (vpc/ipc reset)
[EXP] [ERASE] ch=1 lun=6 pl=0 blk=98 pg=255 erase_cnt=3 (vpc/ipc reset)
[EXP] [ERASE] ch=1 lun=7 pl=0 blk=98 pg=255 erase_cnt=3 (vpc/ipc reset)
[EXP] [ERASE] ch=2 lun=0 pl=0 blk=98 pg=255 erase_cnt=3 (vpc/ipc reset)
[EXP] [ERASE] ch=2 lun=1 pl=0 blk=98 pg=255 erase_cnt=3 (vpc/ipc reset)
[EXP] [ERASE] ch=2 lun=2 pl=0 blk=98 pg=255 erase_cnt=3 (vpc/ipc reset)
[EXP] [ERASE] ch=2 lun=3 pl=0 blk=98 pg=255 erase_cnt=3 (vpc/ipc reset)
[EXP] [ERASE] ch=2 lun=4 pl=0 blk=98 pg=255 erase_cnt=3 (vpc/ipc reset)
[EXP] [ERASE] ch=2 lun=5 pl=0 blk=98 pg=255 erase_cnt=3 (vpc/ipc reset)
[EXP] [ERASE] ch=2 lun=6 pl=0 blk=98 pg=255 erase_cnt=3 (vpc/ipc reset)
[EXP] [ERASE] ch=2 lun=7 pl=0 blk=98 pg=255 erase_cnt=3 (vpc/ipc reset)
[EXP] [ERASE] ch=3 lun=0 pl=0 blk=98 pg=255 erase_cnt=3 (vpc/ipc reset)
[EXP] [ERASE] ch=3 lun=1 pl=0 blk=98 pg=255 erase_cnt=3 (vpc/ipc reset)
[EXP] [ERASE] ch=3 lun=2 pl=0 blk=98 pg=255 erase_cnt=3 (vpc/ipc reset)
[EXP] [ERASE] ch=3 lun=3 pl=0 blk=98 pg=255 erase_cnt=3 (vpc/ipc reset)
[EXP] [ERASE] ch=3 lun=4 pl=0 blk=98 pg=255 erase_cnt=3 (vpc/ipc reset)
[EXP] [ERASE] ch=3 lun=5 pl=0 blk=98 pg=255 erase_cnt=3 (vpc/ipc reset)
[EXP] [ERASE] ch=3 lun=6 pl=0 blk=98 pg=255 erase_cnt=3 (vpc/ipc reset)
[EXP] [ERASE] ch=3 lun=7 pl=0 blk=98 pg=255 erase_cnt=3 (vpc/ipc reset)
[EXP] [ERASE] ch=4 lun=0 pl=0 blk=98 pg=255 erase_cnt=3 (vpc/ipc reset)
[EXP] [ERASE] ch=4 lun=1 pl=0 blk=98 pg=255 erase_cnt=3 (vpc/ipc reset)
[EXP] [ERASE] ch=4 lun=2 pl=0 blk=98 pg=255 erase_cnt=3 (vpc/ipc reset)
[EXP] [ERASE] ch=4 lun=3 pl=0 blk=98 pg=255 erase_cnt=3 (vpc/ipc reset)
[EXP] [ERASE] ch=4 lun=4 pl=0 blk=98 pg=255 erase_cnt=3 (vpc/ipc reset)
[EXP] [ERASE] ch=4 lun=5 pl=0 blk=98 pg=255 erase_cnt=3 (vpc/ipc reset)
[EXP] [ERASE] ch=4 lun=6 pl=0 blk=98 pg=255 erase_cnt=3 (vpc/ipc reset)
[EXP] [ERASE] ch=4 lun=7 pl=0 blk=98 pg=255 erase_cnt=3 (vpc/ipc reset)
[EXP] [ERASE] ch=5 lun=0 pl=0 blk=98 pg=255 erase_cnt=3 (vpc/ipc reset)
[EXP] [ERASE] ch=5 lun=1 pl=0 blk=98 pg=255 erase_cnt=3 (vpc/ipc reset)
[EXP] [ERASE] ch=5 lun=2 pl=0 blk=98 pg=255 erase_cnt=3 (vpc/ipc reset)
[EXP] [ERASE] ch=5 lun=3 pl=0 blk=98 pg=255 erase_cnt=3 (vpc/ipc reset)
[EXP] [ERASE] ch=5 lun=4 pl=0 blk=98 pg=255 erase_cnt=3 (vpc/ipc reset)
[EXP] [ERASE] ch=5 lun=5 pl=0 blk=98 pg=255 erase_cnt=3 (vpc/ipc reset)
[EXP] [ERASE] ch=5 lun=6 pl=0 blk=98 pg=255 erase_cnt=3 (vpc/ipc reset)
[EXP] [ERASE] ch=5 lun=7 pl=0 blk=98 pg=255 erase_cnt=3 (vpc/ipc reset)
[EXP] [ERASE] ch=6 lun=0 pl=0 blk=98 pg=255 erase_cnt=3 (vpc/ipc reset)
[EXP] [ERASE] ch=6 lun=1 pl=0 blk=98 pg=255 erase_cnt=3 (vpc/ipc reset)
[EXP] [ERASE] ch=6 lun=2 pl=0 blk=98 pg=255 erase_cnt=3 (vpc/ipc reset)
[EXP] [ERASE] ch=6 lun=3 pl=0 blk=98 pg=255 erase_cnt=3 (vpc/ipc reset)
[EXP] [ERASE] ch=6 lun=4 pl=0 blk=98 pg=255 erase_cnt=3 (vpc/ipc reset)
[EXP] [ERASE] ch=6 lun=5 pl=0 blk=98 pg=255 erase_cnt=3 (vpc/ipc reset)
[EXP] [ERASE] ch=6 lun=6 pl=0 blk=98 pg=255 erase_cnt=3 (vpc/ipc reset)
[EXP] [ERASE] ch=6 lun=7 pl=0 blk=98 pg=255 erase_cnt=3 (vpc/ipc reset)
[EXP] [ERASE] ch=7 lun=0 pl=0 blk=98 pg=255 erase_cnt=3 (vpc/ipc reset)
[EXP] [ERASE] ch=7 lun=1 pl=0 blk=98 pg=255 erase_cnt=3 (vpc/ipc reset)
[EXP] [ERASE] ch=7 lun=2 pl=0 blk=98 pg=255 erase_cnt=3 (vpc/ipc reset)
[EXP] [ERASE] ch=7 lun=3 pl=0 blk=98 pg=255 erase_cnt=3 (vpc/ipc reset)
[EXP] [ERASE] ch=7 lun=4 pl=0 blk=98 pg=255 erase_cnt=3 (vpc/ipc reset)
[EXP] [ERASE] ch=7 lun=5 pl=0 blk=98 pg=255 erase_cnt=3 (vpc/ipc reset)
[EXP] [ERASE] ch=7 lun=6 pl=0 blk=98 pg=255 erase_cnt=3 (vpc/ipc reset)
[EXP] [ERASE] ch=7 lun=7 pl=0 blk=98 pg=255 erase_cnt=3 (vpc/ipc reset)
[EXP] [ERASE] ch=0 lun=0 pl=0 blk=99 pg=255 erase_cnt=3 (vpc/ipc reset)
[EXP] [ERASE] ch=0 lun=1 pl=0 blk=99 pg=255 erase_cnt=3 (vpc/ipc reset)
[EXP] [ERASE] ch=0 lun=2 pl=0 blk=99 pg=255 erase_cnt=3 (vpc/ipc reset)
[EXP] [ERASE] ch=0 lun=3 pl=0 blk=99 pg=255 erase_cnt=3 (vpc/ipc reset)
[EXP] [ERASE] ch=0 lun=4 pl=0 blk=99 pg=255 erase_cnt=3 (vpc/ipc reset)
[EXP] [ERASE] ch=0 lun=5 pl=0 blk=99 pg=255 erase_cnt=3 (vpc/ipc reset)
[EXP] [ERASE] ch=0 lun=6 pl=0 blk=99 pg=255 erase_cnt=3 (vpc/ipc reset)
[EXP] [ERASE] ch=0 lun=7 pl=0 blk=99 pg=255 erase_cnt=3 (vpc/ipc reset)
[EXP] [ERASE] ch=1 lun=0 pl=0 blk=99 pg=255 erase_cnt=3 (vpc/ipc reset)
[EXP] [ERASE] ch=1 lun=1 pl=0 blk=99 pg=255 erase_cnt=3 (vpc/ipc reset)
[EXP] [ERASE] ch=1 lun=2 pl=0 blk=99 pg=255 erase_cnt=3 (vpc/ipc reset)
[EXP] [ERASE] ch=1 lun=3 pl=0 blk=99 pg=255 erase_cnt=3 (vpc/ipc reset)
[EXP] [ERASE] ch=1 lun=4 pl=0 blk=99 pg=255 erase_cnt=3 (vpc/ipc reset)
[EXP] [ERASE] ch=1 lun=5 pl=0 blk=99 pg=255 erase_cnt=3 (vpc/ipc reset)
[EXP] [ERASE] ch=1 lun=6 pl=0 blk=99 pg=255 erase_cnt=3 (vpc/ipc reset)
[EXP] [ERASE] ch=1 lun=7 pl=0 blk=99 pg=255 erase_cnt=3 (vpc/ipc reset)
[EXP] [ERASE] ch=2 lun=0 pl=0 blk=99 pg=255 erase_cnt=3 (vpc/ipc reset)
[EXP] [ERASE] ch=2 lun=1 pl=0 blk=99 pg=255 erase_cnt=3 (vpc/ipc reset)
[EXP] [ERASE] ch=2 lun=2 pl=0 blk=99 pg=255 erase_cnt=3 (vpc/ipc reset)
[EXP] [ERASE] ch=2 lun=3 pl=0 blk=99 pg=255 erase_cnt=3 (vpc/ipc reset)
[EXP] [ERASE] ch=2 lun=4 pl=0 blk=99 pg=255 erase_cnt=3 (vpc/ipc reset)
[EXP] [ERASE] ch=2 lun=5 pl=0 blk=99 pg=255 erase_cnt=3 (vpc/ipc reset)
[EXP] [ERASE] ch=2 lun=6 pl=0 blk=99 pg=255 erase_cnt=3 (vpc/ipc reset)
[EXP] [ERASE] ch=2 lun=7 pl=0 blk=99 pg=255 erase_cnt=3 (vpc/ipc reset)
[EXP] [ERASE] ch=3 lun=0 pl=0 blk=99 pg=255 erase_cnt=3 (vpc/ipc reset)
[EXP] [ERASE] ch=3 lun=1 pl=0 blk=99 pg=255 erase_cnt=3 (vpc/ipc reset)
[EXP] [ERASE] ch=3 lun=2 pl=0 blk=99 pg=255 erase_cnt=3 (vpc/ipc reset)
[EXP] [ERASE] ch=3 lun=3 pl=0 blk=99 pg=255 erase_cnt=3 (vpc/ipc reset)
[EXP] [ERASE] ch=3 lun=4 pl=0 blk=99 pg=255 erase_cnt=3 (vpc/ipc reset)
[EXP] [ERASE] ch=3 lun=5 pl=0 blk=99 pg=255 erase_cnt=3 (vpc/ipc reset)
[EXP] [ERASE] ch=3 lun=6 pl=0 blk=99 pg=255 erase_cnt=3 (vpc/ipc reset)
[EXP] [ERASE] ch=3 lun=7 pl=0 blk=99 pg=255 erase_cnt=3 (vpc/ipc reset)
[EXP] [ERASE] ch=4 lun=0 pl=0 blk=99 pg=255 erase_cnt=3 (vpc/ipc reset)
[EXP] [ERASE] ch=4 lun=1 pl=0 blk=99 pg=255 erase_cnt=3 (vpc/ipc reset)
[EXP] [ERASE] ch=4 lun=2 pl=0 blk=99 pg=255 erase_cnt=3 (vpc/ipc reset)
[EXP] [ERASE] ch=4 lun=3 pl=0 blk=99 pg=255 erase_cnt=3 (vpc/ipc reset)
[EXP] [ERASE] ch=4 lun=4 pl=0 blk=99 pg=255 erase_cnt=3 (vpc/ipc reset)
[EXP] [ERASE] ch=4 lun=5 pl=0 blk=99 pg=255 erase_cnt=3 (vpc/ipc reset)
[EXP] [ERASE] ch=4 lun=6 pl=0 blk=99 pg=255 erase_cnt=3 (vpc/ipc reset)
[EXP] [ERASE] ch=4 lun=7 pl=0 blk=99 pg=255 erase_cnt=3 (vpc/ipc reset)
[EXP] [ERASE] ch=5 lun=0 pl=0 blk=99 pg=255 erase_cnt=3 (vpc/ipc reset)
[EXP] [ERASE] ch=5 lun=1 pl=0 blk=99 pg=255 erase_cnt=3 (vpc/ipc reset)
[EXP] [ERASE] ch=5 lun=2 pl=0 blk=99 pg=255 erase_cnt=3 (vpc/ipc reset)
[EXP] [ERASE] ch=5 lun=3 pl=0 blk=99 pg=255 erase_cnt=3 (vpc/ipc reset)
[EXP] [ERASE] ch=5 lun=4 pl=0 blk=99 pg=255 erase_cnt=3 (vpc/ipc reset)
[EXP] [ERASE] ch=5 lun=5 pl=0 blk=99 pg=255 erase_cnt=3 (vpc/ipc reset)
[EXP] [ERASE] ch=5 lun=6 pl=0 blk=99 pg=255 erase_cnt=3 (vpc/ipc reset)
[EXP] [ERASE] ch=5 lun=7 pl=0 blk=99 pg=255 erase_cnt=3 (vpc/ipc reset)
[EXP] [ERASE] ch=6 lun=0 pl=0 blk=99 pg=255 erase_cnt=3 (vpc/ipc reset)
[EXP] [ERASE] ch=6 lun=1 pl=0 blk=99 pg=255 erase_cnt=3 (vpc/ipc reset)
[EXP] [ERASE] ch=6 lun=2 pl=0 blk=99 pg=255 erase_cnt=3 (vpc/ipc reset)
[EXP] [ERASE] ch=6 lun=3 pl=0 blk=99 pg=255 erase_cnt=3 (vpc/ipc reset)
[EXP] [ERASE] ch=6 lun=4 pl=0 blk=99 pg=255 erase_cnt=3 (vpc/ipc reset)
[EXP] [ERASE] ch=6 lun=5 pl=0 blk=99 pg=255 erase_cnt=3 (vpc/ipc reset)
[EXP] [ERASE] ch=6 lun=6 pl=0 blk=99 pg=255 erase_cnt=3 (vpc/ipc reset)
[EXP] [ERASE] ch=6 lun=7 pl=0 blk=99 pg=255 erase_cnt=3 (vpc/ipc reset)
[EXP] [ERASE] ch=7 lun=0 pl=0 blk=99 pg=255 erase_cnt=3 (vpc/ipc reset)
[EXP] [ERASE] ch=7 lun=1 pl=0 blk=99 pg=255 erase_cnt=3 (vpc/ipc reset)
[EXP] [ERASE] ch=7 lun=2 pl=0 blk=99 pg=255 erase_cnt=3 (vpc/ipc reset)
[EXP] [ERASE] ch=7 lun=3 pl=0 blk=99 pg=255 erase_cnt=3 (vpc/ipc reset)
[EXP] [ERASE] ch=7 lun=4 pl=0 blk=99 pg=255 erase_cnt=3 (vpc/ipc reset)
[EXP] [ERASE] ch=7 lun=5 pl=0 blk=99 pg=255 erase_cnt=3 (vpc/ipc reset)
[EXP] [ERASE] ch=7 lun=6 pl=0 blk=99 pg=255 erase_cnt=3 (vpc/ipc reset)
[EXP] [ERASE] ch=7 lun=7 pl=0 blk=99 pg=255 erase_cnt=3 (vpc/ipc reset)
[EXP] [ERASE] ch=0 lun=0 pl=0 blk=100 pg=255 erase_cnt=3 (vpc/ipc reset)
[EXP] [ERASE] ch=0 lun=1 pl=0 blk=100 pg=255 erase_cnt=3 (vpc/ipc reset)
[EXP] [ERASE] ch=0 lun=2 pl=0 blk=100 pg=255 erase_cnt=3 (vpc/ipc reset)
[EXP] [ERASE] ch=0 lun=3 pl=0 blk=100 pg=255 erase_cnt=3 (vpc/ipc reset)
[EXP] [ERASE] ch=0 lun=4 pl=0 blk=100 pg=255 erase_cnt=3 (vpc/ipc reset)
[EXP] [ERASE] ch=0 lun=5 pl=0 blk=100 pg=255 erase_cnt=3 (vpc/ipc reset)
[EXP] [ERASE] ch=0 lun=6 pl=0 blk=100 pg=255 erase_cnt=3 (vpc/ipc reset)
[EXP] [ERASE] ch=0 lun=7 pl=0 blk=100 pg=255 erase_cnt=3 (vpc/ipc reset)
[EXP] [ERASE] ch=1 lun=0 pl=0 blk=100 pg=255 erase_cnt=3 (vpc/ipc reset)
[EXP] [ERASE] ch=1 lun=1 pl=0 blk=100 pg=255 erase_cnt=3 (vpc/ipc reset)
[EXP] [ERASE] ch=1 lun=2 pl=0 blk=100 pg=255 erase_cnt=3 (vpc/ipc reset)
[EXP] [ERASE] ch=1 lun=3 pl=0 blk=100 pg=255 erase_cnt=3 (vpc/ipc reset)
[EXP] [ERASE] ch=1 lun=4 pl=0 blk=100 pg=255 erase_cnt=3 (vpc/ipc reset)
[EXP] [ERASE] ch=1 lun=5 pl=0 blk=100 pg=255 erase_cnt=3 (vpc/ipc reset)
[EXP] [ERASE] ch=1 lun=6 pl=0 blk=100 pg=255 erase_cnt=3 (vpc/ipc reset)
[EXP] [ERASE] ch=1 lun=7 pl=0 blk=100 pg=255 erase_cnt=3 (vpc/ipc reset)
[EXP] [ERASE] ch=2 lun=0 pl=0 blk=100 pg=255 erase_cnt=3 (vpc/ipc reset)
[EXP] [ERASE] ch=2 lun=1 pl=0 blk=100 pg=255 erase_cnt=3 (vpc/ipc reset)
[EXP] [ERASE] ch=2 lun=2 pl=0 blk=100 pg=255 erase_cnt=3 (vpc/ipc reset)
[EXP] [ERASE] ch=2 lun=3 pl=0 blk=100 pg=255 erase_cnt=3 (vpc/ipc reset)
[EXP] [ERASE] ch=2 lun=4 pl=0 blk=100 pg=255 erase_cnt=3 (vpc/ipc reset)
[EXP] [ERASE] ch=2 lun=5 pl=0 blk=100 pg=255 erase_cnt=3 (vpc/ipc reset)
[EXP] [ERASE] ch=2 lun=6 pl=0 blk=100 pg=255 erase_cnt=3 (vpc/ipc reset)
[EXP] [ERASE] ch=2 lun=7 pl=0 blk=100 pg=255 erase_cnt=3 (vpc/ipc reset)
[EXP] [ERASE] ch=3 lun=0 pl=0 blk=100 pg=255 erase_cnt=3 (vpc/ipc reset)
[EXP] [ERASE] ch=3 lun=1 pl=0 blk=100 pg=255 erase_cnt=3 (vpc/ipc reset)
[EXP] [ERASE] ch=3 lun=2 pl=0 blk=100 pg=255 erase_cnt=3 (vpc/ipc reset)
[EXP] [ERASE] ch=3 lun=3 pl=0 blk=100 pg=255 erase_cnt=3 (vpc/ipc reset)
[EXP] [ERASE] ch=3 lun=4 pl=0 blk=100 pg=255 erase_cnt=3 (vpc/ipc reset)
[EXP] [ERASE] ch=3 lun=5 pl=0 blk=100 pg=255 erase_cnt=3 (vpc/ipc reset)
[EXP] [ERASE] ch=3 lun=6 pl=0 blk=100 pg=255 erase_cnt=3 (vpc/ipc reset)
[EXP] [ERASE] ch=3 lun=7 pl=0 blk=100 pg=255 erase_cnt=3 (vpc/ipc reset)
[EXP] [ERASE] ch=4 lun=0 pl=0 blk=100 pg=255 erase_cnt=3 (vpc/ipc reset)
[EXP] [ERASE] ch=4 lun=1 pl=0 blk=100 pg=255 erase_cnt=3 (vpc/ipc reset)
[EXP] [ERASE] ch=4 lun=2 pl=0 blk=100 pg=255 erase_cnt=3 (vpc/ipc reset)
[EXP] [ERASE] ch=4 lun=3 pl=0 blk=100 pg=255 erase_cnt=3 (vpc/ipc reset)
[EXP] [ERASE] ch=4 lun=4 pl=0 blk=100 pg=255 erase_cnt=3 (vpc/ipc reset)
[EXP] [ERASE] ch=4 lun=5 pl=0 blk=100 pg=255 erase_cnt=3 (vpc/ipc reset)
[EXP] [ERASE] ch=4 lun=6 pl=0 blk=100 pg=255 erase_cnt=3 (vpc/ipc reset)
[EXP] [ERASE] ch=4 lun=7 pl=0 blk=100 pg=255 erase_cnt=3 (vpc/ipc reset)
[EXP] [ERASE] ch=5 lun=0 pl=0 blk=100 pg=255 erase_cnt=3 (vpc/ipc reset)
[EXP] [ERASE] ch=5 lun=1 pl=0 blk=100 pg=255 erase_cnt=3 (vpc/ipc reset)
[EXP] [ERASE] ch=5 lun=2 pl=0 blk=100 pg=255 erase_cnt=3 (vpc/ipc reset)
[EXP] [ERASE] ch=5 lun=3 pl=0 blk=100 pg=255 erase_cnt=3 (vpc/ipc reset)
[EXP] [ERASE] ch=5 lun=4 pl=0 blk=100 pg=255 erase_cnt=3 (vpc/ipc reset)
[EXP] [ERASE] ch=5 lun=5 pl=0 blk=100 pg=255 erase_cnt=3 (vpc/ipc reset)
[EXP] [ERASE] ch=5 lun=6 pl=0 blk=100 pg=255 erase_cnt=3 (vpc/ipc reset)
[EXP] [ERASE] ch=5 lun=7 pl=0 blk=100 pg=255 erase_cnt=3 (vpc/ipc reset)
[EXP] [ERASE] ch=6 lun=0 pl=0 blk=100 pg=255 erase_cnt=3 (vpc/ipc reset)
[EXP] [ERASE] ch=6 lun=1 pl=0 blk=100 pg=255 erase_cnt=3 (vpc/ipc reset)
[EXP] [ERASE] ch=6 lun=2 pl=0 blk=100 pg=255 erase_cnt=3 (vpc/ipc reset)
[EXP] [ERASE] ch=6 lun=3 pl=0 blk=100 pg=255 erase_cnt=3 (vpc/ipc reset)
[EXP] [ERASE] ch=6 lun=4 pl=0 blk=100 pg=255 erase_cnt=3 (vpc/ipc reset)
[EXP] [ERASE] ch=6 lun=5 pl=0 blk=100 pg=255 erase_cnt=3 (vpc/ipc reset)
[EXP] [ERASE] ch=6 lun=6 pl=0 blk=100 pg=255 erase_cnt=3 (vpc/ipc reset)
[EXP] [ERASE] ch=6 lun=7 pl=0 blk=100 pg=255 erase_cnt=3 (vpc/ipc reset)
[EXP] [ERASE] ch=7 lun=0 pl=0 blk=100 pg=255 erase_cnt=3 (vpc/ipc reset)
[EXP] [ERASE] ch=7 lun=1 pl=0 blk=100 pg=255 erase_cnt=3 (vpc/ipc reset)
[EXP] [GC_MOVE] lpn=0 ch=7 lun=2 pl=0 blk=100 pg=254 -> ch=0 lun=7 pl=0 blk=61 pg=195
[EXP] [ERASE_SURVIVE] lpn=0 count=6 source ch=7 lun=2 pl=0 blk=100 pg=254
[EXP] [ERASE] ch=7 lun=2 pl=0 blk=100 pg=255 erase_cnt=3 (vpc/ipc reset)
[EXP] [ERASE] ch=7 lun=3 pl=0 blk=100 pg=255 erase_cnt=3 (vpc/ipc reset)
[EXP] [ERASE] ch=7 lun=4 pl=0 blk=100 pg=255 erase_cnt=3 (vpc/ipc reset)
[EXP] [ERASE] ch=7 lun=5 pl=0 blk=100 pg=255 erase_cnt=3 (vpc/ipc reset)
[EXP] [ERASE] ch=7 lun=6 pl=0 blk=100 pg=255 erase_cnt=3 (vpc/ipc reset)
[EXP] [ERASE] ch=7 lun=7 pl=0 blk=100 pg=255 erase_cnt=3 (vpc/ipc reset)
[EXP] [ERASE] ch=0 lun=0 pl=0 blk=97 pg=255 erase_cnt=5 (vpc/ipc reset)
[EXP] [ERASE] ch=0 lun=1 pl=0 blk=97 pg=255 erase_cnt=5 (vpc/ipc reset)
[EXP] [ERASE] ch=0 lun=2 pl=0 blk=97 pg=255 erase_cnt=5 (vpc/ipc reset)
[EXP] [ERASE] ch=0 lun=3 pl=0 blk=97 pg=255 erase_cnt=5 (vpc/ipc reset)
[EXP] [ERASE] ch=0 lun=4 pl=0 blk=97 pg=255 erase_cnt=5 (vpc/ipc reset)
[EXP] [ERASE] ch=0 lun=5 pl=0 blk=97 pg=255 erase_cnt=5 (vpc/ipc reset)
[EXP] [ERASE] ch=0 lun=6 pl=0 blk=97 pg=255 erase_cnt=5 (vpc/ipc reset)
[EXP] [ERASE] ch=0 lun=7 pl=0 blk=97 pg=255 erase_cnt=5 (vpc/ipc reset)
[EXP] [ERASE] ch=1 lun=0 pl=0 blk=97 pg=255 erase_cnt=5 (vpc/ipc reset)
[EXP] [ERASE] ch=1 lun=1 pl=0 blk=97 pg=255 erase_cnt=5 (vpc/ipc reset)
[EXP] [ERASE] ch=1 lun=2 pl=0 blk=97 pg=255 erase_cnt=5 (vpc/ipc reset)
[EXP] [ERASE] ch=1 lun=3 pl=0 blk=97 pg=255 erase_cnt=5 (vpc/ipc reset)
[EXP] [ERASE] ch=1 lun=4 pl=0 blk=97 pg=255 erase_cnt=5 (vpc/ipc reset)
[EXP] [ERASE] ch=1 lun=5 pl=0 blk=97 pg=255 erase_cnt=5 (vpc/ipc reset)
[EXP] [ERASE] ch=1 lun=6 pl=0 blk=97 pg=255 erase_cnt=5 (vpc/ipc reset)
[EXP] [ERASE] ch=1 lun=7 pl=0 blk=97 pg=255 erase_cnt=5 (vpc/ipc reset)
[EXP] [ERASE] ch=2 lun=0 pl=0 blk=97 pg=255 erase_cnt=5 (vpc/ipc reset)
[EXP] [ERASE] ch=2 lun=1 pl=0 blk=97 pg=255 erase_cnt=5 (vpc/ipc reset)
[EXP] [ERASE] ch=2 lun=2 pl=0 blk=97 pg=255 erase_cnt=5 (vpc/ipc reset)
[EXP] [ERASE] ch=2 lun=3 pl=0 blk=97 pg=255 erase_cnt=5 (vpc/ipc reset)
[EXP] [ERASE] ch=2 lun=4 pl=0 blk=97 pg=255 erase_cnt=5 (vpc/ipc reset)
[EXP] [ERASE] ch=2 lun=5 pl=0 blk=97 pg=255 erase_cnt=5 (vpc/ipc reset)
[EXP] [ERASE] ch=2 lun=6 pl=0 blk=97 pg=255 erase_cnt=5 (vpc/ipc reset)
[EXP] [ERASE] ch=2 lun=7 pl=0 blk=97 pg=255 erase_cnt=5 (vpc/ipc reset)
[EXP] [ERASE] ch=3 lun=0 pl=0 blk=97 pg=255 erase_cnt=5 (vpc/ipc reset)
[EXP] [ERASE] ch=3 lun=1 pl=0 blk=97 pg=255 erase_cnt=5 (vpc/ipc reset)
[EXP] [ERASE] ch=3 lun=2 pl=0 blk=97 pg=255 erase_cnt=5 (vpc/ipc reset)
[EXP] [ERASE] ch=3 lun=3 pl=0 blk=97 pg=255 erase_cnt=5 (vpc/ipc reset)
[EXP] [ERASE] ch=3 lun=4 pl=0 blk=97 pg=255 erase_cnt=5 (vpc/ipc reset)
[EXP] [ERASE] ch=3 lun=5 pl=0 blk=97 pg=255 erase_cnt=5 (vpc/ipc reset)
[EXP] [ERASE] ch=3 lun=6 pl=0 blk=97 pg=255 erase_cnt=5 (vpc/ipc reset)
[EXP] [ERASE] ch=3 lun=7 pl=0 blk=97 pg=255 erase_cnt=5 (vpc/ipc reset)
[EXP] [ERASE] ch=4 lun=0 pl=0 blk=97 pg=255 erase_cnt=5 (vpc/ipc reset)
[EXP] [ERASE] ch=4 lun=1 pl=0 blk=97 pg=255 erase_cnt=5 (vpc/ipc reset)
[EXP] [ERASE] ch=4 lun=2 pl=0 blk=97 pg=255 erase_cnt=5 (vpc/ipc reset)
[EXP] [ERASE] ch=4 lun=3 pl=0 blk=97 pg=255 erase_cnt=5 (vpc/ipc reset)
[EXP] [ERASE] ch=4 lun=4 pl=0 blk=97 pg=255 erase_cnt=5 (vpc/ipc reset)
[EXP] [ERASE] ch=4 lun=5 pl=0 blk=97 pg=255 erase_cnt=5 (vpc/ipc reset)
[EXP] [ERASE] ch=4 lun=6 pl=0 blk=97 pg=255 erase_cnt=5 (vpc/ipc reset)
[EXP] [ERASE] ch=4 lun=7 pl=0 blk=97 pg=255 erase_cnt=5 (vpc/ipc reset)
[EXP] [ERASE] ch=5 lun=0 pl=0 blk=97 pg=255 erase_cnt=5 (vpc/ipc reset)
[EXP] [ERASE] ch=5 lun=1 pl=0 blk=97 pg=255 erase_cnt=5 (vpc/ipc reset)
[EXP] [ERASE] ch=5 lun=2 pl=0 blk=97 pg=255 erase_cnt=5 (vpc/ipc reset)
[EXP] [ERASE] ch=5 lun=3 pl=0 blk=97 pg=255 erase_cnt=5 (vpc/ipc reset)
[EXP] [ERASE] ch=5 lun=4 pl=0 blk=97 pg=255 erase_cnt=5 (vpc/ipc reset)
[EXP] [ERASE] ch=5 lun=5 pl=0 blk=97 pg=255 erase_cnt=5 (vpc/ipc reset)
[EXP] [ERASE] ch=5 lun=6 pl=0 blk=97 pg=255 erase_cnt=5 (vpc/ipc reset)
[EXP] [ERASE] ch=5 lun=7 pl=0 blk=97 pg=255 erase_cnt=5 (vpc/ipc reset)
[EXP] [ERASE] ch=6 lun=0 pl=0 blk=97 pg=255 erase_cnt=5 (vpc/ipc reset)
[EXP] [ERASE] ch=6 lun=1 pl=0 blk=97 pg=255 erase_cnt=5 (vpc/ipc reset)
[EXP] [ERASE] ch=6 lun=2 pl=0 blk=97 pg=255 erase_cnt=5 (vpc/ipc reset)
[EXP] [ERASE] ch=6 lun=3 pl=0 blk=97 pg=255 erase_cnt=5 (vpc/ipc reset)
[EXP] [ERASE] ch=6 lun=4 pl=0 blk=97 pg=255 erase_cnt=5 (vpc/ipc reset)
[EXP] [ERASE] ch=6 lun=5 pl=0 blk=97 pg=255 erase_cnt=5 (vpc/ipc reset)
[EXP] [ERASE] ch=6 lun=6 pl=0 blk=97 pg=255 erase_cnt=5 (vpc/ipc reset)
[EXP] [ERASE] ch=6 lun=7 pl=0 blk=97 pg=255 erase_cnt=5 (vpc/ipc reset)
[EXP] [ERASE] ch=7 lun=0 pl=0 blk=97 pg=255 erase_cnt=5 (vpc/ipc reset)
[EXP] [ERASE] ch=7 lun=1 pl=0 blk=97 pg=255 erase_cnt=5 (vpc/ipc reset)
[EXP] [ERASE] ch=7 lun=2 pl=0 blk=97 pg=255 erase_cnt=5 (vpc/ipc reset)
[EXP] [ERASE] ch=7 lun=3 pl=0 blk=97 pg=255 erase_cnt=5 (vpc/ipc reset)
[EXP] [ERASE] ch=7 lun=4 pl=0 blk=97 pg=255 erase_cnt=5 (vpc/ipc reset)
[EXP] [ERASE] ch=7 lun=5 pl=0 blk=97 pg=255 erase_cnt=5 (vpc/ipc reset)
[EXP] [ERASE] ch=7 lun=6 pl=0 blk=97 pg=255 erase_cnt=5 (vpc/ipc reset)
[EXP] [ERASE] ch=7 lun=7 pl=0 blk=97 pg=255 erase_cnt=5 (vpc/ipc reset)
[EXP] [ERASE] ch=0 lun=0 pl=0 blk=98 pg=255 erase_cnt=4 (vpc/ipc reset)
[EXP] [ERASE] ch=0 lun=1 pl=0 blk=98 pg=255 erase_cnt=4 (vpc/ipc reset)
[EXP] [ERASE] ch=0 lun=2 pl=0 blk=98 pg=255 erase_cnt=4 (vpc/ipc reset)
[EXP] [ERASE] ch=0 lun=3 pl=0 blk=98 pg=255 erase_cnt=4 (vpc/ipc reset)
[EXP] [ERASE] ch=0 lun=4 pl=0 blk=98 pg=255 erase_cnt=4 (vpc/ipc reset)
[EXP] [ERASE] ch=0 lun=5 pl=0 blk=98 pg=255 erase_cnt=4 (vpc/ipc reset)
[EXP] [ERASE] ch=0 lun=6 pl=0 blk=98 pg=255 erase_cnt=4 (vpc/ipc reset)
[EXP] [ERASE] ch=0 lun=7 pl=0 blk=98 pg=255 erase_cnt=4 (vpc/ipc reset)
[EXP] [ERASE] ch=1 lun=0 pl=0 blk=98 pg=255 erase_cnt=4 (vpc/ipc reset)
[EXP] [ERASE] ch=1 lun=1 pl=0 blk=98 pg=255 erase_cnt=4 (vpc/ipc reset)
[EXP] [ERASE] ch=1 lun=2 pl=0 blk=98 pg=255 erase_cnt=4 (vpc/ipc reset)
[EXP] [ERASE] ch=1 lun=3 pl=0 blk=98 pg=255 erase_cnt=4 (vpc/ipc reset)
[EXP] [ERASE] ch=1 lun=4 pl=0 blk=98 pg=255 erase_cnt=4 (vpc/ipc reset)
[EXP] [ERASE] ch=1 lun=5 pl=0 blk=98 pg=255 erase_cnt=4 (vpc/ipc reset)
[EXP] [ERASE] ch=1 lun=6 pl=0 blk=98 pg=255 erase_cnt=4 (vpc/ipc reset)
[EXP] [ERASE] ch=1 lun=7 pl=0 blk=98 pg=255 erase_cnt=4 (vpc/ipc reset)
[EXP] [ERASE] ch=2 lun=0 pl=0 blk=98 pg=255 erase_cnt=4 (vpc/ipc reset)
[EXP] [ERASE] ch=2 lun=1 pl=0 blk=98 pg=255 erase_cnt=4 (vpc/ipc reset)
[EXP] [ERASE] ch=2 lun=2 pl=0 blk=98 pg=255 erase_cnt=4 (vpc/ipc reset)
[EXP] [ERASE] ch=2 lun=3 pl=0 blk=98 pg=255 erase_cnt=4 (vpc/ipc reset)
[EXP] [ERASE] ch=2 lun=4 pl=0 blk=98 pg=255 erase_cnt=4 (vpc/ipc reset)
[EXP] [ERASE] ch=2 lun=5 pl=0 blk=98 pg=255 erase_cnt=4 (vpc/ipc reset)
[EXP] [ERASE] ch=2 lun=6 pl=0 blk=98 pg=255 erase_cnt=4 (vpc/ipc reset)
[EXP] [ERASE] ch=2 lun=7 pl=0 blk=98 pg=255 erase_cnt=4 (vpc/ipc reset)
[EXP] [ERASE] ch=3 lun=0 pl=0 blk=98 pg=255 erase_cnt=4 (vpc/ipc reset)
[EXP] [ERASE] ch=3 lun=1 pl=0 blk=98 pg=255 erase_cnt=4 (vpc/ipc reset)
[EXP] [ERASE] ch=3 lun=2 pl=0 blk=98 pg=255 erase_cnt=4 (vpc/ipc reset)
[EXP] [ERASE] ch=3 lun=3 pl=0 blk=98 pg=255 erase_cnt=4 (vpc/ipc reset)
[EXP] [ERASE] ch=3 lun=4 pl=0 blk=98 pg=255 erase_cnt=4 (vpc/ipc reset)
[EXP] [ERASE] ch=3 lun=5 pl=0 blk=98 pg=255 erase_cnt=4 (vpc/ipc reset)
[EXP] [ERASE] ch=3 lun=6 pl=0 blk=98 pg=255 erase_cnt=4 (vpc/ipc reset)
[EXP] [ERASE] ch=3 lun=7 pl=0 blk=98 pg=255 erase_cnt=4 (vpc/ipc reset)
[EXP] [ERASE] ch=4 lun=0 pl=0 blk=98 pg=255 erase_cnt=4 (vpc/ipc reset)
[EXP] [ERASE] ch=4 lun=1 pl=0 blk=98 pg=255 erase_cnt=4 (vpc/ipc reset)
[EXP] [ERASE] ch=4 lun=2 pl=0 blk=98 pg=255 erase_cnt=4 (vpc/ipc reset)
[EXP] [ERASE] ch=4 lun=3 pl=0 blk=98 pg=255 erase_cnt=4 (vpc/ipc reset)
[EXP] [ERASE] ch=4 lun=4 pl=0 blk=98 pg=255 erase_cnt=4 (vpc/ipc reset)
[EXP] [ERASE] ch=4 lun=5 pl=0 blk=98 pg=255 erase_cnt=4 (vpc/ipc reset)
[EXP] [ERASE] ch=4 lun=6 pl=0 blk=98 pg=255 erase_cnt=4 (vpc/ipc reset)
[EXP] [ERASE] ch=4 lun=7 pl=0 blk=98 pg=255 erase_cnt=4 (vpc/ipc reset)
[EXP] [ERASE] ch=5 lun=0 pl=0 blk=98 pg=255 erase_cnt=4 (vpc/ipc reset)
[EXP] [ERASE] ch=5 lun=1 pl=0 blk=98 pg=255 erase_cnt=4 (vpc/ipc reset)
[EXP] [ERASE] ch=5 lun=2 pl=0 blk=98 pg=255 erase_cnt=4 (vpc/ipc reset)
[EXP] [ERASE] ch=5 lun=3 pl=0 blk=98 pg=255 erase_cnt=4 (vpc/ipc reset)
[EXP] [ERASE] ch=5 lun=4 pl=0 blk=98 pg=255 erase_cnt=4 (vpc/ipc reset)
[EXP] [ERASE] ch=5 lun=5 pl=0 blk=98 pg=255 erase_cnt=4 (vpc/ipc reset)
[EXP] [ERASE] ch=5 lun=6 pl=0 blk=98 pg=255 erase_cnt=4 (vpc/ipc reset)
[EXP] [ERASE] ch=5 lun=7 pl=0 blk=98 pg=255 erase_cnt=4 (vpc/ipc reset)
[EXP] [ERASE] ch=6 lun=0 pl=0 blk=98 pg=255 erase_cnt=4 (vpc/ipc reset)
[EXP] [ERASE] ch=6 lun=1 pl=0 blk=98 pg=255 erase_cnt=4 (vpc/ipc reset)
[EXP] [ERASE] ch=6 lun=2 pl=0 blk=98 pg=255 erase_cnt=4 (vpc/ipc reset)
[EXP] [ERASE] ch=6 lun=3 pl=0 blk=98 pg=255 erase_cnt=4 (vpc/ipc reset)
[EXP] [ERASE] ch=6 lun=4 pl=0 blk=98 pg=255 erase_cnt=4 (vpc/ipc reset)
[EXP] [ERASE] ch=6 lun=5 pl=0 blk=98 pg=255 erase_cnt=4 (vpc/ipc reset)
[EXP] [ERASE] ch=6 lun=6 pl=0 blk=98 pg=255 erase_cnt=4 (vpc/ipc reset)
[EXP] [ERASE] ch=6 lun=7 pl=0 blk=98 pg=255 erase_cnt=4 (vpc/ipc reset)
[EXP] [ERASE] ch=7 lun=0 pl=0 blk=98 pg=255 erase_cnt=4 (vpc/ipc reset)
[EXP] [ERASE] ch=7 lun=1 pl=0 blk=98 pg=255 erase_cnt=4 (vpc/ipc reset)
[EXP] [ERASE] ch=7 lun=2 pl=0 blk=98 pg=255 erase_cnt=4 (vpc/ipc reset)
[EXP] [ERASE] ch=7 lun=3 pl=0 blk=98 pg=255 erase_cnt=4 (vpc/ipc reset)
[EXP] [ERASE] ch=7 lun=4 pl=0 blk=98 pg=255 erase_cnt=4 (vpc/ipc reset)
[EXP] [ERASE] ch=7 lun=5 pl=0 blk=98 pg=255 erase_cnt=4 (vpc/ipc reset)
[EXP] [ERASE] ch=7 lun=6 pl=0 blk=98 pg=255 erase_cnt=4 (vpc/ipc reset)
[EXP] [ERASE] ch=7 lun=7 pl=0 blk=98 pg=255 erase_cnt=4 (vpc/ipc reset)
[EXP] [ERASE] ch=0 lun=0 pl=0 blk=61 pg=255 erase_cnt=2 (vpc/ipc reset)
[EXP] [ERASE] ch=0 lun=1 pl=0 blk=61 pg=255 erase_cnt=2 (vpc/ipc reset)
[EXP] [ERASE] ch=0 lun=2 pl=0 blk=61 pg=255 erase_cnt=2 (vpc/ipc reset)
[EXP] [ERASE] ch=0 lun=3 pl=0 blk=61 pg=255 erase_cnt=2 (vpc/ipc reset)
[EXP] [ERASE] ch=0 lun=4 pl=0 blk=61 pg=255 erase_cnt=2 (vpc/ipc reset)
[EXP] [ERASE] ch=0 lun=5 pl=0 blk=61 pg=255 erase_cnt=2 (vpc/ipc reset)
[EXP] [ERASE] ch=0 lun=6 pl=0 blk=61 pg=255 erase_cnt=2 (vpc/ipc reset)
[EXP] [GC_MOVE] lpn=0 ch=0 lun=7 pl=0 blk=61 pg=195 -> ch=2 lun=6 pl=0 blk=25 pg=227
[EXP] [ERASE_SURVIVE] lpn=0 count=7 source ch=0 lun=7 pl=0 blk=61 pg=195
[EXP] [ERASE] ch=0 lun=7 pl=0 blk=61 pg=255 erase_cnt=2 (vpc/ipc reset)
[EXP] [ERASE] ch=1 lun=0 pl=0 blk=61 pg=255 erase_cnt=2 (vpc/ipc reset)
[EXP] [ERASE] ch=1 lun=1 pl=0 blk=61 pg=255 erase_cnt=2 (vpc/ipc reset)
[EXP] [ERASE] ch=1 lun=2 pl=0 blk=61 pg=255 erase_cnt=2 (vpc/ipc reset)
[EXP] [ERASE] ch=1 lun=3 pl=0 blk=61 pg=255 erase_cnt=2 (vpc/ipc reset)
[EXP] [ERASE] ch=1 lun=4 pl=0 blk=61 pg=255 erase_cnt=2 (vpc/ipc reset)
[EXP] [ERASE] ch=1 lun=5 pl=0 blk=61 pg=255 erase_cnt=2 (vpc/ipc reset)
[EXP] [ERASE] ch=1 lun=6 pl=0 blk=61 pg=255 erase_cnt=2 (vpc/ipc reset)
[EXP] [ERASE] ch=1 lun=7 pl=0 blk=61 pg=255 erase_cnt=2 (vpc/ipc reset)
[EXP] [ERASE] ch=2 lun=0 pl=0 blk=61 pg=255 erase_cnt=2 (vpc/ipc reset)
[EXP] [ERASE] ch=2 lun=1 pl=0 blk=61 pg=255 erase_cnt=2 (vpc/ipc reset)
[EXP] [ERASE] ch=2 lun=2 pl=0 blk=61 pg=255 erase_cnt=2 (vpc/ipc reset)
[EXP] [ERASE] ch=2 lun=3 pl=0 blk=61 pg=255 erase_cnt=2 (vpc/ipc reset)
[EXP] [ERASE] ch=2 lun=4 pl=0 blk=61 pg=255 erase_cnt=2 (vpc/ipc reset)
[EXP] [ERASE] ch=2 lun=5 pl=0 blk=61 pg=255 erase_cnt=2 (vpc/ipc reset)
[EXP] [ERASE] ch=2 lun=6 pl=0 blk=61 pg=255 erase_cnt=2 (vpc/ipc reset)
[EXP] [ERASE] ch=2 lun=7 pl=0 blk=61 pg=255 erase_cnt=2 (vpc/ipc reset)
[EXP] [ERASE] ch=3 lun=0 pl=0 blk=61 pg=255 erase_cnt=2 (vpc/ipc reset)
[EXP] [ERASE] ch=3 lun=1 pl=0 blk=61 pg=255 erase_cnt=2 (vpc/ipc reset)
[EXP] [ERASE] ch=3 lun=2 pl=0 blk=61 pg=255 erase_cnt=2 (vpc/ipc reset)
[EXP] [ERASE] ch=3 lun=3 pl=0 blk=61 pg=255 erase_cnt=2 (vpc/ipc reset)
[EXP] [ERASE] ch=3 lun=4 pl=0 blk=61 pg=255 erase_cnt=2 (vpc/ipc reset)
[EXP] [ERASE] ch=3 lun=5 pl=0 blk=61 pg=255 erase_cnt=2 (vpc/ipc reset)
[EXP] [ERASE] ch=3 lun=6 pl=0 blk=61 pg=255 erase_cnt=2 (vpc/ipc reset)
[EXP] [ERASE] ch=3 lun=7 pl=0 blk=61 pg=255 erase_cnt=2 (vpc/ipc reset)
[EXP] [ERASE] ch=4 lun=0 pl=0 blk=61 pg=255 erase_cnt=2 (vpc/ipc reset)
[EXP] [ERASE] ch=4 lun=1 pl=0 blk=61 pg=255 erase_cnt=2 (vpc/ipc reset)
[EXP] [ERASE] ch=4 lun=2 pl=0 blk=61 pg=255 erase_cnt=2 (vpc/ipc reset)
[EXP] [ERASE] ch=4 lun=3 pl=0 blk=61 pg=255 erase_cnt=2 (vpc/ipc reset)
[EXP] [ERASE] ch=4 lun=4 pl=0 blk=61 pg=255 erase_cnt=2 (vpc/ipc reset)
[EXP] [ERASE] ch=4 lun=5 pl=0 blk=61 pg=255 erase_cnt=2 (vpc/ipc reset)
[EXP] [ERASE] ch=4 lun=6 pl=0 blk=61 pg=255 erase_cnt=2 (vpc/ipc reset)
[EXP] [ERASE] ch=4 lun=7 pl=0 blk=61 pg=255 erase_cnt=2 (vpc/ipc reset)
[EXP] [ERASE] ch=5 lun=0 pl=0 blk=61 pg=255 erase_cnt=2 (vpc/ipc reset)
[EXP] [ERASE] ch=5 lun=1 pl=0 blk=61 pg=255 erase_cnt=2 (vpc/ipc reset)
[EXP] [ERASE] ch=5 lun=2 pl=0 blk=61 pg=255 erase_cnt=2 (vpc/ipc reset)
[EXP] [ERASE] ch=5 lun=3 pl=0 blk=61 pg=255 erase_cnt=2 (vpc/ipc reset)
[EXP] [ERASE] ch=5 lun=4 pl=0 blk=61 pg=255 erase_cnt=2 (vpc/ipc reset)
[EXP] [ERASE] ch=5 lun=5 pl=0 blk=61 pg=255 erase_cnt=2 (vpc/ipc reset)
[EXP] [ERASE] ch=5 lun=6 pl=0 blk=61 pg=255 erase_cnt=2 (vpc/ipc reset)
[EXP] [ERASE] ch=5 lun=7 pl=0 blk=61 pg=255 erase_cnt=2 (vpc/ipc reset)
[EXP] [ERASE] ch=6 lun=0 pl=0 blk=61 pg=255 erase_cnt=2 (vpc/ipc reset)
[EXP] [ERASE] ch=6 lun=1 pl=0 blk=61 pg=255 erase_cnt=2 (vpc/ipc reset)
[EXP] [ERASE] ch=6 lun=2 pl=0 blk=61 pg=255 erase_cnt=2 (vpc/ipc reset)
[EXP] [ERASE] ch=6 lun=3 pl=0 blk=61 pg=255 erase_cnt=2 (vpc/ipc reset)
[EXP] [ERASE] ch=6 lun=4 pl=0 blk=61 pg=255 erase_cnt=2 (vpc/ipc reset)
[EXP] [ERASE] ch=6 lun=5 pl=0 blk=61 pg=255 erase_cnt=2 (vpc/ipc reset)
[EXP] [ERASE] ch=6 lun=6 pl=0 blk=61 pg=255 erase_cnt=2 (vpc/ipc reset)
[EXP] [ERASE] ch=6 lun=7 pl=0 blk=61 pg=255 erase_cnt=2 (vpc/ipc reset)
[EXP] [ERASE] ch=7 lun=0 pl=0 blk=61 pg=255 erase_cnt=2 (vpc/ipc reset)
[EXP] [ERASE] ch=7 lun=1 pl=0 blk=61 pg=255 erase_cnt=2 (vpc/ipc reset)
[EXP] [ERASE] ch=7 lun=2 pl=0 blk=61 pg=255 erase_cnt=2 (vpc/ipc reset)
[EXP] [ERASE] ch=7 lun=3 pl=0 blk=61 pg=255 erase_cnt=2 (vpc/ipc reset)
[EXP] [ERASE] ch=7 lun=4 pl=0 blk=61 pg=255 erase_cnt=2 (vpc/ipc reset)
[EXP] [ERASE] ch=7 lun=5 pl=0 blk=61 pg=255 erase_cnt=2 (vpc/ipc reset)
[EXP] [ERASE] ch=7 lun=6 pl=0 blk=61 pg=255 erase_cnt=2 (vpc/ipc reset)
[EXP] [ERASE] ch=7 lun=7 pl=0 blk=61 pg=255 erase_cnt=2 (vpc/ipc reset)
[EXP] [ERASE] ch=0 lun=0 pl=0 blk=98 pg=255 erase_cnt=5 (vpc/ipc reset)
[EXP] [ERASE] ch=0 lun=1 pl=0 blk=98 pg=255 erase_cnt=5 (vpc/ipc reset)
[EXP] [ERASE] ch=0 lun=2 pl=0 blk=98 pg=255 erase_cnt=5 (vpc/ipc reset)
[EXP] [ERASE] ch=0 lun=3 pl=0 blk=98 pg=255 erase_cnt=5 (vpc/ipc reset)
[EXP] [ERASE] ch=0 lun=4 pl=0 blk=98 pg=255 erase_cnt=5 (vpc/ipc reset)
[EXP] [ERASE] ch=0 lun=5 pl=0 blk=98 pg=255 erase_cnt=5 (vpc/ipc reset)
[EXP] [ERASE] ch=0 lun=6 pl=0 blk=98 pg=255 erase_cnt=5 (vpc/ipc reset)
[EXP] [ERASE] ch=0 lun=7 pl=0 blk=98 pg=255 erase_cnt=5 (vpc/ipc reset)
[EXP] [ERASE] ch=1 lun=0 pl=0 blk=98 pg=255 erase_cnt=5 (vpc/ipc reset)
[EXP] [ERASE] ch=1 lun=1 pl=0 blk=98 pg=255 erase_cnt=5 (vpc/ipc reset)
[EXP] [ERASE] ch=1 lun=2 pl=0 blk=98 pg=255 erase_cnt=5 (vpc/ipc reset)
[EXP] [ERASE] ch=1 lun=3 pl=0 blk=98 pg=255 erase_cnt=5 (vpc/ipc reset)
[EXP] [ERASE] ch=1 lun=4 pl=0 blk=98 pg=255 erase_cnt=5 (vpc/ipc reset)
[EXP] [ERASE] ch=1 lun=5 pl=0 blk=98 pg=255 erase_cnt=5 (vpc/ipc reset)
[EXP] [ERASE] ch=1 lun=6 pl=0 blk=98 pg=255 erase_cnt=5 (vpc/ipc reset)
[EXP] [ERASE] ch=1 lun=7 pl=0 blk=98 pg=255 erase_cnt=5 (vpc/ipc reset)
[EXP] [ERASE] ch=2 lun=0 pl=0 blk=98 pg=255 erase_cnt=5 (vpc/ipc reset)
[EXP] [ERASE] ch=2 lun=1 pl=0 blk=98 pg=255 erase_cnt=5 (vpc/ipc reset)
[EXP] [ERASE] ch=2 lun=2 pl=0 blk=98 pg=255 erase_cnt=5 (vpc/ipc reset)
[EXP] [ERASE] ch=2 lun=3 pl=0 blk=98 pg=255 erase_cnt=5 (vpc/ipc reset)
[EXP] [ERASE] ch=2 lun=4 pl=0 blk=98 pg=255 erase_cnt=5 (vpc/ipc reset)
[EXP] [ERASE] ch=2 lun=5 pl=0 blk=98 pg=255 erase_cnt=5 (vpc/ipc reset)
[EXP] [ERASE] ch=2 lun=6 pl=0 blk=98 pg=255 erase_cnt=5 (vpc/ipc reset)
[EXP] [ERASE] ch=2 lun=7 pl=0 blk=98 pg=255 erase_cnt=5 (vpc/ipc reset)
[EXP] [ERASE] ch=3 lun=0 pl=0 blk=98 pg=255 erase_cnt=5 (vpc/ipc reset)
[EXP] [ERASE] ch=3 lun=1 pl=0 blk=98 pg=255 erase_cnt=5 (vpc/ipc reset)
[EXP] [ERASE] ch=3 lun=2 pl=0 blk=98 pg=255 erase_cnt=5 (vpc/ipc reset)
[EXP] [ERASE] ch=3 lun=3 pl=0 blk=98 pg=255 erase_cnt=5 (vpc/ipc reset)
[EXP] [ERASE] ch=3 lun=4 pl=0 blk=98 pg=255 erase_cnt=5 (vpc/ipc reset)
[EXP] [ERASE] ch=3 lun=5 pl=0 blk=98 pg=255 erase_cnt=5 (vpc/ipc reset)
[EXP] [ERASE] ch=3 lun=6 pl=0 blk=98 pg=255 erase_cnt=5 (vpc/ipc reset)
[EXP] [ERASE] ch=3 lun=7 pl=0 blk=98 pg=255 erase_cnt=5 (vpc/ipc reset)
[EXP] [ERASE] ch=4 lun=0 pl=0 blk=98 pg=255 erase_cnt=5 (vpc/ipc reset)
[EXP] [ERASE] ch=4 lun=1 pl=0 blk=98 pg=255 erase_cnt=5 (vpc/ipc reset)
[EXP] [ERASE] ch=4 lun=2 pl=0 blk=98 pg=255 erase_cnt=5 (vpc/ipc reset)
[EXP] [ERASE] ch=4 lun=3 pl=0 blk=98 pg=255 erase_cnt=5 (vpc/ipc reset)
[EXP] [ERASE] ch=4 lun=4 pl=0 blk=98 pg=255 erase_cnt=5 (vpc/ipc reset)
[EXP] [ERASE] ch=4 lun=5 pl=0 blk=98 pg=255 erase_cnt=5 (vpc/ipc reset)
[EXP] [ERASE] ch=4 lun=6 pl=0 blk=98 pg=255 erase_cnt=5 (vpc/ipc reset)
[EXP] [ERASE] ch=4 lun=7 pl=0 blk=98 pg=255 erase_cnt=5 (vpc/ipc reset)
[EXP] [ERASE] ch=5 lun=0 pl=0 blk=98 pg=255 erase_cnt=5 (vpc/ipc reset)
[EXP] [ERASE] ch=5 lun=1 pl=0 blk=98 pg=255 erase_cnt=5 (vpc/ipc reset)
[EXP] [ERASE] ch=5 lun=2 pl=0 blk=98 pg=255 erase_cnt=5 (vpc/ipc reset)
[EXP] [ERASE] ch=5 lun=3 pl=0 blk=98 pg=255 erase_cnt=5 (vpc/ipc reset)
[EXP] [ERASE] ch=5 lun=4 pl=0 blk=98 pg=255 erase_cnt=5 (vpc/ipc reset)
[EXP] [ERASE] ch=5 lun=5 pl=0 blk=98 pg=255 erase_cnt=5 (vpc/ipc reset)
[EXP] [ERASE] ch=5 lun=6 pl=0 blk=98 pg=255 erase_cnt=5 (vpc/ipc reset)
[EXP] [ERASE] ch=5 lun=7 pl=0 blk=98 pg=255 erase_cnt=5 (vpc/ipc reset)
[EXP] [ERASE] ch=6 lun=0 pl=0 blk=98 pg=255 erase_cnt=5 (vpc/ipc reset)
[EXP] [ERASE] ch=6 lun=1 pl=0 blk=98 pg=255 erase_cnt=5 (vpc/ipc reset)
[EXP] [ERASE] ch=6 lun=2 pl=0 blk=98 pg=255 erase_cnt=5 (vpc/ipc reset)
[EXP] [ERASE] ch=6 lun=3 pl=0 blk=98 pg=255 erase_cnt=5 (vpc/ipc reset)
[EXP] [ERASE] ch=6 lun=4 pl=0 blk=98 pg=255 erase_cnt=5 (vpc/ipc reset)
[EXP] [ERASE] ch=6 lun=5 pl=0 blk=98 pg=255 erase_cnt=5 (vpc/ipc reset)
[EXP] [ERASE] ch=6 lun=6 pl=0 blk=98 pg=255 erase_cnt=5 (vpc/ipc reset)
[EXP] [ERASE] ch=6 lun=7 pl=0 blk=98 pg=255 erase_cnt=5 (vpc/ipc reset)
[EXP] [ERASE] ch=7 lun=0 pl=0 blk=98 pg=255 erase_cnt=5 (vpc/ipc reset)
[EXP] [ERASE] ch=7 lun=1 pl=0 blk=98 pg=255 erase_cnt=5 (vpc/ipc reset)
[EXP] [ERASE] ch=7 lun=2 pl=0 blk=98 pg=255 erase_cnt=5 (vpc/ipc reset)
[EXP] [ERASE] ch=7 lun=3 pl=0 blk=98 pg=255 erase_cnt=5 (vpc/ipc reset)
[EXP] [ERASE] ch=7 lun=4 pl=0 blk=98 pg=255 erase_cnt=5 (vpc/ipc reset)
[EXP] [ERASE] ch=7 lun=5 pl=0 blk=98 pg=255 erase_cnt=5 (vpc/ipc reset)
[EXP] [ERASE] ch=7 lun=6 pl=0 blk=98 pg=255 erase_cnt=5 (vpc/ipc reset)
[EXP] [ERASE] ch=7 lun=7 pl=0 blk=98 pg=255 erase_cnt=5 (vpc/ipc reset)
[EXP] [ERASE] ch=0 lun=0 pl=0 blk=25 pg=255 erase_cnt=3 (vpc/ipc reset)
[EXP] [ERASE] ch=0 lun=1 pl=0 blk=25 pg=255 erase_cnt=3 (vpc/ipc reset)
[EXP] [ERASE] ch=0 lun=2 pl=0 blk=25 pg=255 erase_cnt=3 (vpc/ipc reset)
[EXP] [ERASE] ch=0 lun=3 pl=0 blk=25 pg=255 erase_cnt=3 (vpc/ipc reset)
[EXP] [ERASE] ch=0 lun=4 pl=0 blk=25 pg=255 erase_cnt=3 (vpc/ipc reset)
[EXP] [ERASE] ch=0 lun=5 pl=0 blk=25 pg=255 erase_cnt=3 (vpc/ipc reset)
[EXP] [ERASE] ch=0 lun=6 pl=0 blk=25 pg=255 erase_cnt=3 (vpc/ipc reset)
[EXP] [ERASE] ch=0 lun=7 pl=0 blk=25 pg=255 erase_cnt=3 (vpc/ipc reset)
[EXP] [ERASE] ch=1 lun=0 pl=0 blk=25 pg=255 erase_cnt=3 (vpc/ipc reset)
[EXP] [ERASE] ch=1 lun=1 pl=0 blk=25 pg=255 erase_cnt=3 (vpc/ipc reset)
[EXP] [ERASE] ch=1 lun=2 pl=0 blk=25 pg=255 erase_cnt=3 (vpc/ipc reset)
[EXP] [ERASE] ch=1 lun=3 pl=0 blk=25 pg=255 erase_cnt=3 (vpc/ipc reset)
[EXP] [ERASE] ch=1 lun=4 pl=0 blk=25 pg=255 erase_cnt=3 (vpc/ipc reset)
[EXP] [ERASE] ch=1 lun=5 pl=0 blk=25 pg=255 erase_cnt=3 (vpc/ipc reset)
[EXP] [ERASE] ch=1 lun=6 pl=0 blk=25 pg=255 erase_cnt=3 (vpc/ipc reset)
[EXP] [ERASE] ch=1 lun=7 pl=0 blk=25 pg=255 erase_cnt=3 (vpc/ipc reset)
[EXP] [ERASE] ch=2 lun=0 pl=0 blk=25 pg=255 erase_cnt=3 (vpc/ipc reset)
[EXP] [ERASE] ch=2 lun=1 pl=0 blk=25 pg=255 erase_cnt=3 (vpc/ipc reset)
[EXP] [ERASE] ch=2 lun=2 pl=0 blk=25 pg=255 erase_cnt=3 (vpc/ipc reset)
[EXP] [ERASE] ch=2 lun=3 pl=0 blk=25 pg=255 erase_cnt=3 (vpc/ipc reset)
[EXP] [ERASE] ch=2 lun=4 pl=0 blk=25 pg=255 erase_cnt=3 (vpc/ipc reset)
[EXP] [ERASE] ch=2 lun=5 pl=0 blk=25 pg=255 erase_cnt=3 (vpc/ipc reset)
[EXP] [GC_MOVE] lpn=0 ch=2 lun=6 pl=0 blk=25 pg=227 -> ch=5 lun=3 pl=0 blk=57 pg=80
[EXP] [ERASE_SURVIVE] lpn=0 count=8 source ch=2 lun=6 pl=0 blk=25 pg=227
[EXP] [ERASE] ch=2 lun=6 pl=0 blk=25 pg=255 erase_cnt=3 (vpc/ipc reset)
[EXP] [ERASE] ch=2 lun=7 pl=0 blk=25 pg=255 erase_cnt=3 (vpc/ipc reset)
[EXP] [ERASE] ch=3 lun=0 pl=0 blk=25 pg=255 erase_cnt=3 (vpc/ipc reset)
[EXP] [ERASE] ch=3 lun=1 pl=0 blk=25 pg=255 erase_cnt=3 (vpc/ipc reset)
[EXP] [ERASE] ch=3 lun=2 pl=0 blk=25 pg=255 erase_cnt=3 (vpc/ipc reset)
[EXP] [ERASE] ch=3 lun=3 pl=0 blk=25 pg=255 erase_cnt=3 (vpc/ipc reset)
[EXP] [ERASE] ch=3 lun=4 pl=0 blk=25 pg=255 erase_cnt=3 (vpc/ipc reset)
[EXP] [ERASE] ch=3 lun=5 pl=0 blk=25 pg=255 erase_cnt=3 (vpc/ipc reset)
[EXP] [ERASE] ch=3 lun=6 pl=0 blk=25 pg=255 erase_cnt=3 (vpc/ipc reset)
[EXP] [ERASE] ch=3 lun=7 pl=0 blk=25 pg=255 erase_cnt=3 (vpc/ipc reset)
[EXP] [ERASE] ch=4 lun=0 pl=0 blk=25 pg=255 erase_cnt=3 (vpc/ipc reset)
[EXP] [ERASE] ch=4 lun=1 pl=0 blk=25 pg=255 erase_cnt=3 (vpc/ipc reset)
[EXP] [ERASE] ch=4 lun=2 pl=0 blk=25 pg=255 erase_cnt=3 (vpc/ipc reset)
[EXP] [ERASE] ch=4 lun=3 pl=0 blk=25 pg=255 erase_cnt=3 (vpc/ipc reset)
[EXP] [ERASE] ch=4 lun=4 pl=0 blk=25 pg=255 erase_cnt=3 (vpc/ipc reset)
[EXP] [ERASE] ch=4 lun=5 pl=0 blk=25 pg=255 erase_cnt=3 (vpc/ipc reset)
[EXP] [ERASE] ch=4 lun=6 pl=0 blk=25 pg=255 erase_cnt=3 (vpc/ipc reset)
[EXP] [ERASE] ch=4 lun=7 pl=0 blk=25 pg=255 erase_cnt=3 (vpc/ipc reset)
[EXP] [ERASE] ch=5 lun=0 pl=0 blk=25 pg=255 erase_cnt=3 (vpc/ipc reset)
[EXP] [ERASE] ch=5 lun=1 pl=0 blk=25 pg=255 erase_cnt=3 (vpc/ipc reset)
[EXP] [ERASE] ch=5 lun=2 pl=0 blk=25 pg=255 erase_cnt=3 (vpc/ipc reset)
[EXP] [ERASE] ch=5 lun=3 pl=0 blk=25 pg=255 erase_cnt=3 (vpc/ipc reset)
[EXP] [ERASE] ch=5 lun=4 pl=0 blk=25 pg=255 erase_cnt=3 (vpc/ipc reset)
[EXP] [ERASE] ch=5 lun=5 pl=0 blk=25 pg=255 erase_cnt=3 (vpc/ipc reset)
[EXP] [ERASE] ch=5 lun=6 pl=0 blk=25 pg=255 erase_cnt=3 (vpc/ipc reset)
[EXP] [ERASE] ch=5 lun=7 pl=0 blk=25 pg=255 erase_cnt=3 (vpc/ipc reset)
[EXP] [ERASE] ch=6 lun=0 pl=0 blk=25 pg=255 erase_cnt=3 (vpc/ipc reset)
[EXP] [ERASE] ch=6 lun=1 pl=0 blk=25 pg=255 erase_cnt=3 (vpc/ipc reset)
[EXP] [ERASE] ch=6 lun=2 pl=0 blk=25 pg=255 erase_cnt=3 (vpc/ipc reset)
[EXP] [ERASE] ch=6 lun=3 pl=0 blk=25 pg=255 erase_cnt=3 (vpc/ipc reset)
[EXP] [ERASE] ch=6 lun=4 pl=0 blk=25 pg=255 erase_cnt=3 (vpc/ipc reset)
[EXP] [ERASE] ch=6 lun=5 pl=0 blk=25 pg=255 erase_cnt=3 (vpc/ipc reset)
[EXP] [ERASE] ch=6 lun=6 pl=0 blk=25 pg=255 erase_cnt=3 (vpc/ipc reset)
[EXP] [ERASE] ch=6 lun=7 pl=0 blk=25 pg=255 erase_cnt=3 (vpc/ipc reset)
[EXP] [ERASE] ch=7 lun=0 pl=0 blk=25 pg=255 erase_cnt=3 (vpc/ipc reset)
[EXP] [ERASE] ch=7 lun=1 pl=0 blk=25 pg=255 erase_cnt=3 (vpc/ipc reset)
[EXP] [ERASE] ch=7 lun=2 pl=0 blk=25 pg=255 erase_cnt=3 (vpc/ipc reset)
[EXP] [ERASE] ch=7 lun=3 pl=0 blk=25 pg=255 erase_cnt=3 (vpc/ipc reset)
[EXP] [ERASE] ch=7 lun=4 pl=0 blk=25 pg=255 erase_cnt=3 (vpc/ipc reset)
[EXP] [ERASE] ch=7 lun=5 pl=0 blk=25 pg=255 erase_cnt=3 (vpc/ipc reset)
[EXP] [ERASE] ch=7 lun=6 pl=0 blk=25 pg=255 erase_cnt=3 (vpc/ipc reset)
[EXP] [ERASE] ch=7 lun=7 pl=0 blk=25 pg=255 erase_cnt=3 (vpc/ipc reset)
[EXP] [ERASE] ch=0 lun=0 pl=0 blk=100 pg=255 erase_cnt=4 (vpc/ipc reset)
[EXP] [ERASE] ch=0 lun=1 pl=0 blk=100 pg=255 erase_cnt=4 (vpc/ipc reset)
[EXP] [ERASE] ch=0 lun=2 pl=0 blk=100 pg=255 erase_cnt=4 (vpc/ipc reset)
[EXP] [ERASE] ch=0 lun=3 pl=0 blk=100 pg=255 erase_cnt=4 (vpc/ipc reset)
[EXP] [ERASE] ch=0 lun=4 pl=0 blk=100 pg=255 erase_cnt=4 (vpc/ipc reset)
[EXP] [ERASE] ch=0 lun=5 pl=0 blk=100 pg=255 erase_cnt=4 (vpc/ipc reset)
[EXP] [ERASE] ch=0 lun=6 pl=0 blk=100 pg=255 erase_cnt=4 (vpc/ipc reset)
[EXP] [ERASE] ch=0 lun=7 pl=0 blk=100 pg=255 erase_cnt=4 (vpc/ipc reset)
[EXP] [ERASE] ch=1 lun=0 pl=0 blk=100 pg=255 erase_cnt=4 (vpc/ipc reset)
[EXP] [ERASE] ch=1 lun=1 pl=0 blk=100 pg=255 erase_cnt=4 (vpc/ipc reset)
[EXP] [ERASE] ch=1 lun=2 pl=0 blk=100 pg=255 erase_cnt=4 (vpc/ipc reset)
[EXP] [ERASE] ch=1 lun=3 pl=0 blk=100 pg=255 erase_cnt=4 (vpc/ipc reset)
[EXP] [ERASE] ch=1 lun=4 pl=0 blk=100 pg=255 erase_cnt=4 (vpc/ipc reset)
[EXP] [ERASE] ch=1 lun=5 pl=0 blk=100 pg=255 erase_cnt=4 (vpc/ipc reset)
[EXP] [ERASE] ch=1 lun=6 pl=0 blk=100 pg=255 erase_cnt=4 (vpc/ipc reset)
[EXP] [ERASE] ch=1 lun=7 pl=0 blk=100 pg=255 erase_cnt=4 (vpc/ipc reset)
[EXP] [ERASE] ch=2 lun=0 pl=0 blk=100 pg=255 erase_cnt=4 (vpc/ipc reset)
[EXP] [ERASE] ch=2 lun=1 pl=0 blk=100 pg=255 erase_cnt=4 (vpc/ipc reset)
[EXP] [ERASE] ch=2 lun=2 pl=0 blk=100 pg=255 erase_cnt=4 (vpc/ipc reset)
[EXP] [ERASE] ch=2 lun=3 pl=0 blk=100 pg=255 erase_cnt=4 (vpc/ipc reset)
[EXP] [ERASE] ch=2 lun=4 pl=0 blk=100 pg=255 erase_cnt=4 (vpc/ipc reset)
[EXP] [ERASE] ch=2 lun=5 pl=0 blk=100 pg=255 erase_cnt=4 (vpc/ipc reset)
[EXP] [ERASE] ch=2 lun=6 pl=0 blk=100 pg=255 erase_cnt=4 (vpc/ipc reset)
[EXP] [ERASE] ch=2 lun=7 pl=0 blk=100 pg=255 erase_cnt=4 (vpc/ipc reset)
[EXP] [ERASE] ch=3 lun=0 pl=0 blk=100 pg=255 erase_cnt=4 (vpc/ipc reset)
[EXP] [ERASE] ch=3 lun=1 pl=0 blk=100 pg=255 erase_cnt=4 (vpc/ipc reset)
[EXP] [ERASE] ch=3 lun=2 pl=0 blk=100 pg=255 erase_cnt=4 (vpc/ipc reset)
[EXP] [ERASE] ch=3 lun=3 pl=0 blk=100 pg=255 erase_cnt=4 (vpc/ipc reset)
[EXP] [ERASE] ch=3 lun=4 pl=0 blk=100 pg=255 erase_cnt=4 (vpc/ipc reset)
[EXP] [ERASE] ch=3 lun=5 pl=0 blk=100 pg=255 erase_cnt=4 (vpc/ipc reset)
[EXP] [ERASE] ch=3 lun=6 pl=0 blk=100 pg=255 erase_cnt=4 (vpc/ipc reset)
[EXP] [ERASE] ch=3 lun=7 pl=0 blk=100 pg=255 erase_cnt=4 (vpc/ipc reset)
[EXP] [ERASE] ch=4 lun=0 pl=0 blk=100 pg=255 erase_cnt=4 (vpc/ipc reset)
[EXP] [ERASE] ch=4 lun=1 pl=0 blk=100 pg=255 erase_cnt=4 (vpc/ipc reset)
[EXP] [ERASE] ch=4 lun=2 pl=0 blk=100 pg=255 erase_cnt=4 (vpc/ipc reset)
[EXP] [ERASE] ch=4 lun=3 pl=0 blk=100 pg=255 erase_cnt=4 (vpc/ipc reset)
[EXP] [ERASE] ch=4 lun=4 pl=0 blk=100 pg=255 erase_cnt=4 (vpc/ipc reset)
[EXP] [ERASE] ch=4 lun=5 pl=0 blk=100 pg=255 erase_cnt=4 (vpc/ipc reset)
[EXP] [ERASE] ch=4 lun=6 pl=0 blk=100 pg=255 erase_cnt=4 (vpc/ipc reset)
[EXP] [ERASE] ch=4 lun=7 pl=0 blk=100 pg=255 erase_cnt=4 (vpc/ipc reset)
[EXP] [ERASE] ch=5 lun=0 pl=0 blk=100 pg=255 erase_cnt=4 (vpc/ipc reset)
[EXP] [ERASE] ch=5 lun=1 pl=0 blk=100 pg=255 erase_cnt=4 (vpc/ipc reset)
[EXP] [ERASE] ch=5 lun=2 pl=0 blk=100 pg=255 erase_cnt=4 (vpc/ipc reset)
[EXP] [ERASE] ch=5 lun=3 pl=0 blk=100 pg=255 erase_cnt=4 (vpc/ipc reset)
[EXP] [ERASE] ch=5 lun=4 pl=0 blk=100 pg=255 erase_cnt=4 (vpc/ipc reset)
[EXP] [ERASE] ch=5 lun=5 pl=0 blk=100 pg=255 erase_cnt=4 (vpc/ipc reset)
[EXP] [ERASE] ch=5 lun=6 pl=0 blk=100 pg=255 erase_cnt=4 (vpc/ipc reset)
[EXP] [ERASE] ch=5 lun=7 pl=0 blk=100 pg=255 erase_cnt=4 (vpc/ipc reset)
[EXP] [ERASE] ch=6 lun=0 pl=0 blk=100 pg=255 erase_cnt=4 (vpc/ipc reset)
[EXP] [ERASE] ch=6 lun=1 pl=0 blk=100 pg=255 erase_cnt=4 (vpc/ipc reset)
[EXP] [ERASE] ch=6 lun=2 pl=0 blk=100 pg=255 erase_cnt=4 (vpc/ipc reset)
[EXP] [ERASE] ch=6 lun=3 pl=0 blk=100 pg=255 erase_cnt=4 (vpc/ipc reset)
[EXP] [ERASE] ch=6 lun=4 pl=0 blk=100 pg=255 erase_cnt=4 (vpc/ipc reset)
[EXP] [ERASE] ch=6 lun=5 pl=0 blk=100 pg=255 erase_cnt=4 (vpc/ipc reset)
[EXP] [ERASE] ch=6 lun=6 pl=0 blk=100 pg=255 erase_cnt=4 (vpc/ipc reset)
[EXP] [ERASE] ch=6 lun=7 pl=0 blk=100 pg=255 erase_cnt=4 (vpc/ipc reset)
[EXP] [ERASE] ch=7 lun=0 pl=0 blk=100 pg=255 erase_cnt=4 (vpc/ipc reset)
[EXP] [ERASE] ch=7 lun=1 pl=0 blk=100 pg=255 erase_cnt=4 (vpc/ipc reset)
[EXP] [ERASE] ch=7 lun=2 pl=0 blk=100 pg=255 erase_cnt=4 (vpc/ipc reset)
[EXP] [ERASE] ch=7 lun=3 pl=0 blk=100 pg=255 erase_cnt=4 (vpc/ipc reset)
[EXP] [ERASE] ch=7 lun=4 pl=0 blk=100 pg=255 erase_cnt=4 (vpc/ipc reset)
[EXP] [ERASE] ch=7 lun=5 pl=0 blk=100 pg=255 erase_cnt=4 (vpc/ipc reset)
[EXP] [ERASE] ch=7 lun=6 pl=0 blk=100 pg=255 erase_cnt=4 (vpc/ipc reset)
[EXP] [ERASE] ch=7 lun=7 pl=0 blk=100 pg=255 erase_cnt=4 (vpc/ipc reset)
[EXP] [ERASE] ch=0 lun=0 pl=0 blk=57 pg=255 erase_cnt=3 (vpc/ipc reset)
[EXP] [ERASE] ch=0 lun=1 pl=0 blk=57 pg=255 erase_cnt=3 (vpc/ipc reset)
[EXP] [ERASE] ch=0 lun=2 pl=0 blk=57 pg=255 erase_cnt=3 (vpc/ipc reset)
[EXP] [ERASE] ch=0 lun=3 pl=0 blk=57 pg=255 erase_cnt=3 (vpc/ipc reset)
[EXP] [ERASE] ch=0 lun=4 pl=0 blk=57 pg=255 erase_cnt=3 (vpc/ipc reset)
[EXP] [ERASE] ch=0 lun=5 pl=0 blk=57 pg=255 erase_cnt=3 (vpc/ipc reset)
[EXP] [ERASE] ch=0 lun=6 pl=0 blk=57 pg=255 erase_cnt=3 (vpc/ipc reset)
[EXP] [ERASE] ch=0 lun=7 pl=0 blk=57 pg=255 erase_cnt=3 (vpc/ipc reset)
[EXP] [ERASE] ch=1 lun=0 pl=0 blk=57 pg=255 erase_cnt=3 (vpc/ipc reset)
[EXP] [ERASE] ch=1 lun=1 pl=0 blk=57 pg=255 erase_cnt=3 (vpc/ipc reset)
[EXP] [ERASE] ch=1 lun=2 pl=0 blk=57 pg=255 erase_cnt=3 (vpc/ipc reset)
[EXP] [ERASE] ch=1 lun=3 pl=0 blk=57 pg=255 erase_cnt=3 (vpc/ipc reset)
[EXP] [ERASE] ch=1 lun=4 pl=0 blk=57 pg=255 erase_cnt=3 (vpc/ipc reset)
[EXP] [ERASE] ch=1 lun=5 pl=0 blk=57 pg=255 erase_cnt=3 (vpc/ipc reset)
[EXP] [ERASE] ch=1 lun=6 pl=0 blk=57 pg=255 erase_cnt=3 (vpc/ipc reset)
[EXP] [ERASE] ch=1 lun=7 pl=0 blk=57 pg=255 erase_cnt=3 (vpc/ipc reset)
[EXP] [ERASE] ch=2 lun=0 pl=0 blk=57 pg=255 erase_cnt=3 (vpc/ipc reset)
[EXP] [ERASE] ch=2 lun=1 pl=0 blk=57 pg=255 erase_cnt=3 (vpc/ipc reset)
[EXP] [ERASE] ch=2 lun=2 pl=0 blk=57 pg=255 erase_cnt=3 (vpc/ipc reset)
[EXP] [ERASE] ch=2 lun=3 pl=0 blk=57 pg=255 erase_cnt=3 (vpc/ipc reset)
[EXP] [ERASE] ch=2 lun=4 pl=0 blk=57 pg=255 erase_cnt=3 (vpc/ipc reset)
[EXP] [ERASE] ch=2 lun=5 pl=0 blk=57 pg=255 erase_cnt=3 (vpc/ipc reset)
[EXP] [ERASE] ch=2 lun=6 pl=0 blk=57 pg=255 erase_cnt=3 (vpc/ipc reset)
[EXP] [ERASE] ch=2 lun=7 pl=0 blk=57 pg=255 erase_cnt=3 (vpc/ipc reset)
[EXP] [ERASE] ch=3 lun=0 pl=0 blk=57 pg=255 erase_cnt=3 (vpc/ipc reset)
[EXP] [ERASE] ch=3 lun=1 pl=0 blk=57 pg=255 erase_cnt=3 (vpc/ipc reset)
[EXP] [ERASE] ch=3 lun=2 pl=0 blk=57 pg=255 erase_cnt=3 (vpc/ipc reset)
[EXP] [ERASE] ch=3 lun=3 pl=0 blk=57 pg=255 erase_cnt=3 (vpc/ipc reset)
[EXP] [ERASE] ch=3 lun=4 pl=0 blk=57 pg=255 erase_cnt=3 (vpc/ipc reset)
[EXP] [ERASE] ch=3 lun=5 pl=0 blk=57 pg=255 erase_cnt=3 (vpc/ipc reset)
[EXP] [ERASE] ch=3 lun=6 pl=0 blk=57 pg=255 erase_cnt=3 (vpc/ipc reset)
[EXP] [ERASE] ch=3 lun=7 pl=0 blk=57 pg=255 erase_cnt=3 (vpc/ipc reset)
[EXP] [ERASE] ch=4 lun=0 pl=0 blk=57 pg=255 erase_cnt=3 (vpc/ipc reset)
[EXP] [ERASE] ch=4 lun=1 pl=0 blk=57 pg=255 erase_cnt=3 (vpc/ipc reset)
[EXP] [ERASE] ch=4 lun=2 pl=0 blk=57 pg=255 erase_cnt=3 (vpc/ipc reset)
[EXP] [ERASE] ch=4 lun=3 pl=0 blk=57 pg=255 erase_cnt=3 (vpc/ipc reset)
[EXP] [ERASE] ch=4 lun=4 pl=0 blk=57 pg=255 erase_cnt=3 (vpc/ipc reset)
[EXP] [ERASE] ch=4 lun=5 pl=0 blk=57 pg=255 erase_cnt=3 (vpc/ipc reset)
[EXP] [ERASE] ch=4 lun=6 pl=0 blk=57 pg=255 erase_cnt=3 (vpc/ipc reset)
[EXP] [ERASE] ch=4 lun=7 pl=0 blk=57 pg=255 erase_cnt=3 (vpc/ipc reset)
[EXP] [ERASE] ch=5 lun=0 pl=0 blk=57 pg=255 erase_cnt=3 (vpc/ipc reset)
[EXP] [ERASE] ch=5 lun=1 pl=0 blk=57 pg=255 erase_cnt=3 (vpc/ipc reset)
[EXP] [ERASE] ch=5 lun=2 pl=0 blk=57 pg=255 erase_cnt=3 (vpc/ipc reset)
[EXP] [GC_MOVE] lpn=0 ch=5 lun=3 pl=0 blk=57 pg=80 -> ch=0 lun=0 pl=0 blk=16 pg=56
[EXP] [ERASE_SURVIVE] lpn=0 count=9 source ch=5 lun=3 pl=0 blk=57 pg=80
[EXP] [ERASE] ch=5 lun=3 pl=0 blk=57 pg=255 erase_cnt=3 (vpc/ipc reset)
[EXP] [ERASE] ch=5 lun=4 pl=0 blk=57 pg=255 erase_cnt=3 (vpc/ipc reset)
[EXP] [ERASE] ch=5 lun=5 pl=0 blk=57 pg=255 erase_cnt=3 (vpc/ipc reset)
[EXP] [ERASE] ch=5 lun=6 pl=0 blk=57 pg=255 erase_cnt=3 (vpc/ipc reset)
[EXP] [ERASE] ch=5 lun=7 pl=0 blk=57 pg=255 erase_cnt=3 (vpc/ipc reset)
[EXP] [ERASE] ch=6 lun=0 pl=0 blk=57 pg=255 erase_cnt=3 (vpc/ipc reset)
[EXP] [ERASE] ch=6 lun=1 pl=0 blk=57 pg=255 erase_cnt=3 (vpc/ipc reset)
[EXP] [ERASE] ch=6 lun=2 pl=0 blk=57 pg=255 erase_cnt=3 (vpc/ipc reset)
[EXP] [ERASE] ch=6 lun=3 pl=0 blk=57 pg=255 erase_cnt=3 (vpc/ipc reset)
[EXP] [ERASE] ch=6 lun=4 pl=0 blk=57 pg=255 erase_cnt=3 (vpc/ipc reset)
[EXP] [ERASE] ch=6 lun=5 pl=0 blk=57 pg=255 erase_cnt=3 (vpc/ipc reset)
[EXP] [ERASE] ch=6 lun=6 pl=0 blk=57 pg=255 erase_cnt=3 (vpc/ipc reset)
[EXP] [ERASE] ch=6 lun=7 pl=0 blk=57 pg=255 erase_cnt=3 (vpc/ipc reset)
[EXP] [ERASE] ch=7 lun=0 pl=0 blk=57 pg=255 erase_cnt=3 (vpc/ipc reset)
[EXP] [ERASE] ch=7 lun=1 pl=0 blk=57 pg=255 erase_cnt=3 (vpc/ipc reset)
[EXP] [ERASE] ch=7 lun=2 pl=0 blk=57 pg=255 erase_cnt=3 (vpc/ipc reset)
[EXP] [ERASE] ch=7 lun=3 pl=0 blk=57 pg=255 erase_cnt=3 (vpc/ipc reset)
[EXP] [ERASE] ch=7 lun=4 pl=0 blk=57 pg=255 erase_cnt=3 (vpc/ipc reset)
[EXP] [ERASE] ch=7 lun=5 pl=0 blk=57 pg=255 erase_cnt=3 (vpc/ipc reset)
[EXP] [ERASE] ch=7 lun=6 pl=0 blk=57 pg=255 erase_cnt=3 (vpc/ipc reset)
[EXP] [ERASE] ch=7 lun=7 pl=0 blk=57 pg=255 erase_cnt=3 (vpc/ipc reset)
[EXP] [ERASE] ch=0 lun=0 pl=0 blk=98 pg=255 erase_cnt=6 (vpc/ipc reset)
[EXP] [ERASE] ch=0 lun=1 pl=0 blk=98 pg=255 erase_cnt=6 (vpc/ipc reset)
[EXP] [ERASE] ch=0 lun=2 pl=0 blk=98 pg=255 erase_cnt=6 (vpc/ipc reset)
[EXP] [ERASE] ch=0 lun=3 pl=0 blk=98 pg=255 erase_cnt=6 (vpc/ipc reset)
[EXP] [ERASE] ch=0 lun=4 pl=0 blk=98 pg=255 erase_cnt=6 (vpc/ipc reset)
[EXP] [ERASE] ch=0 lun=5 pl=0 blk=98 pg=255 erase_cnt=6 (vpc/ipc reset)
[EXP] [ERASE] ch=0 lun=6 pl=0 blk=98 pg=255 erase_cnt=6 (vpc/ipc reset)
[EXP] [ERASE] ch=0 lun=7 pl=0 blk=98 pg=255 erase_cnt=6 (vpc/ipc reset)
[EXP] [ERASE] ch=1 lun=0 pl=0 blk=98 pg=255 erase_cnt=6 (vpc/ipc reset)
[EXP] [ERASE] ch=1 lun=1 pl=0 blk=98 pg=255 erase_cnt=6 (vpc/ipc reset)
[EXP] [ERASE] ch=1 lun=2 pl=0 blk=98 pg=255 erase_cnt=6 (vpc/ipc reset)
[EXP] [ERASE] ch=1 lun=3 pl=0 blk=98 pg=255 erase_cnt=6 (vpc/ipc reset)
[EXP] [ERASE] ch=1 lun=4 pl=0 blk=98 pg=255 erase_cnt=6 (vpc/ipc reset)
[EXP] [ERASE] ch=1 lun=5 pl=0 blk=98 pg=255 erase_cnt=6 (vpc/ipc reset)
[EXP] [ERASE] ch=1 lun=6 pl=0 blk=98 pg=255 erase_cnt=6 (vpc/ipc reset)
[EXP] [ERASE] ch=1 lun=7 pl=0 blk=98 pg=255 erase_cnt=6 (vpc/ipc reset)
[EXP] [ERASE] ch=2 lun=0 pl=0 blk=98 pg=255 erase_cnt=6 (vpc/ipc reset)
[EXP] [ERASE] ch=2 lun=1 pl=0 blk=98 pg=255 erase_cnt=6 (vpc/ipc reset)
[EXP] [ERASE] ch=2 lun=2 pl=0 blk=98 pg=255 erase_cnt=6 (vpc/ipc reset)
[EXP] [ERASE] ch=2 lun=3 pl=0 blk=98 pg=255 erase_cnt=6 (vpc/ipc reset)
[EXP] [ERASE] ch=2 lun=4 pl=0 blk=98 pg=255 erase_cnt=6 (vpc/ipc reset)
[EXP] [ERASE] ch=2 lun=5 pl=0 blk=98 pg=255 erase_cnt=6 (vpc/ipc reset)
[EXP] [ERASE] ch=2 lun=6 pl=0 blk=98 pg=255 erase_cnt=6 (vpc/ipc reset)
[EXP] [ERASE] ch=2 lun=7 pl=0 blk=98 pg=255 erase_cnt=6 (vpc/ipc reset)
[EXP] [ERASE] ch=3 lun=0 pl=0 blk=98 pg=255 erase_cnt=6 (vpc/ipc reset)
[EXP] [ERASE] ch=3 lun=1 pl=0 blk=98 pg=255 erase_cnt=6 (vpc/ipc reset)
[EXP] [ERASE] ch=3 lun=2 pl=0 blk=98 pg=255 erase_cnt=6 (vpc/ipc reset)
[EXP] [ERASE] ch=3 lun=3 pl=0 blk=98 pg=255 erase_cnt=6 (vpc/ipc reset)
[EXP] [ERASE] ch=3 lun=4 pl=0 blk=98 pg=255 erase_cnt=6 (vpc/ipc reset)
[EXP] [ERASE] ch=3 lun=5 pl=0 blk=98 pg=255 erase_cnt=6 (vpc/ipc reset)
[EXP] [ERASE] ch=3 lun=6 pl=0 blk=98 pg=255 erase_cnt=6 (vpc/ipc reset)
[EXP] [ERASE] ch=3 lun=7 pl=0 blk=98 pg=255 erase_cnt=6 (vpc/ipc reset)
[EXP] [ERASE] ch=4 lun=0 pl=0 blk=98 pg=255 erase_cnt=6 (vpc/ipc reset)
[EXP] [ERASE] ch=4 lun=1 pl=0 blk=98 pg=255 erase_cnt=6 (vpc/ipc reset)
[EXP] [ERASE] ch=4 lun=2 pl=0 blk=98 pg=255 erase_cnt=6 (vpc/ipc reset)
[EXP] [ERASE] ch=4 lun=3 pl=0 blk=98 pg=255 erase_cnt=6 (vpc/ipc reset)
[EXP] [ERASE] ch=4 lun=4 pl=0 blk=98 pg=255 erase_cnt=6 (vpc/ipc reset)
[EXP] [ERASE] ch=4 lun=5 pl=0 blk=98 pg=255 erase_cnt=6 (vpc/ipc reset)
[EXP] [ERASE] ch=4 lun=6 pl=0 blk=98 pg=255 erase_cnt=6 (vpc/ipc reset)
[EXP] [ERASE] ch=4 lun=7 pl=0 blk=98 pg=255 erase_cnt=6 (vpc/ipc reset)
[EXP] [ERASE] ch=5 lun=0 pl=0 blk=98 pg=255 erase_cnt=6 (vpc/ipc reset)
[EXP] [ERASE] ch=5 lun=1 pl=0 blk=98 pg=255 erase_cnt=6 (vpc/ipc reset)
[EXP] [ERASE] ch=5 lun=2 pl=0 blk=98 pg=255 erase_cnt=6 (vpc/ipc reset)
[EXP] [ERASE] ch=5 lun=3 pl=0 blk=98 pg=255 erase_cnt=6 (vpc/ipc reset)
[EXP] [ERASE] ch=5 lun=4 pl=0 blk=98 pg=255 erase_cnt=6 (vpc/ipc reset)
[EXP] [ERASE] ch=5 lun=5 pl=0 blk=98 pg=255 erase_cnt=6 (vpc/ipc reset)
[EXP] [ERASE] ch=5 lun=6 pl=0 blk=98 pg=255 erase_cnt=6 (vpc/ipc reset)
[EXP] [ERASE] ch=5 lun=7 pl=0 blk=98 pg=255 erase_cnt=6 (vpc/ipc reset)
[EXP] [ERASE] ch=6 lun=0 pl=0 blk=98 pg=255 erase_cnt=6 (vpc/ipc reset)
[EXP] [ERASE] ch=6 lun=1 pl=0 blk=98 pg=255 erase_cnt=6 (vpc/ipc reset)
[EXP] [ERASE] ch=6 lun=2 pl=0 blk=98 pg=255 erase_cnt=6 (vpc/ipc reset)
[EXP] [ERASE] ch=6 lun=3 pl=0 blk=98 pg=255 erase_cnt=6 (vpc/ipc reset)
[EXP] [ERASE] ch=6 lun=4 pl=0 blk=98 pg=255 erase_cnt=6 (vpc/ipc reset)
[EXP] [ERASE] ch=6 lun=5 pl=0 blk=98 pg=255 erase_cnt=6 (vpc/ipc reset)
[EXP] [ERASE] ch=6 lun=6 pl=0 blk=98 pg=255 erase_cnt=6 (vpc/ipc reset)
[EXP] [ERASE] ch=6 lun=7 pl=0 blk=98 pg=255 erase_cnt=6 (vpc/ipc reset)
[EXP] [ERASE] ch=7 lun=0 pl=0 blk=98 pg=255 erase_cnt=6 (vpc/ipc reset)
[EXP] [ERASE] ch=7 lun=1 pl=0 blk=98 pg=255 erase_cnt=6 (vpc/ipc reset)
[EXP] [ERASE] ch=7 lun=2 pl=0 blk=98 pg=255 erase_cnt=6 (vpc/ipc reset)
[EXP] [ERASE] ch=7 lun=3 pl=0 blk=98 pg=255 erase_cnt=6 (vpc/ipc reset)
[EXP] [ERASE] ch=7 lun=4 pl=0 blk=98 pg=255 erase_cnt=6 (vpc/ipc reset)
[EXP] [ERASE] ch=7 lun=5 pl=0 blk=98 pg=255 erase_cnt=6 (vpc/ipc reset)
[EXP] [ERASE] ch=7 lun=6 pl=0 blk=98 pg=255 erase_cnt=6 (vpc/ipc reset)
[EXP] [ERASE] ch=7 lun=7 pl=0 blk=98 pg=255 erase_cnt=6 (vpc/ipc reset)
[EXP] [ERASE] ch=0 lun=0 pl=0 blk=100 pg=255 erase_cnt=5 (vpc/ipc reset)
[EXP] [ERASE] ch=0 lun=1 pl=0 blk=100 pg=255 erase_cnt=5 (vpc/ipc reset)
[EXP] [ERASE] ch=0 lun=2 pl=0 blk=100 pg=255 erase_cnt=5 (vpc/ipc reset)
[EXP] [ERASE] ch=0 lun=3 pl=0 blk=100 pg=255 erase_cnt=5 (vpc/ipc reset)
[EXP] [ERASE] ch=0 lun=4 pl=0 blk=100 pg=255 erase_cnt=5 (vpc/ipc reset)
[EXP] [ERASE] ch=0 lun=5 pl=0 blk=100 pg=255 erase_cnt=5 (vpc/ipc reset)
[EXP] [ERASE] ch=0 lun=6 pl=0 blk=100 pg=255 erase_cnt=5 (vpc/ipc reset)
[EXP] [ERASE] ch=0 lun=7 pl=0 blk=100 pg=255 erase_cnt=5 (vpc/ipc reset)
[EXP] [ERASE] ch=1 lun=0 pl=0 blk=100 pg=255 erase_cnt=5 (vpc/ipc reset)
[EXP] [ERASE] ch=1 lun=1 pl=0 blk=100 pg=255 erase_cnt=5 (vpc/ipc reset)
[EXP] [ERASE] ch=1 lun=2 pl=0 blk=100 pg=255 erase_cnt=5 (vpc/ipc reset)
[EXP] [ERASE] ch=1 lun=3 pl=0 blk=100 pg=255 erase_cnt=5 (vpc/ipc reset)
[EXP] [ERASE] ch=1 lun=4 pl=0 blk=100 pg=255 erase_cnt=5 (vpc/ipc reset)
[EXP] [ERASE] ch=1 lun=5 pl=0 blk=100 pg=255 erase_cnt=5 (vpc/ipc reset)
[EXP] [ERASE] ch=1 lun=6 pl=0 blk=100 pg=255 erase_cnt=5 (vpc/ipc reset)
[EXP] [ERASE] ch=1 lun=7 pl=0 blk=100 pg=255 erase_cnt=5 (vpc/ipc reset)
[EXP] [ERASE] ch=2 lun=0 pl=0 blk=100 pg=255 erase_cnt=5 (vpc/ipc reset)
[EXP] [ERASE] ch=2 lun=1 pl=0 blk=100 pg=255 erase_cnt=5 (vpc/ipc reset)
[EXP] [ERASE] ch=2 lun=2 pl=0 blk=100 pg=255 erase_cnt=5 (vpc/ipc reset)
[EXP] [ERASE] ch=2 lun=3 pl=0 blk=100 pg=255 erase_cnt=5 (vpc/ipc reset)
[EXP] [ERASE] ch=2 lun=4 pl=0 blk=100 pg=255 erase_cnt=5 (vpc/ipc reset)
[EXP] [ERASE] ch=2 lun=5 pl=0 blk=100 pg=255 erase_cnt=5 (vpc/ipc reset)
[EXP] [ERASE] ch=2 lun=6 pl=0 blk=100 pg=255 erase_cnt=5 (vpc/ipc reset)
[EXP] [ERASE] ch=2 lun=7 pl=0 blk=100 pg=255 erase_cnt=5 (vpc/ipc reset)
[EXP] [ERASE] ch=3 lun=0 pl=0 blk=100 pg=255 erase_cnt=5 (vpc/ipc reset)
[EXP] [ERASE] ch=3 lun=1 pl=0 blk=100 pg=255 erase_cnt=5 (vpc/ipc reset)
[EXP] [ERASE] ch=3 lun=2 pl=0 blk=100 pg=255 erase_cnt=5 (vpc/ipc reset)
[EXP] [ERASE] ch=3 lun=3 pl=0 blk=100 pg=255 erase_cnt=5 (vpc/ipc reset)
[EXP] [ERASE] ch=3 lun=4 pl=0 blk=100 pg=255 erase_cnt=5 (vpc/ipc reset)
[EXP] [ERASE] ch=3 lun=5 pl=0 blk=100 pg=255 erase_cnt=5 (vpc/ipc reset)
[EXP] [ERASE] ch=3 lun=6 pl=0 blk=100 pg=255 erase_cnt=5 (vpc/ipc reset)
[EXP] [ERASE] ch=3 lun=7 pl=0 blk=100 pg=255 erase_cnt=5 (vpc/ipc reset)
[EXP] [ERASE] ch=4 lun=0 pl=0 blk=100 pg=255 erase_cnt=5 (vpc/ipc reset)
[EXP] [ERASE] ch=4 lun=1 pl=0 blk=100 pg=255 erase_cnt=5 (vpc/ipc reset)
[EXP] [ERASE] ch=4 lun=2 pl=0 blk=100 pg=255 erase_cnt=5 (vpc/ipc reset)
[EXP] [ERASE] ch=4 lun=3 pl=0 blk=100 pg=255 erase_cnt=5 (vpc/ipc reset)
[EXP] [ERASE] ch=4 lun=4 pl=0 blk=100 pg=255 erase_cnt=5 (vpc/ipc reset)
[EXP] [ERASE] ch=4 lun=5 pl=0 blk=100 pg=255 erase_cnt=5 (vpc/ipc reset)
[EXP] [ERASE] ch=4 lun=6 pl=0 blk=100 pg=255 erase_cnt=5 (vpc/ipc reset)
[EXP] [ERASE] ch=4 lun=7 pl=0 blk=100 pg=255 erase_cnt=5 (vpc/ipc reset)
[EXP] [ERASE] ch=5 lun=0 pl=0 blk=100 pg=255 erase_cnt=5 (vpc/ipc reset)
[EXP] [ERASE] ch=5 lun=1 pl=0 blk=100 pg=255 erase_cnt=5 (vpc/ipc reset)
[EXP] [ERASE] ch=5 lun=2 pl=0 blk=100 pg=255 erase_cnt=5 (vpc/ipc reset)
[EXP] [ERASE] ch=5 lun=3 pl=0 blk=100 pg=255 erase_cnt=5 (vpc/ipc reset)
[EXP] [ERASE] ch=5 lun=4 pl=0 blk=100 pg=255 erase_cnt=5 (vpc/ipc reset)
[EXP] [ERASE] ch=5 lun=5 pl=0 blk=100 pg=255 erase_cnt=5 (vpc/ipc reset)
[EXP] [ERASE] ch=5 lun=6 pl=0 blk=100 pg=255 erase_cnt=5 (vpc/ipc reset)
[EXP] [ERASE] ch=5 lun=7 pl=0 blk=100 pg=255 erase_cnt=5 (vpc/ipc reset)
[EXP] [ERASE] ch=6 lun=0 pl=0 blk=100 pg=255 erase_cnt=5 (vpc/ipc reset)
[EXP] [ERASE] ch=6 lun=1 pl=0 blk=100 pg=255 erase_cnt=5 (vpc/ipc reset)
[EXP] [ERASE] ch=6 lun=2 pl=0 blk=100 pg=255 erase_cnt=5 (vpc/ipc reset)
[EXP] [ERASE] ch=6 lun=3 pl=0 blk=100 pg=255 erase_cnt=5 (vpc/ipc reset)
[EXP] [ERASE] ch=6 lun=4 pl=0 blk=100 pg=255 erase_cnt=5 (vpc/ipc reset)
[EXP] [ERASE] ch=6 lun=5 pl=0 blk=100 pg=255 erase_cnt=5 (vpc/ipc reset)
[EXP] [ERASE] ch=6 lun=6 pl=0 blk=100 pg=255 erase_cnt=5 (vpc/ipc reset)
[EXP] [ERASE] ch=6 lun=7 pl=0 blk=100 pg=255 erase_cnt=5 (vpc/ipc reset)
[EXP] [ERASE] ch=7 lun=0 pl=0 blk=100 pg=255 erase_cnt=5 (vpc/ipc reset)
[EXP] [ERASE] ch=7 lun=1 pl=0 blk=100 pg=255 erase_cnt=5 (vpc/ipc reset)
[EXP] [ERASE] ch=7 lun=2 pl=0 blk=100 pg=255 erase_cnt=5 (vpc/ipc reset)
[EXP] [ERASE] ch=7 lun=3 pl=0 blk=100 pg=255 erase_cnt=5 (vpc/ipc reset)
[EXP] [ERASE] ch=7 lun=4 pl=0 blk=100 pg=255 erase_cnt=5 (vpc/ipc reset)
[EXP] [ERASE] ch=7 lun=5 pl=0 blk=100 pg=255 erase_cnt=5 (vpc/ipc reset)
[EXP] [ERASE] ch=7 lun=6 pl=0 blk=100 pg=255 erase_cnt=5 (vpc/ipc reset)
[EXP] [ERASE] ch=7 lun=7 pl=0 blk=100 pg=255 erase_cnt=5 (vpc/ipc reset)
[EXP] [ERASE] ch=0 lun=0 pl=0 blk=97 pg=255 erase_cnt=6 (vpc/ipc reset)
[EXP] [ERASE] ch=0 lun=1 pl=0 blk=97 pg=255 erase_cnt=6 (vpc/ipc reset)
[EXP] [ERASE] ch=0 lun=2 pl=0 blk=97 pg=255 erase_cnt=6 (vpc/ipc reset)
[EXP] [ERASE] ch=0 lun=3 pl=0 blk=97 pg=255 erase_cnt=6 (vpc/ipc reset)
[EXP] [ERASE] ch=0 lun=4 pl=0 blk=97 pg=255 erase_cnt=6 (vpc/ipc reset)
[EXP] [ERASE] ch=0 lun=5 pl=0 blk=97 pg=255 erase_cnt=6 (vpc/ipc reset)
[EXP] [ERASE] ch=0 lun=6 pl=0 blk=97 pg=255 erase_cnt=6 (vpc/ipc reset)
[EXP] [ERASE] ch=0 lun=7 pl=0 blk=97 pg=255 erase_cnt=6 (vpc/ipc reset)
[EXP] [ERASE] ch=1 lun=0 pl=0 blk=97 pg=255 erase_cnt=6 (vpc/ipc reset)
[EXP] [ERASE] ch=1 lun=1 pl=0 blk=97 pg=255 erase_cnt=6 (vpc/ipc reset)
[EXP] [ERASE] ch=1 lun=2 pl=0 blk=97 pg=255 erase_cnt=6 (vpc/ipc reset)
[EXP] [ERASE] ch=1 lun=3 pl=0 blk=97 pg=255 erase_cnt=6 (vpc/ipc reset)
[EXP] [ERASE] ch=1 lun=4 pl=0 blk=97 pg=255 erase_cnt=6 (vpc/ipc reset)
[EXP] [ERASE] ch=1 lun=5 pl=0 blk=97 pg=255 erase_cnt=6 (vpc/ipc reset)
[EXP] [ERASE] ch=1 lun=6 pl=0 blk=97 pg=255 erase_cnt=6 (vpc/ipc reset)
[EXP] [ERASE] ch=1 lun=7 pl=0 blk=97 pg=255 erase_cnt=6 (vpc/ipc reset)
[EXP] [ERASE] ch=2 lun=0 pl=0 blk=97 pg=255 erase_cnt=6 (vpc/ipc reset)
[EXP] [ERASE] ch=2 lun=1 pl=0 blk=97 pg=255 erase_cnt=6 (vpc/ipc reset)
[EXP] [ERASE] ch=2 lun=2 pl=0 blk=97 pg=255 erase_cnt=6 (vpc/ipc reset)
[EXP] [ERASE] ch=2 lun=3 pl=0 blk=97 pg=255 erase_cnt=6 (vpc/ipc reset)
[EXP] [ERASE] ch=2 lun=4 pl=0 blk=97 pg=255 erase_cnt=6 (vpc/ipc reset)
[EXP] [ERASE] ch=2 lun=5 pl=0 blk=97 pg=255 erase_cnt=6 (vpc/ipc reset)
[EXP] [ERASE] ch=2 lun=6 pl=0 blk=97 pg=255 erase_cnt=6 (vpc/ipc reset)
[EXP] [ERASE] ch=2 lun=7 pl=0 blk=97 pg=255 erase_cnt=6 (vpc/ipc reset)
[EXP] [ERASE] ch=3 lun=0 pl=0 blk=97 pg=255 erase_cnt=6 (vpc/ipc reset)
[EXP] [ERASE] ch=3 lun=1 pl=0 blk=97 pg=255 erase_cnt=6 (vpc/ipc reset)
[EXP] [ERASE] ch=3 lun=2 pl=0 blk=97 pg=255 erase_cnt=6 (vpc/ipc reset)
[EXP] [ERASE] ch=3 lun=3 pl=0 blk=97 pg=255 erase_cnt=6 (vpc/ipc reset)
[EXP] [ERASE] ch=3 lun=4 pl=0 blk=97 pg=255 erase_cnt=6 (vpc/ipc reset)
[EXP] [ERASE] ch=3 lun=5 pl=0 blk=97 pg=255 erase_cnt=6 (vpc/ipc reset)
[EXP] [ERASE] ch=3 lun=6 pl=0 blk=97 pg=255 erase_cnt=6 (vpc/ipc reset)
[EXP] [ERASE] ch=3 lun=7 pl=0 blk=97 pg=255 erase_cnt=6 (vpc/ipc reset)
[EXP] [ERASE] ch=4 lun=0 pl=0 blk=97 pg=255 erase_cnt=6 (vpc/ipc reset)
[EXP] [ERASE] ch=4 lun=1 pl=0 blk=97 pg=255 erase_cnt=6 (vpc/ipc reset)
[EXP] [ERASE] ch=4 lun=2 pl=0 blk=97 pg=255 erase_cnt=6 (vpc/ipc reset)
[EXP] [ERASE] ch=4 lun=3 pl=0 blk=97 pg=255 erase_cnt=6 (vpc/ipc reset)
[EXP] [ERASE] ch=4 lun=4 pl=0 blk=97 pg=255 erase_cnt=6 (vpc/ipc reset)
[EXP] [ERASE] ch=4 lun=5 pl=0 blk=97 pg=255 erase_cnt=6 (vpc/ipc reset)
[EXP] [ERASE] ch=4 lun=6 pl=0 blk=97 pg=255 erase_cnt=6 (vpc/ipc reset)
[EXP] [ERASE] ch=4 lun=7 pl=0 blk=97 pg=255 erase_cnt=6 (vpc/ipc reset)
[EXP] [ERASE] ch=5 lun=0 pl=0 blk=97 pg=255 erase_cnt=6 (vpc/ipc reset)
[EXP] [ERASE] ch=5 lun=1 pl=0 blk=97 pg=255 erase_cnt=6 (vpc/ipc reset)
[EXP] [ERASE] ch=5 lun=2 pl=0 blk=97 pg=255 erase_cnt=6 (vpc/ipc reset)
[EXP] [ERASE] ch=5 lun=3 pl=0 blk=97 pg=255 erase_cnt=6 (vpc/ipc reset)
[EXP] [ERASE] ch=5 lun=4 pl=0 blk=97 pg=255 erase_cnt=6 (vpc/ipc reset)
[EXP] [ERASE] ch=5 lun=5 pl=0 blk=97 pg=255 erase_cnt=6 (vpc/ipc reset)
[EXP] [ERASE] ch=5 lun=6 pl=0 blk=97 pg=255 erase_cnt=6 (vpc/ipc reset)
[EXP] [ERASE] ch=5 lun=7 pl=0 blk=97 pg=255 erase_cnt=6 (vpc/ipc reset)
[EXP] [ERASE] ch=6 lun=0 pl=0 blk=97 pg=255 erase_cnt=6 (vpc/ipc reset)
[EXP] [ERASE] ch=6 lun=1 pl=0 blk=97 pg=255 erase_cnt=6 (vpc/ipc reset)
[EXP] [ERASE] ch=6 lun=2 pl=0 blk=97 pg=255 erase_cnt=6 (vpc/ipc reset)
[EXP] [ERASE] ch=6 lun=3 pl=0 blk=97 pg=255 erase_cnt=6 (vpc/ipc reset)
[EXP] [ERASE] ch=6 lun=4 pl=0 blk=97 pg=255 erase_cnt=6 (vpc/ipc reset)
[EXP] [ERASE] ch=6 lun=5 pl=0 blk=97 pg=255 erase_cnt=6 (vpc/ipc reset)
[EXP] [ERASE] ch=6 lun=6 pl=0 blk=97 pg=255 erase_cnt=6 (vpc/ipc reset)
[EXP] [ERASE] ch=6 lun=7 pl=0 blk=97 pg=255 erase_cnt=6 (vpc/ipc reset)
[EXP] [ERASE] ch=7 lun=0 pl=0 blk=97 pg=255 erase_cnt=6 (vpc/ipc reset)
[EXP] [ERASE] ch=7 lun=1 pl=0 blk=97 pg=255 erase_cnt=6 (vpc/ipc reset)
[EXP] [ERASE] ch=7 lun=2 pl=0 blk=97 pg=255 erase_cnt=6 (vpc/ipc reset)
[EXP] [ERASE] ch=7 lun=3 pl=0 blk=97 pg=255 erase_cnt=6 (vpc/ipc reset)
[EXP] [ERASE] ch=7 lun=4 pl=0 blk=97 pg=255 erase_cnt=6 (vpc/ipc reset)
[EXP] [ERASE] ch=7 lun=5 pl=0 blk=97 pg=255 erase_cnt=6 (vpc/ipc reset)
[EXP] [ERASE] ch=7 lun=6 pl=0 blk=97 pg=255 erase_cnt=6 (vpc/ipc reset)
[EXP] [ERASE] ch=7 lun=7 pl=0 blk=97 pg=255 erase_cnt=6 (vpc/ipc reset)
[EXP] [ERASE] ch=0 lun=0 pl=0 blk=99 pg=255 erase_cnt=4 (vpc/ipc reset)
[EXP] [ERASE] ch=0 lun=1 pl=0 blk=99 pg=255 erase_cnt=4 (vpc/ipc reset)
[EXP] [ERASE] ch=0 lun=2 pl=0 blk=99 pg=255 erase_cnt=4 (vpc/ipc reset)
[EXP] [ERASE] ch=0 lun=3 pl=0 blk=99 pg=255 erase_cnt=4 (vpc/ipc reset)
[EXP] [ERASE] ch=0 lun=4 pl=0 blk=99 pg=255 erase_cnt=4 (vpc/ipc reset)
[EXP] [ERASE] ch=0 lun=5 pl=0 blk=99 pg=255 erase_cnt=4 (vpc/ipc reset)
[EXP] [ERASE] ch=0 lun=6 pl=0 blk=99 pg=255 erase_cnt=4 (vpc/ipc reset)
[EXP] [ERASE] ch=0 lun=7 pl=0 blk=99 pg=255 erase_cnt=4 (vpc/ipc reset)
[EXP] [ERASE] ch=1 lun=0 pl=0 blk=99 pg=255 erase_cnt=4 (vpc/ipc reset)
[EXP] [ERASE] ch=1 lun=1 pl=0 blk=99 pg=255 erase_cnt=4 (vpc/ipc reset)
[EXP] [ERASE] ch=1 lun=2 pl=0 blk=99 pg=255 erase_cnt=4 (vpc/ipc reset)
[EXP] [ERASE] ch=1 lun=3 pl=0 blk=99 pg=255 erase_cnt=4 (vpc/ipc reset)
[EXP] [ERASE] ch=1 lun=4 pl=0 blk=99 pg=255 erase_cnt=4 (vpc/ipc reset)
[EXP] [ERASE] ch=1 lun=5 pl=0 blk=99 pg=255 erase_cnt=4 (vpc/ipc reset)
[EXP] [ERASE] ch=1 lun=6 pl=0 blk=99 pg=255 erase_cnt=4 (vpc/ipc reset)
[EXP] [ERASE] ch=1 lun=7 pl=0 blk=99 pg=255 erase_cnt=4 (vpc/ipc reset)
[EXP] [ERASE] ch=2 lun=0 pl=0 blk=99 pg=255 erase_cnt=4 (vpc/ipc reset)
[EXP] [ERASE] ch=2 lun=1 pl=0 blk=99 pg=255 erase_cnt=4 (vpc/ipc reset)
[EXP] [ERASE] ch=2 lun=2 pl=0 blk=99 pg=255 erase_cnt=4 (vpc/ipc reset)
[EXP] [ERASE] ch=2 lun=3 pl=0 blk=99 pg=255 erase_cnt=4 (vpc/ipc reset)
[EXP] [ERASE] ch=2 lun=4 pl=0 blk=99 pg=255 erase_cnt=4 (vpc/ipc reset)
[EXP] [ERASE] ch=2 lun=5 pl=0 blk=99 pg=255 erase_cnt=4 (vpc/ipc reset)
[EXP] [ERASE] ch=2 lun=6 pl=0 blk=99 pg=255 erase_cnt=4 (vpc/ipc reset)
[EXP] [ERASE] ch=2 lun=7 pl=0 blk=99 pg=255 erase_cnt=4 (vpc/ipc reset)
[EXP] [ERASE] ch=3 lun=0 pl=0 blk=99 pg=255 erase_cnt=4 (vpc/ipc reset)
[EXP] [ERASE] ch=3 lun=1 pl=0 blk=99 pg=255 erase_cnt=4 (vpc/ipc reset)
[EXP] [ERASE] ch=3 lun=2 pl=0 blk=99 pg=255 erase_cnt=4 (vpc/ipc reset)
[EXP] [ERASE] ch=3 lun=3 pl=0 blk=99 pg=255 erase_cnt=4 (vpc/ipc reset)
[EXP] [ERASE] ch=3 lun=4 pl=0 blk=99 pg=255 erase_cnt=4 (vpc/ipc reset)
[EXP] [ERASE] ch=3 lun=5 pl=0 blk=99 pg=255 erase_cnt=4 (vpc/ipc reset)
[EXP] [ERASE] ch=3 lun=6 pl=0 blk=99 pg=255 erase_cnt=4 (vpc/ipc reset)
[EXP] [ERASE] ch=3 lun=7 pl=0 blk=99 pg=255 erase_cnt=4 (vpc/ipc reset)
[EXP] [ERASE] ch=4 lun=0 pl=0 blk=99 pg=255 erase_cnt=4 (vpc/ipc reset)
[EXP] [ERASE] ch=4 lun=1 pl=0 blk=99 pg=255 erase_cnt=4 (vpc/ipc reset)
[EXP] [ERASE] ch=4 lun=2 pl=0 blk=99 pg=255 erase_cnt=4 (vpc/ipc reset)
[EXP] [ERASE] ch=4 lun=3 pl=0 blk=99 pg=255 erase_cnt=4 (vpc/ipc reset)
[EXP] [ERASE] ch=4 lun=4 pl=0 blk=99 pg=255 erase_cnt=4 (vpc/ipc reset)
[EXP] [ERASE] ch=4 lun=5 pl=0 blk=99 pg=255 erase_cnt=4 (vpc/ipc reset)
[EXP] [ERASE] ch=4 lun=6 pl=0 blk=99 pg=255 erase_cnt=4 (vpc/ipc reset)
[EXP] [ERASE] ch=4 lun=7 pl=0 blk=99 pg=255 erase_cnt=4 (vpc/ipc reset)
[EXP] [ERASE] ch=5 lun=0 pl=0 blk=99 pg=255 erase_cnt=4 (vpc/ipc reset)
[EXP] [ERASE] ch=5 lun=1 pl=0 blk=99 pg=255 erase_cnt=4 (vpc/ipc reset)
[EXP] [ERASE] ch=5 lun=2 pl=0 blk=99 pg=255 erase_cnt=4 (vpc/ipc reset)
[EXP] [ERASE] ch=5 lun=3 pl=0 blk=99 pg=255 erase_cnt=4 (vpc/ipc reset)
[EXP] [ERASE] ch=5 lun=4 pl=0 blk=99 pg=255 erase_cnt=4 (vpc/ipc reset)
[EXP] [ERASE] ch=5 lun=5 pl=0 blk=99 pg=255 erase_cnt=4 (vpc/ipc reset)
[EXP] [ERASE] ch=5 lun=6 pl=0 blk=99 pg=255 erase_cnt=4 (vpc/ipc reset)
[EXP] [ERASE] ch=5 lun=7 pl=0 blk=99 pg=255 erase_cnt=4 (vpc/ipc reset)
[EXP] [ERASE] ch=6 lun=0 pl=0 blk=99 pg=255 erase_cnt=4 (vpc/ipc reset)
[EXP] [ERASE] ch=6 lun=1 pl=0 blk=99 pg=255 erase_cnt=4 (vpc/ipc reset)
[EXP] [ERASE] ch=6 lun=2 pl=0 blk=99 pg=255 erase_cnt=4 (vpc/ipc reset)
[EXP] [ERASE] ch=6 lun=3 pl=0 blk=99 pg=255 erase_cnt=4 (vpc/ipc reset)
[EXP] [ERASE] ch=6 lun=4 pl=0 blk=99 pg=255 erase_cnt=4 (vpc/ipc reset)
[EXP] [ERASE] ch=6 lun=5 pl=0 blk=99 pg=255 erase_cnt=4 (vpc/ipc reset)
[EXP] [ERASE] ch=6 lun=6 pl=0 blk=99 pg=255 erase_cnt=4 (vpc/ipc reset)
[EXP] [ERASE] ch=6 lun=7 pl=0 blk=99 pg=255 erase_cnt=4 (vpc/ipc reset)
[EXP] [ERASE] ch=7 lun=0 pl=0 blk=99 pg=255 erase_cnt=4 (vpc/ipc reset)
[EXP] [ERASE] ch=7 lun=1 pl=0 blk=99 pg=255 erase_cnt=4 (vpc/ipc reset)
[EXP] [ERASE] ch=7 lun=2 pl=0 blk=99 pg=255 erase_cnt=4 (vpc/ipc reset)
[EXP] [ERASE] ch=7 lun=3 pl=0 blk=99 pg=255 erase_cnt=4 (vpc/ipc reset)
[EXP] [ERASE] ch=7 lun=4 pl=0 blk=99 pg=255 erase_cnt=4 (vpc/ipc reset)
[EXP] [ERASE] ch=7 lun=5 pl=0 blk=99 pg=255 erase_cnt=4 (vpc/ipc reset)
[EXP] [ERASE] ch=7 lun=6 pl=0 blk=99 pg=255 erase_cnt=4 (vpc/ipc reset)
[EXP] [ERASE] ch=7 lun=7 pl=0 blk=99 pg=255 erase_cnt=4 (vpc/ipc reset)
[EXP] [ERASE] ch=0 lun=0 pl=0 blk=61 pg=255 erase_cnt=3 (vpc/ipc reset)
[EXP] [ERASE] ch=0 lun=1 pl=0 blk=61 pg=255 erase_cnt=3 (vpc/ipc reset)
[EXP] [ERASE] ch=0 lun=2 pl=0 blk=61 pg=255 erase_cnt=3 (vpc/ipc reset)
[EXP] [ERASE] ch=0 lun=3 pl=0 blk=61 pg=255 erase_cnt=3 (vpc/ipc reset)
[EXP] [ERASE] ch=0 lun=4 pl=0 blk=61 pg=255 erase_cnt=3 (vpc/ipc reset)
[EXP] [ERASE] ch=0 lun=5 pl=0 blk=61 pg=255 erase_cnt=3 (vpc/ipc reset)
[EXP] [ERASE] ch=0 lun=6 pl=0 blk=61 pg=255 erase_cnt=3 (vpc/ipc reset)
[EXP] [ERASE] ch=0 lun=7 pl=0 blk=61 pg=255 erase_cnt=3 (vpc/ipc reset)
[EXP] [ERASE] ch=1 lun=0 pl=0 blk=61 pg=255 erase_cnt=3 (vpc/ipc reset)
[EXP] [ERASE] ch=1 lun=1 pl=0 blk=61 pg=255 erase_cnt=3 (vpc/ipc reset)
[EXP] [ERASE] ch=1 lun=2 pl=0 blk=61 pg=255 erase_cnt=3 (vpc/ipc reset)
[EXP] [ERASE] ch=1 lun=3 pl=0 blk=61 pg=255 erase_cnt=3 (vpc/ipc reset)
[EXP] [ERASE] ch=1 lun=4 pl=0 blk=61 pg=255 erase_cnt=3 (vpc/ipc reset)
[EXP] [ERASE] ch=1 lun=5 pl=0 blk=61 pg=255 erase_cnt=3 (vpc/ipc reset)
[EXP] [ERASE] ch=1 lun=6 pl=0 blk=61 pg=255 erase_cnt=3 (vpc/ipc reset)
[EXP] [ERASE] ch=1 lun=7 pl=0 blk=61 pg=255 erase_cnt=3 (vpc/ipc reset)
[EXP] [ERASE] ch=2 lun=0 pl=0 blk=61 pg=255 erase_cnt=3 (vpc/ipc reset)
[EXP] [ERASE] ch=2 lun=1 pl=0 blk=61 pg=255 erase_cnt=3 (vpc/ipc reset)
[EXP] [ERASE] ch=2 lun=2 pl=0 blk=61 pg=255 erase_cnt=3 (vpc/ipc reset)
[EXP] [ERASE] ch=2 lun=3 pl=0 blk=61 pg=255 erase_cnt=3 (vpc/ipc reset)
[EXP] [ERASE] ch=2 lun=4 pl=0 blk=61 pg=255 erase_cnt=3 (vpc/ipc reset)
[EXP] [ERASE] ch=2 lun=5 pl=0 blk=61 pg=255 erase_cnt=3 (vpc/ipc reset)
[EXP] [ERASE] ch=2 lun=6 pl=0 blk=61 pg=255 erase_cnt=3 (vpc/ipc reset)
[EXP] [ERASE] ch=2 lun=7 pl=0 blk=61 pg=255 erase_cnt=3 (vpc/ipc reset)
[EXP] [ERASE] ch=3 lun=0 pl=0 blk=61 pg=255 erase_cnt=3 (vpc/ipc reset)
[EXP] [ERASE] ch=3 lun=1 pl=0 blk=61 pg=255 erase_cnt=3 (vpc/ipc reset)
[EXP] [ERASE] ch=3 lun=2 pl=0 blk=61 pg=255 erase_cnt=3 (vpc/ipc reset)
[EXP] [ERASE] ch=3 lun=3 pl=0 blk=61 pg=255 erase_cnt=3 (vpc/ipc reset)
[EXP] [ERASE] ch=3 lun=4 pl=0 blk=61 pg=255 erase_cnt=3 (vpc/ipc reset)
[EXP] [ERASE] ch=3 lun=5 pl=0 blk=61 pg=255 erase_cnt=3 (vpc/ipc reset)
[EXP] [ERASE] ch=3 lun=6 pl=0 blk=61 pg=255 erase_cnt=3 (vpc/ipc reset)
[EXP] [ERASE] ch=3 lun=7 pl=0 blk=61 pg=255 erase_cnt=3 (vpc/ipc reset)
[EXP] [ERASE] ch=4 lun=0 pl=0 blk=61 pg=255 erase_cnt=3 (vpc/ipc reset)
[EXP] [ERASE] ch=4 lun=1 pl=0 blk=61 pg=255 erase_cnt=3 (vpc/ipc reset)
[EXP] [ERASE] ch=4 lun=2 pl=0 blk=61 pg=255 erase_cnt=3 (vpc/ipc reset)
[EXP] [ERASE] ch=4 lun=3 pl=0 blk=61 pg=255 erase_cnt=3 (vpc/ipc reset)
[EXP] [ERASE] ch=4 lun=4 pl=0 blk=61 pg=255 erase_cnt=3 (vpc/ipc reset)
[EXP] [ERASE] ch=4 lun=5 pl=0 blk=61 pg=255 erase_cnt=3 (vpc/ipc reset)
[EXP] [ERASE] ch=4 lun=6 pl=0 blk=61 pg=255 erase_cnt=3 (vpc/ipc reset)
[EXP] [ERASE] ch=4 lun=7 pl=0 blk=61 pg=255 erase_cnt=3 (vpc/ipc reset)
[EXP] [ERASE] ch=5 lun=0 pl=0 blk=61 pg=255 erase_cnt=3 (vpc/ipc reset)
[EXP] [ERASE] ch=5 lun=1 pl=0 blk=61 pg=255 erase_cnt=3 (vpc/ipc reset)
[EXP] [ERASE] ch=5 lun=2 pl=0 blk=61 pg=255 erase_cnt=3 (vpc/ipc reset)
[EXP] [ERASE] ch=5 lun=3 pl=0 blk=61 pg=255 erase_cnt=3 (vpc/ipc reset)
[EXP] [ERASE] ch=5 lun=4 pl=0 blk=61 pg=255 erase_cnt=3 (vpc/ipc reset)
[EXP] [ERASE] ch=5 lun=5 pl=0 blk=61 pg=255 erase_cnt=3 (vpc/ipc reset)
[EXP] [ERASE] ch=5 lun=6 pl=0 blk=61 pg=255 erase_cnt=3 (vpc/ipc reset)
[EXP] [ERASE] ch=5 lun=7 pl=0 blk=61 pg=255 erase_cnt=3 (vpc/ipc reset)
[EXP] [ERASE] ch=6 lun=0 pl=0 blk=61 pg=255 erase_cnt=3 (vpc/ipc reset)
[EXP] [ERASE] ch=6 lun=1 pl=0 blk=61 pg=255 erase_cnt=3 (vpc/ipc reset)
[EXP] [ERASE] ch=6 lun=2 pl=0 blk=61 pg=255 erase_cnt=3 (vpc/ipc reset)
[EXP] [ERASE] ch=6 lun=3 pl=0 blk=61 pg=255 erase_cnt=3 (vpc/ipc reset)
[EXP] [ERASE] ch=6 lun=4 pl=0 blk=61 pg=255 erase_cnt=3 (vpc/ipc reset)
[EXP] [ERASE] ch=6 lun=5 pl=0 blk=61 pg=255 erase_cnt=3 (vpc/ipc reset)
[EXP] [ERASE] ch=6 lun=6 pl=0 blk=61 pg=255 erase_cnt=3 (vpc/ipc reset)
[EXP] [ERASE] ch=6 lun=7 pl=0 blk=61 pg=255 erase_cnt=3 (vpc/ipc reset)
[EXP] [ERASE] ch=7 lun=0 pl=0 blk=61 pg=255 erase_cnt=3 (vpc/ipc reset)
[EXP] [ERASE] ch=7 lun=1 pl=0 blk=61 pg=255 erase_cnt=3 (vpc/ipc reset)
[EXP] [ERASE] ch=7 lun=2 pl=0 blk=61 pg=255 erase_cnt=3 (vpc/ipc reset)
[EXP] [ERASE] ch=7 lun=3 pl=0 blk=61 pg=255 erase_cnt=3 (vpc/ipc reset)
[EXP] [ERASE] ch=7 lun=4 pl=0 blk=61 pg=255 erase_cnt=3 (vpc/ipc reset)
[EXP] [ERASE] ch=7 lun=5 pl=0 blk=61 pg=255 erase_cnt=3 (vpc/ipc reset)
[EXP] [ERASE] ch=7 lun=6 pl=0 blk=61 pg=255 erase_cnt=3 (vpc/ipc reset)
[EXP] [ERASE] ch=7 lun=7 pl=0 blk=61 pg=255 erase_cnt=3 (vpc/ipc reset)
[EXP] [ERASE] ch=0 lun=0 pl=0 blk=61 pg=255 erase_cnt=4 (vpc/ipc reset)
[EXP] [ERASE] ch=0 lun=1 pl=0 blk=61 pg=255 erase_cnt=4 (vpc/ipc reset)
[EXP] [ERASE] ch=0 lun=2 pl=0 blk=61 pg=255 erase_cnt=4 (vpc/ipc reset)
[EXP] [ERASE] ch=0 lun=3 pl=0 blk=61 pg=255 erase_cnt=4 (vpc/ipc reset)
[EXP] [ERASE] ch=0 lun=4 pl=0 blk=61 pg=255 erase_cnt=4 (vpc/ipc reset)
[EXP] [ERASE] ch=0 lun=5 pl=0 blk=61 pg=255 erase_cnt=4 (vpc/ipc reset)
[EXP] [ERASE] ch=0 lun=6 pl=0 blk=61 pg=255 erase_cnt=4 (vpc/ipc reset)
[EXP] [ERASE] ch=0 lun=7 pl=0 blk=61 pg=255 erase_cnt=4 (vpc/ipc reset)
[EXP] [ERASE] ch=1 lun=0 pl=0 blk=61 pg=255 erase_cnt=4 (vpc/ipc reset)
[EXP] [ERASE] ch=1 lun=1 pl=0 blk=61 pg=255 erase_cnt=4 (vpc/ipc reset)
[EXP] [ERASE] ch=1 lun=2 pl=0 blk=61 pg=255 erase_cnt=4 (vpc/ipc reset)
[EXP] [ERASE] ch=1 lun=3 pl=0 blk=61 pg=255 erase_cnt=4 (vpc/ipc reset)
[EXP] [ERASE] ch=1 lun=4 pl=0 blk=61 pg=255 erase_cnt=4 (vpc/ipc reset)
[EXP] [ERASE] ch=1 lun=5 pl=0 blk=61 pg=255 erase_cnt=4 (vpc/ipc reset)
[EXP] [ERASE] ch=1 lun=6 pl=0 blk=61 pg=255 erase_cnt=4 (vpc/ipc reset)
[EXP] [ERASE] ch=1 lun=7 pl=0 blk=61 pg=255 erase_cnt=4 (vpc/ipc reset)
[EXP] [ERASE] ch=2 lun=0 pl=0 blk=61 pg=255 erase_cnt=4 (vpc/ipc reset)
[EXP] [ERASE] ch=2 lun=1 pl=0 blk=61 pg=255 erase_cnt=4 (vpc/ipc reset)
[EXP] [ERASE] ch=2 lun=2 pl=0 blk=61 pg=255 erase_cnt=4 (vpc/ipc reset)
[EXP] [ERASE] ch=2 lun=3 pl=0 blk=61 pg=255 erase_cnt=4 (vpc/ipc reset)
[EXP] [ERASE] ch=2 lun=4 pl=0 blk=61 pg=255 erase_cnt=4 (vpc/ipc reset)
[EXP] [ERASE] ch=2 lun=5 pl=0 blk=61 pg=255 erase_cnt=4 (vpc/ipc reset)
[EXP] [ERASE] ch=2 lun=6 pl=0 blk=61 pg=255 erase_cnt=4 (vpc/ipc reset)
[EXP] [ERASE] ch=2 lun=7 pl=0 blk=61 pg=255 erase_cnt=4 (vpc/ipc reset)
[EXP] [ERASE] ch=3 lun=0 pl=0 blk=61 pg=255 erase_cnt=4 (vpc/ipc reset)
[EXP] [ERASE] ch=3 lun=1 pl=0 blk=61 pg=255 erase_cnt=4 (vpc/ipc reset)
[EXP] [ERASE] ch=3 lun=2 pl=0 blk=61 pg=255 erase_cnt=4 (vpc/ipc reset)
[EXP] [ERASE] ch=3 lun=3 pl=0 blk=61 pg=255 erase_cnt=4 (vpc/ipc reset)
[EXP] [ERASE] ch=3 lun=4 pl=0 blk=61 pg=255 erase_cnt=4 (vpc/ipc reset)
[EXP] [ERASE] ch=3 lun=5 pl=0 blk=61 pg=255 erase_cnt=4 (vpc/ipc reset)
[EXP] [ERASE] ch=3 lun=6 pl=0 blk=61 pg=255 erase_cnt=4 (vpc/ipc reset)
[EXP] [ERASE] ch=3 lun=7 pl=0 blk=61 pg=255 erase_cnt=4 (vpc/ipc reset)
[EXP] [ERASE] ch=4 lun=0 pl=0 blk=61 pg=255 erase_cnt=4 (vpc/ipc reset)
[EXP] [ERASE] ch=4 lun=1 pl=0 blk=61 pg=255 erase_cnt=4 (vpc/ipc reset)
[EXP] [ERASE] ch=4 lun=2 pl=0 blk=61 pg=255 erase_cnt=4 (vpc/ipc reset)
[EXP] [ERASE] ch=4 lun=3 pl=0 blk=61 pg=255 erase_cnt=4 (vpc/ipc reset)
[EXP] [ERASE] ch=4 lun=4 pl=0 blk=61 pg=255 erase_cnt=4 (vpc/ipc reset)
[EXP] [ERASE] ch=4 lun=5 pl=0 blk=61 pg=255 erase_cnt=4 (vpc/ipc reset)
[EXP] [ERASE] ch=4 lun=6 pl=0 blk=61 pg=255 erase_cnt=4 (vpc/ipc reset)
[EXP] [ERASE] ch=4 lun=7 pl=0 blk=61 pg=255 erase_cnt=4 (vpc/ipc reset)
[EXP] [ERASE] ch=5 lun=0 pl=0 blk=61 pg=255 erase_cnt=4 (vpc/ipc reset)
[EXP] [ERASE] ch=5 lun=1 pl=0 blk=61 pg=255 erase_cnt=4 (vpc/ipc reset)
[EXP] [ERASE] ch=5 lun=2 pl=0 blk=61 pg=255 erase_cnt=4 (vpc/ipc reset)
[EXP] [ERASE] ch=5 lun=3 pl=0 blk=61 pg=255 erase_cnt=4 (vpc/ipc reset)
[EXP] [ERASE] ch=5 lun=4 pl=0 blk=61 pg=255 erase_cnt=4 (vpc/ipc reset)
[EXP] [ERASE] ch=5 lun=5 pl=0 blk=61 pg=255 erase_cnt=4 (vpc/ipc reset)
[EXP] [ERASE] ch=5 lun=6 pl=0 blk=61 pg=255 erase_cnt=4 (vpc/ipc reset)
[EXP] [ERASE] ch=5 lun=7 pl=0 blk=61 pg=255 erase_cnt=4 (vpc/ipc reset)
[EXP] [ERASE] ch=6 lun=0 pl=0 blk=61 pg=255 erase_cnt=4 (vpc/ipc reset)
[EXP] [ERASE] ch=6 lun=1 pl=0 blk=61 pg=255 erase_cnt=4 (vpc/ipc reset)
[EXP] [ERASE] ch=6 lun=2 pl=0 blk=61 pg=255 erase_cnt=4 (vpc/ipc reset)
[EXP] [ERASE] ch=6 lun=3 pl=0 blk=61 pg=255 erase_cnt=4 (vpc/ipc reset)
[EXP] [ERASE] ch=6 lun=4 pl=0 blk=61 pg=255 erase_cnt=4 (vpc/ipc reset)
[EXP] [ERASE] ch=6 lun=5 pl=0 blk=61 pg=255 erase_cnt=4 (vpc/ipc reset)
[EXP] [ERASE] ch=6 lun=6 pl=0 blk=61 pg=255 erase_cnt=4 (vpc/ipc reset)
[EXP] [ERASE] ch=6 lun=7 pl=0 blk=61 pg=255 erase_cnt=4 (vpc/ipc reset)
[EXP] [ERASE] ch=7 lun=0 pl=0 blk=61 pg=255 erase_cnt=4 (vpc/ipc reset)
[EXP] [ERASE] ch=7 lun=1 pl=0 blk=61 pg=255 erase_cnt=4 (vpc/ipc reset)
[EXP] [ERASE] ch=7 lun=2 pl=0 blk=61 pg=255 erase_cnt=4 (vpc/ipc reset)
[EXP] [ERASE] ch=7 lun=3 pl=0 blk=61 pg=255 erase_cnt=4 (vpc/ipc reset)
[EXP] [ERASE] ch=7 lun=4 pl=0 blk=61 pg=255 erase_cnt=4 (vpc/ipc reset)
[EXP] [ERASE] ch=7 lun=5 pl=0 blk=61 pg=255 erase_cnt=4 (vpc/ipc reset)
[EXP] [ERASE] ch=7 lun=6 pl=0 blk=61 pg=255 erase_cnt=4 (vpc/ipc reset)
[EXP] [ERASE] ch=7 lun=7 pl=0 blk=61 pg=255 erase_cnt=4 (vpc/ipc reset)
[EXP] [ERASE] ch=0 lun=0 pl=0 blk=25 pg=255 erase_cnt=4 (vpc/ipc reset)
[EXP] [ERASE] ch=0 lun=1 pl=0 blk=25 pg=255 erase_cnt=4 (vpc/ipc reset)
[EXP] [ERASE] ch=0 lun=2 pl=0 blk=25 pg=255 erase_cnt=4 (vpc/ipc reset)
[EXP] [ERASE] ch=0 lun=3 pl=0 blk=25 pg=255 erase_cnt=4 (vpc/ipc reset)
[EXP] [ERASE] ch=0 lun=4 pl=0 blk=25 pg=255 erase_cnt=4 (vpc/ipc reset)
[EXP] [ERASE] ch=0 lun=5 pl=0 blk=25 pg=255 erase_cnt=4 (vpc/ipc reset)
[EXP] [ERASE] ch=0 lun=6 pl=0 blk=25 pg=255 erase_cnt=4 (vpc/ipc reset)
[EXP] [ERASE] ch=0 lun=7 pl=0 blk=25 pg=255 erase_cnt=4 (vpc/ipc reset)
[EXP] [ERASE] ch=1 lun=0 pl=0 blk=25 pg=255 erase_cnt=4 (vpc/ipc reset)
[EXP] [ERASE] ch=1 lun=1 pl=0 blk=25 pg=255 erase_cnt=4 (vpc/ipc reset)
[EXP] [ERASE] ch=1 lun=2 pl=0 blk=25 pg=255 erase_cnt=4 (vpc/ipc reset)
[EXP] [ERASE] ch=1 lun=3 pl=0 blk=25 pg=255 erase_cnt=4 (vpc/ipc reset)
[EXP] [ERASE] ch=1 lun=4 pl=0 blk=25 pg=255 erase_cnt=4 (vpc/ipc reset)
[EXP] [ERASE] ch=1 lun=5 pl=0 blk=25 pg=255 erase_cnt=4 (vpc/ipc reset)
[EXP] [ERASE] ch=1 lun=6 pl=0 blk=25 pg=255 erase_cnt=4 (vpc/ipc reset)
[EXP] [ERASE] ch=1 lun=7 pl=0 blk=25 pg=255 erase_cnt=4 (vpc/ipc reset)
[EXP] [ERASE] ch=2 lun=0 pl=0 blk=25 pg=255 erase_cnt=4 (vpc/ipc reset)
[EXP] [ERASE] ch=2 lun=1 pl=0 blk=25 pg=255 erase_cnt=4 (vpc/ipc reset)
[EXP] [ERASE] ch=2 lun=2 pl=0 blk=25 pg=255 erase_cnt=4 (vpc/ipc reset)
[EXP] [ERASE] ch=2 lun=3 pl=0 blk=25 pg=255 erase_cnt=4 (vpc/ipc reset)
[EXP] [ERASE] ch=2 lun=4 pl=0 blk=25 pg=255 erase_cnt=4 (vpc/ipc reset)
[EXP] [ERASE] ch=2 lun=5 pl=0 blk=25 pg=255 erase_cnt=4 (vpc/ipc reset)
[EXP] [ERASE] ch=2 lun=6 pl=0 blk=25 pg=255 erase_cnt=4 (vpc/ipc reset)
[EXP] [ERASE] ch=2 lun=7 pl=0 blk=25 pg=255 erase_cnt=4 (vpc/ipc reset)
[EXP] [ERASE] ch=3 lun=0 pl=0 blk=25 pg=255 erase_cnt=4 (vpc/ipc reset)
[EXP] [ERASE] ch=3 lun=1 pl=0 blk=25 pg=255 erase_cnt=4 (vpc/ipc reset)
[EXP] [ERASE] ch=3 lun=2 pl=0 blk=25 pg=255 erase_cnt=4 (vpc/ipc reset)
[EXP] [ERASE] ch=3 lun=3 pl=0 blk=25 pg=255 erase_cnt=4 (vpc/ipc reset)
[EXP] [ERASE] ch=3 lun=4 pl=0 blk=25 pg=255 erase_cnt=4 (vpc/ipc reset)
[EXP] [ERASE] ch=3 lun=5 pl=0 blk=25 pg=255 erase_cnt=4 (vpc/ipc reset)
[EXP] [ERASE] ch=3 lun=6 pl=0 blk=25 pg=255 erase_cnt=4 (vpc/ipc reset)
[EXP] [ERASE] ch=3 lun=7 pl=0 blk=25 pg=255 erase_cnt=4 (vpc/ipc reset)
[EXP] [ERASE] ch=4 lun=0 pl=0 blk=25 pg=255 erase_cnt=4 (vpc/ipc reset)
[EXP] [ERASE] ch=4 lun=1 pl=0 blk=25 pg=255 erase_cnt=4 (vpc/ipc reset)
[EXP] [ERASE] ch=4 lun=2 pl=0 blk=25 pg=255 erase_cnt=4 (vpc/ipc reset)
[EXP] [ERASE] ch=4 lun=3 pl=0 blk=25 pg=255 erase_cnt=4 (vpc/ipc reset)
[EXP] [ERASE] ch=4 lun=4 pl=0 blk=25 pg=255 erase_cnt=4 (vpc/ipc reset)
[EXP] [ERASE] ch=4 lun=5 pl=0 blk=25 pg=255 erase_cnt=4 (vpc/ipc reset)
[EXP] [ERASE] ch=4 lun=6 pl=0 blk=25 pg=255 erase_cnt=4 (vpc/ipc reset)
[EXP] [ERASE] ch=4 lun=7 pl=0 blk=25 pg=255 erase_cnt=4 (vpc/ipc reset)
[EXP] [ERASE] ch=5 lun=0 pl=0 blk=25 pg=255 erase_cnt=4 (vpc/ipc reset)
[EXP] [ERASE] ch=5 lun=1 pl=0 blk=25 pg=255 erase_cnt=4 (vpc/ipc reset)
[EXP] [ERASE] ch=5 lun=2 pl=0 blk=25 pg=255 erase_cnt=4 (vpc/ipc reset)
[EXP] [ERASE] ch=5 lun=3 pl=0 blk=25 pg=255 erase_cnt=4 (vpc/ipc reset)
[EXP] [ERASE] ch=5 lun=4 pl=0 blk=25 pg=255 erase_cnt=4 (vpc/ipc reset)
[EXP] [ERASE] ch=5 lun=5 pl=0 blk=25 pg=255 erase_cnt=4 (vpc/ipc reset)
[EXP] [ERASE] ch=5 lun=6 pl=0 blk=25 pg=255 erase_cnt=4 (vpc/ipc reset)
[EXP] [ERASE] ch=5 lun=7 pl=0 blk=25 pg=255 erase_cnt=4 (vpc/ipc reset)
[EXP] [ERASE] ch=6 lun=0 pl=0 blk=25 pg=255 erase_cnt=4 (vpc/ipc reset)
[EXP] [ERASE] ch=6 lun=1 pl=0 blk=25 pg=255 erase_cnt=4 (vpc/ipc reset)
[EXP] [ERASE] ch=6 lun=2 pl=0 blk=25 pg=255 erase_cnt=4 (vpc/ipc reset)
[EXP] [ERASE] ch=6 lun=3 pl=0 blk=25 pg=255 erase_cnt=4 (vpc/ipc reset)
[EXP] [ERASE] ch=6 lun=4 pl=0 blk=25 pg=255 erase_cnt=4 (vpc/ipc reset)
[EXP] [ERASE] ch=6 lun=5 pl=0 blk=25 pg=255 erase_cnt=4 (vpc/ipc reset)
[EXP] [ERASE] ch=6 lun=6 pl=0 blk=25 pg=255 erase_cnt=4 (vpc/ipc reset)
[EXP] [ERASE] ch=6 lun=7 pl=0 blk=25 pg=255 erase_cnt=4 (vpc/ipc reset)
[EXP] [ERASE] ch=7 lun=0 pl=0 blk=25 pg=255 erase_cnt=4 (vpc/ipc reset)
[EXP] [ERASE] ch=7 lun=1 pl=0 blk=25 pg=255 erase_cnt=4 (vpc/ipc reset)
[EXP] [ERASE] ch=7 lun=2 pl=0 blk=25 pg=255 erase_cnt=4 (vpc/ipc reset)
[EXP] [ERASE] ch=7 lun=3 pl=0 blk=25 pg=255 erase_cnt=4 (vpc/ipc reset)
[EXP] [ERASE] ch=7 lun=4 pl=0 blk=25 pg=255 erase_cnt=4 (vpc/ipc reset)
[EXP] [ERASE] ch=7 lun=5 pl=0 blk=25 pg=255 erase_cnt=4 (vpc/ipc reset)
[EXP] [ERASE] ch=7 lun=6 pl=0 blk=25 pg=255 erase_cnt=4 (vpc/ipc reset)
[EXP] [ERASE] ch=7 lun=7 pl=0 blk=25 pg=255 erase_cnt=4 (vpc/ipc reset)
[EXP] [GC_MOVE] lpn=0 ch=0 lun=0 pl=0 blk=16 pg=56 -> ch=4 lun=6 pl=0 blk=55 pg=52
[EXP] [ERASE_SURVIVE] lpn=0 count=10 source ch=0 lun=0 pl=0 blk=16 pg=56
[EXP] [ERASE] ch=0 lun=0 pl=0 blk=16 pg=255 erase_cnt=3 (vpc/ipc reset)
[EXP] [ERASE] ch=0 lun=1 pl=0 blk=16 pg=255 erase_cnt=3 (vpc/ipc reset)
[EXP] [ERASE] ch=0 lun=2 pl=0 blk=16 pg=255 erase_cnt=3 (vpc/ipc reset)
[EXP] [ERASE] ch=0 lun=3 pl=0 blk=16 pg=255 erase_cnt=3 (vpc/ipc reset)
[EXP] [ERASE] ch=0 lun=4 pl=0 blk=16 pg=255 erase_cnt=3 (vpc/ipc reset)
[EXP] [ERASE] ch=0 lun=5 pl=0 blk=16 pg=255 erase_cnt=3 (vpc/ipc reset)
[EXP] [ERASE] ch=0 lun=6 pl=0 blk=16 pg=255 erase_cnt=3 (vpc/ipc reset)
[EXP] [ERASE] ch=0 lun=7 pl=0 blk=16 pg=255 erase_cnt=3 (vpc/ipc reset)
[EXP] [ERASE] ch=1 lun=0 pl=0 blk=16 pg=255 erase_cnt=3 (vpc/ipc reset)
[EXP] [ERASE] ch=1 lun=1 pl=0 blk=16 pg=255 erase_cnt=3 (vpc/ipc reset)
[EXP] [ERASE] ch=1 lun=2 pl=0 blk=16 pg=255 erase_cnt=3 (vpc/ipc reset)
[EXP] [ERASE] ch=1 lun=3 pl=0 blk=16 pg=255 erase_cnt=3 (vpc/ipc reset)
[EXP] [ERASE] ch=1 lun=4 pl=0 blk=16 pg=255 erase_cnt=3 (vpc/ipc reset)
[EXP] [ERASE] ch=1 lun=5 pl=0 blk=16 pg=255 erase_cnt=3 (vpc/ipc reset)
[EXP] [ERASE] ch=1 lun=6 pl=0 blk=16 pg=255 erase_cnt=3 (vpc/ipc reset)
[EXP] [ERASE] ch=1 lun=7 pl=0 blk=16 pg=255 erase_cnt=3 (vpc/ipc reset)
[EXP] [ERASE] ch=2 lun=0 pl=0 blk=16 pg=255 erase_cnt=3 (vpc/ipc reset)
[EXP] [ERASE] ch=2 lun=1 pl=0 blk=16 pg=255 erase_cnt=3 (vpc/ipc reset)
[EXP] [ERASE] ch=2 lun=2 pl=0 blk=16 pg=255 erase_cnt=3 (vpc/ipc reset)
[EXP] [ERASE] ch=2 lun=3 pl=0 blk=16 pg=255 erase_cnt=3 (vpc/ipc reset)
[EXP] [ERASE] ch=2 lun=4 pl=0 blk=16 pg=255 erase_cnt=3 (vpc/ipc reset)
[EXP] [ERASE] ch=2 lun=5 pl=0 blk=16 pg=255 erase_cnt=3 (vpc/ipc reset)
[EXP] [ERASE] ch=2 lun=6 pl=0 blk=16 pg=255 erase_cnt=3 (vpc/ipc reset)
[EXP] [ERASE] ch=2 lun=7 pl=0 blk=16 pg=255 erase_cnt=3 (vpc/ipc reset)
[EXP] [ERASE] ch=3 lun=0 pl=0 blk=16 pg=255 erase_cnt=3 (vpc/ipc reset)
[EXP] [ERASE] ch=3 lun=1 pl=0 blk=16 pg=255 erase_cnt=3 (vpc/ipc reset)
[EXP] [ERASE] ch=3 lun=2 pl=0 blk=16 pg=255 erase_cnt=3 (vpc/ipc reset)
[EXP] [ERASE] ch=3 lun=3 pl=0 blk=16 pg=255 erase_cnt=3 (vpc/ipc reset)
[EXP] [ERASE] ch=3 lun=4 pl=0 blk=16 pg=255 erase_cnt=3 (vpc/ipc reset)
[EXP] [ERASE] ch=3 lun=5 pl=0 blk=16 pg=255 erase_cnt=3 (vpc/ipc reset)
[EXP] [ERASE] ch=3 lun=6 pl=0 blk=16 pg=255 erase_cnt=3 (vpc/ipc reset)
[EXP] [ERASE] ch=3 lun=7 pl=0 blk=16 pg=255 erase_cnt=3 (vpc/ipc reset)
[EXP] [ERASE] ch=4 lun=0 pl=0 blk=16 pg=255 erase_cnt=3 (vpc/ipc reset)
[EXP] [ERASE] ch=4 lun=1 pl=0 blk=16 pg=255 erase_cnt=3 (vpc/ipc reset)
[EXP] [ERASE] ch=4 lun=2 pl=0 blk=16 pg=255 erase_cnt=3 (vpc/ipc reset)
[EXP] [ERASE] ch=4 lun=3 pl=0 blk=16 pg=255 erase_cnt=3 (vpc/ipc reset)
[EXP] [ERASE] ch=4 lun=4 pl=0 blk=16 pg=255 erase_cnt=3 (vpc/ipc reset)
[EXP] [ERASE] ch=4 lun=5 pl=0 blk=16 pg=255 erase_cnt=3 (vpc/ipc reset)
[EXP] [ERASE] ch=4 lun=6 pl=0 blk=16 pg=255 erase_cnt=3 (vpc/ipc reset)
[EXP] [ERASE] ch=4 lun=7 pl=0 blk=16 pg=255 erase_cnt=3 (vpc/ipc reset)
[EXP] [ERASE] ch=5 lun=0 pl=0 blk=16 pg=255 erase_cnt=3 (vpc/ipc reset)
[EXP] [ERASE] ch=5 lun=1 pl=0 blk=16 pg=255 erase_cnt=3 (vpc/ipc reset)
[EXP] [ERASE] ch=5 lun=2 pl=0 blk=16 pg=255 erase_cnt=3 (vpc/ipc reset)
[EXP] [ERASE] ch=5 lun=3 pl=0 blk=16 pg=255 erase_cnt=3 (vpc/ipc reset)
[EXP] [ERASE] ch=5 lun=4 pl=0 blk=16 pg=255 erase_cnt=3 (vpc/ipc reset)
[EXP] [ERASE] ch=5 lun=5 pl=0 blk=16 pg=255 erase_cnt=3 (vpc/ipc reset)
[EXP] [ERASE] ch=5 lun=6 pl=0 blk=16 pg=255 erase_cnt=3 (vpc/ipc reset)
[EXP] [ERASE] ch=5 lun=7 pl=0 blk=16 pg=255 erase_cnt=3 (vpc/ipc reset)
[EXP] [ERASE] ch=6 lun=0 pl=0 blk=16 pg=255 erase_cnt=3 (vpc/ipc reset)
[EXP] [ERASE] ch=6 lun=1 pl=0 blk=16 pg=255 erase_cnt=3 (vpc/ipc reset)
[EXP] [ERASE] ch=6 lun=2 pl=0 blk=16 pg=255 erase_cnt=3 (vpc/ipc reset)
[EXP] [ERASE] ch=6 lun=3 pl=0 blk=16 pg=255 erase_cnt=3 (vpc/ipc reset)
[EXP] [ERASE] ch=6 lun=4 pl=0 blk=16 pg=255 erase_cnt=3 (vpc/ipc reset)
[EXP] [ERASE] ch=6 lun=5 pl=0 blk=16 pg=255 erase_cnt=3 (vpc/ipc reset)
[EXP] [ERASE] ch=6 lun=6 pl=0 blk=16 pg=255 erase_cnt=3 (vpc/ipc reset)
[EXP] [ERASE] ch=6 lun=7 pl=0 blk=16 pg=255 erase_cnt=3 (vpc/ipc reset)
[EXP] [ERASE] ch=7 lun=0 pl=0 blk=16 pg=255 erase_cnt=3 (vpc/ipc reset)
[EXP] [ERASE] ch=7 lun=1 pl=0 blk=16 pg=255 erase_cnt=3 (vpc/ipc reset)
[EXP] [ERASE] ch=7 lun=2 pl=0 blk=16 pg=255 erase_cnt=3 (vpc/ipc reset)
[EXP] [ERASE] ch=7 lun=3 pl=0 blk=16 pg=255 erase_cnt=3 (vpc/ipc reset)
[EXP] [ERASE] ch=7 lun=4 pl=0 blk=16 pg=255 erase_cnt=3 (vpc/ipc reset)
[EXP] [ERASE] ch=7 lun=5 pl=0 blk=16 pg=255 erase_cnt=3 (vpc/ipc reset)
[EXP] [ERASE] ch=7 lun=6 pl=0 blk=16 pg=255 erase_cnt=3 (vpc/ipc reset)
[EXP] [ERASE] ch=7 lun=7 pl=0 blk=16 pg=255 erase_cnt=3 (vpc/ipc reset)
[EXP] [ERASE] ch=0 lun=0 pl=0 blk=25 pg=255 erase_cnt=5 (vpc/ipc reset)
[EXP] [ERASE] ch=0 lun=1 pl=0 blk=25 pg=255 erase_cnt=5 (vpc/ipc reset)
[EXP] [ERASE] ch=0 lun=2 pl=0 blk=25 pg=255 erase_cnt=5 (vpc/ipc reset)
[EXP] [ERASE] ch=0 lun=3 pl=0 blk=25 pg=255 erase_cnt=5 (vpc/ipc reset)
[EXP] [ERASE] ch=0 lun=4 pl=0 blk=25 pg=255 erase_cnt=5 (vpc/ipc reset)
[EXP] [ERASE] ch=0 lun=5 pl=0 blk=25 pg=255 erase_cnt=5 (vpc/ipc reset)
[EXP] [ERASE] ch=0 lun=6 pl=0 blk=25 pg=255 erase_cnt=5 (vpc/ipc reset)
[EXP] [ERASE] ch=0 lun=7 pl=0 blk=25 pg=255 erase_cnt=5 (vpc/ipc reset)
[EXP] [ERASE] ch=1 lun=0 pl=0 blk=25 pg=255 erase_cnt=5 (vpc/ipc reset)
[EXP] [ERASE] ch=1 lun=1 pl=0 blk=25 pg=255 erase_cnt=5 (vpc/ipc reset)
[EXP] [ERASE] ch=1 lun=2 pl=0 blk=25 pg=255 erase_cnt=5 (vpc/ipc reset)
[EXP] [ERASE] ch=1 lun=3 pl=0 blk=25 pg=255 erase_cnt=5 (vpc/ipc reset)
[EXP] [ERASE] ch=1 lun=4 pl=0 blk=25 pg=255 erase_cnt=5 (vpc/ipc reset)
[EXP] [ERASE] ch=1 lun=5 pl=0 blk=25 pg=255 erase_cnt=5 (vpc/ipc reset)
[EXP] [ERASE] ch=1 lun=6 pl=0 blk=25 pg=255 erase_cnt=5 (vpc/ipc reset)
[EXP] [ERASE] ch=1 lun=7 pl=0 blk=25 pg=255 erase_cnt=5 (vpc/ipc reset)
[EXP] [ERASE] ch=2 lun=0 pl=0 blk=25 pg=255 erase_cnt=5 (vpc/ipc reset)
[EXP] [ERASE] ch=2 lun=1 pl=0 blk=25 pg=255 erase_cnt=5 (vpc/ipc reset)
[EXP] [ERASE] ch=2 lun=2 pl=0 blk=25 pg=255 erase_cnt=5 (vpc/ipc reset)
[EXP] [ERASE] ch=2 lun=3 pl=0 blk=25 pg=255 erase_cnt=5 (vpc/ipc reset)
[EXP] [ERASE] ch=2 lun=4 pl=0 blk=25 pg=255 erase_cnt=5 (vpc/ipc reset)
[EXP] [ERASE] ch=2 lun=5 pl=0 blk=25 pg=255 erase_cnt=5 (vpc/ipc reset)
[EXP] [ERASE] ch=2 lun=6 pl=0 blk=25 pg=255 erase_cnt=5 (vpc/ipc reset)
[EXP] [ERASE] ch=2 lun=7 pl=0 blk=25 pg=255 erase_cnt=5 (vpc/ipc reset)
[EXP] [ERASE] ch=3 lun=0 pl=0 blk=25 pg=255 erase_cnt=5 (vpc/ipc reset)
[EXP] [ERASE] ch=3 lun=1 pl=0 blk=25 pg=255 erase_cnt=5 (vpc/ipc reset)
[EXP] [ERASE] ch=3 lun=2 pl=0 blk=25 pg=255 erase_cnt=5 (vpc/ipc reset)
[EXP] [ERASE] ch=3 lun=3 pl=0 blk=25 pg=255 erase_cnt=5 (vpc/ipc reset)
[EXP] [ERASE] ch=3 lun=4 pl=0 blk=25 pg=255 erase_cnt=5 (vpc/ipc reset)
[EXP] [ERASE] ch=3 lun=5 pl=0 blk=25 pg=255 erase_cnt=5 (vpc/ipc reset)
[EXP] [ERASE] ch=3 lun=6 pl=0 blk=25 pg=255 erase_cnt=5 (vpc/ipc reset)
[EXP] [ERASE] ch=3 lun=7 pl=0 blk=25 pg=255 erase_cnt=5 (vpc/ipc reset)
[EXP] [ERASE] ch=4 lun=0 pl=0 blk=25 pg=255 erase_cnt=5 (vpc/ipc reset)
[EXP] [ERASE] ch=4 lun=1 pl=0 blk=25 pg=255 erase_cnt=5 (vpc/ipc reset)
[EXP] [ERASE] ch=4 lun=2 pl=0 blk=25 pg=255 erase_cnt=5 (vpc/ipc reset)
[EXP] [ERASE] ch=4 lun=3 pl=0 blk=25 pg=255 erase_cnt=5 (vpc/ipc reset)
[EXP] [ERASE] ch=4 lun=4 pl=0 blk=25 pg=255 erase_cnt=5 (vpc/ipc reset)
[EXP] [ERASE] ch=4 lun=5 pl=0 blk=25 pg=255 erase_cnt=5 (vpc/ipc reset)
[EXP] [ERASE] ch=4 lun=6 pl=0 blk=25 pg=255 erase_cnt=5 (vpc/ipc reset)
[EXP] [ERASE] ch=4 lun=7 pl=0 blk=25 pg=255 erase_cnt=5 (vpc/ipc reset)
[EXP] [ERASE] ch=5 lun=0 pl=0 blk=25 pg=255 erase_cnt=5 (vpc/ipc reset)
[EXP] [ERASE] ch=5 lun=1 pl=0 blk=25 pg=255 erase_cnt=5 (vpc/ipc reset)
[EXP] [ERASE] ch=5 lun=2 pl=0 blk=25 pg=255 erase_cnt=5 (vpc/ipc reset)
[EXP] [ERASE] ch=5 lun=3 pl=0 blk=25 pg=255 erase_cnt=5 (vpc/ipc reset)
[EXP] [ERASE] ch=5 lun=4 pl=0 blk=25 pg=255 erase_cnt=5 (vpc/ipc reset)
[EXP] [ERASE] ch=5 lun=5 pl=0 blk=25 pg=255 erase_cnt=5 (vpc/ipc reset)
[EXP] [ERASE] ch=5 lun=6 pl=0 blk=25 pg=255 erase_cnt=5 (vpc/ipc reset)
[EXP] [ERASE] ch=5 lun=7 pl=0 blk=25 pg=255 erase_cnt=5 (vpc/ipc reset)
[EXP] [ERASE] ch=6 lun=0 pl=0 blk=25 pg=255 erase_cnt=5 (vpc/ipc reset)
[EXP] [ERASE] ch=6 lun=1 pl=0 blk=25 pg=255 erase_cnt=5 (vpc/ipc reset)
[EXP] [ERASE] ch=6 lun=2 pl=0 blk=25 pg=255 erase_cnt=5 (vpc/ipc reset)
[EXP] [ERASE] ch=6 lun=3 pl=0 blk=25 pg=255 erase_cnt=5 (vpc/ipc reset)
[EXP] [ERASE] ch=6 lun=4 pl=0 blk=25 pg=255 erase_cnt=5 (vpc/ipc reset)
[EXP] [ERASE] ch=6 lun=5 pl=0 blk=25 pg=255 erase_cnt=5 (vpc/ipc reset)
[EXP] [ERASE] ch=6 lun=6 pl=0 blk=25 pg=255 erase_cnt=5 (vpc/ipc reset)
[EXP] [ERASE] ch=6 lun=7 pl=0 blk=25 pg=255 erase_cnt=5 (vpc/ipc reset)
[EXP] [ERASE] ch=7 lun=0 pl=0 blk=25 pg=255 erase_cnt=5 (vpc/ipc reset)
[EXP] [ERASE] ch=7 lun=1 pl=0 blk=25 pg=255 erase_cnt=5 (vpc/ipc reset)
[EXP] [ERASE] ch=7 lun=2 pl=0 blk=25 pg=255 erase_cnt=5 (vpc/ipc reset)
[EXP] [ERASE] ch=7 lun=3 pl=0 blk=25 pg=255 erase_cnt=5 (vpc/ipc reset)
[EXP] [ERASE] ch=7 lun=4 pl=0 blk=25 pg=255 erase_cnt=5 (vpc/ipc reset)
[EXP] [ERASE] ch=7 lun=5 pl=0 blk=25 pg=255 erase_cnt=5 (vpc/ipc reset)
[EXP] [ERASE] ch=7 lun=6 pl=0 blk=25 pg=255 erase_cnt=5 (vpc/ipc reset)
[EXP] [ERASE] ch=7 lun=7 pl=0 blk=25 pg=255 erase_cnt=5 (vpc/ipc reset)
[EXP] [ERASE] ch=0 lun=0 pl=0 blk=16 pg=255 erase_cnt=4 (vpc/ipc reset)
[EXP] [ERASE] ch=0 lun=1 pl=0 blk=16 pg=255 erase_cnt=4 (vpc/ipc reset)
[EXP] [ERASE] ch=0 lun=2 pl=0 blk=16 pg=255 erase_cnt=4 (vpc/ipc reset)
[EXP] [ERASE] ch=0 lun=3 pl=0 blk=16 pg=255 erase_cnt=4 (vpc/ipc reset)
[EXP] [ERASE] ch=0 lun=4 pl=0 blk=16 pg=255 erase_cnt=4 (vpc/ipc reset)
[EXP] [ERASE] ch=0 lun=5 pl=0 blk=16 pg=255 erase_cnt=4 (vpc/ipc reset)
[EXP] [ERASE] ch=0 lun=6 pl=0 blk=16 pg=255 erase_cnt=4 (vpc/ipc reset)
[EXP] [ERASE] ch=0 lun=7 pl=0 blk=16 pg=255 erase_cnt=4 (vpc/ipc reset)
[EXP] [ERASE] ch=1 lun=0 pl=0 blk=16 pg=255 erase_cnt=4 (vpc/ipc reset)
[EXP] [ERASE] ch=1 lun=1 pl=0 blk=16 pg=255 erase_cnt=4 (vpc/ipc reset)
[EXP] [ERASE] ch=1 lun=2 pl=0 blk=16 pg=255 erase_cnt=4 (vpc/ipc reset)
[EXP] [ERASE] ch=1 lun=3 pl=0 blk=16 pg=255 erase_cnt=4 (vpc/ipc reset)
[EXP] [ERASE] ch=1 lun=4 pl=0 blk=16 pg=255 erase_cnt=4 (vpc/ipc reset)
[EXP] [ERASE] ch=1 lun=5 pl=0 blk=16 pg=255 erase_cnt=4 (vpc/ipc reset)
[EXP] [ERASE] ch=1 lun=6 pl=0 blk=16 pg=255 erase_cnt=4 (vpc/ipc reset)
[EXP] [ERASE] ch=1 lun=7 pl=0 blk=16 pg=255 erase_cnt=4 (vpc/ipc reset)
[EXP] [ERASE] ch=2 lun=0 pl=0 blk=16 pg=255 erase_cnt=4 (vpc/ipc reset)
[EXP] [ERASE] ch=2 lun=1 pl=0 blk=16 pg=255 erase_cnt=4 (vpc/ipc reset)
[EXP] [ERASE] ch=2 lun=2 pl=0 blk=16 pg=255 erase_cnt=4 (vpc/ipc reset)
[EXP] [ERASE] ch=2 lun=3 pl=0 blk=16 pg=255 erase_cnt=4 (vpc/ipc reset)
[EXP] [ERASE] ch=2 lun=4 pl=0 blk=16 pg=255 erase_cnt=4 (vpc/ipc reset)
[EXP] [ERASE] ch=2 lun=5 pl=0 blk=16 pg=255 erase_cnt=4 (vpc/ipc reset)
[EXP] [ERASE] ch=2 lun=6 pl=0 blk=16 pg=255 erase_cnt=4 (vpc/ipc reset)
[EXP] [ERASE] ch=2 lun=7 pl=0 blk=16 pg=255 erase_cnt=4 (vpc/ipc reset)
[EXP] [ERASE] ch=3 lun=0 pl=0 blk=16 pg=255 erase_cnt=4 (vpc/ipc reset)
[EXP] [ERASE] ch=3 lun=1 pl=0 blk=16 pg=255 erase_cnt=4 (vpc/ipc reset)
[EXP] [ERASE] ch=3 lun=2 pl=0 blk=16 pg=255 erase_cnt=4 (vpc/ipc reset)
[EXP] [ERASE] ch=3 lun=3 pl=0 blk=16 pg=255 erase_cnt=4 (vpc/ipc reset)
[EXP] [ERASE] ch=3 lun=4 pl=0 blk=16 pg=255 erase_cnt=4 (vpc/ipc reset)
[EXP] [ERASE] ch=3 lun=5 pl=0 blk=16 pg=255 erase_cnt=4 (vpc/ipc reset)
[EXP] [ERASE] ch=3 lun=6 pl=0 blk=16 pg=255 erase_cnt=4 (vpc/ipc reset)
[EXP] [ERASE] ch=3 lun=7 pl=0 blk=16 pg=255 erase_cnt=4 (vpc/ipc reset)
[EXP] [ERASE] ch=4 lun=0 pl=0 blk=16 pg=255 erase_cnt=4 (vpc/ipc reset)
[EXP] [ERASE] ch=4 lun=1 pl=0 blk=16 pg=255 erase_cnt=4 (vpc/ipc reset)
[EXP] [ERASE] ch=4 lun=2 pl=0 blk=16 pg=255 erase_cnt=4 (vpc/ipc reset)
[EXP] [ERASE] ch=4 lun=3 pl=0 blk=16 pg=255 erase_cnt=4 (vpc/ipc reset)
[EXP] [ERASE] ch=4 lun=4 pl=0 blk=16 pg=255 erase_cnt=4 (vpc/ipc reset)
[EXP] [ERASE] ch=4 lun=5 pl=0 blk=16 pg=255 erase_cnt=4 (vpc/ipc reset)
[EXP] [ERASE] ch=4 lun=6 pl=0 blk=16 pg=255 erase_cnt=4 (vpc/ipc reset)
[EXP] [ERASE] ch=4 lun=7 pl=0 blk=16 pg=255 erase_cnt=4 (vpc/ipc reset)
[EXP] [ERASE] ch=5 lun=0 pl=0 blk=16 pg=255 erase_cnt=4 (vpc/ipc reset)
[EXP] [ERASE] ch=5 lun=1 pl=0 blk=16 pg=255 erase_cnt=4 (vpc/ipc reset)
[EXP] [ERASE] ch=5 lun=2 pl=0 blk=16 pg=255 erase_cnt=4 (vpc/ipc reset)
[EXP] [ERASE] ch=5 lun=3 pl=0 blk=16 pg=255 erase_cnt=4 (vpc/ipc reset)
[EXP] [ERASE] ch=5 lun=4 pl=0 blk=16 pg=255 erase_cnt=4 (vpc/ipc reset)
[EXP] [ERASE] ch=5 lun=5 pl=0 blk=16 pg=255 erase_cnt=4 (vpc/ipc reset)
[EXP] [ERASE] ch=5 lun=6 pl=0 blk=16 pg=255 erase_cnt=4 (vpc/ipc reset)
[EXP] [ERASE] ch=5 lun=7 pl=0 blk=16 pg=255 erase_cnt=4 (vpc/ipc reset)
[EXP] [ERASE] ch=6 lun=0 pl=0 blk=16 pg=255 erase_cnt=4 (vpc/ipc reset)
[EXP] [ERASE] ch=6 lun=1 pl=0 blk=16 pg=255 erase_cnt=4 (vpc/ipc reset)
[EXP] [ERASE] ch=6 lun=2 pl=0 blk=16 pg=255 erase_cnt=4 (vpc/ipc reset)
[EXP] [ERASE] ch=6 lun=3 pl=0 blk=16 pg=255 erase_cnt=4 (vpc/ipc reset)
[EXP] [ERASE] ch=6 lun=4 pl=0 blk=16 pg=255 erase_cnt=4 (vpc/ipc reset)
[EXP] [ERASE] ch=6 lun=5 pl=0 blk=16 pg=255 erase_cnt=4 (vpc/ipc reset)
[EXP] [ERASE] ch=6 lun=6 pl=0 blk=16 pg=255 erase_cnt=4 (vpc/ipc reset)
[EXP] [ERASE] ch=6 lun=7 pl=0 blk=16 pg=255 erase_cnt=4 (vpc/ipc reset)
[EXP] [ERASE] ch=7 lun=0 pl=0 blk=16 pg=255 erase_cnt=4 (vpc/ipc reset)
[EXP] [ERASE] ch=7 lun=1 pl=0 blk=16 pg=255 erase_cnt=4 (vpc/ipc reset)
[EXP] [ERASE] ch=7 lun=2 pl=0 blk=16 pg=255 erase_cnt=4 (vpc/ipc reset)
[EXP] [ERASE] ch=7 lun=3 pl=0 blk=16 pg=255 erase_cnt=4 (vpc/ipc reset)
[EXP] [ERASE] ch=7 lun=4 pl=0 blk=16 pg=255 erase_cnt=4 (vpc/ipc reset)
[EXP] [ERASE] ch=7 lun=5 pl=0 blk=16 pg=255 erase_cnt=4 (vpc/ipc reset)
[EXP] [ERASE] ch=7 lun=6 pl=0 blk=16 pg=255 erase_cnt=4 (vpc/ipc reset)
[EXP] [ERASE] ch=7 lun=7 pl=0 blk=16 pg=255 erase_cnt=4 (vpc/ipc reset)
[EXP] [ERASE] ch=0 lun=0 pl=0 blk=57 pg=255 erase_cnt=4 (vpc/ipc reset)
[EXP] [ERASE] ch=0 lun=1 pl=0 blk=57 pg=255 erase_cnt=4 (vpc/ipc reset)
[EXP] [ERASE] ch=0 lun=2 pl=0 blk=57 pg=255 erase_cnt=4 (vpc/ipc reset)
[EXP] [ERASE] ch=0 lun=3 pl=0 blk=57 pg=255 erase_cnt=4 (vpc/ipc reset)
[EXP] [ERASE] ch=0 lun=4 pl=0 blk=57 pg=255 erase_cnt=4 (vpc/ipc reset)
[EXP] [ERASE] ch=0 lun=5 pl=0 blk=57 pg=255 erase_cnt=4 (vpc/ipc reset)
[EXP] [ERASE] ch=0 lun=6 pl=0 blk=57 pg=255 erase_cnt=4 (vpc/ipc reset)
[EXP] [ERASE] ch=0 lun=7 pl=0 blk=57 pg=255 erase_cnt=4 (vpc/ipc reset)
[EXP] [ERASE] ch=1 lun=0 pl=0 blk=57 pg=255 erase_cnt=4 (vpc/ipc reset)
[EXP] [ERASE] ch=1 lun=1 pl=0 blk=57 pg=255 erase_cnt=4 (vpc/ipc reset)
[EXP] [ERASE] ch=1 lun=2 pl=0 blk=57 pg=255 erase_cnt=4 (vpc/ipc reset)
[EXP] [ERASE] ch=1 lun=3 pl=0 blk=57 pg=255 erase_cnt=4 (vpc/ipc reset)
[EXP] [ERASE] ch=1 lun=4 pl=0 blk=57 pg=255 erase_cnt=4 (vpc/ipc reset)
[EXP] [ERASE] ch=1 lun=5 pl=0 blk=57 pg=255 erase_cnt=4 (vpc/ipc reset)
[EXP] [ERASE] ch=1 lun=6 pl=0 blk=57 pg=255 erase_cnt=4 (vpc/ipc reset)
[EXP] [ERASE] ch=1 lun=7 pl=0 blk=57 pg=255 erase_cnt=4 (vpc/ipc reset)
[EXP] [ERASE] ch=2 lun=0 pl=0 blk=57 pg=255 erase_cnt=4 (vpc/ipc reset)
[EXP] [ERASE] ch=2 lun=1 pl=0 blk=57 pg=255 erase_cnt=4 (vpc/ipc reset)
[EXP] [ERASE] ch=2 lun=2 pl=0 blk=57 pg=255 erase_cnt=4 (vpc/ipc reset)
[EXP] [ERASE] ch=2 lun=3 pl=0 blk=57 pg=255 erase_cnt=4 (vpc/ipc reset)
[EXP] [ERASE] ch=2 lun=4 pl=0 blk=57 pg=255 erase_cnt=4 (vpc/ipc reset)
[EXP] [ERASE] ch=2 lun=5 pl=0 blk=57 pg=255 erase_cnt=4 (vpc/ipc reset)
[EXP] [ERASE] ch=2 lun=6 pl=0 blk=57 pg=255 erase_cnt=4 (vpc/ipc reset)
[EXP] [ERASE] ch=2 lun=7 pl=0 blk=57 pg=255 erase_cnt=4 (vpc/ipc reset)
[EXP] [ERASE] ch=3 lun=0 pl=0 blk=57 pg=255 erase_cnt=4 (vpc/ipc reset)
[EXP] [ERASE] ch=3 lun=1 pl=0 blk=57 pg=255 erase_cnt=4 (vpc/ipc reset)
[EXP] [ERASE] ch=3 lun=2 pl=0 blk=57 pg=255 erase_cnt=4 (vpc/ipc reset)
[EXP] [ERASE] ch=3 lun=3 pl=0 blk=57 pg=255 erase_cnt=4 (vpc/ipc reset)
[EXP] [ERASE] ch=3 lun=4 pl=0 blk=57 pg=255 erase_cnt=4 (vpc/ipc reset)
[EXP] [ERASE] ch=3 lun=5 pl=0 blk=57 pg=255 erase_cnt=4 (vpc/ipc reset)
[EXP] [ERASE] ch=3 lun=6 pl=0 blk=57 pg=255 erase_cnt=4 (vpc/ipc reset)
[EXP] [ERASE] ch=3 lun=7 pl=0 blk=57 pg=255 erase_cnt=4 (vpc/ipc reset)
[EXP] [ERASE] ch=4 lun=0 pl=0 blk=57 pg=255 erase_cnt=4 (vpc/ipc reset)
[EXP] [ERASE] ch=4 lun=1 pl=0 blk=57 pg=255 erase_cnt=4 (vpc/ipc reset)
[EXP] [ERASE] ch=4 lun=2 pl=0 blk=57 pg=255 erase_cnt=4 (vpc/ipc reset)
[EXP] [ERASE] ch=4 lun=3 pl=0 blk=57 pg=255 erase_cnt=4 (vpc/ipc reset)
[EXP] [ERASE] ch=4 lun=4 pl=0 blk=57 pg=255 erase_cnt=4 (vpc/ipc reset)
[EXP] [ERASE] ch=4 lun=5 pl=0 blk=57 pg=255 erase_cnt=4 (vpc/ipc reset)
[EXP] [ERASE] ch=4 lun=6 pl=0 blk=57 pg=255 erase_cnt=4 (vpc/ipc reset)
[EXP] [ERASE] ch=4 lun=7 pl=0 blk=57 pg=255 erase_cnt=4 (vpc/ipc reset)
[EXP] [ERASE] ch=5 lun=0 pl=0 blk=57 pg=255 erase_cnt=4 (vpc/ipc reset)
[EXP] [ERASE] ch=5 lun=1 pl=0 blk=57 pg=255 erase_cnt=4 (vpc/ipc reset)
[EXP] [ERASE] ch=5 lun=2 pl=0 blk=57 pg=255 erase_cnt=4 (vpc/ipc reset)
[EXP] [ERASE] ch=5 lun=3 pl=0 blk=57 pg=255 erase_cnt=4 (vpc/ipc reset)
[EXP] [ERASE] ch=5 lun=4 pl=0 blk=57 pg=255 erase_cnt=4 (vpc/ipc reset)
[EXP] [ERASE] ch=5 lun=5 pl=0 blk=57 pg=255 erase_cnt=4 (vpc/ipc reset)
[EXP] [ERASE] ch=5 lun=6 pl=0 blk=57 pg=255 erase_cnt=4 (vpc/ipc reset)
[EXP] [ERASE] ch=5 lun=7 pl=0 blk=57 pg=255 erase_cnt=4 (vpc/ipc reset)
[EXP] [ERASE] ch=6 lun=0 pl=0 blk=57 pg=255 erase_cnt=4 (vpc/ipc reset)
[EXP] [ERASE] ch=6 lun=1 pl=0 blk=57 pg=255 erase_cnt=4 (vpc/ipc reset)
[EXP] [ERASE] ch=6 lun=2 pl=0 blk=57 pg=255 erase_cnt=4 (vpc/ipc reset)
[EXP] [ERASE] ch=6 lun=3 pl=0 blk=57 pg=255 erase_cnt=4 (vpc/ipc reset)
[EXP] [ERASE] ch=6 lun=4 pl=0 blk=57 pg=255 erase_cnt=4 (vpc/ipc reset)
[EXP] [ERASE] ch=6 lun=5 pl=0 blk=57 pg=255 erase_cnt=4 (vpc/ipc reset)
[EXP] [ERASE] ch=6 lun=6 pl=0 blk=57 pg=255 erase_cnt=4 (vpc/ipc reset)
[EXP] [ERASE] ch=6 lun=7 pl=0 blk=57 pg=255 erase_cnt=4 (vpc/ipc reset)
[EXP] [ERASE] ch=7 lun=0 pl=0 blk=57 pg=255 erase_cnt=4 (vpc/ipc reset)
[EXP] [ERASE] ch=7 lun=1 pl=0 blk=57 pg=255 erase_cnt=4 (vpc/ipc reset)
[EXP] [ERASE] ch=7 lun=2 pl=0 blk=57 pg=255 erase_cnt=4 (vpc/ipc reset)
[EXP] [ERASE] ch=7 lun=3 pl=0 blk=57 pg=255 erase_cnt=4 (vpc/ipc reset)
[EXP] [ERASE] ch=7 lun=4 pl=0 blk=57 pg=255 erase_cnt=4 (vpc/ipc reset)
[EXP] [ERASE] ch=7 lun=5 pl=0 blk=57 pg=255 erase_cnt=4 (vpc/ipc reset)
[EXP] [ERASE] ch=7 lun=6 pl=0 blk=57 pg=255 erase_cnt=4 (vpc/ipc reset)
[EXP] [ERASE] ch=7 lun=7 pl=0 blk=57 pg=255 erase_cnt=4 (vpc/ipc reset)
[EXP] [ERASE] ch=0 lun=0 pl=0 blk=98 pg=255 erase_cnt=7 (vpc/ipc reset)
[EXP] [ERASE] ch=0 lun=1 pl=0 blk=98 pg=255 erase_cnt=7 (vpc/ipc reset)
[EXP] [ERASE] ch=0 lun=2 pl=0 blk=98 pg=255 erase_cnt=7 (vpc/ipc reset)
[EXP] [ERASE] ch=0 lun=3 pl=0 blk=98 pg=255 erase_cnt=7 (vpc/ipc reset)
[EXP] [ERASE] ch=0 lun=4 pl=0 blk=98 pg=255 erase_cnt=7 (vpc/ipc reset)
[EXP] [ERASE] ch=0 lun=5 pl=0 blk=98 pg=255 erase_cnt=7 (vpc/ipc reset)
[EXP] [ERASE] ch=0 lun=6 pl=0 blk=98 pg=255 erase_cnt=7 (vpc/ipc reset)
[EXP] [ERASE] ch=0 lun=7 pl=0 blk=98 pg=255 erase_cnt=7 (vpc/ipc reset)
[EXP] [ERASE] ch=1 lun=0 pl=0 blk=98 pg=255 erase_cnt=7 (vpc/ipc reset)
[EXP] [ERASE] ch=1 lun=1 pl=0 blk=98 pg=255 erase_cnt=7 (vpc/ipc reset)
[EXP] [ERASE] ch=1 lun=2 pl=0 blk=98 pg=255 erase_cnt=7 (vpc/ipc reset)
[EXP] [ERASE] ch=1 lun=3 pl=0 blk=98 pg=255 erase_cnt=7 (vpc/ipc reset)
[EXP] [ERASE] ch=1 lun=4 pl=0 blk=98 pg=255 erase_cnt=7 (vpc/ipc reset)
[EXP] [ERASE] ch=1 lun=5 pl=0 blk=98 pg=255 erase_cnt=7 (vpc/ipc reset)
[EXP] [ERASE] ch=1 lun=6 pl=0 blk=98 pg=255 erase_cnt=7 (vpc/ipc reset)
[EXP] [ERASE] ch=1 lun=7 pl=0 blk=98 pg=255 erase_cnt=7 (vpc/ipc reset)
[EXP] [ERASE] ch=2 lun=0 pl=0 blk=98 pg=255 erase_cnt=7 (vpc/ipc reset)
[EXP] [ERASE] ch=2 lun=1 pl=0 blk=98 pg=255 erase_cnt=7 (vpc/ipc reset)
[EXP] [ERASE] ch=2 lun=2 pl=0 blk=98 pg=255 erase_cnt=7 (vpc/ipc reset)
[EXP] [ERASE] ch=2 lun=3 pl=0 blk=98 pg=255 erase_cnt=7 (vpc/ipc reset)
[EXP] [ERASE] ch=2 lun=4 pl=0 blk=98 pg=255 erase_cnt=7 (vpc/ipc reset)
[EXP] [ERASE] ch=2 lun=5 pl=0 blk=98 pg=255 erase_cnt=7 (vpc/ipc reset)
[EXP] [ERASE] ch=2 lun=6 pl=0 blk=98 pg=255 erase_cnt=7 (vpc/ipc reset)
[EXP] [ERASE] ch=2 lun=7 pl=0 blk=98 pg=255 erase_cnt=7 (vpc/ipc reset)
[EXP] [ERASE] ch=3 lun=0 pl=0 blk=98 pg=255 erase_cnt=7 (vpc/ipc reset)
[EXP] [ERASE] ch=3 lun=1 pl=0 blk=98 pg=255 erase_cnt=7 (vpc/ipc reset)
[EXP] [ERASE] ch=3 lun=2 pl=0 blk=98 pg=255 erase_cnt=7 (vpc/ipc reset)
[EXP] [ERASE] ch=3 lun=3 pl=0 blk=98 pg=255 erase_cnt=7 (vpc/ipc reset)
[EXP] [ERASE] ch=3 lun=4 pl=0 blk=98 pg=255 erase_cnt=7 (vpc/ipc reset)
[EXP] [ERASE] ch=3 lun=5 pl=0 blk=98 pg=255 erase_cnt=7 (vpc/ipc reset)
[EXP] [ERASE] ch=3 lun=6 pl=0 blk=98 pg=255 erase_cnt=7 (vpc/ipc reset)
[EXP] [ERASE] ch=3 lun=7 pl=0 blk=98 pg=255 erase_cnt=7 (vpc/ipc reset)
[EXP] [ERASE] ch=4 lun=0 pl=0 blk=98 pg=255 erase_cnt=7 (vpc/ipc reset)
[EXP] [ERASE] ch=4 lun=1 pl=0 blk=98 pg=255 erase_cnt=7 (vpc/ipc reset)
[EXP] [ERASE] ch=4 lun=2 pl=0 blk=98 pg=255 erase_cnt=7 (vpc/ipc reset)
[EXP] [ERASE] ch=4 lun=3 pl=0 blk=98 pg=255 erase_cnt=7 (vpc/ipc reset)
[EXP] [ERASE] ch=4 lun=4 pl=0 blk=98 pg=255 erase_cnt=7 (vpc/ipc reset)
[EXP] [ERASE] ch=4 lun=5 pl=0 blk=98 pg=255 erase_cnt=7 (vpc/ipc reset)
[EXP] [ERASE] ch=4 lun=6 pl=0 blk=98 pg=255 erase_cnt=7 (vpc/ipc reset)
[EXP] [ERASE] ch=4 lun=7 pl=0 blk=98 pg=255 erase_cnt=7 (vpc/ipc reset)
[EXP] [ERASE] ch=5 lun=0 pl=0 blk=98 pg=255 erase_cnt=7 (vpc/ipc reset)
[EXP] [ERASE] ch=5 lun=1 pl=0 blk=98 pg=255 erase_cnt=7 (vpc/ipc reset)
[EXP] [ERASE] ch=5 lun=2 pl=0 blk=98 pg=255 erase_cnt=7 (vpc/ipc reset)
[EXP] [ERASE] ch=5 lun=3 pl=0 blk=98 pg=255 erase_cnt=7 (vpc/ipc reset)
[EXP] [ERASE] ch=5 lun=4 pl=0 blk=98 pg=255 erase_cnt=7 (vpc/ipc reset)
[EXP] [ERASE] ch=5 lun=5 pl=0 blk=98 pg=255 erase_cnt=7 (vpc/ipc reset)
[EXP] [ERASE] ch=5 lun=6 pl=0 blk=98 pg=255 erase_cnt=7 (vpc/ipc reset)
[EXP] [ERASE] ch=5 lun=7 pl=0 blk=98 pg=255 erase_cnt=7 (vpc/ipc reset)
[EXP] [ERASE] ch=6 lun=0 pl=0 blk=98 pg=255 erase_cnt=7 (vpc/ipc reset)
[EXP] [ERASE] ch=6 lun=1 pl=0 blk=98 pg=255 erase_cnt=7 (vpc/ipc reset)
[EXP] [ERASE] ch=6 lun=2 pl=0 blk=98 pg=255 erase_cnt=7 (vpc/ipc reset)
[EXP] [ERASE] ch=6 lun=3 pl=0 blk=98 pg=255 erase_cnt=7 (vpc/ipc reset)
[EXP] [ERASE] ch=6 lun=4 pl=0 blk=98 pg=255 erase_cnt=7 (vpc/ipc reset)
[EXP] [ERASE] ch=6 lun=5 pl=0 blk=98 pg=255 erase_cnt=7 (vpc/ipc reset)
[EXP] [ERASE] ch=6 lun=6 pl=0 blk=98 pg=255 erase_cnt=7 (vpc/ipc reset)
[EXP] [ERASE] ch=6 lun=7 pl=0 blk=98 pg=255 erase_cnt=7 (vpc/ipc reset)
[EXP] [ERASE] ch=7 lun=0 pl=0 blk=98 pg=255 erase_cnt=7 (vpc/ipc reset)
[EXP] [ERASE] ch=7 lun=1 pl=0 blk=98 pg=255 erase_cnt=7 (vpc/ipc reset)
[EXP] [ERASE] ch=7 lun=2 pl=0 blk=98 pg=255 erase_cnt=7 (vpc/ipc reset)
[EXP] [ERASE] ch=7 lun=3 pl=0 blk=98 pg=255 erase_cnt=7 (vpc/ipc reset)
[EXP] [ERASE] ch=7 lun=4 pl=0 blk=98 pg=255 erase_cnt=7 (vpc/ipc reset)
[EXP] [ERASE] ch=7 lun=5 pl=0 blk=98 pg=255 erase_cnt=7 (vpc/ipc reset)
[EXP] [ERASE] ch=7 lun=6 pl=0 blk=98 pg=255 erase_cnt=7 (vpc/ipc reset)
[EXP] [ERASE] ch=7 lun=7 pl=0 blk=98 pg=255 erase_cnt=7 (vpc/ipc reset)
[EXP] [ERASE] ch=0 lun=0 pl=0 blk=97 pg=255 erase_cnt=7 (vpc/ipc reset)
[EXP] [ERASE] ch=0 lun=1 pl=0 blk=97 pg=255 erase_cnt=7 (vpc/ipc reset)
[EXP] [ERASE] ch=0 lun=2 pl=0 blk=97 pg=255 erase_cnt=7 (vpc/ipc reset)
[EXP] [ERASE] ch=0 lun=3 pl=0 blk=97 pg=255 erase_cnt=7 (vpc/ipc reset)
[EXP] [ERASE] ch=0 lun=4 pl=0 blk=97 pg=255 erase_cnt=7 (vpc/ipc reset)
[EXP] [ERASE] ch=0 lun=5 pl=0 blk=97 pg=255 erase_cnt=7 (vpc/ipc reset)
[EXP] [ERASE] ch=0 lun=6 pl=0 blk=97 pg=255 erase_cnt=7 (vpc/ipc reset)
[EXP] [ERASE] ch=0 lun=7 pl=0 blk=97 pg=255 erase_cnt=7 (vpc/ipc reset)
[EXP] [ERASE] ch=1 lun=0 pl=0 blk=97 pg=255 erase_cnt=7 (vpc/ipc reset)
[EXP] [ERASE] ch=1 lun=1 pl=0 blk=97 pg=255 erase_cnt=7 (vpc/ipc reset)
[EXP] [ERASE] ch=1 lun=2 pl=0 blk=97 pg=255 erase_cnt=7 (vpc/ipc reset)
[EXP] [ERASE] ch=1 lun=3 pl=0 blk=97 pg=255 erase_cnt=7 (vpc/ipc reset)
[EXP] [ERASE] ch=1 lun=4 pl=0 blk=97 pg=255 erase_cnt=7 (vpc/ipc reset)
[EXP] [ERASE] ch=1 lun=5 pl=0 blk=97 pg=255 erase_cnt=7 (vpc/ipc reset)
[EXP] [ERASE] ch=1 lun=6 pl=0 blk=97 pg=255 erase_cnt=7 (vpc/ipc reset)
[EXP] [ERASE] ch=1 lun=7 pl=0 blk=97 pg=255 erase_cnt=7 (vpc/ipc reset)
[EXP] [ERASE] ch=2 lun=0 pl=0 blk=97 pg=255 erase_cnt=7 (vpc/ipc reset)
[EXP] [ERASE] ch=2 lun=1 pl=0 blk=97 pg=255 erase_cnt=7 (vpc/ipc reset)
[EXP] [ERASE] ch=2 lun=2 pl=0 blk=97 pg=255 erase_cnt=7 (vpc/ipc reset)
[EXP] [ERASE] ch=2 lun=3 pl=0 blk=97 pg=255 erase_cnt=7 (vpc/ipc reset)
[EXP] [ERASE] ch=2 lun=4 pl=0 blk=97 pg=255 erase_cnt=7 (vpc/ipc reset)
[EXP] [ERASE] ch=2 lun=5 pl=0 blk=97 pg=255 erase_cnt=7 (vpc/ipc reset)
[EXP] [ERASE] ch=2 lun=6 pl=0 blk=97 pg=255 erase_cnt=7 (vpc/ipc reset)
[EXP] [ERASE] ch=2 lun=7 pl=0 blk=97 pg=255 erase_cnt=7 (vpc/ipc reset)
[EXP] [ERASE] ch=3 lun=0 pl=0 blk=97 pg=255 erase_cnt=7 (vpc/ipc reset)
[EXP] [ERASE] ch=3 lun=1 pl=0 blk=97 pg=255 erase_cnt=7 (vpc/ipc reset)
[EXP] [ERASE] ch=3 lun=2 pl=0 blk=97 pg=255 erase_cnt=7 (vpc/ipc reset)
[EXP] [ERASE] ch=3 lun=3 pl=0 blk=97 pg=255 erase_cnt=7 (vpc/ipc reset)
[EXP] [ERASE] ch=3 lun=4 pl=0 blk=97 pg=255 erase_cnt=7 (vpc/ipc reset)
[EXP] [ERASE] ch=3 lun=5 pl=0 blk=97 pg=255 erase_cnt=7 (vpc/ipc reset)
[EXP] [ERASE] ch=3 lun=6 pl=0 blk=97 pg=255 erase_cnt=7 (vpc/ipc reset)
[EXP] [ERASE] ch=3 lun=7 pl=0 blk=97 pg=255 erase_cnt=7 (vpc/ipc reset)
[EXP] [ERASE] ch=4 lun=0 pl=0 blk=97 pg=255 erase_cnt=7 (vpc/ipc reset)
[EXP] [ERASE] ch=4 lun=1 pl=0 blk=97 pg=255 erase_cnt=7 (vpc/ipc reset)
[EXP] [ERASE] ch=4 lun=2 pl=0 blk=97 pg=255 erase_cnt=7 (vpc/ipc reset)
[EXP] [ERASE] ch=4 lun=3 pl=0 blk=97 pg=255 erase_cnt=7 (vpc/ipc reset)
[EXP] [ERASE] ch=4 lun=4 pl=0 blk=97 pg=255 erase_cnt=7 (vpc/ipc reset)
[EXP] [ERASE] ch=4 lun=5 pl=0 blk=97 pg=255 erase_cnt=7 (vpc/ipc reset)
[EXP] [ERASE] ch=4 lun=6 pl=0 blk=97 pg=255 erase_cnt=7 (vpc/ipc reset)
[EXP] [ERASE] ch=4 lun=7 pl=0 blk=97 pg=255 erase_cnt=7 (vpc/ipc reset)
[EXP] [ERASE] ch=5 lun=0 pl=0 blk=97 pg=255 erase_cnt=7 (vpc/ipc reset)
[EXP] [ERASE] ch=5 lun=1 pl=0 blk=97 pg=255 erase_cnt=7 (vpc/ipc reset)
[EXP] [ERASE] ch=5 lun=2 pl=0 blk=97 pg=255 erase_cnt=7 (vpc/ipc reset)
[EXP] [ERASE] ch=5 lun=3 pl=0 blk=97 pg=255 erase_cnt=7 (vpc/ipc reset)
[EXP] [ERASE] ch=5 lun=4 pl=0 blk=97 pg=255 erase_cnt=7 (vpc/ipc reset)
[EXP] [ERASE] ch=5 lun=5 pl=0 blk=97 pg=255 erase_cnt=7 (vpc/ipc reset)
[EXP] [ERASE] ch=5 lun=6 pl=0 blk=97 pg=255 erase_cnt=7 (vpc/ipc reset)
[EXP] [ERASE] ch=5 lun=7 pl=0 blk=97 pg=255 erase_cnt=7 (vpc/ipc reset)
[EXP] [ERASE] ch=6 lun=0 pl=0 blk=97 pg=255 erase_cnt=7 (vpc/ipc reset)
[EXP] [ERASE] ch=6 lun=1 pl=0 blk=97 pg=255 erase_cnt=7 (vpc/ipc reset)
[EXP] [ERASE] ch=6 lun=2 pl=0 blk=97 pg=255 erase_cnt=7 (vpc/ipc reset)
[EXP] [ERASE] ch=6 lun=3 pl=0 blk=97 pg=255 erase_cnt=7 (vpc/ipc reset)
[EXP] [ERASE] ch=6 lun=4 pl=0 blk=97 pg=255 erase_cnt=7 (vpc/ipc reset)
[EXP] [ERASE] ch=6 lun=5 pl=0 blk=97 pg=255 erase_cnt=7 (vpc/ipc reset)
[EXP] [ERASE] ch=6 lun=6 pl=0 blk=97 pg=255 erase_cnt=7 (vpc/ipc reset)
[EXP] [ERASE] ch=6 lun=7 pl=0 blk=97 pg=255 erase_cnt=7 (vpc/ipc reset)
[EXP] [ERASE] ch=7 lun=0 pl=0 blk=97 pg=255 erase_cnt=7 (vpc/ipc reset)
[EXP] [ERASE] ch=7 lun=1 pl=0 blk=97 pg=255 erase_cnt=7 (vpc/ipc reset)
[EXP] [ERASE] ch=7 lun=2 pl=0 blk=97 pg=255 erase_cnt=7 (vpc/ipc reset)
[EXP] [ERASE] ch=7 lun=3 pl=0 blk=97 pg=255 erase_cnt=7 (vpc/ipc reset)
[EXP] [ERASE] ch=7 lun=4 pl=0 blk=97 pg=255 erase_cnt=7 (vpc/ipc reset)
[EXP] [ERASE] ch=7 lun=5 pl=0 blk=97 pg=255 erase_cnt=7 (vpc/ipc reset)
[EXP] [ERASE] ch=7 lun=6 pl=0 blk=97 pg=255 erase_cnt=7 (vpc/ipc reset)
[EXP] [ERASE] ch=7 lun=7 pl=0 blk=97 pg=255 erase_cnt=7 (vpc/ipc reset)
[EXP] [ERASE] ch=0 lun=0 pl=0 blk=55 pg=255 erase_cnt=4 (vpc/ipc reset)
[EXP] [ERASE] ch=0 lun=1 pl=0 blk=55 pg=255 erase_cnt=4 (vpc/ipc reset)
[EXP] [ERASE] ch=0 lun=2 pl=0 blk=55 pg=255 erase_cnt=4 (vpc/ipc reset)
[EXP] [ERASE] ch=0 lun=3 pl=0 blk=55 pg=255 erase_cnt=4 (vpc/ipc reset)
[EXP] [ERASE] ch=0 lun=4 pl=0 blk=55 pg=255 erase_cnt=4 (vpc/ipc reset)
[EXP] [ERASE] ch=0 lun=5 pl=0 blk=55 pg=255 erase_cnt=4 (vpc/ipc reset)
[EXP] [ERASE] ch=0 lun=6 pl=0 blk=55 pg=255 erase_cnt=4 (vpc/ipc reset)
[EXP] [ERASE] ch=0 lun=7 pl=0 blk=55 pg=255 erase_cnt=4 (vpc/ipc reset)
[EXP] [ERASE] ch=1 lun=0 pl=0 blk=55 pg=255 erase_cnt=4 (vpc/ipc reset)
[EXP] [ERASE] ch=1 lun=1 pl=0 blk=55 pg=255 erase_cnt=4 (vpc/ipc reset)
[EXP] [ERASE] ch=1 lun=2 pl=0 blk=55 pg=255 erase_cnt=4 (vpc/ipc reset)
[EXP] [ERASE] ch=1 lun=3 pl=0 blk=55 pg=255 erase_cnt=4 (vpc/ipc reset)
[EXP] [ERASE] ch=1 lun=4 pl=0 blk=55 pg=255 erase_cnt=4 (vpc/ipc reset)
[EXP] [ERASE] ch=1 lun=5 pl=0 blk=55 pg=255 erase_cnt=4 (vpc/ipc reset)
[EXP] [ERASE] ch=1 lun=6 pl=0 blk=55 pg=255 erase_cnt=4 (vpc/ipc reset)
[EXP] [ERASE] ch=1 lun=7 pl=0 blk=55 pg=255 erase_cnt=4 (vpc/ipc reset)
[EXP] [ERASE] ch=2 lun=0 pl=0 blk=55 pg=255 erase_cnt=4 (vpc/ipc reset)
[EXP] [ERASE] ch=2 lun=1 pl=0 blk=55 pg=255 erase_cnt=4 (vpc/ipc reset)
[EXP] [ERASE] ch=2 lun=2 pl=0 blk=55 pg=255 erase_cnt=4 (vpc/ipc reset)
[EXP] [ERASE] ch=2 lun=3 pl=0 blk=55 pg=255 erase_cnt=4 (vpc/ipc reset)
[EXP] [ERASE] ch=2 lun=4 pl=0 blk=55 pg=255 erase_cnt=4 (vpc/ipc reset)
[EXP] [ERASE] ch=2 lun=5 pl=0 blk=55 pg=255 erase_cnt=4 (vpc/ipc reset)
[EXP] [ERASE] ch=2 lun=6 pl=0 blk=55 pg=255 erase_cnt=4 (vpc/ipc reset)
[EXP] [ERASE] ch=2 lun=7 pl=0 blk=55 pg=255 erase_cnt=4 (vpc/ipc reset)
[EXP] [ERASE] ch=3 lun=0 pl=0 blk=55 pg=255 erase_cnt=4 (vpc/ipc reset)
[EXP] [ERASE] ch=3 lun=1 pl=0 blk=55 pg=255 erase_cnt=4 (vpc/ipc reset)
[EXP] [ERASE] ch=3 lun=2 pl=0 blk=55 pg=255 erase_cnt=4 (vpc/ipc reset)
[EXP] [ERASE] ch=3 lun=3 pl=0 blk=55 pg=255 erase_cnt=4 (vpc/ipc reset)
[EXP] [ERASE] ch=3 lun=4 pl=0 blk=55 pg=255 erase_cnt=4 (vpc/ipc reset)
[EXP] [ERASE] ch=3 lun=5 pl=0 blk=55 pg=255 erase_cnt=4 (vpc/ipc reset)
[EXP] [ERASE] ch=3 lun=6 pl=0 blk=55 pg=255 erase_cnt=4 (vpc/ipc reset)
[EXP] [ERASE] ch=3 lun=7 pl=0 blk=55 pg=255 erase_cnt=4 (vpc/ipc reset)
[EXP] [ERASE] ch=4 lun=0 pl=0 blk=55 pg=255 erase_cnt=4 (vpc/ipc reset)
[EXP] [ERASE] ch=4 lun=1 pl=0 blk=55 pg=255 erase_cnt=4 (vpc/ipc reset)
[EXP] [ERASE] ch=4 lun=2 pl=0 blk=55 pg=255 erase_cnt=4 (vpc/ipc reset)
[EXP] [ERASE] ch=4 lun=3 pl=0 blk=55 pg=255 erase_cnt=4 (vpc/ipc reset)
[EXP] [ERASE] ch=4 lun=4 pl=0 blk=55 pg=255 erase_cnt=4 (vpc/ipc reset)
[EXP] [ERASE] ch=4 lun=5 pl=0 blk=55 pg=255 erase_cnt=4 (vpc/ipc reset)
[EXP] [GC_MOVE] lpn=0 ch=4 lun=6 pl=0 blk=55 pg=52 -> ch=3 lun=5 pl=0 blk=63 pg=170
[EXP] [ERASE_SURVIVE] lpn=0 count=11 source ch=4 lun=6 pl=0 blk=55 pg=52
[EXP] [ERASE] ch=4 lun=6 pl=0 blk=55 pg=255 erase_cnt=4 (vpc/ipc reset)
[EXP] [ERASE] ch=4 lun=7 pl=0 blk=55 pg=255 erase_cnt=4 (vpc/ipc reset)
[EXP] [ERASE] ch=5 lun=0 pl=0 blk=55 pg=255 erase_cnt=4 (vpc/ipc reset)
[EXP] [ERASE] ch=5 lun=1 pl=0 blk=55 pg=255 erase_cnt=4 (vpc/ipc reset)
[EXP] [ERASE] ch=5 lun=2 pl=0 blk=55 pg=255 erase_cnt=4 (vpc/ipc reset)
[EXP] [ERASE] ch=5 lun=3 pl=0 blk=55 pg=255 erase_cnt=4 (vpc/ipc reset)
[EXP] [ERASE] ch=5 lun=4 pl=0 blk=55 pg=255 erase_cnt=4 (vpc/ipc reset)
[EXP] [ERASE] ch=5 lun=5 pl=0 blk=55 pg=255 erase_cnt=4 (vpc/ipc reset)
[EXP] [ERASE] ch=5 lun=6 pl=0 blk=55 pg=255 erase_cnt=4 (vpc/ipc reset)
[EXP] [ERASE] ch=5 lun=7 pl=0 blk=55 pg=255 erase_cnt=4 (vpc/ipc reset)
[EXP] [ERASE] ch=6 lun=0 pl=0 blk=55 pg=255 erase_cnt=4 (vpc/ipc reset)
[EXP] [ERASE] ch=6 lun=1 pl=0 blk=55 pg=255 erase_cnt=4 (vpc/ipc reset)
[EXP] [ERASE] ch=6 lun=2 pl=0 blk=55 pg=255 erase_cnt=4 (vpc/ipc reset)
[EXP] [ERASE] ch=6 lun=3 pl=0 blk=55 pg=255 erase_cnt=4 (vpc/ipc reset)
[EXP] [ERASE] ch=6 lun=4 pl=0 blk=55 pg=255 erase_cnt=4 (vpc/ipc reset)
[EXP] [ERASE] ch=6 lun=5 pl=0 blk=55 pg=255 erase_cnt=4 (vpc/ipc reset)
[EXP] [ERASE] ch=6 lun=6 pl=0 blk=55 pg=255 erase_cnt=4 (vpc/ipc reset)
[EXP] [ERASE] ch=6 lun=7 pl=0 blk=55 pg=255 erase_cnt=4 (vpc/ipc reset)
[EXP] [ERASE] ch=7 lun=0 pl=0 blk=55 pg=255 erase_cnt=4 (vpc/ipc reset)
[EXP] [ERASE] ch=7 lun=1 pl=0 blk=55 pg=255 erase_cnt=4 (vpc/ipc reset)
[EXP] [ERASE] ch=7 lun=2 pl=0 blk=55 pg=255 erase_cnt=4 (vpc/ipc reset)
[EXP] [ERASE] ch=7 lun=3 pl=0 blk=55 pg=255 erase_cnt=4 (vpc/ipc reset)
[EXP] [ERASE] ch=7 lun=4 pl=0 blk=55 pg=255 erase_cnt=4 (vpc/ipc reset)
[EXP] [ERASE] ch=7 lun=5 pl=0 blk=55 pg=255 erase_cnt=4 (vpc/ipc reset)
[EXP] [ERASE] ch=7 lun=6 pl=0 blk=55 pg=255 erase_cnt=4 (vpc/ipc reset)
[EXP] [ERASE] ch=7 lun=7 pl=0 blk=55 pg=255 erase_cnt=4 (vpc/ipc reset)
[EXP] [ERASE] ch=0 lun=0 pl=0 blk=99 pg=255 erase_cnt=5 (vpc/ipc reset)
[EXP] [ERASE] ch=0 lun=1 pl=0 blk=99 pg=255 erase_cnt=5 (vpc/ipc reset)
[EXP] [ERASE] ch=0 lun=2 pl=0 blk=99 pg=255 erase_cnt=5 (vpc/ipc reset)
[EXP] [ERASE] ch=0 lun=3 pl=0 blk=99 pg=255 erase_cnt=5 (vpc/ipc reset)
[EXP] [ERASE] ch=0 lun=4 pl=0 blk=99 pg=255 erase_cnt=5 (vpc/ipc reset)
[EXP] [ERASE] ch=0 lun=5 pl=0 blk=99 pg=255 erase_cnt=5 (vpc/ipc reset)
[EXP] [ERASE] ch=0 lun=6 pl=0 blk=99 pg=255 erase_cnt=5 (vpc/ipc reset)
[EXP] [ERASE] ch=0 lun=7 pl=0 blk=99 pg=255 erase_cnt=5 (vpc/ipc reset)
[EXP] [ERASE] ch=1 lun=0 pl=0 blk=99 pg=255 erase_cnt=5 (vpc/ipc reset)
[EXP] [ERASE] ch=1 lun=1 pl=0 blk=99 pg=255 erase_cnt=5 (vpc/ipc reset)
[EXP] [ERASE] ch=1 lun=2 pl=0 blk=99 pg=255 erase_cnt=5 (vpc/ipc reset)
[EXP] [ERASE] ch=1 lun=3 pl=0 blk=99 pg=255 erase_cnt=5 (vpc/ipc reset)
[EXP] [ERASE] ch=1 lun=4 pl=0 blk=99 pg=255 erase_cnt=5 (vpc/ipc reset)
[EXP] [ERASE] ch=1 lun=5 pl=0 blk=99 pg=255 erase_cnt=5 (vpc/ipc reset)
[EXP] [ERASE] ch=1 lun=6 pl=0 blk=99 pg=255 erase_cnt=5 (vpc/ipc reset)
[EXP] [ERASE] ch=1 lun=7 pl=0 blk=99 pg=255 erase_cnt=5 (vpc/ipc reset)
[EXP] [ERASE] ch=2 lun=0 pl=0 blk=99 pg=255 erase_cnt=5 (vpc/ipc reset)
[EXP] [ERASE] ch=2 lun=1 pl=0 blk=99 pg=255 erase_cnt=5 (vpc/ipc reset)
[EXP] [ERASE] ch=2 lun=2 pl=0 blk=99 pg=255 erase_cnt=5 (vpc/ipc reset)
[EXP] [ERASE] ch=2 lun=3 pl=0 blk=99 pg=255 erase_cnt=5 (vpc/ipc reset)
[EXP] [ERASE] ch=2 lun=4 pl=0 blk=99 pg=255 erase_cnt=5 (vpc/ipc reset)
[EXP] [ERASE] ch=2 lun=5 pl=0 blk=99 pg=255 erase_cnt=5 (vpc/ipc reset)
[EXP] [ERASE] ch=2 lun=6 pl=0 blk=99 pg=255 erase_cnt=5 (vpc/ipc reset)
[EXP] [ERASE] ch=2 lun=7 pl=0 blk=99 pg=255 erase_cnt=5 (vpc/ipc reset)
[EXP] [ERASE] ch=3 lun=0 pl=0 blk=99 pg=255 erase_cnt=5 (vpc/ipc reset)
[EXP] [ERASE] ch=3 lun=1 pl=0 blk=99 pg=255 erase_cnt=5 (vpc/ipc reset)
[EXP] [ERASE] ch=3 lun=2 pl=0 blk=99 pg=255 erase_cnt=5 (vpc/ipc reset)
[EXP] [ERASE] ch=3 lun=3 pl=0 blk=99 pg=255 erase_cnt=5 (vpc/ipc reset)
[EXP] [ERASE] ch=3 lun=4 pl=0 blk=99 pg=255 erase_cnt=5 (vpc/ipc reset)
[EXP] [ERASE] ch=3 lun=5 pl=0 blk=99 pg=255 erase_cnt=5 (vpc/ipc reset)
[EXP] [ERASE] ch=3 lun=6 pl=0 blk=99 pg=255 erase_cnt=5 (vpc/ipc reset)
[EXP] [ERASE] ch=3 lun=7 pl=0 blk=99 pg=255 erase_cnt=5 (vpc/ipc reset)
[EXP] [ERASE] ch=4 lun=0 pl=0 blk=99 pg=255 erase_cnt=5 (vpc/ipc reset)
[EXP] [ERASE] ch=4 lun=1 pl=0 blk=99 pg=255 erase_cnt=5 (vpc/ipc reset)
[EXP] [ERASE] ch=4 lun=2 pl=0 blk=99 pg=255 erase_cnt=5 (vpc/ipc reset)
[EXP] [ERASE] ch=4 lun=3 pl=0 blk=99 pg=255 erase_cnt=5 (vpc/ipc reset)
[EXP] [ERASE] ch=4 lun=4 pl=0 blk=99 pg=255 erase_cnt=5 (vpc/ipc reset)
[EXP] [ERASE] ch=4 lun=5 pl=0 blk=99 pg=255 erase_cnt=5 (vpc/ipc reset)
[EXP] [ERASE] ch=4 lun=6 pl=0 blk=99 pg=255 erase_cnt=5 (vpc/ipc reset)
[EXP] [ERASE] ch=4 lun=7 pl=0 blk=99 pg=255 erase_cnt=5 (vpc/ipc reset)
[EXP] [ERASE] ch=5 lun=0 pl=0 blk=99 pg=255 erase_cnt=5 (vpc/ipc reset)
[EXP] [ERASE] ch=5 lun=1 pl=0 blk=99 pg=255 erase_cnt=5 (vpc/ipc reset)
[EXP] [ERASE] ch=5 lun=2 pl=0 blk=99 pg=255 erase_cnt=5 (vpc/ipc reset)
[EXP] [ERASE] ch=5 lun=3 pl=0 blk=99 pg=255 erase_cnt=5 (vpc/ipc reset)
[EXP] [ERASE] ch=5 lun=4 pl=0 blk=99 pg=255 erase_cnt=5 (vpc/ipc reset)
[EXP] [ERASE] ch=5 lun=5 pl=0 blk=99 pg=255 erase_cnt=5 (vpc/ipc reset)
[EXP] [ERASE] ch=5 lun=6 pl=0 blk=99 pg=255 erase_cnt=5 (vpc/ipc reset)
[EXP] [ERASE] ch=5 lun=7 pl=0 blk=99 pg=255 erase_cnt=5 (vpc/ipc reset)
[EXP] [ERASE] ch=6 lun=0 pl=0 blk=99 pg=255 erase_cnt=5 (vpc/ipc reset)
[EXP] [ERASE] ch=6 lun=1 pl=0 blk=99 pg=255 erase_cnt=5 (vpc/ipc reset)
[EXP] [ERASE] ch=6 lun=2 pl=0 blk=99 pg=255 erase_cnt=5 (vpc/ipc reset)
[EXP] [ERASE] ch=6 lun=3 pl=0 blk=99 pg=255 erase_cnt=5 (vpc/ipc reset)
[EXP] [ERASE] ch=6 lun=4 pl=0 blk=99 pg=255 erase_cnt=5 (vpc/ipc reset)
[EXP] [ERASE] ch=6 lun=5 pl=0 blk=99 pg=255 erase_cnt=5 (vpc/ipc reset)
[EXP] [ERASE] ch=6 lun=6 pl=0 blk=99 pg=255 erase_cnt=5 (vpc/ipc reset)
[EXP] [ERASE] ch=6 lun=7 pl=0 blk=99 pg=255 erase_cnt=5 (vpc/ipc reset)
[EXP] [ERASE] ch=7 lun=0 pl=0 blk=99 pg=255 erase_cnt=5 (vpc/ipc reset)
[EXP] [ERASE] ch=7 lun=1 pl=0 blk=99 pg=255 erase_cnt=5 (vpc/ipc reset)
[EXP] [ERASE] ch=7 lun=2 pl=0 blk=99 pg=255 erase_cnt=5 (vpc/ipc reset)
[EXP] [ERASE] ch=7 lun=3 pl=0 blk=99 pg=255 erase_cnt=5 (vpc/ipc reset)
[EXP] [ERASE] ch=7 lun=4 pl=0 blk=99 pg=255 erase_cnt=5 (vpc/ipc reset)
[EXP] [ERASE] ch=7 lun=5 pl=0 blk=99 pg=255 erase_cnt=5 (vpc/ipc reset)
[EXP] [ERASE] ch=7 lun=6 pl=0 blk=99 pg=255 erase_cnt=5 (vpc/ipc reset)
[EXP] [ERASE] ch=7 lun=7 pl=0 blk=99 pg=255 erase_cnt=5 (vpc/ipc reset)
[EXP] [ERASE] ch=0 lun=0 pl=0 blk=61 pg=255 erase_cnt=5 (vpc/ipc reset)
[EXP] [ERASE] ch=0 lun=1 pl=0 blk=61 pg=255 erase_cnt=5 (vpc/ipc reset)
[EXP] [ERASE] ch=0 lun=2 pl=0 blk=61 pg=255 erase_cnt=5 (vpc/ipc reset)
[EXP] [ERASE] ch=0 lun=3 pl=0 blk=61 pg=255 erase_cnt=5 (vpc/ipc reset)
[EXP] [ERASE] ch=0 lun=4 pl=0 blk=61 pg=255 erase_cnt=5 (vpc/ipc reset)
[EXP] [ERASE] ch=0 lun=5 pl=0 blk=61 pg=255 erase_cnt=5 (vpc/ipc reset)
[EXP] [ERASE] ch=0 lun=6 pl=0 blk=61 pg=255 erase_cnt=5 (vpc/ipc reset)
[EXP] [ERASE] ch=0 lun=7 pl=0 blk=61 pg=255 erase_cnt=5 (vpc/ipc reset)
[EXP] [ERASE] ch=1 lun=0 pl=0 blk=61 pg=255 erase_cnt=5 (vpc/ipc reset)
[EXP] [ERASE] ch=1 lun=1 pl=0 blk=61 pg=255 erase_cnt=5 (vpc/ipc reset)
[EXP] [ERASE] ch=1 lun=2 pl=0 blk=61 pg=255 erase_cnt=5 (vpc/ipc reset)
[EXP] [ERASE] ch=1 lun=3 pl=0 blk=61 pg=255 erase_cnt=5 (vpc/ipc reset)
[EXP] [ERASE] ch=1 lun=4 pl=0 blk=61 pg=255 erase_cnt=5 (vpc/ipc reset)
[EXP] [ERASE] ch=1 lun=5 pl=0 blk=61 pg=255 erase_cnt=5 (vpc/ipc reset)
[EXP] [ERASE] ch=1 lun=6 pl=0 blk=61 pg=255 erase_cnt=5 (vpc/ipc reset)
[EXP] [ERASE] ch=1 lun=7 pl=0 blk=61 pg=255 erase_cnt=5 (vpc/ipc reset)
[EXP] [ERASE] ch=2 lun=0 pl=0 blk=61 pg=255 erase_cnt=5 (vpc/ipc reset)
[EXP] [ERASE] ch=2 lun=1 pl=0 blk=61 pg=255 erase_cnt=5 (vpc/ipc reset)
[EXP] [ERASE] ch=2 lun=2 pl=0 blk=61 pg=255 erase_cnt=5 (vpc/ipc reset)
[EXP] [ERASE] ch=2 lun=3 pl=0 blk=61 pg=255 erase_cnt=5 (vpc/ipc reset)
[EXP] [ERASE] ch=2 lun=4 pl=0 blk=61 pg=255 erase_cnt=5 (vpc/ipc reset)
[EXP] [ERASE] ch=2 lun=5 pl=0 blk=61 pg=255 erase_cnt=5 (vpc/ipc reset)
[EXP] [ERASE] ch=2 lun=6 pl=0 blk=61 pg=255 erase_cnt=5 (vpc/ipc reset)
[EXP] [ERASE] ch=2 lun=7 pl=0 blk=61 pg=255 erase_cnt=5 (vpc/ipc reset)
[EXP] [ERASE] ch=3 lun=0 pl=0 blk=61 pg=255 erase_cnt=5 (vpc/ipc reset)
[EXP] [ERASE] ch=3 lun=1 pl=0 blk=61 pg=255 erase_cnt=5 (vpc/ipc reset)
[EXP] [ERASE] ch=3 lun=2 pl=0 blk=61 pg=255 erase_cnt=5 (vpc/ipc reset)
[EXP] [ERASE] ch=3 lun=3 pl=0 blk=61 pg=255 erase_cnt=5 (vpc/ipc reset)
[EXP] [ERASE] ch=3 lun=4 pl=0 blk=61 pg=255 erase_cnt=5 (vpc/ipc reset)
[EXP] [ERASE] ch=3 lun=5 pl=0 blk=61 pg=255 erase_cnt=5 (vpc/ipc reset)
[EXP] [ERASE] ch=3 lun=6 pl=0 blk=61 pg=255 erase_cnt=5 (vpc/ipc reset)
[EXP] [ERASE] ch=3 lun=7 pl=0 blk=61 pg=255 erase_cnt=5 (vpc/ipc reset)
[EXP] [ERASE] ch=4 lun=0 pl=0 blk=61 pg=255 erase_cnt=5 (vpc/ipc reset)
[EXP] [ERASE] ch=4 lun=1 pl=0 blk=61 pg=255 erase_cnt=5 (vpc/ipc reset)
[EXP] [ERASE] ch=4 lun=2 pl=0 blk=61 pg=255 erase_cnt=5 (vpc/ipc reset)
[EXP] [ERASE] ch=4 lun=3 pl=0 blk=61 pg=255 erase_cnt=5 (vpc/ipc reset)
[EXP] [ERASE] ch=4 lun=4 pl=0 blk=61 pg=255 erase_cnt=5 (vpc/ipc reset)
[EXP] [ERASE] ch=4 lun=5 pl=0 blk=61 pg=255 erase_cnt=5 (vpc/ipc reset)
[EXP] [ERASE] ch=4 lun=6 pl=0 blk=61 pg=255 erase_cnt=5 (vpc/ipc reset)
[EXP] [ERASE] ch=4 lun=7 pl=0 blk=61 pg=255 erase_cnt=5 (vpc/ipc reset)
[EXP] [ERASE] ch=5 lun=0 pl=0 blk=61 pg=255 erase_cnt=5 (vpc/ipc reset)
[EXP] [ERASE] ch=5 lun=1 pl=0 blk=61 pg=255 erase_cnt=5 (vpc/ipc reset)
[EXP] [ERASE] ch=5 lun=2 pl=0 blk=61 pg=255 erase_cnt=5 (vpc/ipc reset)
[EXP] [ERASE] ch=5 lun=3 pl=0 blk=61 pg=255 erase_cnt=5 (vpc/ipc reset)
[EXP] [ERASE] ch=5 lun=4 pl=0 blk=61 pg=255 erase_cnt=5 (vpc/ipc reset)
[EXP] [ERASE] ch=5 lun=5 pl=0 blk=61 pg=255 erase_cnt=5 (vpc/ipc reset)
[EXP] [ERASE] ch=5 lun=6 pl=0 blk=61 pg=255 erase_cnt=5 (vpc/ipc reset)
[EXP] [ERASE] ch=5 lun=7 pl=0 blk=61 pg=255 erase_cnt=5 (vpc/ipc reset)
[EXP] [ERASE] ch=6 lun=0 pl=0 blk=61 pg=255 erase_cnt=5 (vpc/ipc reset)
[EXP] [ERASE] ch=6 lun=1 pl=0 blk=61 pg=255 erase_cnt=5 (vpc/ipc reset)
[EXP] [ERASE] ch=6 lun=2 pl=0 blk=61 pg=255 erase_cnt=5 (vpc/ipc reset)
[EXP] [ERASE] ch=6 lun=3 pl=0 blk=61 pg=255 erase_cnt=5 (vpc/ipc reset)
[EXP] [ERASE] ch=6 lun=4 pl=0 blk=61 pg=255 erase_cnt=5 (vpc/ipc reset)
[EXP] [ERASE] ch=6 lun=5 pl=0 blk=61 pg=255 erase_cnt=5 (vpc/ipc reset)
[EXP] [ERASE] ch=6 lun=6 pl=0 blk=61 pg=255 erase_cnt=5 (vpc/ipc reset)
[EXP] [ERASE] ch=6 lun=7 pl=0 blk=61 pg=255 erase_cnt=5 (vpc/ipc reset)
[EXP] [ERASE] ch=7 lun=0 pl=0 blk=61 pg=255 erase_cnt=5 (vpc/ipc reset)
[EXP] [ERASE] ch=7 lun=1 pl=0 blk=61 pg=255 erase_cnt=5 (vpc/ipc reset)
[EXP] [ERASE] ch=7 lun=2 pl=0 blk=61 pg=255 erase_cnt=5 (vpc/ipc reset)
[EXP] [ERASE] ch=7 lun=3 pl=0 blk=61 pg=255 erase_cnt=5 (vpc/ipc reset)
[EXP] [ERASE] ch=7 lun=4 pl=0 blk=61 pg=255 erase_cnt=5 (vpc/ipc reset)
[EXP] [ERASE] ch=7 lun=5 pl=0 blk=61 pg=255 erase_cnt=5 (vpc/ipc reset)
[EXP] [ERASE] ch=7 lun=6 pl=0 blk=61 pg=255 erase_cnt=5 (vpc/ipc reset)
[EXP] [ERASE] ch=7 lun=7 pl=0 blk=61 pg=255 erase_cnt=5 (vpc/ipc reset)
[EXP] [ERASE] ch=0 lun=0 pl=0 blk=100 pg=255 erase_cnt=6 (vpc/ipc reset)
[EXP] [ERASE] ch=0 lun=1 pl=0 blk=100 pg=255 erase_cnt=6 (vpc/ipc reset)
[EXP] [ERASE] ch=0 lun=2 pl=0 blk=100 pg=255 erase_cnt=6 (vpc/ipc reset)
[EXP] [ERASE] ch=0 lun=3 pl=0 blk=100 pg=255 erase_cnt=6 (vpc/ipc reset)
[EXP] [ERASE] ch=0 lun=4 pl=0 blk=100 pg=255 erase_cnt=6 (vpc/ipc reset)
[EXP] [ERASE] ch=0 lun=5 pl=0 blk=100 pg=255 erase_cnt=6 (vpc/ipc reset)
[EXP] [ERASE] ch=0 lun=6 pl=0 blk=100 pg=255 erase_cnt=6 (vpc/ipc reset)
[EXP] [ERASE] ch=0 lun=7 pl=0 blk=100 pg=255 erase_cnt=6 (vpc/ipc reset)
[EXP] [ERASE] ch=1 lun=0 pl=0 blk=100 pg=255 erase_cnt=6 (vpc/ipc reset)
[EXP] [ERASE] ch=1 lun=1 pl=0 blk=100 pg=255 erase_cnt=6 (vpc/ipc reset)
[EXP] [ERASE] ch=1 lun=2 pl=0 blk=100 pg=255 erase_cnt=6 (vpc/ipc reset)
[EXP] [ERASE] ch=1 lun=3 pl=0 blk=100 pg=255 erase_cnt=6 (vpc/ipc reset)
[EXP] [ERASE] ch=1 lun=4 pl=0 blk=100 pg=255 erase_cnt=6 (vpc/ipc reset)
[EXP] [ERASE] ch=1 lun=5 pl=0 blk=100 pg=255 erase_cnt=6 (vpc/ipc reset)
[EXP] [ERASE] ch=1 lun=6 pl=0 blk=100 pg=255 erase_cnt=6 (vpc/ipc reset)
[EXP] [ERASE] ch=1 lun=7 pl=0 blk=100 pg=255 erase_cnt=6 (vpc/ipc reset)
[EXP] [ERASE] ch=2 lun=0 pl=0 blk=100 pg=255 erase_cnt=6 (vpc/ipc reset)
[EXP] [ERASE] ch=2 lun=1 pl=0 blk=100 pg=255 erase_cnt=6 (vpc/ipc reset)
[EXP] [ERASE] ch=2 lun=2 pl=0 blk=100 pg=255 erase_cnt=6 (vpc/ipc reset)
[EXP] [ERASE] ch=2 lun=3 pl=0 blk=100 pg=255 erase_cnt=6 (vpc/ipc reset)
[EXP] [ERASE] ch=2 lun=4 pl=0 blk=100 pg=255 erase_cnt=6 (vpc/ipc reset)
[EXP] [ERASE] ch=2 lun=5 pl=0 blk=100 pg=255 erase_cnt=6 (vpc/ipc reset)
[EXP] [ERASE] ch=2 lun=6 pl=0 blk=100 pg=255 erase_cnt=6 (vpc/ipc reset)
[EXP] [ERASE] ch=2 lun=7 pl=0 blk=100 pg=255 erase_cnt=6 (vpc/ipc reset)
[EXP] [ERASE] ch=3 lun=0 pl=0 blk=100 pg=255 erase_cnt=6 (vpc/ipc reset)
[EXP] [ERASE] ch=3 lun=1 pl=0 blk=100 pg=255 erase_cnt=6 (vpc/ipc reset)
[EXP] [ERASE] ch=3 lun=2 pl=0 blk=100 pg=255 erase_cnt=6 (vpc/ipc reset)
[EXP] [ERASE] ch=3 lun=3 pl=0 blk=100 pg=255 erase_cnt=6 (vpc/ipc reset)
[EXP] [ERASE] ch=3 lun=4 pl=0 blk=100 pg=255 erase_cnt=6 (vpc/ipc reset)
[EXP] [ERASE] ch=3 lun=5 pl=0 blk=100 pg=255 erase_cnt=6 (vpc/ipc reset)
[EXP] [ERASE] ch=3 lun=6 pl=0 blk=100 pg=255 erase_cnt=6 (vpc/ipc reset)
[EXP] [ERASE] ch=3 lun=7 pl=0 blk=100 pg=255 erase_cnt=6 (vpc/ipc reset)
[EXP] [ERASE] ch=4 lun=0 pl=0 blk=100 pg=255 erase_cnt=6 (vpc/ipc reset)
[EXP] [ERASE] ch=4 lun=1 pl=0 blk=100 pg=255 erase_cnt=6 (vpc/ipc reset)
[EXP] [ERASE] ch=4 lun=2 pl=0 blk=100 pg=255 erase_cnt=6 (vpc/ipc reset)
[EXP] [ERASE] ch=4 lun=3 pl=0 blk=100 pg=255 erase_cnt=6 (vpc/ipc reset)
[EXP] [ERASE] ch=4 lun=4 pl=0 blk=100 pg=255 erase_cnt=6 (vpc/ipc reset)
[EXP] [ERASE] ch=4 lun=5 pl=0 blk=100 pg=255 erase_cnt=6 (vpc/ipc reset)
[EXP] [ERASE] ch=4 lun=6 pl=0 blk=100 pg=255 erase_cnt=6 (vpc/ipc reset)
[EXP] [ERASE] ch=4 lun=7 pl=0 blk=100 pg=255 erase_cnt=6 (vpc/ipc reset)
[EXP] [ERASE] ch=5 lun=0 pl=0 blk=100 pg=255 erase_cnt=6 (vpc/ipc reset)
[EXP] [ERASE] ch=5 lun=1 pl=0 blk=100 pg=255 erase_cnt=6 (vpc/ipc reset)
[EXP] [ERASE] ch=5 lun=2 pl=0 blk=100 pg=255 erase_cnt=6 (vpc/ipc reset)
[EXP] [ERASE] ch=5 lun=3 pl=0 blk=100 pg=255 erase_cnt=6 (vpc/ipc reset)
[EXP] [ERASE] ch=5 lun=4 pl=0 blk=100 pg=255 erase_cnt=6 (vpc/ipc reset)
[EXP] [ERASE] ch=5 lun=5 pl=0 blk=100 pg=255 erase_cnt=6 (vpc/ipc reset)
[EXP] [ERASE] ch=5 lun=6 pl=0 blk=100 pg=255 erase_cnt=6 (vpc/ipc reset)
[EXP] [ERASE] ch=5 lun=7 pl=0 blk=100 pg=255 erase_cnt=6 (vpc/ipc reset)
[EXP] [ERASE] ch=6 lun=0 pl=0 blk=100 pg=255 erase_cnt=6 (vpc/ipc reset)
[EXP] [ERASE] ch=6 lun=1 pl=0 blk=100 pg=255 erase_cnt=6 (vpc/ipc reset)
[EXP] [ERASE] ch=6 lun=2 pl=0 blk=100 pg=255 erase_cnt=6 (vpc/ipc reset)
[EXP] [ERASE] ch=6 lun=3 pl=0 blk=100 pg=255 erase_cnt=6 (vpc/ipc reset)
[EXP] [ERASE] ch=6 lun=4 pl=0 blk=100 pg=255 erase_cnt=6 (vpc/ipc reset)
[EXP] [ERASE] ch=6 lun=5 pl=0 blk=100 pg=255 erase_cnt=6 (vpc/ipc reset)
[EXP] [ERASE] ch=6 lun=6 pl=0 blk=100 pg=255 erase_cnt=6 (vpc/ipc reset)
[EXP] [ERASE] ch=6 lun=7 pl=0 blk=100 pg=255 erase_cnt=6 (vpc/ipc reset)
[EXP] [ERASE] ch=7 lun=0 pl=0 blk=100 pg=255 erase_cnt=6 (vpc/ipc reset)
[EXP] [ERASE] ch=7 lun=1 pl=0 blk=100 pg=255 erase_cnt=6 (vpc/ipc reset)
[EXP] [ERASE] ch=7 lun=2 pl=0 blk=100 pg=255 erase_cnt=6 (vpc/ipc reset)
[EXP] [ERASE] ch=7 lun=3 pl=0 blk=100 pg=255 erase_cnt=6 (vpc/ipc reset)
[EXP] [ERASE] ch=7 lun=4 pl=0 blk=100 pg=255 erase_cnt=6 (vpc/ipc reset)
[EXP] [ERASE] ch=7 lun=5 pl=0 blk=100 pg=255 erase_cnt=6 (vpc/ipc reset)
[EXP] [ERASE] ch=7 lun=6 pl=0 blk=100 pg=255 erase_cnt=6 (vpc/ipc reset)
[EXP] [ERASE] ch=7 lun=7 pl=0 blk=100 pg=255 erase_cnt=6 (vpc/ipc reset)
[EXP] [ERASE] ch=0 lun=0 pl=0 blk=25 pg=255 erase_cnt=6 (vpc/ipc reset)
[EXP] [ERASE] ch=0 lun=1 pl=0 blk=25 pg=255 erase_cnt=6 (vpc/ipc reset)
[EXP] [ERASE] ch=0 lun=2 pl=0 blk=25 pg=255 erase_cnt=6 (vpc/ipc reset)
[EXP] [ERASE] ch=0 lun=3 pl=0 blk=25 pg=255 erase_cnt=6 (vpc/ipc reset)
[EXP] [ERASE] ch=0 lun=4 pl=0 blk=25 pg=255 erase_cnt=6 (vpc/ipc reset)
[EXP] [ERASE] ch=0 lun=5 pl=0 blk=25 pg=255 erase_cnt=6 (vpc/ipc reset)
[EXP] [ERASE] ch=0 lun=6 pl=0 blk=25 pg=255 erase_cnt=6 (vpc/ipc reset)
[EXP] [ERASE] ch=0 lun=7 pl=0 blk=25 pg=255 erase_cnt=6 (vpc/ipc reset)
[EXP] [ERASE] ch=1 lun=0 pl=0 blk=25 pg=255 erase_cnt=6 (vpc/ipc reset)
[EXP] [ERASE] ch=1 lun=1 pl=0 blk=25 pg=255 erase_cnt=6 (vpc/ipc reset)
[EXP] [ERASE] ch=1 lun=2 pl=0 blk=25 pg=255 erase_cnt=6 (vpc/ipc reset)
[EXP] [ERASE] ch=1 lun=3 pl=0 blk=25 pg=255 erase_cnt=6 (vpc/ipc reset)
[EXP] [ERASE] ch=1 lun=4 pl=0 blk=25 pg=255 erase_cnt=6 (vpc/ipc reset)
[EXP] [ERASE] ch=1 lun=5 pl=0 blk=25 pg=255 erase_cnt=6 (vpc/ipc reset)
[EXP] [ERASE] ch=1 lun=6 pl=0 blk=25 pg=255 erase_cnt=6 (vpc/ipc reset)
[EXP] [ERASE] ch=1 lun=7 pl=0 blk=25 pg=255 erase_cnt=6 (vpc/ipc reset)
[EXP] [ERASE] ch=2 lun=0 pl=0 blk=25 pg=255 erase_cnt=6 (vpc/ipc reset)
[EXP] [ERASE] ch=2 lun=1 pl=0 blk=25 pg=255 erase_cnt=6 (vpc/ipc reset)
[EXP] [ERASE] ch=2 lun=2 pl=0 blk=25 pg=255 erase_cnt=6 (vpc/ipc reset)
[EXP] [ERASE] ch=2 lun=3 pl=0 blk=25 pg=255 erase_cnt=6 (vpc/ipc reset)
[EXP] [ERASE] ch=2 lun=4 pl=0 blk=25 pg=255 erase_cnt=6 (vpc/ipc reset)
[EXP] [ERASE] ch=2 lun=5 pl=0 blk=25 pg=255 erase_cnt=6 (vpc/ipc reset)
[EXP] [ERASE] ch=2 lun=6 pl=0 blk=25 pg=255 erase_cnt=6 (vpc/ipc reset)
[EXP] [ERASE] ch=2 lun=7 pl=0 blk=25 pg=255 erase_cnt=6 (vpc/ipc reset)
[EXP] [ERASE] ch=3 lun=0 pl=0 blk=25 pg=255 erase_cnt=6 (vpc/ipc reset)
[EXP] [ERASE] ch=3 lun=1 pl=0 blk=25 pg=255 erase_cnt=6 (vpc/ipc reset)
[EXP] [ERASE] ch=3 lun=2 pl=0 blk=25 pg=255 erase_cnt=6 (vpc/ipc reset)
[EXP] [ERASE] ch=3 lun=3 pl=0 blk=25 pg=255 erase_cnt=6 (vpc/ipc reset)
[EXP] [ERASE] ch=3 lun=4 pl=0 blk=25 pg=255 erase_cnt=6 (vpc/ipc reset)
[EXP] [ERASE] ch=3 lun=5 pl=0 blk=25 pg=255 erase_cnt=6 (vpc/ipc reset)
[EXP] [ERASE] ch=3 lun=6 pl=0 blk=25 pg=255 erase_cnt=6 (vpc/ipc reset)
[EXP] [ERASE] ch=3 lun=7 pl=0 blk=25 pg=255 erase_cnt=6 (vpc/ipc reset)
[EXP] [ERASE] ch=4 lun=0 pl=0 blk=25 pg=255 erase_cnt=6 (vpc/ipc reset)
[EXP] [ERASE] ch=4 lun=1 pl=0 blk=25 pg=255 erase_cnt=6 (vpc/ipc reset)
[EXP] [ERASE] ch=4 lun=2 pl=0 blk=25 pg=255 erase_cnt=6 (vpc/ipc reset)
[EXP] [ERASE] ch=4 lun=3 pl=0 blk=25 pg=255 erase_cnt=6 (vpc/ipc reset)
[EXP] [ERASE] ch=4 lun=4 pl=0 blk=25 pg=255 erase_cnt=6 (vpc/ipc reset)
[EXP] [ERASE] ch=4 lun=5 pl=0 blk=25 pg=255 erase_cnt=6 (vpc/ipc reset)
[EXP] [ERASE] ch=4 lun=6 pl=0 blk=25 pg=255 erase_cnt=6 (vpc/ipc reset)
[EXP] [ERASE] ch=4 lun=7 pl=0 blk=25 pg=255 erase_cnt=6 (vpc/ipc reset)
[EXP] [ERASE] ch=5 lun=0 pl=0 blk=25 pg=255 erase_cnt=6 (vpc/ipc reset)
[EXP] [ERASE] ch=5 lun=1 pl=0 blk=25 pg=255 erase_cnt=6 (vpc/ipc reset)
[EXP] [ERASE] ch=5 lun=2 pl=0 blk=25 pg=255 erase_cnt=6 (vpc/ipc reset)
[EXP] [ERASE] ch=5 lun=3 pl=0 blk=25 pg=255 erase_cnt=6 (vpc/ipc reset)
[EXP] [ERASE] ch=5 lun=4 pl=0 blk=25 pg=255 erase_cnt=6 (vpc/ipc reset)
[EXP] [ERASE] ch=5 lun=5 pl=0 blk=25 pg=255 erase_cnt=6 (vpc/ipc reset)
[EXP] [ERASE] ch=5 lun=6 pl=0 blk=25 pg=255 erase_cnt=6 (vpc/ipc reset)
[EXP] [ERASE] ch=5 lun=7 pl=0 blk=25 pg=255 erase_cnt=6 (vpc/ipc reset)
[EXP] [ERASE] ch=6 lun=0 pl=0 blk=25 pg=255 erase_cnt=6 (vpc/ipc reset)
[EXP] [ERASE] ch=6 lun=1 pl=0 blk=25 pg=255 erase_cnt=6 (vpc/ipc reset)
[EXP] [ERASE] ch=6 lun=2 pl=0 blk=25 pg=255 erase_cnt=6 (vpc/ipc reset)
[EXP] [ERASE] ch=6 lun=3 pl=0 blk=25 pg=255 erase_cnt=6 (vpc/ipc reset)
[EXP] [ERASE] ch=6 lun=4 pl=0 blk=25 pg=255 erase_cnt=6 (vpc/ipc reset)
[EXP] [ERASE] ch=6 lun=5 pl=0 blk=25 pg=255 erase_cnt=6 (vpc/ipc reset)
[EXP] [ERASE] ch=6 lun=6 pl=0 blk=25 pg=255 erase_cnt=6 (vpc/ipc reset)
[EXP] [ERASE] ch=6 lun=7 pl=0 blk=25 pg=255 erase_cnt=6 (vpc/ipc reset)
[EXP] [ERASE] ch=7 lun=0 pl=0 blk=25 pg=255 erase_cnt=6 (vpc/ipc reset)
[EXP] [ERASE] ch=7 lun=1 pl=0 blk=25 pg=255 erase_cnt=6 (vpc/ipc reset)
[EXP] [ERASE] ch=7 lun=2 pl=0 blk=25 pg=255 erase_cnt=6 (vpc/ipc reset)
[EXP] [ERASE] ch=7 lun=3 pl=0 blk=25 pg=255 erase_cnt=6 (vpc/ipc reset)
[EXP] [ERASE] ch=7 lun=4 pl=0 blk=25 pg=255 erase_cnt=6 (vpc/ipc reset)
[EXP] [ERASE] ch=7 lun=5 pl=0 blk=25 pg=255 erase_cnt=6 (vpc/ipc reset)
[EXP] [ERASE] ch=7 lun=6 pl=0 blk=25 pg=255 erase_cnt=6 (vpc/ipc reset)
[EXP] [ERASE] ch=7 lun=7 pl=0 blk=25 pg=255 erase_cnt=6 (vpc/ipc reset)
[EXP] [ERASE] ch=0 lun=0 pl=0 blk=57 pg=255 erase_cnt=5 (vpc/ipc reset)
[EXP] [ERASE] ch=0 lun=1 pl=0 blk=57 pg=255 erase_cnt=5 (vpc/ipc reset)
[EXP] [ERASE] ch=0 lun=2 pl=0 blk=57 pg=255 erase_cnt=5 (vpc/ipc reset)
[EXP] [ERASE] ch=0 lun=3 pl=0 blk=57 pg=255 erase_cnt=5 (vpc/ipc reset)
[EXP] [ERASE] ch=0 lun=4 pl=0 blk=57 pg=255 erase_cnt=5 (vpc/ipc reset)
[EXP] [ERASE] ch=0 lun=5 pl=0 blk=57 pg=255 erase_cnt=5 (vpc/ipc reset)
[EXP] [ERASE] ch=0 lun=6 pl=0 blk=57 pg=255 erase_cnt=5 (vpc/ipc reset)
[EXP] [ERASE] ch=0 lun=7 pl=0 blk=57 pg=255 erase_cnt=5 (vpc/ipc reset)
[EXP] [ERASE] ch=1 lun=0 pl=0 blk=57 pg=255 erase_cnt=5 (vpc/ipc reset)
[EXP] [ERASE] ch=1 lun=1 pl=0 blk=57 pg=255 erase_cnt=5 (vpc/ipc reset)
[EXP] [ERASE] ch=1 lun=2 pl=0 blk=57 pg=255 erase_cnt=5 (vpc/ipc reset)
[EXP] [ERASE] ch=1 lun=3 pl=0 blk=57 pg=255 erase_cnt=5 (vpc/ipc reset)
[EXP] [ERASE] ch=1 lun=4 pl=0 blk=57 pg=255 erase_cnt=5 (vpc/ipc reset)
[EXP] [ERASE] ch=1 lun=5 pl=0 blk=57 pg=255 erase_cnt=5 (vpc/ipc reset)
[EXP] [ERASE] ch=1 lun=6 pl=0 blk=57 pg=255 erase_cnt=5 (vpc/ipc reset)
[EXP] [ERASE] ch=1 lun=7 pl=0 blk=57 pg=255 erase_cnt=5 (vpc/ipc reset)
[EXP] [ERASE] ch=2 lun=0 pl=0 blk=57 pg=255 erase_cnt=5 (vpc/ipc reset)
[EXP] [ERASE] ch=2 lun=1 pl=0 blk=57 pg=255 erase_cnt=5 (vpc/ipc reset)
[EXP] [ERASE] ch=2 lun=2 pl=0 blk=57 pg=255 erase_cnt=5 (vpc/ipc reset)
[EXP] [ERASE] ch=2 lun=3 pl=0 blk=57 pg=255 erase_cnt=5 (vpc/ipc reset)
[EXP] [ERASE] ch=2 lun=4 pl=0 blk=57 pg=255 erase_cnt=5 (vpc/ipc reset)
[EXP] [ERASE] ch=2 lun=5 pl=0 blk=57 pg=255 erase_cnt=5 (vpc/ipc reset)
[EXP] [ERASE] ch=2 lun=6 pl=0 blk=57 pg=255 erase_cnt=5 (vpc/ipc reset)
[EXP] [ERASE] ch=2 lun=7 pl=0 blk=57 pg=255 erase_cnt=5 (vpc/ipc reset)
[EXP] [ERASE] ch=3 lun=0 pl=0 blk=57 pg=255 erase_cnt=5 (vpc/ipc reset)
[EXP] [ERASE] ch=3 lun=1 pl=0 blk=57 pg=255 erase_cnt=5 (vpc/ipc reset)
[EXP] [ERASE] ch=3 lun=2 pl=0 blk=57 pg=255 erase_cnt=5 (vpc/ipc reset)
[EXP] [ERASE] ch=3 lun=3 pl=0 blk=57 pg=255 erase_cnt=5 (vpc/ipc reset)
[EXP] [ERASE] ch=3 lun=4 pl=0 blk=57 pg=255 erase_cnt=5 (vpc/ipc reset)
[EXP] [ERASE] ch=3 lun=5 pl=0 blk=57 pg=255 erase_cnt=5 (vpc/ipc reset)
[EXP] [ERASE] ch=3 lun=6 pl=0 blk=57 pg=255 erase_cnt=5 (vpc/ipc reset)
[EXP] [ERASE] ch=3 lun=7 pl=0 blk=57 pg=255 erase_cnt=5 (vpc/ipc reset)
[EXP] [ERASE] ch=4 lun=0 pl=0 blk=57 pg=255 erase_cnt=5 (vpc/ipc reset)
[EXP] [ERASE] ch=4 lun=1 pl=0 blk=57 pg=255 erase_cnt=5 (vpc/ipc reset)
[EXP] [ERASE] ch=4 lun=2 pl=0 blk=57 pg=255 erase_cnt=5 (vpc/ipc reset)
[EXP] [ERASE] ch=4 lun=3 pl=0 blk=57 pg=255 erase_cnt=5 (vpc/ipc reset)
[EXP] [ERASE] ch=4 lun=4 pl=0 blk=57 pg=255 erase_cnt=5 (vpc/ipc reset)
[EXP] [ERASE] ch=4 lun=5 pl=0 blk=57 pg=255 erase_cnt=5 (vpc/ipc reset)
[EXP] [ERASE] ch=4 lun=6 pl=0 blk=57 pg=255 erase_cnt=5 (vpc/ipc reset)
[EXP] [ERASE] ch=4 lun=7 pl=0 blk=57 pg=255 erase_cnt=5 (vpc/ipc reset)
[EXP] [ERASE] ch=5 lun=0 pl=0 blk=57 pg=255 erase_cnt=5 (vpc/ipc reset)
[EXP] [ERASE] ch=5 lun=1 pl=0 blk=57 pg=255 erase_cnt=5 (vpc/ipc reset)
[EXP] [ERASE] ch=5 lun=2 pl=0 blk=57 pg=255 erase_cnt=5 (vpc/ipc reset)
[EXP] [ERASE] ch=5 lun=3 pl=0 blk=57 pg=255 erase_cnt=5 (vpc/ipc reset)
[EXP] [ERASE] ch=5 lun=4 pl=0 blk=57 pg=255 erase_cnt=5 (vpc/ipc reset)
[EXP] [ERASE] ch=5 lun=5 pl=0 blk=57 pg=255 erase_cnt=5 (vpc/ipc reset)
[EXP] [ERASE] ch=5 lun=6 pl=0 blk=57 pg=255 erase_cnt=5 (vpc/ipc reset)
[EXP] [ERASE] ch=5 lun=7 pl=0 blk=57 pg=255 erase_cnt=5 (vpc/ipc reset)
[EXP] [ERASE] ch=6 lun=0 pl=0 blk=57 pg=255 erase_cnt=5 (vpc/ipc reset)
[EXP] [ERASE] ch=6 lun=1 pl=0 blk=57 pg=255 erase_cnt=5 (vpc/ipc reset)
[EXP] [ERASE] ch=6 lun=2 pl=0 blk=57 pg=255 erase_cnt=5 (vpc/ipc reset)
[EXP] [ERASE] ch=6 lun=3 pl=0 blk=57 pg=255 erase_cnt=5 (vpc/ipc reset)
[EXP] [ERASE] ch=6 lun=4 pl=0 blk=57 pg=255 erase_cnt=5 (vpc/ipc reset)
[EXP] [ERASE] ch=6 lun=5 pl=0 blk=57 pg=255 erase_cnt=5 (vpc/ipc reset)
[EXP] [ERASE] ch=6 lun=6 pl=0 blk=57 pg=255 erase_cnt=5 (vpc/ipc reset)
[EXP] [ERASE] ch=6 lun=7 pl=0 blk=57 pg=255 erase_cnt=5 (vpc/ipc reset)
[EXP] [ERASE] ch=7 lun=0 pl=0 blk=57 pg=255 erase_cnt=5 (vpc/ipc reset)
[EXP] [ERASE] ch=7 lun=1 pl=0 blk=57 pg=255 erase_cnt=5 (vpc/ipc reset)
[EXP] [ERASE] ch=7 lun=2 pl=0 blk=57 pg=255 erase_cnt=5 (vpc/ipc reset)
[EXP] [ERASE] ch=7 lun=3 pl=0 blk=57 pg=255 erase_cnt=5 (vpc/ipc reset)
[EXP] [ERASE] ch=7 lun=4 pl=0 blk=57 pg=255 erase_cnt=5 (vpc/ipc reset)
[EXP] [ERASE] ch=7 lun=5 pl=0 blk=57 pg=255 erase_cnt=5 (vpc/ipc reset)
[EXP] [ERASE] ch=7 lun=6 pl=0 blk=57 pg=255 erase_cnt=5 (vpc/ipc reset)
[EXP] [ERASE] ch=7 lun=7 pl=0 blk=57 pg=255 erase_cnt=5 (vpc/ipc reset)
[EXP] [ERASE] ch=0 lun=0 pl=0 blk=55 pg=255 erase_cnt=5 (vpc/ipc reset)
[EXP] [ERASE] ch=0 lun=1 pl=0 blk=55 pg=255 erase_cnt=5 (vpc/ipc reset)
[EXP] [ERASE] ch=0 lun=2 pl=0 blk=55 pg=255 erase_cnt=5 (vpc/ipc reset)
[EXP] [ERASE] ch=0 lun=3 pl=0 blk=55 pg=255 erase_cnt=5 (vpc/ipc reset)
[EXP] [ERASE] ch=0 lun=4 pl=0 blk=55 pg=255 erase_cnt=5 (vpc/ipc reset)
[EXP] [ERASE] ch=0 lun=5 pl=0 blk=55 pg=255 erase_cnt=5 (vpc/ipc reset)
[EXP] [ERASE] ch=0 lun=6 pl=0 blk=55 pg=255 erase_cnt=5 (vpc/ipc reset)
[EXP] [ERASE] ch=0 lun=7 pl=0 blk=55 pg=255 erase_cnt=5 (vpc/ipc reset)
[EXP] [ERASE] ch=1 lun=0 pl=0 blk=55 pg=255 erase_cnt=5 (vpc/ipc reset)
[EXP] [ERASE] ch=1 lun=1 pl=0 blk=55 pg=255 erase_cnt=5 (vpc/ipc reset)
[EXP] [ERASE] ch=1 lun=2 pl=0 blk=55 pg=255 erase_cnt=5 (vpc/ipc reset)
[EXP] [ERASE] ch=1 lun=3 pl=0 blk=55 pg=255 erase_cnt=5 (vpc/ipc reset)
[EXP] [ERASE] ch=1 lun=4 pl=0 blk=55 pg=255 erase_cnt=5 (vpc/ipc reset)
[EXP] [ERASE] ch=1 lun=5 pl=0 blk=55 pg=255 erase_cnt=5 (vpc/ipc reset)
[EXP] [ERASE] ch=1 lun=6 pl=0 blk=55 pg=255 erase_cnt=5 (vpc/ipc reset)
[EXP] [ERASE] ch=1 lun=7 pl=0 blk=55 pg=255 erase_cnt=5 (vpc/ipc reset)
[EXP] [ERASE] ch=2 lun=0 pl=0 blk=55 pg=255 erase_cnt=5 (vpc/ipc reset)
[EXP] [ERASE] ch=2 lun=1 pl=0 blk=55 pg=255 erase_cnt=5 (vpc/ipc reset)
[EXP] [ERASE] ch=2 lun=2 pl=0 blk=55 pg=255 erase_cnt=5 (vpc/ipc reset)
[EXP] [ERASE] ch=2 lun=3 pl=0 blk=55 pg=255 erase_cnt=5 (vpc/ipc reset)
[EXP] [ERASE] ch=2 lun=4 pl=0 blk=55 pg=255 erase_cnt=5 (vpc/ipc reset)
[EXP] [ERASE] ch=2 lun=5 pl=0 blk=55 pg=255 erase_cnt=5 (vpc/ipc reset)
[EXP] [ERASE] ch=2 lun=6 pl=0 blk=55 pg=255 erase_cnt=5 (vpc/ipc reset)
[EXP] [ERASE] ch=2 lun=7 pl=0 blk=55 pg=255 erase_cnt=5 (vpc/ipc reset)
[EXP] [ERASE] ch=3 lun=0 pl=0 blk=55 pg=255 erase_cnt=5 (vpc/ipc reset)
[EXP] [ERASE] ch=3 lun=1 pl=0 blk=55 pg=255 erase_cnt=5 (vpc/ipc reset)
[EXP] [ERASE] ch=3 lun=2 pl=0 blk=55 pg=255 erase_cnt=5 (vpc/ipc reset)
[EXP] [ERASE] ch=3 lun=3 pl=0 blk=55 pg=255 erase_cnt=5 (vpc/ipc reset)
[EXP] [ERASE] ch=3 lun=4 pl=0 blk=55 pg=255 erase_cnt=5 (vpc/ipc reset)
[EXP] [ERASE] ch=3 lun=5 pl=0 blk=55 pg=255 erase_cnt=5 (vpc/ipc reset)
[EXP] [ERASE] ch=3 lun=6 pl=0 blk=55 pg=255 erase_cnt=5 (vpc/ipc reset)
[EXP] [ERASE] ch=3 lun=7 pl=0 blk=55 pg=255 erase_cnt=5 (vpc/ipc reset)
[EXP] [ERASE] ch=4 lun=0 pl=0 blk=55 pg=255 erase_cnt=5 (vpc/ipc reset)
[EXP] [ERASE] ch=4 lun=1 pl=0 blk=55 pg=255 erase_cnt=5 (vpc/ipc reset)
[EXP] [ERASE] ch=4 lun=2 pl=0 blk=55 pg=255 erase_cnt=5 (vpc/ipc reset)
[EXP] [ERASE] ch=4 lun=3 pl=0 blk=55 pg=255 erase_cnt=5 (vpc/ipc reset)
[EXP] [ERASE] ch=4 lun=4 pl=0 blk=55 pg=255 erase_cnt=5 (vpc/ipc reset)
[EXP] [ERASE] ch=4 lun=5 pl=0 blk=55 pg=255 erase_cnt=5 (vpc/ipc reset)
[EXP] [ERASE] ch=4 lun=6 pl=0 blk=55 pg=255 erase_cnt=5 (vpc/ipc reset)
[EXP] [ERASE] ch=4 lun=7 pl=0 blk=55 pg=255 erase_cnt=5 (vpc/ipc reset)
[EXP] [ERASE] ch=5 lun=0 pl=0 blk=55 pg=255 erase_cnt=5 (vpc/ipc reset)
[EXP] [ERASE] ch=5 lun=1 pl=0 blk=55 pg=255 erase_cnt=5 (vpc/ipc reset)
[EXP] [ERASE] ch=5 lun=2 pl=0 blk=55 pg=255 erase_cnt=5 (vpc/ipc reset)
[EXP] [ERASE] ch=5 lun=3 pl=0 blk=55 pg=255 erase_cnt=5 (vpc/ipc reset)
[EXP] [ERASE] ch=5 lun=4 pl=0 blk=55 pg=255 erase_cnt=5 (vpc/ipc reset)
[EXP] [ERASE] ch=5 lun=5 pl=0 blk=55 pg=255 erase_cnt=5 (vpc/ipc reset)
[EXP] [ERASE] ch=5 lun=6 pl=0 blk=55 pg=255 erase_cnt=5 (vpc/ipc reset)
[EXP] [ERASE] ch=5 lun=7 pl=0 blk=55 pg=255 erase_cnt=5 (vpc/ipc reset)
[EXP] [ERASE] ch=6 lun=0 pl=0 blk=55 pg=255 erase_cnt=5 (vpc/ipc reset)
[EXP] [ERASE] ch=6 lun=1 pl=0 blk=55 pg=255 erase_cnt=5 (vpc/ipc reset)
[EXP] [ERASE] ch=6 lun=2 pl=0 blk=55 pg=255 erase_cnt=5 (vpc/ipc reset)
[EXP] [ERASE] ch=6 lun=3 pl=0 blk=55 pg=255 erase_cnt=5 (vpc/ipc reset)
[EXP] [ERASE] ch=6 lun=4 pl=0 blk=55 pg=255 erase_cnt=5 (vpc/ipc reset)
[EXP] [ERASE] ch=6 lun=5 pl=0 blk=55 pg=255 erase_cnt=5 (vpc/ipc reset)
[EXP] [ERASE] ch=6 lun=6 pl=0 blk=55 pg=255 erase_cnt=5 (vpc/ipc reset)
[EXP] [ERASE] ch=6 lun=7 pl=0 blk=55 pg=255 erase_cnt=5 (vpc/ipc reset)
[EXP] [ERASE] ch=7 lun=0 pl=0 blk=55 pg=255 erase_cnt=5 (vpc/ipc reset)
[EXP] [ERASE] ch=7 lun=1 pl=0 blk=55 pg=255 erase_cnt=5 (vpc/ipc reset)
[EXP] [ERASE] ch=7 lun=2 pl=0 blk=55 pg=255 erase_cnt=5 (vpc/ipc reset)
[EXP] [ERASE] ch=7 lun=3 pl=0 blk=55 pg=255 erase_cnt=5 (vpc/ipc reset)
[EXP] [ERASE] ch=7 lun=4 pl=0 blk=55 pg=255 erase_cnt=5 (vpc/ipc reset)
[EXP] [ERASE] ch=7 lun=5 pl=0 blk=55 pg=255 erase_cnt=5 (vpc/ipc reset)
[EXP] [ERASE] ch=7 lun=6 pl=0 blk=55 pg=255 erase_cnt=5 (vpc/ipc reset)
[EXP] [ERASE] ch=7 lun=7 pl=0 blk=55 pg=255 erase_cnt=5 (vpc/ipc reset)
[EXP] [ERASE] ch=0 lun=0 pl=0 blk=63 pg=255 erase_cnt=4 (vpc/ipc reset)
[EXP] [ERASE] ch=0 lun=1 pl=0 blk=63 pg=255 erase_cnt=4 (vpc/ipc reset)
[EXP] [ERASE] ch=0 lun=2 pl=0 blk=63 pg=255 erase_cnt=4 (vpc/ipc reset)
[EXP] [ERASE] ch=0 lun=3 pl=0 blk=63 pg=255 erase_cnt=4 (vpc/ipc reset)
[EXP] [ERASE] ch=0 lun=4 pl=0 blk=63 pg=255 erase_cnt=4 (vpc/ipc reset)
[EXP] [ERASE] ch=0 lun=5 pl=0 blk=63 pg=255 erase_cnt=4 (vpc/ipc reset)
[EXP] [ERASE] ch=0 lun=6 pl=0 blk=63 pg=255 erase_cnt=4 (vpc/ipc reset)
[EXP] [ERASE] ch=0 lun=7 pl=0 blk=63 pg=255 erase_cnt=4 (vpc/ipc reset)
[EXP] [ERASE] ch=1 lun=0 pl=0 blk=63 pg=255 erase_cnt=4 (vpc/ipc reset)
[EXP] [ERASE] ch=1 lun=1 pl=0 blk=63 pg=255 erase_cnt=4 (vpc/ipc reset)
[EXP] [ERASE] ch=1 lun=2 pl=0 blk=63 pg=255 erase_cnt=4 (vpc/ipc reset)
[EXP] [ERASE] ch=1 lun=3 pl=0 blk=63 pg=255 erase_cnt=4 (vpc/ipc reset)
[EXP] [ERASE] ch=1 lun=4 pl=0 blk=63 pg=255 erase_cnt=4 (vpc/ipc reset)
[EXP] [ERASE] ch=1 lun=5 pl=0 blk=63 pg=255 erase_cnt=4 (vpc/ipc reset)
[EXP] [ERASE] ch=1 lun=6 pl=0 blk=63 pg=255 erase_cnt=4 (vpc/ipc reset)
[EXP] [ERASE] ch=1 lun=7 pl=0 blk=63 pg=255 erase_cnt=4 (vpc/ipc reset)
[EXP] [ERASE] ch=2 lun=0 pl=0 blk=63 pg=255 erase_cnt=4 (vpc/ipc reset)
[EXP] [ERASE] ch=2 lun=1 pl=0 blk=63 pg=255 erase_cnt=4 (vpc/ipc reset)
[EXP] [ERASE] ch=2 lun=2 pl=0 blk=63 pg=255 erase_cnt=4 (vpc/ipc reset)
[EXP] [ERASE] ch=2 lun=3 pl=0 blk=63 pg=255 erase_cnt=4 (vpc/ipc reset)
[EXP] [ERASE] ch=2 lun=4 pl=0 blk=63 pg=255 erase_cnt=4 (vpc/ipc reset)
[EXP] [ERASE] ch=2 lun=5 pl=0 blk=63 pg=255 erase_cnt=4 (vpc/ipc reset)
[EXP] [ERASE] ch=2 lun=6 pl=0 blk=63 pg=255 erase_cnt=4 (vpc/ipc reset)
[EXP] [ERASE] ch=2 lun=7 pl=0 blk=63 pg=255 erase_cnt=4 (vpc/ipc reset)
[EXP] [ERASE] ch=3 lun=0 pl=0 blk=63 pg=255 erase_cnt=4 (vpc/ipc reset)
[EXP] [ERASE] ch=3 lun=1 pl=0 blk=63 pg=255 erase_cnt=4 (vpc/ipc reset)
[EXP] [ERASE] ch=3 lun=2 pl=0 blk=63 pg=255 erase_cnt=4 (vpc/ipc reset)
[EXP] [ERASE] ch=3 lun=3 pl=0 blk=63 pg=255 erase_cnt=4 (vpc/ipc reset)
[EXP] [ERASE] ch=3 lun=4 pl=0 blk=63 pg=255 erase_cnt=4 (vpc/ipc reset)
[EXP] [GC_MOVE] lpn=0 ch=3 lun=5 pl=0 blk=63 pg=170 -> ch=0 lun=2 pl=0 blk=34 pg=95
[EXP] [ERASE_SURVIVE] lpn=0 count=12 source ch=3 lun=5 pl=0 blk=63 pg=170
[EXP] [ERASE] ch=3 lun=5 pl=0 blk=63 pg=255 erase_cnt=4 (vpc/ipc reset)
[EXP] [ERASE] ch=3 lun=6 pl=0 blk=63 pg=255 erase_cnt=4 (vpc/ipc reset)
[EXP] [ERASE] ch=3 lun=7 pl=0 blk=63 pg=255 erase_cnt=4 (vpc/ipc reset)
[EXP] [ERASE] ch=4 lun=0 pl=0 blk=63 pg=255 erase_cnt=4 (vpc/ipc reset)
[EXP] [ERASE] ch=4 lun=1 pl=0 blk=63 pg=255 erase_cnt=4 (vpc/ipc reset)
[EXP] [ERASE] ch=4 lun=2 pl=0 blk=63 pg=255 erase_cnt=4 (vpc/ipc reset)
[EXP] [ERASE] ch=4 lun=3 pl=0 blk=63 pg=255 erase_cnt=4 (vpc/ipc reset)
[EXP] [ERASE] ch=4 lun=4 pl=0 blk=63 pg=255 erase_cnt=4 (vpc/ipc reset)
[EXP] [ERASE] ch=4 lun=5 pl=0 blk=63 pg=255 erase_cnt=4 (vpc/ipc reset)
[EXP] [ERASE] ch=4 lun=6 pl=0 blk=63 pg=255 erase_cnt=4 (vpc/ipc reset)
[EXP] [ERASE] ch=4 lun=7 pl=0 blk=63 pg=255 erase_cnt=4 (vpc/ipc reset)
[EXP] [ERASE] ch=5 lun=0 pl=0 blk=63 pg=255 erase_cnt=4 (vpc/ipc reset)
[EXP] [ERASE] ch=5 lun=1 pl=0 blk=63 pg=255 erase_cnt=4 (vpc/ipc reset)
[EXP] [ERASE] ch=5 lun=2 pl=0 blk=63 pg=255 erase_cnt=4 (vpc/ipc reset)
[EXP] [ERASE] ch=5 lun=3 pl=0 blk=63 pg=255 erase_cnt=4 (vpc/ipc reset)
[EXP] [ERASE] ch=5 lun=4 pl=0 blk=63 pg=255 erase_cnt=4 (vpc/ipc reset)
[EXP] [ERASE] ch=5 lun=5 pl=0 blk=63 pg=255 erase_cnt=4 (vpc/ipc reset)
[EXP] [ERASE] ch=5 lun=6 pl=0 blk=63 pg=255 erase_cnt=4 (vpc/ipc reset)
[EXP] [ERASE] ch=5 lun=7 pl=0 blk=63 pg=255 erase_cnt=4 (vpc/ipc reset)
[EXP] [ERASE] ch=6 lun=0 pl=0 blk=63 pg=255 erase_cnt=4 (vpc/ipc reset)
[EXP] [ERASE] ch=6 lun=1 pl=0 blk=63 pg=255 erase_cnt=4 (vpc/ipc reset)
[EXP] [ERASE] ch=6 lun=2 pl=0 blk=63 pg=255 erase_cnt=4 (vpc/ipc reset)
[EXP] [ERASE] ch=6 lun=3 pl=0 blk=63 pg=255 erase_cnt=4 (vpc/ipc reset)
[EXP] [ERASE] ch=6 lun=4 pl=0 blk=63 pg=255 erase_cnt=4 (vpc/ipc reset)
[EXP] [ERASE] ch=6 lun=5 pl=0 blk=63 pg=255 erase_cnt=4 (vpc/ipc reset)
[EXP] [ERASE] ch=6 lun=6 pl=0 blk=63 pg=255 erase_cnt=4 (vpc/ipc reset)
[EXP] [ERASE] ch=6 lun=7 pl=0 blk=63 pg=255 erase_cnt=4 (vpc/ipc reset)
[EXP] [ERASE] ch=7 lun=0 pl=0 blk=63 pg=255 erase_cnt=4 (vpc/ipc reset)
[EXP] [ERASE] ch=7 lun=1 pl=0 blk=63 pg=255 erase_cnt=4 (vpc/ipc reset)
[EXP] [ERASE] ch=7 lun=2 pl=0 blk=63 pg=255 erase_cnt=4 (vpc/ipc reset)
[EXP] [ERASE] ch=7 lun=3 pl=0 blk=63 pg=255 erase_cnt=4 (vpc/ipc reset)
[EXP] [ERASE] ch=7 lun=4 pl=0 blk=63 pg=255 erase_cnt=4 (vpc/ipc reset)
[EXP] [ERASE] ch=7 lun=5 pl=0 blk=63 pg=255 erase_cnt=4 (vpc/ipc reset)
[EXP] [ERASE] ch=7 lun=6 pl=0 blk=63 pg=255 erase_cnt=4 (vpc/ipc reset)
[EXP] [ERASE] ch=7 lun=7 pl=0 blk=63 pg=255 erase_cnt=4 (vpc/ipc reset)
[EXP] [ERASE] ch=0 lun=0 pl=0 blk=16 pg=255 erase_cnt=5 (vpc/ipc reset)
[EXP] [ERASE] ch=0 lun=1 pl=0 blk=16 pg=255 erase_cnt=5 (vpc/ipc reset)
[EXP] [ERASE] ch=0 lun=2 pl=0 blk=16 pg=255 erase_cnt=5 (vpc/ipc reset)
[EXP] [ERASE] ch=0 lun=3 pl=0 blk=16 pg=255 erase_cnt=5 (vpc/ipc reset)
[EXP] [ERASE] ch=0 lun=4 pl=0 blk=16 pg=255 erase_cnt=5 (vpc/ipc reset)
[EXP] [ERASE] ch=0 lun=5 pl=0 blk=16 pg=255 erase_cnt=5 (vpc/ipc reset)
[EXP] [ERASE] ch=0 lun=6 pl=0 blk=16 pg=255 erase_cnt=5 (vpc/ipc reset)
[EXP] [ERASE] ch=0 lun=7 pl=0 blk=16 pg=255 erase_cnt=5 (vpc/ipc reset)
[EXP] [ERASE] ch=1 lun=0 pl=0 blk=16 pg=255 erase_cnt=5 (vpc/ipc reset)
[EXP] [ERASE] ch=1 lun=1 pl=0 blk=16 pg=255 erase_cnt=5 (vpc/ipc reset)
[EXP] [ERASE] ch=1 lun=2 pl=0 blk=16 pg=255 erase_cnt=5 (vpc/ipc reset)
[EXP] [ERASE] ch=1 lun=3 pl=0 blk=16 pg=255 erase_cnt=5 (vpc/ipc reset)
[EXP] [ERASE] ch=1 lun=4 pl=0 blk=16 pg=255 erase_cnt=5 (vpc/ipc reset)
[EXP] [ERASE] ch=1 lun=5 pl=0 blk=16 pg=255 erase_cnt=5 (vpc/ipc reset)
[EXP] [ERASE] ch=1 lun=6 pl=0 blk=16 pg=255 erase_cnt=5 (vpc/ipc reset)
[EXP] [ERASE] ch=1 lun=7 pl=0 blk=16 pg=255 erase_cnt=5 (vpc/ipc reset)
[EXP] [ERASE] ch=2 lun=0 pl=0 blk=16 pg=255 erase_cnt=5 (vpc/ipc reset)
[EXP] [ERASE] ch=2 lun=1 pl=0 blk=16 pg=255 erase_cnt=5 (vpc/ipc reset)
[EXP] [ERASE] ch=2 lun=2 pl=0 blk=16 pg=255 erase_cnt=5 (vpc/ipc reset)
[EXP] [ERASE] ch=2 lun=3 pl=0 blk=16 pg=255 erase_cnt=5 (vpc/ipc reset)
[EXP] [ERASE] ch=2 lun=4 pl=0 blk=16 pg=255 erase_cnt=5 (vpc/ipc reset)
[EXP] [ERASE] ch=2 lun=5 pl=0 blk=16 pg=255 erase_cnt=5 (vpc/ipc reset)
[EXP] [ERASE] ch=2 lun=6 pl=0 blk=16 pg=255 erase_cnt=5 (vpc/ipc reset)
[EXP] [ERASE] ch=2 lun=7 pl=0 blk=16 pg=255 erase_cnt=5 (vpc/ipc reset)
[EXP] [ERASE] ch=3 lun=0 pl=0 blk=16 pg=255 erase_cnt=5 (vpc/ipc reset)
[EXP] [ERASE] ch=3 lun=1 pl=0 blk=16 pg=255 erase_cnt=5 (vpc/ipc reset)
[EXP] [ERASE] ch=3 lun=2 pl=0 blk=16 pg=255 erase_cnt=5 (vpc/ipc reset)
[EXP] [ERASE] ch=3 lun=3 pl=0 blk=16 pg=255 erase_cnt=5 (vpc/ipc reset)
[EXP] [ERASE] ch=3 lun=4 pl=0 blk=16 pg=255 erase_cnt=5 (vpc/ipc reset)
[EXP] [ERASE] ch=3 lun=5 pl=0 blk=16 pg=255 erase_cnt=5 (vpc/ipc reset)
[EXP] [ERASE] ch=3 lun=6 pl=0 blk=16 pg=255 erase_cnt=5 (vpc/ipc reset)
[EXP] [ERASE] ch=3 lun=7 pl=0 blk=16 pg=255 erase_cnt=5 (vpc/ipc reset)
[EXP] [ERASE] ch=4 lun=0 pl=0 blk=16 pg=255 erase_cnt=5 (vpc/ipc reset)
[EXP] [ERASE] ch=4 lun=1 pl=0 blk=16 pg=255 erase_cnt=5 (vpc/ipc reset)
[EXP] [ERASE] ch=4 lun=2 pl=0 blk=16 pg=255 erase_cnt=5 (vpc/ipc reset)
[EXP] [ERASE] ch=4 lun=3 pl=0 blk=16 pg=255 erase_cnt=5 (vpc/ipc reset)
[EXP] [ERASE] ch=4 lun=4 pl=0 blk=16 pg=255 erase_cnt=5 (vpc/ipc reset)
[EXP] [ERASE] ch=4 lun=5 pl=0 blk=16 pg=255 erase_cnt=5 (vpc/ipc reset)
[EXP] [ERASE] ch=4 lun=6 pl=0 blk=16 pg=255 erase_cnt=5 (vpc/ipc reset)
[EXP] [ERASE] ch=4 lun=7 pl=0 blk=16 pg=255 erase_cnt=5 (vpc/ipc reset)
[EXP] [ERASE] ch=5 lun=0 pl=0 blk=16 pg=255 erase_cnt=5 (vpc/ipc reset)
[EXP] [ERASE] ch=5 lun=1 pl=0 blk=16 pg=255 erase_cnt=5 (vpc/ipc reset)
[EXP] [ERASE] ch=5 lun=2 pl=0 blk=16 pg=255 erase_cnt=5 (vpc/ipc reset)
[EXP] [ERASE] ch=5 lun=3 pl=0 blk=16 pg=255 erase_cnt=5 (vpc/ipc reset)
[EXP] [ERASE] ch=5 lun=4 pl=0 blk=16 pg=255 erase_cnt=5 (vpc/ipc reset)
[EXP] [ERASE] ch=5 lun=5 pl=0 blk=16 pg=255 erase_cnt=5 (vpc/ipc reset)
[EXP] [ERASE] ch=5 lun=6 pl=0 blk=16 pg=255 erase_cnt=5 (vpc/ipc reset)
[EXP] [ERASE] ch=5 lun=7 pl=0 blk=16 pg=255 erase_cnt=5 (vpc/ipc reset)
[EXP] [ERASE] ch=6 lun=0 pl=0 blk=16 pg=255 erase_cnt=5 (vpc/ipc reset)
[EXP] [ERASE] ch=6 lun=1 pl=0 blk=16 pg=255 erase_cnt=5 (vpc/ipc reset)
[EXP] [ERASE] ch=6 lun=2 pl=0 blk=16 pg=255 erase_cnt=5 (vpc/ipc reset)
[EXP] [ERASE] ch=6 lun=3 pl=0 blk=16 pg=255 erase_cnt=5 (vpc/ipc reset)
[EXP] [ERASE] ch=6 lun=4 pl=0 blk=16 pg=255 erase_cnt=5 (vpc/ipc reset)
[EXP] [ERASE] ch=6 lun=5 pl=0 blk=16 pg=255 erase_cnt=5 (vpc/ipc reset)
[EXP] [ERASE] ch=6 lun=6 pl=0 blk=16 pg=255 erase_cnt=5 (vpc/ipc reset)
[EXP] [ERASE] ch=6 lun=7 pl=0 blk=16 pg=255 erase_cnt=5 (vpc/ipc reset)
[EXP] [ERASE] ch=7 lun=0 pl=0 blk=16 pg=255 erase_cnt=5 (vpc/ipc reset)
[EXP] [ERASE] ch=7 lun=1 pl=0 blk=16 pg=255 erase_cnt=5 (vpc/ipc reset)
[EXP] [ERASE] ch=7 lun=2 pl=0 blk=16 pg=255 erase_cnt=5 (vpc/ipc reset)
[EXP] [ERASE] ch=7 lun=3 pl=0 blk=16 pg=255 erase_cnt=5 (vpc/ipc reset)
[EXP] [ERASE] ch=7 lun=4 pl=0 blk=16 pg=255 erase_cnt=5 (vpc/ipc reset)
[EXP] [ERASE] ch=7 lun=5 pl=0 blk=16 pg=255 erase_cnt=5 (vpc/ipc reset)
[EXP] [ERASE] ch=7 lun=6 pl=0 blk=16 pg=255 erase_cnt=5 (vpc/ipc reset)
[EXP] [ERASE] ch=7 lun=7 pl=0 blk=16 pg=255 erase_cnt=5 (vpc/ipc reset)
[EXP] [ERASE] ch=0 lun=0 pl=0 blk=97 pg=255 erase_cnt=8 (vpc/ipc reset)
[EXP] [ERASE] ch=0 lun=1 pl=0 blk=97 pg=255 erase_cnt=8 (vpc/ipc reset)
[EXP] [ERASE] ch=0 lun=2 pl=0 blk=97 pg=255 erase_cnt=8 (vpc/ipc reset)
[EXP] [ERASE] ch=0 lun=3 pl=0 blk=97 pg=255 erase_cnt=8 (vpc/ipc reset)
[EXP] [ERASE] ch=0 lun=4 pl=0 blk=97 pg=255 erase_cnt=8 (vpc/ipc reset)
[EXP] [ERASE] ch=0 lun=5 pl=0 blk=97 pg=255 erase_cnt=8 (vpc/ipc reset)
[EXP] [ERASE] ch=0 lun=6 pl=0 blk=97 pg=255 erase_cnt=8 (vpc/ipc reset)
[EXP] [ERASE] ch=0 lun=7 pl=0 blk=97 pg=255 erase_cnt=8 (vpc/ipc reset)
[EXP] [ERASE] ch=1 lun=0 pl=0 blk=97 pg=255 erase_cnt=8 (vpc/ipc reset)
[EXP] [ERASE] ch=1 lun=1 pl=0 blk=97 pg=255 erase_cnt=8 (vpc/ipc reset)
[EXP] [ERASE] ch=1 lun=2 pl=0 blk=97 pg=255 erase_cnt=8 (vpc/ipc reset)
[EXP] [ERASE] ch=1 lun=3 pl=0 blk=97 pg=255 erase_cnt=8 (vpc/ipc reset)
[EXP] [ERASE] ch=1 lun=4 pl=0 blk=97 pg=255 erase_cnt=8 (vpc/ipc reset)
[EXP] [ERASE] ch=1 lun=5 pl=0 blk=97 pg=255 erase_cnt=8 (vpc/ipc reset)
[EXP] [ERASE] ch=1 lun=6 pl=0 blk=97 pg=255 erase_cnt=8 (vpc/ipc reset)
[EXP] [ERASE] ch=1 lun=7 pl=0 blk=97 pg=255 erase_cnt=8 (vpc/ipc reset)
[EXP] [ERASE] ch=2 lun=0 pl=0 blk=97 pg=255 erase_cnt=8 (vpc/ipc reset)
[EXP] [ERASE] ch=2 lun=1 pl=0 blk=97 pg=255 erase_cnt=8 (vpc/ipc reset)
[EXP] [ERASE] ch=2 lun=2 pl=0 blk=97 pg=255 erase_cnt=8 (vpc/ipc reset)
[EXP] [ERASE] ch=2 lun=3 pl=0 blk=97 pg=255 erase_cnt=8 (vpc/ipc reset)
[EXP] [ERASE] ch=2 lun=4 pl=0 blk=97 pg=255 erase_cnt=8 (vpc/ipc reset)
[EXP] [ERASE] ch=2 lun=5 pl=0 blk=97 pg=255 erase_cnt=8 (vpc/ipc reset)
[EXP] [ERASE] ch=2 lun=6 pl=0 blk=97 pg=255 erase_cnt=8 (vpc/ipc reset)
[EXP] [ERASE] ch=2 lun=7 pl=0 blk=97 pg=255 erase_cnt=8 (vpc/ipc reset)
[EXP] [ERASE] ch=3 lun=0 pl=0 blk=97 pg=255 erase_cnt=8 (vpc/ipc reset)
[EXP] [ERASE] ch=3 lun=1 pl=0 blk=97 pg=255 erase_cnt=8 (vpc/ipc reset)
[EXP] [ERASE] ch=3 lun=2 pl=0 blk=97 pg=255 erase_cnt=8 (vpc/ipc reset)
[EXP] [ERASE] ch=3 lun=3 pl=0 blk=97 pg=255 erase_cnt=8 (vpc/ipc reset)
[EXP] [ERASE] ch=3 lun=4 pl=0 blk=97 pg=255 erase_cnt=8 (vpc/ipc reset)
[EXP] [ERASE] ch=3 lun=5 pl=0 blk=97 pg=255 erase_cnt=8 (vpc/ipc reset)
[EXP] [ERASE] ch=3 lun=6 pl=0 blk=97 pg=255 erase_cnt=8 (vpc/ipc reset)
[EXP] [ERASE] ch=3 lun=7 pl=0 blk=97 pg=255 erase_cnt=8 (vpc/ipc reset)
[EXP] [ERASE] ch=4 lun=0 pl=0 blk=97 pg=255 erase_cnt=8 (vpc/ipc reset)
[EXP] [ERASE] ch=4 lun=1 pl=0 blk=97 pg=255 erase_cnt=8 (vpc/ipc reset)
[EXP] [ERASE] ch=4 lun=2 pl=0 blk=97 pg=255 erase_cnt=8 (vpc/ipc reset)
[EXP] [ERASE] ch=4 lun=3 pl=0 blk=97 pg=255 erase_cnt=8 (vpc/ipc reset)
[EXP] [ERASE] ch=4 lun=4 pl=0 blk=97 pg=255 erase_cnt=8 (vpc/ipc reset)
[EXP] [ERASE] ch=4 lun=5 pl=0 blk=97 pg=255 erase_cnt=8 (vpc/ipc reset)
[EXP] [ERASE] ch=4 lun=6 pl=0 blk=97 pg=255 erase_cnt=8 (vpc/ipc reset)
[EXP] [ERASE] ch=4 lun=7 pl=0 blk=97 pg=255 erase_cnt=8 (vpc/ipc reset)
[EXP] [ERASE] ch=5 lun=0 pl=0 blk=97 pg=255 erase_cnt=8 (vpc/ipc reset)
[EXP] [ERASE] ch=5 lun=1 pl=0 blk=97 pg=255 erase_cnt=8 (vpc/ipc reset)
[EXP] [ERASE] ch=5 lun=2 pl=0 blk=97 pg=255 erase_cnt=8 (vpc/ipc reset)
[EXP] [ERASE] ch=5 lun=3 pl=0 blk=97 pg=255 erase_cnt=8 (vpc/ipc reset)
[EXP] [ERASE] ch=5 lun=4 pl=0 blk=97 pg=255 erase_cnt=8 (vpc/ipc reset)
[EXP] [ERASE] ch=5 lun=5 pl=0 blk=97 pg=255 erase_cnt=8 (vpc/ipc reset)
[EXP] [ERASE] ch=5 lun=6 pl=0 blk=97 pg=255 erase_cnt=8 (vpc/ipc reset)
[EXP] [ERASE] ch=5 lun=7 pl=0 blk=97 pg=255 erase_cnt=8 (vpc/ipc reset)
[EXP] [ERASE] ch=6 lun=0 pl=0 blk=97 pg=255 erase_cnt=8 (vpc/ipc reset)
[EXP] [ERASE] ch=6 lun=1 pl=0 blk=97 pg=255 erase_cnt=8 (vpc/ipc reset)
[EXP] [ERASE] ch=6 lun=2 pl=0 blk=97 pg=255 erase_cnt=8 (vpc/ipc reset)
[EXP] [ERASE] ch=6 lun=3 pl=0 blk=97 pg=255 erase_cnt=8 (vpc/ipc reset)
[EXP] [ERASE] ch=6 lun=4 pl=0 blk=97 pg=255 erase_cnt=8 (vpc/ipc reset)
[EXP] [ERASE] ch=6 lun=5 pl=0 blk=97 pg=255 erase_cnt=8 (vpc/ipc reset)
[EXP] [ERASE] ch=6 lun=6 pl=0 blk=97 pg=255 erase_cnt=8 (vpc/ipc reset)
[EXP] [ERASE] ch=6 lun=7 pl=0 blk=97 pg=255 erase_cnt=8 (vpc/ipc reset)
[EXP] [ERASE] ch=7 lun=0 pl=0 blk=97 pg=255 erase_cnt=8 (vpc/ipc reset)
[EXP] [ERASE] ch=7 lun=1 pl=0 blk=97 pg=255 erase_cnt=8 (vpc/ipc reset)
[EXP] [ERASE] ch=7 lun=2 pl=0 blk=97 pg=255 erase_cnt=8 (vpc/ipc reset)
[EXP] [ERASE] ch=7 lun=3 pl=0 blk=97 pg=255 erase_cnt=8 (vpc/ipc reset)
[EXP] [ERASE] ch=7 lun=4 pl=0 blk=97 pg=255 erase_cnt=8 (vpc/ipc reset)
[EXP] [ERASE] ch=7 lun=5 pl=0 blk=97 pg=255 erase_cnt=8 (vpc/ipc reset)
[EXP] [ERASE] ch=7 lun=6 pl=0 blk=97 pg=255 erase_cnt=8 (vpc/ipc reset)
[EXP] [ERASE] ch=7 lun=7 pl=0 blk=97 pg=255 erase_cnt=8 (vpc/ipc reset)
[EXP] [ERASE] ch=0 lun=0 pl=0 blk=61 pg=255 erase_cnt=6 (vpc/ipc reset)
[EXP] [ERASE] ch=0 lun=1 pl=0 blk=61 pg=255 erase_cnt=6 (vpc/ipc reset)
[EXP] [ERASE] ch=0 lun=2 pl=0 blk=61 pg=255 erase_cnt=6 (vpc/ipc reset)
[EXP] [ERASE] ch=0 lun=3 pl=0 blk=61 pg=255 erase_cnt=6 (vpc/ipc reset)
[EXP] [ERASE] ch=0 lun=4 pl=0 blk=61 pg=255 erase_cnt=6 (vpc/ipc reset)
[EXP] [ERASE] ch=0 lun=5 pl=0 blk=61 pg=255 erase_cnt=6 (vpc/ipc reset)
[EXP] [ERASE] ch=0 lun=6 pl=0 blk=61 pg=255 erase_cnt=6 (vpc/ipc reset)
[EXP] [ERASE] ch=0 lun=7 pl=0 blk=61 pg=255 erase_cnt=6 (vpc/ipc reset)
[EXP] [ERASE] ch=1 lun=0 pl=0 blk=61 pg=255 erase_cnt=6 (vpc/ipc reset)
[EXP] [ERASE] ch=1 lun=1 pl=0 blk=61 pg=255 erase_cnt=6 (vpc/ipc reset)
[EXP] [ERASE] ch=1 lun=2 pl=0 blk=61 pg=255 erase_cnt=6 (vpc/ipc reset)
[EXP] [ERASE] ch=1 lun=3 pl=0 blk=61 pg=255 erase_cnt=6 (vpc/ipc reset)
[EXP] [ERASE] ch=1 lun=4 pl=0 blk=61 pg=255 erase_cnt=6 (vpc/ipc reset)
[EXP] [ERASE] ch=1 lun=5 pl=0 blk=61 pg=255 erase_cnt=6 (vpc/ipc reset)
[EXP] [ERASE] ch=1 lun=6 pl=0 blk=61 pg=255 erase_cnt=6 (vpc/ipc reset)
[EXP] [ERASE] ch=1 lun=7 pl=0 blk=61 pg=255 erase_cnt=6 (vpc/ipc reset)
[EXP] [ERASE] ch=2 lun=0 pl=0 blk=61 pg=255 erase_cnt=6 (vpc/ipc reset)
[EXP] [ERASE] ch=2 lun=1 pl=0 blk=61 pg=255 erase_cnt=6 (vpc/ipc reset)
[EXP] [ERASE] ch=2 lun=2 pl=0 blk=61 pg=255 erase_cnt=6 (vpc/ipc reset)
[EXP] [ERASE] ch=2 lun=3 pl=0 blk=61 pg=255 erase_cnt=6 (vpc/ipc reset)
[EXP] [ERASE] ch=2 lun=4 pl=0 blk=61 pg=255 erase_cnt=6 (vpc/ipc reset)
[EXP] [ERASE] ch=2 lun=5 pl=0 blk=61 pg=255 erase_cnt=6 (vpc/ipc reset)
[EXP] [ERASE] ch=2 lun=6 pl=0 blk=61 pg=255 erase_cnt=6 (vpc/ipc reset)
[EXP] [ERASE] ch=2 lun=7 pl=0 blk=61 pg=255 erase_cnt=6 (vpc/ipc reset)
[EXP] [ERASE] ch=3 lun=0 pl=0 blk=61 pg=255 erase_cnt=6 (vpc/ipc reset)
[EXP] [ERASE] ch=3 lun=1 pl=0 blk=61 pg=255 erase_cnt=6 (vpc/ipc reset)
[EXP] [ERASE] ch=3 lun=2 pl=0 blk=61 pg=255 erase_cnt=6 (vpc/ipc reset)
[EXP] [ERASE] ch=3 lun=3 pl=0 blk=61 pg=255 erase_cnt=6 (vpc/ipc reset)
[EXP] [ERASE] ch=3 lun=4 pl=0 blk=61 pg=255 erase_cnt=6 (vpc/ipc reset)
[EXP] [ERASE] ch=3 lun=5 pl=0 blk=61 pg=255 erase_cnt=6 (vpc/ipc reset)
[EXP] [ERASE] ch=3 lun=6 pl=0 blk=61 pg=255 erase_cnt=6 (vpc/ipc reset)
[EXP] [ERASE] ch=3 lun=7 pl=0 blk=61 pg=255 erase_cnt=6 (vpc/ipc reset)
[EXP] [ERASE] ch=4 lun=0 pl=0 blk=61 pg=255 erase_cnt=6 (vpc/ipc reset)
[EXP] [ERASE] ch=4 lun=1 pl=0 blk=61 pg=255 erase_cnt=6 (vpc/ipc reset)
[EXP] [ERASE] ch=4 lun=2 pl=0 blk=61 pg=255 erase_cnt=6 (vpc/ipc reset)
[EXP] [ERASE] ch=4 lun=3 pl=0 blk=61 pg=255 erase_cnt=6 (vpc/ipc reset)
[EXP] [ERASE] ch=4 lun=4 pl=0 blk=61 pg=255 erase_cnt=6 (vpc/ipc reset)
[EXP] [ERASE] ch=4 lun=5 pl=0 blk=61 pg=255 erase_cnt=6 (vpc/ipc reset)
[EXP] [ERASE] ch=4 lun=6 pl=0 blk=61 pg=255 erase_cnt=6 (vpc/ipc reset)
[EXP] [ERASE] ch=4 lun=7 pl=0 blk=61 pg=255 erase_cnt=6 (vpc/ipc reset)
[EXP] [ERASE] ch=5 lun=0 pl=0 blk=61 pg=255 erase_cnt=6 (vpc/ipc reset)
[EXP] [ERASE] ch=5 lun=1 pl=0 blk=61 pg=255 erase_cnt=6 (vpc/ipc reset)
[EXP] [ERASE] ch=5 lun=2 pl=0 blk=61 pg=255 erase_cnt=6 (vpc/ipc reset)
[EXP] [ERASE] ch=5 lun=3 pl=0 blk=61 pg=255 erase_cnt=6 (vpc/ipc reset)
[EXP] [ERASE] ch=5 lun=4 pl=0 blk=61 pg=255 erase_cnt=6 (vpc/ipc reset)
[EXP] [ERASE] ch=5 lun=5 pl=0 blk=61 pg=255 erase_cnt=6 (vpc/ipc reset)
[EXP] [ERASE] ch=5 lun=6 pl=0 blk=61 pg=255 erase_cnt=6 (vpc/ipc reset)
[EXP] [ERASE] ch=5 lun=7 pl=0 blk=61 pg=255 erase_cnt=6 (vpc/ipc reset)
[EXP] [ERASE] ch=6 lun=0 pl=0 blk=61 pg=255 erase_cnt=6 (vpc/ipc reset)
[EXP] [ERASE] ch=6 lun=1 pl=0 blk=61 pg=255 erase_cnt=6 (vpc/ipc reset)
[EXP] [ERASE] ch=6 lun=2 pl=0 blk=61 pg=255 erase_cnt=6 (vpc/ipc reset)
[EXP] [ERASE] ch=6 lun=3 pl=0 blk=61 pg=255 erase_cnt=6 (vpc/ipc reset)
[EXP] [ERASE] ch=6 lun=4 pl=0 blk=61 pg=255 erase_cnt=6 (vpc/ipc reset)
[EXP] [ERASE] ch=6 lun=5 pl=0 blk=61 pg=255 erase_cnt=6 (vpc/ipc reset)
[EXP] [ERASE] ch=6 lun=6 pl=0 blk=61 pg=255 erase_cnt=6 (vpc/ipc reset)
[EXP] [ERASE] ch=6 lun=7 pl=0 blk=61 pg=255 erase_cnt=6 (vpc/ipc reset)
[EXP] [ERASE] ch=7 lun=0 pl=0 blk=61 pg=255 erase_cnt=6 (vpc/ipc reset)
[EXP] [ERASE] ch=7 lun=1 pl=0 blk=61 pg=255 erase_cnt=6 (vpc/ipc reset)
[EXP] [ERASE] ch=7 lun=2 pl=0 blk=61 pg=255 erase_cnt=6 (vpc/ipc reset)
[EXP] [ERASE] ch=7 lun=3 pl=0 blk=61 pg=255 erase_cnt=6 (vpc/ipc reset)
[EXP] [ERASE] ch=7 lun=4 pl=0 blk=61 pg=255 erase_cnt=6 (vpc/ipc reset)
[EXP] [ERASE] ch=7 lun=5 pl=0 blk=61 pg=255 erase_cnt=6 (vpc/ipc reset)
[EXP] [ERASE] ch=7 lun=6 pl=0 blk=61 pg=255 erase_cnt=6 (vpc/ipc reset)
[EXP] [ERASE] ch=7 lun=7 pl=0 blk=61 pg=255 erase_cnt=6 (vpc/ipc reset)
[EXP] [ERASE] ch=0 lun=0 pl=0 blk=99 pg=255 erase_cnt=6 (vpc/ipc reset)
[EXP] [ERASE] ch=0 lun=1 pl=0 blk=99 pg=255 erase_cnt=6 (vpc/ipc reset)
[EXP] [ERASE] ch=0 lun=2 pl=0 blk=99 pg=255 erase_cnt=6 (vpc/ipc reset)
[EXP] [ERASE] ch=0 lun=3 pl=0 blk=99 pg=255 erase_cnt=6 (vpc/ipc reset)
[EXP] [ERASE] ch=0 lun=4 pl=0 blk=99 pg=255 erase_cnt=6 (vpc/ipc reset)
[EXP] [ERASE] ch=0 lun=5 pl=0 blk=99 pg=255 erase_cnt=6 (vpc/ipc reset)
[EXP] [ERASE] ch=0 lun=6 pl=0 blk=99 pg=255 erase_cnt=6 (vpc/ipc reset)
[EXP] [ERASE] ch=0 lun=7 pl=0 blk=99 pg=255 erase_cnt=6 (vpc/ipc reset)
[EXP] [ERASE] ch=1 lun=0 pl=0 blk=99 pg=255 erase_cnt=6 (vpc/ipc reset)
[EXP] [ERASE] ch=1 lun=1 pl=0 blk=99 pg=255 erase_cnt=6 (vpc/ipc reset)
[EXP] [ERASE] ch=1 lun=2 pl=0 blk=99 pg=255 erase_cnt=6 (vpc/ipc reset)
[EXP] [ERASE] ch=1 lun=3 pl=0 blk=99 pg=255 erase_cnt=6 (vpc/ipc reset)
[EXP] [ERASE] ch=1 lun=4 pl=0 blk=99 pg=255 erase_cnt=6 (vpc/ipc reset)
[EXP] [ERASE] ch=1 lun=5 pl=0 blk=99 pg=255 erase_cnt=6 (vpc/ipc reset)
[EXP] [ERASE] ch=1 lun=6 pl=0 blk=99 pg=255 erase_cnt=6 (vpc/ipc reset)
[EXP] [ERASE] ch=1 lun=7 pl=0 blk=99 pg=255 erase_cnt=6 (vpc/ipc reset)
[EXP] [ERASE] ch=2 lun=0 pl=0 blk=99 pg=255 erase_cnt=6 (vpc/ipc reset)
[EXP] [ERASE] ch=2 lun=1 pl=0 blk=99 pg=255 erase_cnt=6 (vpc/ipc reset)
[EXP] [ERASE] ch=2 lun=2 pl=0 blk=99 pg=255 erase_cnt=6 (vpc/ipc reset)
[EXP] [ERASE] ch=2 lun=3 pl=0 blk=99 pg=255 erase_cnt=6 (vpc/ipc reset)
[EXP] [ERASE] ch=2 lun=4 pl=0 blk=99 pg=255 erase_cnt=6 (vpc/ipc reset)
[EXP] [ERASE] ch=2 lun=5 pl=0 blk=99 pg=255 erase_cnt=6 (vpc/ipc reset)
[EXP] [ERASE] ch=2 lun=6 pl=0 blk=99 pg=255 erase_cnt=6 (vpc/ipc reset)
[EXP] [ERASE] ch=2 lun=7 pl=0 blk=99 pg=255 erase_cnt=6 (vpc/ipc reset)
[EXP] [ERASE] ch=3 lun=0 pl=0 blk=99 pg=255 erase_cnt=6 (vpc/ipc reset)
[EXP] [ERASE] ch=3 lun=1 pl=0 blk=99 pg=255 erase_cnt=6 (vpc/ipc reset)
[EXP] [ERASE] ch=3 lun=2 pl=0 blk=99 pg=255 erase_cnt=6 (vpc/ipc reset)
[EXP] [ERASE] ch=3 lun=3 pl=0 blk=99 pg=255 erase_cnt=6 (vpc/ipc reset)
[EXP] [ERASE] ch=3 lun=4 pl=0 blk=99 pg=255 erase_cnt=6 (vpc/ipc reset)
[EXP] [ERASE] ch=3 lun=5 pl=0 blk=99 pg=255 erase_cnt=6 (vpc/ipc reset)
[EXP] [ERASE] ch=3 lun=6 pl=0 blk=99 pg=255 erase_cnt=6 (vpc/ipc reset)
[EXP] [ERASE] ch=3 lun=7 pl=0 blk=99 pg=255 erase_cnt=6 (vpc/ipc reset)
[EXP] [ERASE] ch=4 lun=0 pl=0 blk=99 pg=255 erase_cnt=6 (vpc/ipc reset)
[EXP] [ERASE] ch=4 lun=1 pl=0 blk=99 pg=255 erase_cnt=6 (vpc/ipc reset)
[EXP] [ERASE] ch=4 lun=2 pl=0 blk=99 pg=255 erase_cnt=6 (vpc/ipc reset)
[EXP] [ERASE] ch=4 lun=3 pl=0 blk=99 pg=255 erase_cnt=6 (vpc/ipc reset)
[EXP] [ERASE] ch=4 lun=4 pl=0 blk=99 pg=255 erase_cnt=6 (vpc/ipc reset)
[EXP] [ERASE] ch=4 lun=5 pl=0 blk=99 pg=255 erase_cnt=6 (vpc/ipc reset)
[EXP] [ERASE] ch=4 lun=6 pl=0 blk=99 pg=255 erase_cnt=6 (vpc/ipc reset)
[EXP] [ERASE] ch=4 lun=7 pl=0 blk=99 pg=255 erase_cnt=6 (vpc/ipc reset)
[EXP] [ERASE] ch=5 lun=0 pl=0 blk=99 pg=255 erase_cnt=6 (vpc/ipc reset)
[EXP] [ERASE] ch=5 lun=1 pl=0 blk=99 pg=255 erase_cnt=6 (vpc/ipc reset)
[EXP] [ERASE] ch=5 lun=2 pl=0 blk=99 pg=255 erase_cnt=6 (vpc/ipc reset)
[EXP] [ERASE] ch=5 lun=3 pl=0 blk=99 pg=255 erase_cnt=6 (vpc/ipc reset)
[EXP] [ERASE] ch=5 lun=4 pl=0 blk=99 pg=255 erase_cnt=6 (vpc/ipc reset)
[EXP] [ERASE] ch=5 lun=5 pl=0 blk=99 pg=255 erase_cnt=6 (vpc/ipc reset)
[EXP] [ERASE] ch=5 lun=6 pl=0 blk=99 pg=255 erase_cnt=6 (vpc/ipc reset)
[EXP] [ERASE] ch=5 lun=7 pl=0 blk=99 pg=255 erase_cnt=6 (vpc/ipc reset)
[EXP] [ERASE] ch=6 lun=0 pl=0 blk=99 pg=255 erase_cnt=6 (vpc/ipc reset)
[EXP] [ERASE] ch=6 lun=1 pl=0 blk=99 pg=255 erase_cnt=6 (vpc/ipc reset)
[EXP] [ERASE] ch=6 lun=2 pl=0 blk=99 pg=255 erase_cnt=6 (vpc/ipc reset)
[EXP] [ERASE] ch=6 lun=3 pl=0 blk=99 pg=255 erase_cnt=6 (vpc/ipc reset)
[EXP] [ERASE] ch=6 lun=4 pl=0 blk=99 pg=255 erase_cnt=6 (vpc/ipc reset)
[EXP] [ERASE] ch=6 lun=5 pl=0 blk=99 pg=255 erase_cnt=6 (vpc/ipc reset)
[EXP] [ERASE] ch=6 lun=6 pl=0 blk=99 pg=255 erase_cnt=6 (vpc/ipc reset)
[EXP] [ERASE] ch=6 lun=7 pl=0 blk=99 pg=255 erase_cnt=6 (vpc/ipc reset)
[EXP] [ERASE] ch=7 lun=0 pl=0 blk=99 pg=255 erase_cnt=6 (vpc/ipc reset)
[EXP] [ERASE] ch=7 lun=1 pl=0 blk=99 pg=255 erase_cnt=6 (vpc/ipc reset)
[EXP] [ERASE] ch=7 lun=2 pl=0 blk=99 pg=255 erase_cnt=6 (vpc/ipc reset)
[EXP] [ERASE] ch=7 lun=3 pl=0 blk=99 pg=255 erase_cnt=6 (vpc/ipc reset)
[EXP] [ERASE] ch=7 lun=4 pl=0 blk=99 pg=255 erase_cnt=6 (vpc/ipc reset)
[EXP] [ERASE] ch=7 lun=5 pl=0 blk=99 pg=255 erase_cnt=6 (vpc/ipc reset)
[EXP] [ERASE] ch=7 lun=6 pl=0 blk=99 pg=255 erase_cnt=6 (vpc/ipc reset)
[EXP] [ERASE] ch=7 lun=7 pl=0 blk=99 pg=255 erase_cnt=6 (vpc/ipc reset)
[EXP] [ERASE] ch=0 lun=0 pl=0 blk=98 pg=255 erase_cnt=8 (vpc/ipc reset)
[EXP] [ERASE] ch=0 lun=1 pl=0 blk=98 pg=255 erase_cnt=8 (vpc/ipc reset)
[EXP] [ERASE] ch=0 lun=2 pl=0 blk=98 pg=255 erase_cnt=8 (vpc/ipc reset)
[EXP] [ERASE] ch=0 lun=3 pl=0 blk=98 pg=255 erase_cnt=8 (vpc/ipc reset)
[EXP] [ERASE] ch=0 lun=4 pl=0 blk=98 pg=255 erase_cnt=8 (vpc/ipc reset)
[EXP] [ERASE] ch=0 lun=5 pl=0 blk=98 pg=255 erase_cnt=8 (vpc/ipc reset)
[EXP] [ERASE] ch=0 lun=6 pl=0 blk=98 pg=255 erase_cnt=8 (vpc/ipc reset)
[EXP] [ERASE] ch=0 lun=7 pl=0 blk=98 pg=255 erase_cnt=8 (vpc/ipc reset)
[EXP] [ERASE] ch=1 lun=0 pl=0 blk=98 pg=255 erase_cnt=8 (vpc/ipc reset)
[EXP] [ERASE] ch=1 lun=1 pl=0 blk=98 pg=255 erase_cnt=8 (vpc/ipc reset)
[EXP] [ERASE] ch=1 lun=2 pl=0 blk=98 pg=255 erase_cnt=8 (vpc/ipc reset)
[EXP] [ERASE] ch=1 lun=3 pl=0 blk=98 pg=255 erase_cnt=8 (vpc/ipc reset)
[EXP] [ERASE] ch=1 lun=4 pl=0 blk=98 pg=255 erase_cnt=8 (vpc/ipc reset)
[EXP] [ERASE] ch=1 lun=5 pl=0 blk=98 pg=255 erase_cnt=8 (vpc/ipc reset)
[EXP] [ERASE] ch=1 lun=6 pl=0 blk=98 pg=255 erase_cnt=8 (vpc/ipc reset)
[EXP] [ERASE] ch=1 lun=7 pl=0 blk=98 pg=255 erase_cnt=8 (vpc/ipc reset)
[EXP] [ERASE] ch=2 lun=0 pl=0 blk=98 pg=255 erase_cnt=8 (vpc/ipc reset)
[EXP] [ERASE] ch=2 lun=1 pl=0 blk=98 pg=255 erase_cnt=8 (vpc/ipc reset)
[EXP] [ERASE] ch=2 lun=2 pl=0 blk=98 pg=255 erase_cnt=8 (vpc/ipc reset)
[EXP] [ERASE] ch=2 lun=3 pl=0 blk=98 pg=255 erase_cnt=8 (vpc/ipc reset)
[EXP] [ERASE] ch=2 lun=4 pl=0 blk=98 pg=255 erase_cnt=8 (vpc/ipc reset)
[EXP] [ERASE] ch=2 lun=5 pl=0 blk=98 pg=255 erase_cnt=8 (vpc/ipc reset)
[EXP] [ERASE] ch=2 lun=6 pl=0 blk=98 pg=255 erase_cnt=8 (vpc/ipc reset)
[EXP] [ERASE] ch=2 lun=7 pl=0 blk=98 pg=255 erase_cnt=8 (vpc/ipc reset)
[EXP] [ERASE] ch=3 lun=0 pl=0 blk=98 pg=255 erase_cnt=8 (vpc/ipc reset)
[EXP] [ERASE] ch=3 lun=1 pl=0 blk=98 pg=255 erase_cnt=8 (vpc/ipc reset)
[EXP] [ERASE] ch=3 lun=2 pl=0 blk=98 pg=255 erase_cnt=8 (vpc/ipc reset)
[EXP] [ERASE] ch=3 lun=3 pl=0 blk=98 pg=255 erase_cnt=8 (vpc/ipc reset)
[EXP] [ERASE] ch=3 lun=4 pl=0 blk=98 pg=255 erase_cnt=8 (vpc/ipc reset)
[EXP] [ERASE] ch=3 lun=5 pl=0 blk=98 pg=255 erase_cnt=8 (vpc/ipc reset)
[EXP] [ERASE] ch=3 lun=6 pl=0 blk=98 pg=255 erase_cnt=8 (vpc/ipc reset)
[EXP] [ERASE] ch=3 lun=7 pl=0 blk=98 pg=255 erase_cnt=8 (vpc/ipc reset)
[EXP] [ERASE] ch=4 lun=0 pl=0 blk=98 pg=255 erase_cnt=8 (vpc/ipc reset)
[EXP] [ERASE] ch=4 lun=1 pl=0 blk=98 pg=255 erase_cnt=8 (vpc/ipc reset)
[EXP] [ERASE] ch=4 lun=2 pl=0 blk=98 pg=255 erase_cnt=8 (vpc/ipc reset)
[EXP] [ERASE] ch=4 lun=3 pl=0 blk=98 pg=255 erase_cnt=8 (vpc/ipc reset)
[EXP] [ERASE] ch=4 lun=4 pl=0 blk=98 pg=255 erase_cnt=8 (vpc/ipc reset)
[EXP] [ERASE] ch=4 lun=5 pl=0 blk=98 pg=255 erase_cnt=8 (vpc/ipc reset)
[EXP] [ERASE] ch=4 lun=6 pl=0 blk=98 pg=255 erase_cnt=8 (vpc/ipc reset)
[EXP] [ERASE] ch=4 lun=7 pl=0 blk=98 pg=255 erase_cnt=8 (vpc/ipc reset)
[EXP] [ERASE] ch=5 lun=0 pl=0 blk=98 pg=255 erase_cnt=8 (vpc/ipc reset)
[EXP] [ERASE] ch=5 lun=1 pl=0 blk=98 pg=255 erase_cnt=8 (vpc/ipc reset)
[EXP] [ERASE] ch=5 lun=2 pl=0 blk=98 pg=255 erase_cnt=8 (vpc/ipc reset)
[EXP] [ERASE] ch=5 lun=3 pl=0 blk=98 pg=255 erase_cnt=8 (vpc/ipc reset)
[EXP] [ERASE] ch=5 lun=4 pl=0 blk=98 pg=255 erase_cnt=8 (vpc/ipc reset)
[EXP] [ERASE] ch=5 lun=5 pl=0 blk=98 pg=255 erase_cnt=8 (vpc/ipc reset)
[EXP] [ERASE] ch=5 lun=6 pl=0 blk=98 pg=255 erase_cnt=8 (vpc/ipc reset)
[EXP] [ERASE] ch=5 lun=7 pl=0 blk=98 pg=255 erase_cnt=8 (vpc/ipc reset)
[EXP] [ERASE] ch=6 lun=0 pl=0 blk=98 pg=255 erase_cnt=8 (vpc/ipc reset)
[EXP] [ERASE] ch=6 lun=1 pl=0 blk=98 pg=255 erase_cnt=8 (vpc/ipc reset)
[EXP] [ERASE] ch=6 lun=2 pl=0 blk=98 pg=255 erase_cnt=8 (vpc/ipc reset)
[EXP] [ERASE] ch=6 lun=3 pl=0 blk=98 pg=255 erase_cnt=8 (vpc/ipc reset)
[EXP] [ERASE] ch=6 lun=4 pl=0 blk=98 pg=255 erase_cnt=8 (vpc/ipc reset)
[EXP] [ERASE] ch=6 lun=5 pl=0 blk=98 pg=255 erase_cnt=8 (vpc/ipc reset)
[EXP] [ERASE] ch=6 lun=6 pl=0 blk=98 pg=255 erase_cnt=8 (vpc/ipc reset)
[EXP] [ERASE] ch=6 lun=7 pl=0 blk=98 pg=255 erase_cnt=8 (vpc/ipc reset)
[EXP] [ERASE] ch=7 lun=0 pl=0 blk=98 pg=255 erase_cnt=8 (vpc/ipc reset)
[EXP] [ERASE] ch=7 lun=1 pl=0 blk=98 pg=255 erase_cnt=8 (vpc/ipc reset)
[EXP] [ERASE] ch=7 lun=2 pl=0 blk=98 pg=255 erase_cnt=8 (vpc/ipc reset)
[EXP] [ERASE] ch=7 lun=3 pl=0 blk=98 pg=255 erase_cnt=8 (vpc/ipc reset)
[EXP] [ERASE] ch=7 lun=4 pl=0 blk=98 pg=255 erase_cnt=8 (vpc/ipc reset)
[EXP] [ERASE] ch=7 lun=5 pl=0 blk=98 pg=255 erase_cnt=8 (vpc/ipc reset)
[EXP] [ERASE] ch=7 lun=6 pl=0 blk=98 pg=255 erase_cnt=8 (vpc/ipc reset)
[EXP] [ERASE] ch=7 lun=7 pl=0 blk=98 pg=255 erase_cnt=8 (vpc/ipc reset)
[EXP] [ERASE] ch=0 lun=0 pl=0 blk=100 pg=255 erase_cnt=7 (vpc/ipc reset)
[EXP] [ERASE] ch=0 lun=1 pl=0 blk=100 pg=255 erase_cnt=7 (vpc/ipc reset)
[EXP] [ERASE] ch=0 lun=2 pl=0 blk=100 pg=255 erase_cnt=7 (vpc/ipc reset)
[EXP] [ERASE] ch=0 lun=3 pl=0 blk=100 pg=255 erase_cnt=7 (vpc/ipc reset)
[EXP] [ERASE] ch=0 lun=4 pl=0 blk=100 pg=255 erase_cnt=7 (vpc/ipc reset)
[EXP] [ERASE] ch=0 lun=5 pl=0 blk=100 pg=255 erase_cnt=7 (vpc/ipc reset)
[EXP] [ERASE] ch=0 lun=6 pl=0 blk=100 pg=255 erase_cnt=7 (vpc/ipc reset)
[EXP] [ERASE] ch=0 lun=7 pl=0 blk=100 pg=255 erase_cnt=7 (vpc/ipc reset)
[EXP] [ERASE] ch=1 lun=0 pl=0 blk=100 pg=255 erase_cnt=7 (vpc/ipc reset)
[EXP] [ERASE] ch=1 lun=1 pl=0 blk=100 pg=255 erase_cnt=7 (vpc/ipc reset)
[EXP] [ERASE] ch=1 lun=2 pl=0 blk=100 pg=255 erase_cnt=7 (vpc/ipc reset)
[EXP] [ERASE] ch=1 lun=3 pl=0 blk=100 pg=255 erase_cnt=7 (vpc/ipc reset)
[EXP] [ERASE] ch=1 lun=4 pl=0 blk=100 pg=255 erase_cnt=7 (vpc/ipc reset)
[EXP] [ERASE] ch=1 lun=5 pl=0 blk=100 pg=255 erase_cnt=7 (vpc/ipc reset)
[EXP] [ERASE] ch=1 lun=6 pl=0 blk=100 pg=255 erase_cnt=7 (vpc/ipc reset)
[EXP] [ERASE] ch=1 lun=7 pl=0 blk=100 pg=255 erase_cnt=7 (vpc/ipc reset)
[EXP] [ERASE] ch=2 lun=0 pl=0 blk=100 pg=255 erase_cnt=7 (vpc/ipc reset)
[EXP] [ERASE] ch=2 lun=1 pl=0 blk=100 pg=255 erase_cnt=7 (vpc/ipc reset)
[EXP] [ERASE] ch=2 lun=2 pl=0 blk=100 pg=255 erase_cnt=7 (vpc/ipc reset)
[EXP] [ERASE] ch=2 lun=3 pl=0 blk=100 pg=255 erase_cnt=7 (vpc/ipc reset)
[EXP] [ERASE] ch=2 lun=4 pl=0 blk=100 pg=255 erase_cnt=7 (vpc/ipc reset)
[EXP] [ERASE] ch=2 lun=5 pl=0 blk=100 pg=255 erase_cnt=7 (vpc/ipc reset)
[EXP] [ERASE] ch=2 lun=6 pl=0 blk=100 pg=255 erase_cnt=7 (vpc/ipc reset)
[EXP] [ERASE] ch=2 lun=7 pl=0 blk=100 pg=255 erase_cnt=7 (vpc/ipc reset)
[EXP] [ERASE] ch=3 lun=0 pl=0 blk=100 pg=255 erase_cnt=7 (vpc/ipc reset)
[EXP] [ERASE] ch=3 lun=1 pl=0 blk=100 pg=255 erase_cnt=7 (vpc/ipc reset)
[EXP] [ERASE] ch=3 lun=2 pl=0 blk=100 pg=255 erase_cnt=7 (vpc/ipc reset)
[EXP] [ERASE] ch=3 lun=3 pl=0 blk=100 pg=255 erase_cnt=7 (vpc/ipc reset)
[EXP] [ERASE] ch=3 lun=4 pl=0 blk=100 pg=255 erase_cnt=7 (vpc/ipc reset)
[EXP] [ERASE] ch=3 lun=5 pl=0 blk=100 pg=255 erase_cnt=7 (vpc/ipc reset)
[EXP] [ERASE] ch=3 lun=6 pl=0 blk=100 pg=255 erase_cnt=7 (vpc/ipc reset)
[EXP] [ERASE] ch=3 lun=7 pl=0 blk=100 pg=255 erase_cnt=7 (vpc/ipc reset)
[EXP] [ERASE] ch=4 lun=0 pl=0 blk=100 pg=255 erase_cnt=7 (vpc/ipc reset)
[EXP] [ERASE] ch=4 lun=1 pl=0 blk=100 pg=255 erase_cnt=7 (vpc/ipc reset)
[EXP] [ERASE] ch=4 lun=2 pl=0 blk=100 pg=255 erase_cnt=7 (vpc/ipc reset)
[EXP] [ERASE] ch=4 lun=3 pl=0 blk=100 pg=255 erase_cnt=7 (vpc/ipc reset)
[EXP] [ERASE] ch=4 lun=4 pl=0 blk=100 pg=255 erase_cnt=7 (vpc/ipc reset)
[EXP] [ERASE] ch=4 lun=5 pl=0 blk=100 pg=255 erase_cnt=7 (vpc/ipc reset)
[EXP] [ERASE] ch=4 lun=6 pl=0 blk=100 pg=255 erase_cnt=7 (vpc/ipc reset)
[EXP] [ERASE] ch=4 lun=7 pl=0 blk=100 pg=255 erase_cnt=7 (vpc/ipc reset)
[EXP] [ERASE] ch=5 lun=0 pl=0 blk=100 pg=255 erase_cnt=7 (vpc/ipc reset)
[EXP] [ERASE] ch=5 lun=1 pl=0 blk=100 pg=255 erase_cnt=7 (vpc/ipc reset)
[EXP] [ERASE] ch=5 lun=2 pl=0 blk=100 pg=255 erase_cnt=7 (vpc/ipc reset)
[EXP] [ERASE] ch=5 lun=3 pl=0 blk=100 pg=255 erase_cnt=7 (vpc/ipc reset)
[EXP] [ERASE] ch=5 lun=4 pl=0 blk=100 pg=255 erase_cnt=7 (vpc/ipc reset)
[EXP] [ERASE] ch=5 lun=5 pl=0 blk=100 pg=255 erase_cnt=7 (vpc/ipc reset)
[EXP] [ERASE] ch=5 lun=6 pl=0 blk=100 pg=255 erase_cnt=7 (vpc/ipc reset)
[EXP] [ERASE] ch=5 lun=7 pl=0 blk=100 pg=255 erase_cnt=7 (vpc/ipc reset)
[EXP] [ERASE] ch=6 lun=0 pl=0 blk=100 pg=255 erase_cnt=7 (vpc/ipc reset)
[EXP] [ERASE] ch=6 lun=1 pl=0 blk=100 pg=255 erase_cnt=7 (vpc/ipc reset)
[EXP] [ERASE] ch=6 lun=2 pl=0 blk=100 pg=255 erase_cnt=7 (vpc/ipc reset)
[EXP] [ERASE] ch=6 lun=3 pl=0 blk=100 pg=255 erase_cnt=7 (vpc/ipc reset)
[EXP] [ERASE] ch=6 lun=4 pl=0 blk=100 pg=255 erase_cnt=7 (vpc/ipc reset)
[EXP] [ERASE] ch=6 lun=5 pl=0 blk=100 pg=255 erase_cnt=7 (vpc/ipc reset)
[EXP] [ERASE] ch=6 lun=6 pl=0 blk=100 pg=255 erase_cnt=7 (vpc/ipc reset)
[EXP] [ERASE] ch=6 lun=7 pl=0 blk=100 pg=255 erase_cnt=7 (vpc/ipc reset)
[EXP] [ERASE] ch=7 lun=0 pl=0 blk=100 pg=255 erase_cnt=7 (vpc/ipc reset)
[EXP] [ERASE] ch=7 lun=1 pl=0 blk=100 pg=255 erase_cnt=7 (vpc/ipc reset)
[EXP] [ERASE] ch=7 lun=2 pl=0 blk=100 pg=255 erase_cnt=7 (vpc/ipc reset)
[EXP] [ERASE] ch=7 lun=3 pl=0 blk=100 pg=255 erase_cnt=7 (vpc/ipc reset)
[EXP] [ERASE] ch=7 lun=4 pl=0 blk=100 pg=255 erase_cnt=7 (vpc/ipc reset)
[EXP] [ERASE] ch=7 lun=5 pl=0 blk=100 pg=255 erase_cnt=7 (vpc/ipc reset)
[EXP] [ERASE] ch=7 lun=6 pl=0 blk=100 pg=255 erase_cnt=7 (vpc/ipc reset)
[EXP] [ERASE] ch=7 lun=7 pl=0 blk=100 pg=255 erase_cnt=7 (vpc/ipc reset)
[EXP] [ERASE] ch=0 lun=0 pl=0 blk=25 pg=255 erase_cnt=7 (vpc/ipc reset)
[EXP] [ERASE] ch=0 lun=1 pl=0 blk=25 pg=255 erase_cnt=7 (vpc/ipc reset)
[EXP] [ERASE] ch=0 lun=2 pl=0 blk=25 pg=255 erase_cnt=7 (vpc/ipc reset)
[EXP] [ERASE] ch=0 lun=3 pl=0 blk=25 pg=255 erase_cnt=7 (vpc/ipc reset)
[EXP] [ERASE] ch=0 lun=4 pl=0 blk=25 pg=255 erase_cnt=7 (vpc/ipc reset)
[EXP] [ERASE] ch=0 lun=5 pl=0 blk=25 pg=255 erase_cnt=7 (vpc/ipc reset)
[EXP] [ERASE] ch=0 lun=6 pl=0 blk=25 pg=255 erase_cnt=7 (vpc/ipc reset)
[EXP] [ERASE] ch=0 lun=7 pl=0 blk=25 pg=255 erase_cnt=7 (vpc/ipc reset)
[EXP] [ERASE] ch=1 lun=0 pl=0 blk=25 pg=255 erase_cnt=7 (vpc/ipc reset)
[EXP] [ERASE] ch=1 lun=1 pl=0 blk=25 pg=255 erase_cnt=7 (vpc/ipc reset)
[EXP] [ERASE] ch=1 lun=2 pl=0 blk=25 pg=255 erase_cnt=7 (vpc/ipc reset)
[EXP] [ERASE] ch=1 lun=3 pl=0 blk=25 pg=255 erase_cnt=7 (vpc/ipc reset)
[EXP] [ERASE] ch=1 lun=4 pl=0 blk=25 pg=255 erase_cnt=7 (vpc/ipc reset)
[EXP] [ERASE] ch=1 lun=5 pl=0 blk=25 pg=255 erase_cnt=7 (vpc/ipc reset)
[EXP] [ERASE] ch=1 lun=6 pl=0 blk=25 pg=255 erase_cnt=7 (vpc/ipc reset)
[EXP] [ERASE] ch=1 lun=7 pl=0 blk=25 pg=255 erase_cnt=7 (vpc/ipc reset)
[EXP] [ERASE] ch=2 lun=0 pl=0 blk=25 pg=255 erase_cnt=7 (vpc/ipc reset)
[EXP] [ERASE] ch=2 lun=1 pl=0 blk=25 pg=255 erase_cnt=7 (vpc/ipc reset)
[EXP] [ERASE] ch=2 lun=2 pl=0 blk=25 pg=255 erase_cnt=7 (vpc/ipc reset)
[EXP] [ERASE] ch=2 lun=3 pl=0 blk=25 pg=255 erase_cnt=7 (vpc/ipc reset)
[EXP] [ERASE] ch=2 lun=4 pl=0 blk=25 pg=255 erase_cnt=7 (vpc/ipc reset)
[EXP] [ERASE] ch=2 lun=5 pl=0 blk=25 pg=255 erase_cnt=7 (vpc/ipc reset)
[EXP] [ERASE] ch=2 lun=6 pl=0 blk=25 pg=255 erase_cnt=7 (vpc/ipc reset)
[EXP] [ERASE] ch=2 lun=7 pl=0 blk=25 pg=255 erase_cnt=7 (vpc/ipc reset)
[EXP] [ERASE] ch=3 lun=0 pl=0 blk=25 pg=255 erase_cnt=7 (vpc/ipc reset)
[EXP] [ERASE] ch=3 lun=1 pl=0 blk=25 pg=255 erase_cnt=7 (vpc/ipc reset)
[EXP] [ERASE] ch=3 lun=2 pl=0 blk=25 pg=255 erase_cnt=7 (vpc/ipc reset)
[EXP] [ERASE] ch=3 lun=3 pl=0 blk=25 pg=255 erase_cnt=7 (vpc/ipc reset)
[EXP] [ERASE] ch=3 lun=4 pl=0 blk=25 pg=255 erase_cnt=7 (vpc/ipc reset)
[EXP] [ERASE] ch=3 lun=5 pl=0 blk=25 pg=255 erase_cnt=7 (vpc/ipc reset)
[EXP] [ERASE] ch=3 lun=6 pl=0 blk=25 pg=255 erase_cnt=7 (vpc/ipc reset)
[EXP] [ERASE] ch=3 lun=7 pl=0 blk=25 pg=255 erase_cnt=7 (vpc/ipc reset)
[EXP] [ERASE] ch=4 lun=0 pl=0 blk=25 pg=255 erase_cnt=7 (vpc/ipc reset)
[EXP] [ERASE] ch=4 lun=1 pl=0 blk=25 pg=255 erase_cnt=7 (vpc/ipc reset)
[EXP] [ERASE] ch=4 lun=2 pl=0 blk=25 pg=255 erase_cnt=7 (vpc/ipc reset)
[EXP] [ERASE] ch=4 lun=3 pl=0 blk=25 pg=255 erase_cnt=7 (vpc/ipc reset)
[EXP] [ERASE] ch=4 lun=4 pl=0 blk=25 pg=255 erase_cnt=7 (vpc/ipc reset)
[EXP] [ERASE] ch=4 lun=5 pl=0 blk=25 pg=255 erase_cnt=7 (vpc/ipc reset)
[EXP] [ERASE] ch=4 lun=6 pl=0 blk=25 pg=255 erase_cnt=7 (vpc/ipc reset)
[EXP] [ERASE] ch=4 lun=7 pl=0 blk=25 pg=255 erase_cnt=7 (vpc/ipc reset)
[EXP] [ERASE] ch=5 lun=0 pl=0 blk=25 pg=255 erase_cnt=7 (vpc/ipc reset)
[EXP] [ERASE] ch=5 lun=1 pl=0 blk=25 pg=255 erase_cnt=7 (vpc/ipc reset)
[EXP] [ERASE] ch=5 lun=2 pl=0 blk=25 pg=255 erase_cnt=7 (vpc/ipc reset)
[EXP] [ERASE] ch=5 lun=3 pl=0 blk=25 pg=255 erase_cnt=7 (vpc/ipc reset)
[EXP] [ERASE] ch=5 lun=4 pl=0 blk=25 pg=255 erase_cnt=7 (vpc/ipc reset)
[EXP] [ERASE] ch=5 lun=5 pl=0 blk=25 pg=255 erase_cnt=7 (vpc/ipc reset)
[EXP] [ERASE] ch=5 lun=6 pl=0 blk=25 pg=255 erase_cnt=7 (vpc/ipc reset)
[EXP] [ERASE] ch=5 lun=7 pl=0 blk=25 pg=255 erase_cnt=7 (vpc/ipc reset)
[EXP] [ERASE] ch=6 lun=0 pl=0 blk=25 pg=255 erase_cnt=7 (vpc/ipc reset)
[EXP] [ERASE] ch=6 lun=1 pl=0 blk=25 pg=255 erase_cnt=7 (vpc/ipc reset)
[EXP] [ERASE] ch=6 lun=2 pl=0 blk=25 pg=255 erase_cnt=7 (vpc/ipc reset)
[EXP] [ERASE] ch=6 lun=3 pl=0 blk=25 pg=255 erase_cnt=7 (vpc/ipc reset)
[EXP] [ERASE] ch=6 lun=4 pl=0 blk=25 pg=255 erase_cnt=7 (vpc/ipc reset)
[EXP] [ERASE] ch=6 lun=5 pl=0 blk=25 pg=255 erase_cnt=7 (vpc/ipc reset)
[EXP] [ERASE] ch=6 lun=6 pl=0 blk=25 pg=255 erase_cnt=7 (vpc/ipc reset)
[EXP] [ERASE] ch=6 lun=7 pl=0 blk=25 pg=255 erase_cnt=7 (vpc/ipc reset)
[EXP] [ERASE] ch=7 lun=0 pl=0 blk=25 pg=255 erase_cnt=7 (vpc/ipc reset)
[EXP] [ERASE] ch=7 lun=1 pl=0 blk=25 pg=255 erase_cnt=7 (vpc/ipc reset)
[EXP] [ERASE] ch=7 lun=2 pl=0 blk=25 pg=255 erase_cnt=7 (vpc/ipc reset)
[EXP] [ERASE] ch=7 lun=3 pl=0 blk=25 pg=255 erase_cnt=7 (vpc/ipc reset)
[EXP] [ERASE] ch=7 lun=4 pl=0 blk=25 pg=255 erase_cnt=7 (vpc/ipc reset)
[EXP] [ERASE] ch=7 lun=5 pl=0 blk=25 pg=255 erase_cnt=7 (vpc/ipc reset)
[EXP] [ERASE] ch=7 lun=6 pl=0 blk=25 pg=255 erase_cnt=7 (vpc/ipc reset)
[EXP] [ERASE] ch=7 lun=7 pl=0 blk=25 pg=255 erase_cnt=7 (vpc/ipc reset)
[EXP] [ERASE] ch=0 lun=0 pl=0 blk=34 pg=255 erase_cnt=5 (vpc/ipc reset)
[EXP] [ERASE] ch=0 lun=1 pl=0 blk=34 pg=255 erase_cnt=5 (vpc/ipc reset)
[EXP] [GC_MOVE] lpn=0 ch=0 lun=2 pl=0 blk=34 pg=95 -> ch=3 lun=4 pl=0 blk=52 pg=174
[EXP] [ERASE_SURVIVE] lpn=0 count=13 source ch=0 lun=2 pl=0 blk=34 pg=95
[EXP] [ERASE] ch=0 lun=2 pl=0 blk=34 pg=255 erase_cnt=5 (vpc/ipc reset)
[EXP] [ERASE] ch=0 lun=3 pl=0 blk=34 pg=255 erase_cnt=5 (vpc/ipc reset)
[EXP] [ERASE] ch=0 lun=4 pl=0 blk=34 pg=255 erase_cnt=5 (vpc/ipc reset)
[EXP] [ERASE] ch=0 lun=5 pl=0 blk=34 pg=255 erase_cnt=5 (vpc/ipc reset)
[EXP] [ERASE] ch=0 lun=6 pl=0 blk=34 pg=255 erase_cnt=5 (vpc/ipc reset)
[EXP] [ERASE] ch=0 lun=7 pl=0 blk=34 pg=255 erase_cnt=5 (vpc/ipc reset)
[EXP] [ERASE] ch=1 lun=0 pl=0 blk=34 pg=255 erase_cnt=5 (vpc/ipc reset)
[EXP] [ERASE] ch=1 lun=1 pl=0 blk=34 pg=255 erase_cnt=5 (vpc/ipc reset)
[EXP] [ERASE] ch=1 lun=2 pl=0 blk=34 pg=255 erase_cnt=5 (vpc/ipc reset)
[EXP] [ERASE] ch=1 lun=3 pl=0 blk=34 pg=255 erase_cnt=5 (vpc/ipc reset)
[EXP] [ERASE] ch=1 lun=4 pl=0 blk=34 pg=255 erase_cnt=5 (vpc/ipc reset)
[EXP] [ERASE] ch=1 lun=5 pl=0 blk=34 pg=255 erase_cnt=5 (vpc/ipc reset)
[EXP] [ERASE] ch=1 lun=6 pl=0 blk=34 pg=255 erase_cnt=5 (vpc/ipc reset)
[EXP] [ERASE] ch=1 lun=7 pl=0 blk=34 pg=255 erase_cnt=5 (vpc/ipc reset)
[EXP] [ERASE] ch=2 lun=0 pl=0 blk=34 pg=255 erase_cnt=5 (vpc/ipc reset)
[EXP] [ERASE] ch=2 lun=1 pl=0 blk=34 pg=255 erase_cnt=5 (vpc/ipc reset)
[EXP] [ERASE] ch=2 lun=2 pl=0 blk=34 pg=255 erase_cnt=5 (vpc/ipc reset)
[EXP] [ERASE] ch=2 lun=3 pl=0 blk=34 pg=255 erase_cnt=5 (vpc/ipc reset)
[EXP] [ERASE] ch=2 lun=4 pl=0 blk=34 pg=255 erase_cnt=5 (vpc/ipc reset)
[EXP] [ERASE] ch=2 lun=5 pl=0 blk=34 pg=255 erase_cnt=5 (vpc/ipc reset)
[EXP] [ERASE] ch=2 lun=6 pl=0 blk=34 pg=255 erase_cnt=5 (vpc/ipc reset)
[EXP] [ERASE] ch=2 lun=7 pl=0 blk=34 pg=255 erase_cnt=5 (vpc/ipc reset)
[EXP] [ERASE] ch=3 lun=0 pl=0 blk=34 pg=255 erase_cnt=5 (vpc/ipc reset)
[EXP] [ERASE] ch=3 lun=1 pl=0 blk=34 pg=255 erase_cnt=5 (vpc/ipc reset)
[EXP] [ERASE] ch=3 lun=2 pl=0 blk=34 pg=255 erase_cnt=5 (vpc/ipc reset)
[EXP] [ERASE] ch=3 lun=3 pl=0 blk=34 pg=255 erase_cnt=5 (vpc/ipc reset)
[EXP] [ERASE] ch=3 lun=4 pl=0 blk=34 pg=255 erase_cnt=5 (vpc/ipc reset)
[EXP] [ERASE] ch=3 lun=5 pl=0 blk=34 pg=255 erase_cnt=5 (vpc/ipc reset)
[EXP] [ERASE] ch=3 lun=6 pl=0 blk=34 pg=255 erase_cnt=5 (vpc/ipc reset)
[EXP] [ERASE] ch=3 lun=7 pl=0 blk=34 pg=255 erase_cnt=5 (vpc/ipc reset)
[EXP] [ERASE] ch=4 lun=0 pl=0 blk=34 pg=255 erase_cnt=5 (vpc/ipc reset)
[EXP] [ERASE] ch=4 lun=1 pl=0 blk=34 pg=255 erase_cnt=5 (vpc/ipc reset)
[EXP] [ERASE] ch=4 lun=2 pl=0 blk=34 pg=255 erase_cnt=5 (vpc/ipc reset)
[EXP] [ERASE] ch=4 lun=3 pl=0 blk=34 pg=255 erase_cnt=5 (vpc/ipc reset)
[EXP] [ERASE] ch=4 lun=4 pl=0 blk=34 pg=255 erase_cnt=5 (vpc/ipc reset)
[EXP] [ERASE] ch=4 lun=5 pl=0 blk=34 pg=255 erase_cnt=5 (vpc/ipc reset)
[EXP] [ERASE] ch=4 lun=6 pl=0 blk=34 pg=255 erase_cnt=5 (vpc/ipc reset)
[EXP] [ERASE] ch=4 lun=7 pl=0 blk=34 pg=255 erase_cnt=5 (vpc/ipc reset)
[EXP] [ERASE] ch=5 lun=0 pl=0 blk=34 pg=255 erase_cnt=5 (vpc/ipc reset)
[EXP] [ERASE] ch=5 lun=1 pl=0 blk=34 pg=255 erase_cnt=5 (vpc/ipc reset)
[EXP] [ERASE] ch=5 lun=2 pl=0 blk=34 pg=255 erase_cnt=5 (vpc/ipc reset)
[EXP] [ERASE] ch=5 lun=3 pl=0 blk=34 pg=255 erase_cnt=5 (vpc/ipc reset)
[EXP] [ERASE] ch=5 lun=4 pl=0 blk=34 pg=255 erase_cnt=5 (vpc/ipc reset)
[EXP] [ERASE] ch=5 lun=5 pl=0 blk=34 pg=255 erase_cnt=5 (vpc/ipc reset)
[EXP] [ERASE] ch=5 lun=6 pl=0 blk=34 pg=255 erase_cnt=5 (vpc/ipc reset)
[EXP] [ERASE] ch=5 lun=7 pl=0 blk=34 pg=255 erase_cnt=5 (vpc/ipc reset)
[EXP] [ERASE] ch=6 lun=0 pl=0 blk=34 pg=255 erase_cnt=5 (vpc/ipc reset)
[EXP] [ERASE] ch=6 lun=1 pl=0 blk=34 pg=255 erase_cnt=5 (vpc/ipc reset)
[EXP] [ERASE] ch=6 lun=2 pl=0 blk=34 pg=255 erase_cnt=5 (vpc/ipc reset)
[EXP] [ERASE] ch=6 lun=3 pl=0 blk=34 pg=255 erase_cnt=5 (vpc/ipc reset)
[EXP] [ERASE] ch=6 lun=4 pl=0 blk=34 pg=255 erase_cnt=5 (vpc/ipc reset)
[EXP] [ERASE] ch=6 lun=5 pl=0 blk=34 pg=255 erase_cnt=5 (vpc/ipc reset)
[EXP] [ERASE] ch=6 lun=6 pl=0 blk=34 pg=255 erase_cnt=5 (vpc/ipc reset)
[EXP] [ERASE] ch=6 lun=7 pl=0 blk=34 pg=255 erase_cnt=5 (vpc/ipc reset)
[EXP] [ERASE] ch=7 lun=0 pl=0 blk=34 pg=255 erase_cnt=5 (vpc/ipc reset)
[EXP] [ERASE] ch=7 lun=1 pl=0 blk=34 pg=255 erase_cnt=5 (vpc/ipc reset)
[EXP] [ERASE] ch=7 lun=2 pl=0 blk=34 pg=255 erase_cnt=5 (vpc/ipc reset)
[EXP] [ERASE] ch=7 lun=3 pl=0 blk=34 pg=255 erase_cnt=5 (vpc/ipc reset)
[EXP] [ERASE] ch=7 lun=4 pl=0 blk=34 pg=255 erase_cnt=5 (vpc/ipc reset)
[EXP] [ERASE] ch=7 lun=5 pl=0 blk=34 pg=255 erase_cnt=5 (vpc/ipc reset)
[EXP] [ERASE] ch=7 lun=6 pl=0 blk=34 pg=255 erase_cnt=5 (vpc/ipc reset)
[EXP] [ERASE] ch=7 lun=7 pl=0 blk=34 pg=255 erase_cnt=5 (vpc/ipc reset)
[EXP] [ERASE] ch=0 lun=0 pl=0 blk=97 pg=255 erase_cnt=9 (vpc/ipc reset)
[EXP] [ERASE] ch=0 lun=1 pl=0 blk=97 pg=255 erase_cnt=9 (vpc/ipc reset)
[EXP] [ERASE] ch=0 lun=2 pl=0 blk=97 pg=255 erase_cnt=9 (vpc/ipc reset)
[EXP] [ERASE] ch=0 lun=3 pl=0 blk=97 pg=255 erase_cnt=9 (vpc/ipc reset)
[EXP] [ERASE] ch=0 lun=4 pl=0 blk=97 pg=255 erase_cnt=9 (vpc/ipc reset)
[EXP] [ERASE] ch=0 lun=5 pl=0 blk=97 pg=255 erase_cnt=9 (vpc/ipc reset)
[EXP] [ERASE] ch=0 lun=6 pl=0 blk=97 pg=255 erase_cnt=9 (vpc/ipc reset)
[EXP] [ERASE] ch=0 lun=7 pl=0 blk=97 pg=255 erase_cnt=9 (vpc/ipc reset)
[EXP] [ERASE] ch=1 lun=0 pl=0 blk=97 pg=255 erase_cnt=9 (vpc/ipc reset)
[EXP] [ERASE] ch=1 lun=1 pl=0 blk=97 pg=255 erase_cnt=9 (vpc/ipc reset)
[EXP] [ERASE] ch=1 lun=2 pl=0 blk=97 pg=255 erase_cnt=9 (vpc/ipc reset)
[EXP] [ERASE] ch=1 lun=3 pl=0 blk=97 pg=255 erase_cnt=9 (vpc/ipc reset)
[EXP] [ERASE] ch=1 lun=4 pl=0 blk=97 pg=255 erase_cnt=9 (vpc/ipc reset)
[EXP] [ERASE] ch=1 lun=5 pl=0 blk=97 pg=255 erase_cnt=9 (vpc/ipc reset)
[EXP] [ERASE] ch=1 lun=6 pl=0 blk=97 pg=255 erase_cnt=9 (vpc/ipc reset)
[EXP] [ERASE] ch=1 lun=7 pl=0 blk=97 pg=255 erase_cnt=9 (vpc/ipc reset)
[EXP] [ERASE] ch=2 lun=0 pl=0 blk=97 pg=255 erase_cnt=9 (vpc/ipc reset)
[EXP] [ERASE] ch=2 lun=1 pl=0 blk=97 pg=255 erase_cnt=9 (vpc/ipc reset)
[EXP] [ERASE] ch=2 lun=2 pl=0 blk=97 pg=255 erase_cnt=9 (vpc/ipc reset)
[EXP] [ERASE] ch=2 lun=3 pl=0 blk=97 pg=255 erase_cnt=9 (vpc/ipc reset)
[EXP] [ERASE] ch=2 lun=4 pl=0 blk=97 pg=255 erase_cnt=9 (vpc/ipc reset)
[EXP] [ERASE] ch=2 lun=5 pl=0 blk=97 pg=255 erase_cnt=9 (vpc/ipc reset)
[EXP] [ERASE] ch=2 lun=6 pl=0 blk=97 pg=255 erase_cnt=9 (vpc/ipc reset)
[EXP] [ERASE] ch=2 lun=7 pl=0 blk=97 pg=255 erase_cnt=9 (vpc/ipc reset)
[EXP] [ERASE] ch=3 lun=0 pl=0 blk=97 pg=255 erase_cnt=9 (vpc/ipc reset)
[EXP] [ERASE] ch=3 lun=1 pl=0 blk=97 pg=255 erase_cnt=9 (vpc/ipc reset)
[EXP] [ERASE] ch=3 lun=2 pl=0 blk=97 pg=255 erase_cnt=9 (vpc/ipc reset)
[EXP] [ERASE] ch=3 lun=3 pl=0 blk=97 pg=255 erase_cnt=9 (vpc/ipc reset)
[EXP] [ERASE] ch=3 lun=4 pl=0 blk=97 pg=255 erase_cnt=9 (vpc/ipc reset)
[EXP] [ERASE] ch=3 lun=5 pl=0 blk=97 pg=255 erase_cnt=9 (vpc/ipc reset)
[EXP] [ERASE] ch=3 lun=6 pl=0 blk=97 pg=255 erase_cnt=9 (vpc/ipc reset)
[EXP] [ERASE] ch=3 lun=7 pl=0 blk=97 pg=255 erase_cnt=9 (vpc/ipc reset)
[EXP] [ERASE] ch=4 lun=0 pl=0 blk=97 pg=255 erase_cnt=9 (vpc/ipc reset)
[EXP] [ERASE] ch=4 lun=1 pl=0 blk=97 pg=255 erase_cnt=9 (vpc/ipc reset)
[EXP] [ERASE] ch=4 lun=2 pl=0 blk=97 pg=255 erase_cnt=9 (vpc/ipc reset)
[EXP] [ERASE] ch=4 lun=3 pl=0 blk=97 pg=255 erase_cnt=9 (vpc/ipc reset)
[EXP] [ERASE] ch=4 lun=4 pl=0 blk=97 pg=255 erase_cnt=9 (vpc/ipc reset)
[EXP] [ERASE] ch=4 lun=5 pl=0 blk=97 pg=255 erase_cnt=9 (vpc/ipc reset)
[EXP] [ERASE] ch=4 lun=6 pl=0 blk=97 pg=255 erase_cnt=9 (vpc/ipc reset)
[EXP] [ERASE] ch=4 lun=7 pl=0 blk=97 pg=255 erase_cnt=9 (vpc/ipc reset)
[EXP] [ERASE] ch=5 lun=0 pl=0 blk=97 pg=255 erase_cnt=9 (vpc/ipc reset)
[EXP] [ERASE] ch=5 lun=1 pl=0 blk=97 pg=255 erase_cnt=9 (vpc/ipc reset)
[EXP] [ERASE] ch=5 lun=2 pl=0 blk=97 pg=255 erase_cnt=9 (vpc/ipc reset)
[EXP] [ERASE] ch=5 lun=3 pl=0 blk=97 pg=255 erase_cnt=9 (vpc/ipc reset)
[EXP] [ERASE] ch=5 lun=4 pl=0 blk=97 pg=255 erase_cnt=9 (vpc/ipc reset)
[EXP] [ERASE] ch=5 lun=5 pl=0 blk=97 pg=255 erase_cnt=9 (vpc/ipc reset)
[EXP] [ERASE] ch=5 lun=6 pl=0 blk=97 pg=255 erase_cnt=9 (vpc/ipc reset)
[EXP] [ERASE] ch=5 lun=7 pl=0 blk=97 pg=255 erase_cnt=9 (vpc/ipc reset)
[EXP] [ERASE] ch=6 lun=0 pl=0 blk=97 pg=255 erase_cnt=9 (vpc/ipc reset)
[EXP] [ERASE] ch=6 lun=1 pl=0 blk=97 pg=255 erase_cnt=9 (vpc/ipc reset)
[EXP] [ERASE] ch=6 lun=2 pl=0 blk=97 pg=255 erase_cnt=9 (vpc/ipc reset)
[EXP] [ERASE] ch=6 lun=3 pl=0 blk=97 pg=255 erase_cnt=9 (vpc/ipc reset)
[EXP] [ERASE] ch=6 lun=4 pl=0 blk=97 pg=255 erase_cnt=9 (vpc/ipc reset)
[EXP] [ERASE] ch=6 lun=5 pl=0 blk=97 pg=255 erase_cnt=9 (vpc/ipc reset)
[EXP] [ERASE] ch=6 lun=6 pl=0 blk=97 pg=255 erase_cnt=9 (vpc/ipc reset)
[EXP] [ERASE] ch=6 lun=7 pl=0 blk=97 pg=255 erase_cnt=9 (vpc/ipc reset)
[EXP] [ERASE] ch=7 lun=0 pl=0 blk=97 pg=255 erase_cnt=9 (vpc/ipc reset)
[EXP] [ERASE] ch=7 lun=1 pl=0 blk=97 pg=255 erase_cnt=9 (vpc/ipc reset)
[EXP] [ERASE] ch=7 lun=2 pl=0 blk=97 pg=255 erase_cnt=9 (vpc/ipc reset)
[EXP] [ERASE] ch=7 lun=3 pl=0 blk=97 pg=255 erase_cnt=9 (vpc/ipc reset)
[EXP] [ERASE] ch=7 lun=4 pl=0 blk=97 pg=255 erase_cnt=9 (vpc/ipc reset)
[EXP] [ERASE] ch=7 lun=5 pl=0 blk=97 pg=255 erase_cnt=9 (vpc/ipc reset)
[EXP] [ERASE] ch=7 lun=6 pl=0 blk=97 pg=255 erase_cnt=9 (vpc/ipc reset)
[EXP] [ERASE] ch=7 lun=7 pl=0 blk=97 pg=255 erase_cnt=9 (vpc/ipc reset)
[EXP] [ERASE] ch=0 lun=0 pl=0 blk=16 pg=255 erase_cnt=6 (vpc/ipc reset)
[EXP] [ERASE] ch=0 lun=1 pl=0 blk=16 pg=255 erase_cnt=6 (vpc/ipc reset)
[EXP] [ERASE] ch=0 lun=2 pl=0 blk=16 pg=255 erase_cnt=6 (vpc/ipc reset)
[EXP] [ERASE] ch=0 lun=3 pl=0 blk=16 pg=255 erase_cnt=6 (vpc/ipc reset)
[EXP] [ERASE] ch=0 lun=4 pl=0 blk=16 pg=255 erase_cnt=6 (vpc/ipc reset)
[EXP] [ERASE] ch=0 lun=5 pl=0 blk=16 pg=255 erase_cnt=6 (vpc/ipc reset)
[EXP] [ERASE] ch=0 lun=6 pl=0 blk=16 pg=255 erase_cnt=6 (vpc/ipc reset)
[EXP] [ERASE] ch=0 lun=7 pl=0 blk=16 pg=255 erase_cnt=6 (vpc/ipc reset)
[EXP] [ERASE] ch=1 lun=0 pl=0 blk=16 pg=255 erase_cnt=6 (vpc/ipc reset)
[EXP] [ERASE] ch=1 lun=1 pl=0 blk=16 pg=255 erase_cnt=6 (vpc/ipc reset)
[EXP] [ERASE] ch=1 lun=2 pl=0 blk=16 pg=255 erase_cnt=6 (vpc/ipc reset)
[EXP] [ERASE] ch=1 lun=3 pl=0 blk=16 pg=255 erase_cnt=6 (vpc/ipc reset)
[EXP] [ERASE] ch=1 lun=4 pl=0 blk=16 pg=255 erase_cnt=6 (vpc/ipc reset)
[EXP] [ERASE] ch=1 lun=5 pl=0 blk=16 pg=255 erase_cnt=6 (vpc/ipc reset)
[EXP] [ERASE] ch=1 lun=6 pl=0 blk=16 pg=255 erase_cnt=6 (vpc/ipc reset)
[EXP] [ERASE] ch=1 lun=7 pl=0 blk=16 pg=255 erase_cnt=6 (vpc/ipc reset)
[EXP] [ERASE] ch=2 lun=0 pl=0 blk=16 pg=255 erase_cnt=6 (vpc/ipc reset)
[EXP] [ERASE] ch=2 lun=1 pl=0 blk=16 pg=255 erase_cnt=6 (vpc/ipc reset)
[EXP] [ERASE] ch=2 lun=2 pl=0 blk=16 pg=255 erase_cnt=6 (vpc/ipc reset)
[EXP] [ERASE] ch=2 lun=3 pl=0 blk=16 pg=255 erase_cnt=6 (vpc/ipc reset)
[EXP] [ERASE] ch=2 lun=4 pl=0 blk=16 pg=255 erase_cnt=6 (vpc/ipc reset)
[EXP] [ERASE] ch=2 lun=5 pl=0 blk=16 pg=255 erase_cnt=6 (vpc/ipc reset)
[EXP] [ERASE] ch=2 lun=6 pl=0 blk=16 pg=255 erase_cnt=6 (vpc/ipc reset)
[EXP] [ERASE] ch=2 lun=7 pl=0 blk=16 pg=255 erase_cnt=6 (vpc/ipc reset)
[EXP] [ERASE] ch=3 lun=0 pl=0 blk=16 pg=255 erase_cnt=6 (vpc/ipc reset)
[EXP] [ERASE] ch=3 lun=1 pl=0 blk=16 pg=255 erase_cnt=6 (vpc/ipc reset)
[EXP] [ERASE] ch=3 lun=2 pl=0 blk=16 pg=255 erase_cnt=6 (vpc/ipc reset)
[EXP] [ERASE] ch=3 lun=3 pl=0 blk=16 pg=255 erase_cnt=6 (vpc/ipc reset)
[EXP] [ERASE] ch=3 lun=4 pl=0 blk=16 pg=255 erase_cnt=6 (vpc/ipc reset)
[EXP] [ERASE] ch=3 lun=5 pl=0 blk=16 pg=255 erase_cnt=6 (vpc/ipc reset)
[EXP] [ERASE] ch=3 lun=6 pl=0 blk=16 pg=255 erase_cnt=6 (vpc/ipc reset)
[EXP] [ERASE] ch=3 lun=7 pl=0 blk=16 pg=255 erase_cnt=6 (vpc/ipc reset)
[EXP] [ERASE] ch=4 lun=0 pl=0 blk=16 pg=255 erase_cnt=6 (vpc/ipc reset)
[EXP] [ERASE] ch=4 lun=1 pl=0 blk=16 pg=255 erase_cnt=6 (vpc/ipc reset)
[EXP] [ERASE] ch=4 lun=2 pl=0 blk=16 pg=255 erase_cnt=6 (vpc/ipc reset)
[EXP] [ERASE] ch=4 lun=3 pl=0 blk=16 pg=255 erase_cnt=6 (vpc/ipc reset)
[EXP] [ERASE] ch=4 lun=4 pl=0 blk=16 pg=255 erase_cnt=6 (vpc/ipc reset)
[EXP] [ERASE] ch=4 lun=5 pl=0 blk=16 pg=255 erase_cnt=6 (vpc/ipc reset)
[EXP] [ERASE] ch=4 lun=6 pl=0 blk=16 pg=255 erase_cnt=6 (vpc/ipc reset)
[EXP] [ERASE] ch=4 lun=7 pl=0 blk=16 pg=255 erase_cnt=6 (vpc/ipc reset)
[EXP] [ERASE] ch=5 lun=0 pl=0 blk=16 pg=255 erase_cnt=6 (vpc/ipc reset)
[EXP] [ERASE] ch=5 lun=1 pl=0 blk=16 pg=255 erase_cnt=6 (vpc/ipc reset)
[EXP] [ERASE] ch=5 lun=2 pl=0 blk=16 pg=255 erase_cnt=6 (vpc/ipc reset)
[EXP] [ERASE] ch=5 lun=3 pl=0 blk=16 pg=255 erase_cnt=6 (vpc/ipc reset)
[EXP] [ERASE] ch=5 lun=4 pl=0 blk=16 pg=255 erase_cnt=6 (vpc/ipc reset)
[EXP] [ERASE] ch=5 lun=5 pl=0 blk=16 pg=255 erase_cnt=6 (vpc/ipc reset)
[EXP] [ERASE] ch=5 lun=6 pl=0 blk=16 pg=255 erase_cnt=6 (vpc/ipc reset)
[EXP] [ERASE] ch=5 lun=7 pl=0 blk=16 pg=255 erase_cnt=6 (vpc/ipc reset)
[EXP] [ERASE] ch=6 lun=0 pl=0 blk=16 pg=255 erase_cnt=6 (vpc/ipc reset)
[EXP] [ERASE] ch=6 lun=1 pl=0 blk=16 pg=255 erase_cnt=6 (vpc/ipc reset)
[EXP] [ERASE] ch=6 lun=2 pl=0 blk=16 pg=255 erase_cnt=6 (vpc/ipc reset)
[EXP] [ERASE] ch=6 lun=3 pl=0 blk=16 pg=255 erase_cnt=6 (vpc/ipc reset)
[EXP] [ERASE] ch=6 lun=4 pl=0 blk=16 pg=255 erase_cnt=6 (vpc/ipc reset)
[EXP] [ERASE] ch=6 lun=5 pl=0 blk=16 pg=255 erase_cnt=6 (vpc/ipc reset)
[EXP] [ERASE] ch=6 lun=6 pl=0 blk=16 pg=255 erase_cnt=6 (vpc/ipc reset)
[EXP] [ERASE] ch=6 lun=7 pl=0 blk=16 pg=255 erase_cnt=6 (vpc/ipc reset)
[EXP] [ERASE] ch=7 lun=0 pl=0 blk=16 pg=255 erase_cnt=6 (vpc/ipc reset)
[EXP] [ERASE] ch=7 lun=1 pl=0 blk=16 pg=255 erase_cnt=6 (vpc/ipc reset)
[EXP] [ERASE] ch=7 lun=2 pl=0 blk=16 pg=255 erase_cnt=6 (vpc/ipc reset)
[EXP] [ERASE] ch=7 lun=3 pl=0 blk=16 pg=255 erase_cnt=6 (vpc/ipc reset)
[EXP] [ERASE] ch=7 lun=4 pl=0 blk=16 pg=255 erase_cnt=6 (vpc/ipc reset)
[EXP] [ERASE] ch=7 lun=5 pl=0 blk=16 pg=255 erase_cnt=6 (vpc/ipc reset)
[EXP] [ERASE] ch=7 lun=6 pl=0 blk=16 pg=255 erase_cnt=6 (vpc/ipc reset)
[EXP] [ERASE] ch=7 lun=7 pl=0 blk=16 pg=255 erase_cnt=6 (vpc/ipc reset)
[EXP] [ERASE] ch=0 lun=0 pl=0 blk=57 pg=255 erase_cnt=6 (vpc/ipc reset)
[EXP] [ERASE] ch=0 lun=1 pl=0 blk=57 pg=255 erase_cnt=6 (vpc/ipc reset)
[EXP] [ERASE] ch=0 lun=2 pl=0 blk=57 pg=255 erase_cnt=6 (vpc/ipc reset)
[EXP] [ERASE] ch=0 lun=3 pl=0 blk=57 pg=255 erase_cnt=6 (vpc/ipc reset)
[EXP] [ERASE] ch=0 lun=4 pl=0 blk=57 pg=255 erase_cnt=6 (vpc/ipc reset)
[EXP] [ERASE] ch=0 lun=5 pl=0 blk=57 pg=255 erase_cnt=6 (vpc/ipc reset)
[EXP] [ERASE] ch=0 lun=6 pl=0 blk=57 pg=255 erase_cnt=6 (vpc/ipc reset)
[EXP] [ERASE] ch=0 lun=7 pl=0 blk=57 pg=255 erase_cnt=6 (vpc/ipc reset)
[EXP] [ERASE] ch=1 lun=0 pl=0 blk=57 pg=255 erase_cnt=6 (vpc/ipc reset)
[EXP] [ERASE] ch=1 lun=1 pl=0 blk=57 pg=255 erase_cnt=6 (vpc/ipc reset)
[EXP] [ERASE] ch=1 lun=2 pl=0 blk=57 pg=255 erase_cnt=6 (vpc/ipc reset)
[EXP] [ERASE] ch=1 lun=3 pl=0 blk=57 pg=255 erase_cnt=6 (vpc/ipc reset)
[EXP] [ERASE] ch=1 lun=4 pl=0 blk=57 pg=255 erase_cnt=6 (vpc/ipc reset)
[EXP] [ERASE] ch=1 lun=5 pl=0 blk=57 pg=255 erase_cnt=6 (vpc/ipc reset)
[EXP] [ERASE] ch=1 lun=6 pl=0 blk=57 pg=255 erase_cnt=6 (vpc/ipc reset)
[EXP] [ERASE] ch=1 lun=7 pl=0 blk=57 pg=255 erase_cnt=6 (vpc/ipc reset)
[EXP] [ERASE] ch=2 lun=0 pl=0 blk=57 pg=255 erase_cnt=6 (vpc/ipc reset)
[EXP] [ERASE] ch=2 lun=1 pl=0 blk=57 pg=255 erase_cnt=6 (vpc/ipc reset)
[EXP] [ERASE] ch=2 lun=2 pl=0 blk=57 pg=255 erase_cnt=6 (vpc/ipc reset)
[EXP] [ERASE] ch=2 lun=3 pl=0 blk=57 pg=255 erase_cnt=6 (vpc/ipc reset)
[EXP] [ERASE] ch=2 lun=4 pl=0 blk=57 pg=255 erase_cnt=6 (vpc/ipc reset)
[EXP] [ERASE] ch=2 lun=5 pl=0 blk=57 pg=255 erase_cnt=6 (vpc/ipc reset)
[EXP] [ERASE] ch=2 lun=6 pl=0 blk=57 pg=255 erase_cnt=6 (vpc/ipc reset)
[EXP] [ERASE] ch=2 lun=7 pl=0 blk=57 pg=255 erase_cnt=6 (vpc/ipc reset)
[EXP] [ERASE] ch=3 lun=0 pl=0 blk=57 pg=255 erase_cnt=6 (vpc/ipc reset)
[EXP] [ERASE] ch=3 lun=1 pl=0 blk=57 pg=255 erase_cnt=6 (vpc/ipc reset)
[EXP] [ERASE] ch=3 lun=2 pl=0 blk=57 pg=255 erase_cnt=6 (vpc/ipc reset)
[EXP] [ERASE] ch=3 lun=3 pl=0 blk=57 pg=255 erase_cnt=6 (vpc/ipc reset)
[EXP] [ERASE] ch=3 lun=4 pl=0 blk=57 pg=255 erase_cnt=6 (vpc/ipc reset)
[EXP] [ERASE] ch=3 lun=5 pl=0 blk=57 pg=255 erase_cnt=6 (vpc/ipc reset)
[EXP] [ERASE] ch=3 lun=6 pl=0 blk=57 pg=255 erase_cnt=6 (vpc/ipc reset)
[EXP] [ERASE] ch=3 lun=7 pl=0 blk=57 pg=255 erase_cnt=6 (vpc/ipc reset)
[EXP] [ERASE] ch=4 lun=0 pl=0 blk=57 pg=255 erase_cnt=6 (vpc/ipc reset)
[EXP] [ERASE] ch=4 lun=1 pl=0 blk=57 pg=255 erase_cnt=6 (vpc/ipc reset)
[EXP] [ERASE] ch=4 lun=2 pl=0 blk=57 pg=255 erase_cnt=6 (vpc/ipc reset)
[EXP] [ERASE] ch=4 lun=3 pl=0 blk=57 pg=255 erase_cnt=6 (vpc/ipc reset)
[EXP] [ERASE] ch=4 lun=4 pl=0 blk=57 pg=255 erase_cnt=6 (vpc/ipc reset)
[EXP] [ERASE] ch=4 lun=5 pl=0 blk=57 pg=255 erase_cnt=6 (vpc/ipc reset)
[EXP] [ERASE] ch=4 lun=6 pl=0 blk=57 pg=255 erase_cnt=6 (vpc/ipc reset)
[EXP] [ERASE] ch=4 lun=7 pl=0 blk=57 pg=255 erase_cnt=6 (vpc/ipc reset)
[EXP] [ERASE] ch=5 lun=0 pl=0 blk=57 pg=255 erase_cnt=6 (vpc/ipc reset)
[EXP] [ERASE] ch=5 lun=1 pl=0 blk=57 pg=255 erase_cnt=6 (vpc/ipc reset)
[EXP] [ERASE] ch=5 lun=2 pl=0 blk=57 pg=255 erase_cnt=6 (vpc/ipc reset)
[EXP] [ERASE] ch=5 lun=3 pl=0 blk=57 pg=255 erase_cnt=6 (vpc/ipc reset)
[EXP] [ERASE] ch=5 lun=4 pl=0 blk=57 pg=255 erase_cnt=6 (vpc/ipc reset)
[EXP] [ERASE] ch=5 lun=5 pl=0 blk=57 pg=255 erase_cnt=6 (vpc/ipc reset)
[EXP] [ERASE] ch=5 lun=6 pl=0 blk=57 pg=255 erase_cnt=6 (vpc/ipc reset)
[EXP] [ERASE] ch=5 lun=7 pl=0 blk=57 pg=255 erase_cnt=6 (vpc/ipc reset)
[EXP] [ERASE] ch=6 lun=0 pl=0 blk=57 pg=255 erase_cnt=6 (vpc/ipc reset)
[EXP] [ERASE] ch=6 lun=1 pl=0 blk=57 pg=255 erase_cnt=6 (vpc/ipc reset)
[EXP] [ERASE] ch=6 lun=2 pl=0 blk=57 pg=255 erase_cnt=6 (vpc/ipc reset)
[EXP] [ERASE] ch=6 lun=3 pl=0 blk=57 pg=255 erase_cnt=6 (vpc/ipc reset)
[EXP] [ERASE] ch=6 lun=4 pl=0 blk=57 pg=255 erase_cnt=6 (vpc/ipc reset)
[EXP] [ERASE] ch=6 lun=5 pl=0 blk=57 pg=255 erase_cnt=6 (vpc/ipc reset)
[EXP] [ERASE] ch=6 lun=6 pl=0 blk=57 pg=255 erase_cnt=6 (vpc/ipc reset)
[EXP] [ERASE] ch=6 lun=7 pl=0 blk=57 pg=255 erase_cnt=6 (vpc/ipc reset)
[EXP] [ERASE] ch=7 lun=0 pl=0 blk=57 pg=255 erase_cnt=6 (vpc/ipc reset)
[EXP] [ERASE] ch=7 lun=1 pl=0 blk=57 pg=255 erase_cnt=6 (vpc/ipc reset)
[EXP] [ERASE] ch=7 lun=2 pl=0 blk=57 pg=255 erase_cnt=6 (vpc/ipc reset)
[EXP] [ERASE] ch=7 lun=3 pl=0 blk=57 pg=255 erase_cnt=6 (vpc/ipc reset)
[EXP] [ERASE] ch=7 lun=4 pl=0 blk=57 pg=255 erase_cnt=6 (vpc/ipc reset)
[EXP] [ERASE] ch=7 lun=5 pl=0 blk=57 pg=255 erase_cnt=6 (vpc/ipc reset)
[EXP] [ERASE] ch=7 lun=6 pl=0 blk=57 pg=255 erase_cnt=6 (vpc/ipc reset)
[EXP] [ERASE] ch=7 lun=7 pl=0 blk=57 pg=255 erase_cnt=6 (vpc/ipc reset)
[EXP] [ERASE] ch=0 lun=0 pl=0 blk=55 pg=255 erase_cnt=6 (vpc/ipc reset)
[EXP] [ERASE] ch=0 lun=1 pl=0 blk=55 pg=255 erase_cnt=6 (vpc/ipc reset)
[EXP] [ERASE] ch=0 lun=2 pl=0 blk=55 pg=255 erase_cnt=6 (vpc/ipc reset)
[EXP] [ERASE] ch=0 lun=3 pl=0 blk=55 pg=255 erase_cnt=6 (vpc/ipc reset)
[EXP] [ERASE] ch=0 lun=4 pl=0 blk=55 pg=255 erase_cnt=6 (vpc/ipc reset)
[EXP] [ERASE] ch=0 lun=5 pl=0 blk=55 pg=255 erase_cnt=6 (vpc/ipc reset)
[EXP] [ERASE] ch=0 lun=6 pl=0 blk=55 pg=255 erase_cnt=6 (vpc/ipc reset)
[EXP] [ERASE] ch=0 lun=7 pl=0 blk=55 pg=255 erase_cnt=6 (vpc/ipc reset)
[EXP] [ERASE] ch=1 lun=0 pl=0 blk=55 pg=255 erase_cnt=6 (vpc/ipc reset)
[EXP] [ERASE] ch=1 lun=1 pl=0 blk=55 pg=255 erase_cnt=6 (vpc/ipc reset)
[EXP] [ERASE] ch=1 lun=2 pl=0 blk=55 pg=255 erase_cnt=6 (vpc/ipc reset)
[EXP] [ERASE] ch=1 lun=3 pl=0 blk=55 pg=255 erase_cnt=6 (vpc/ipc reset)
[EXP] [ERASE] ch=1 lun=4 pl=0 blk=55 pg=255 erase_cnt=6 (vpc/ipc reset)
[EXP] [ERASE] ch=1 lun=5 pl=0 blk=55 pg=255 erase_cnt=6 (vpc/ipc reset)
[EXP] [ERASE] ch=1 lun=6 pl=0 blk=55 pg=255 erase_cnt=6 (vpc/ipc reset)
[EXP] [ERASE] ch=1 lun=7 pl=0 blk=55 pg=255 erase_cnt=6 (vpc/ipc reset)
[EXP] [ERASE] ch=2 lun=0 pl=0 blk=55 pg=255 erase_cnt=6 (vpc/ipc reset)
[EXP] [ERASE] ch=2 lun=1 pl=0 blk=55 pg=255 erase_cnt=6 (vpc/ipc reset)
[EXP] [ERASE] ch=2 lun=2 pl=0 blk=55 pg=255 erase_cnt=6 (vpc/ipc reset)
[EXP] [ERASE] ch=2 lun=3 pl=0 blk=55 pg=255 erase_cnt=6 (vpc/ipc reset)
[EXP] [ERASE] ch=2 lun=4 pl=0 blk=55 pg=255 erase_cnt=6 (vpc/ipc reset)
[EXP] [ERASE] ch=2 lun=5 pl=0 blk=55 pg=255 erase_cnt=6 (vpc/ipc reset)
[EXP] [ERASE] ch=2 lun=6 pl=0 blk=55 pg=255 erase_cnt=6 (vpc/ipc reset)
[EXP] [ERASE] ch=2 lun=7 pl=0 blk=55 pg=255 erase_cnt=6 (vpc/ipc reset)
[EXP] [ERASE] ch=3 lun=0 pl=0 blk=55 pg=255 erase_cnt=6 (vpc/ipc reset)
[EXP] [ERASE] ch=3 lun=1 pl=0 blk=55 pg=255 erase_cnt=6 (vpc/ipc reset)
[EXP] [ERASE] ch=3 lun=2 pl=0 blk=55 pg=255 erase_cnt=6 (vpc/ipc reset)
[EXP] [ERASE] ch=3 lun=3 pl=0 blk=55 pg=255 erase_cnt=6 (vpc/ipc reset)
[EXP] [ERASE] ch=3 lun=4 pl=0 blk=55 pg=255 erase_cnt=6 (vpc/ipc reset)
[EXP] [ERASE] ch=3 lun=5 pl=0 blk=55 pg=255 erase_cnt=6 (vpc/ipc reset)
[EXP] [ERASE] ch=3 lun=6 pl=0 blk=55 pg=255 erase_cnt=6 (vpc/ipc reset)
[EXP] [ERASE] ch=3 lun=7 pl=0 blk=55 pg=255 erase_cnt=6 (vpc/ipc reset)
[EXP] [ERASE] ch=4 lun=0 pl=0 blk=55 pg=255 erase_cnt=6 (vpc/ipc reset)
[EXP] [ERASE] ch=4 lun=1 pl=0 blk=55 pg=255 erase_cnt=6 (vpc/ipc reset)
[EXP] [ERASE] ch=4 lun=2 pl=0 blk=55 pg=255 erase_cnt=6 (vpc/ipc reset)
[EXP] [ERASE] ch=4 lun=3 pl=0 blk=55 pg=255 erase_cnt=6 (vpc/ipc reset)
[EXP] [ERASE] ch=4 lun=4 pl=0 blk=55 pg=255 erase_cnt=6 (vpc/ipc reset)
[EXP] [ERASE] ch=4 lun=5 pl=0 blk=55 pg=255 erase_cnt=6 (vpc/ipc reset)
[EXP] [ERASE] ch=4 lun=6 pl=0 blk=55 pg=255 erase_cnt=6 (vpc/ipc reset)
[EXP] [ERASE] ch=4 lun=7 pl=0 blk=55 pg=255 erase_cnt=6 (vpc/ipc reset)
[EXP] [ERASE] ch=5 lun=0 pl=0 blk=55 pg=255 erase_cnt=6 (vpc/ipc reset)
[EXP] [ERASE] ch=5 lun=1 pl=0 blk=55 pg=255 erase_cnt=6 (vpc/ipc reset)
[EXP] [ERASE] ch=5 lun=2 pl=0 blk=55 pg=255 erase_cnt=6 (vpc/ipc reset)
[EXP] [ERASE] ch=5 lun=3 pl=0 blk=55 pg=255 erase_cnt=6 (vpc/ipc reset)
[EXP] [ERASE] ch=5 lun=4 pl=0 blk=55 pg=255 erase_cnt=6 (vpc/ipc reset)
[EXP] [ERASE] ch=5 lun=5 pl=0 blk=55 pg=255 erase_cnt=6 (vpc/ipc reset)
[EXP] [ERASE] ch=5 lun=6 pl=0 blk=55 pg=255 erase_cnt=6 (vpc/ipc reset)
[EXP] [ERASE] ch=5 lun=7 pl=0 blk=55 pg=255 erase_cnt=6 (vpc/ipc reset)
[EXP] [ERASE] ch=6 lun=0 pl=0 blk=55 pg=255 erase_cnt=6 (vpc/ipc reset)
[EXP] [ERASE] ch=6 lun=1 pl=0 blk=55 pg=255 erase_cnt=6 (vpc/ipc reset)
[EXP] [ERASE] ch=6 lun=2 pl=0 blk=55 pg=255 erase_cnt=6 (vpc/ipc reset)
[EXP] [ERASE] ch=6 lun=3 pl=0 blk=55 pg=255 erase_cnt=6 (vpc/ipc reset)
[EXP] [ERASE] ch=6 lun=4 pl=0 blk=55 pg=255 erase_cnt=6 (vpc/ipc reset)
[EXP] [ERASE] ch=6 lun=5 pl=0 blk=55 pg=255 erase_cnt=6 (vpc/ipc reset)
[EXP] [ERASE] ch=6 lun=6 pl=0 blk=55 pg=255 erase_cnt=6 (vpc/ipc reset)
[EXP] [ERASE] ch=6 lun=7 pl=0 blk=55 pg=255 erase_cnt=6 (vpc/ipc reset)
[EXP] [ERASE] ch=7 lun=0 pl=0 blk=55 pg=255 erase_cnt=6 (vpc/ipc reset)
[EXP] [ERASE] ch=7 lun=1 pl=0 blk=55 pg=255 erase_cnt=6 (vpc/ipc reset)
[EXP] [ERASE] ch=7 lun=2 pl=0 blk=55 pg=255 erase_cnt=6 (vpc/ipc reset)
[EXP] [ERASE] ch=7 lun=3 pl=0 blk=55 pg=255 erase_cnt=6 (vpc/ipc reset)
[EXP] [ERASE] ch=7 lun=4 pl=0 blk=55 pg=255 erase_cnt=6 (vpc/ipc reset)
[EXP] [ERASE] ch=7 lun=5 pl=0 blk=55 pg=255 erase_cnt=6 (vpc/ipc reset)
[EXP] [ERASE] ch=7 lun=6 pl=0 blk=55 pg=255 erase_cnt=6 (vpc/ipc reset)
[EXP] [ERASE] ch=7 lun=7 pl=0 blk=55 pg=255 erase_cnt=6 (vpc/ipc reset)
[EXP] [ERASE] ch=0 lun=0 pl=0 blk=63 pg=255 erase_cnt=5 (vpc/ipc reset)
[EXP] [ERASE] ch=0 lun=1 pl=0 blk=63 pg=255 erase_cnt=5 (vpc/ipc reset)
[EXP] [ERASE] ch=0 lun=2 pl=0 blk=63 pg=255 erase_cnt=5 (vpc/ipc reset)
[EXP] [ERASE] ch=0 lun=3 pl=0 blk=63 pg=255 erase_cnt=5 (vpc/ipc reset)
[EXP] [ERASE] ch=0 lun=4 pl=0 blk=63 pg=255 erase_cnt=5 (vpc/ipc reset)
[EXP] [ERASE] ch=0 lun=5 pl=0 blk=63 pg=255 erase_cnt=5 (vpc/ipc reset)
[EXP] [ERASE] ch=0 lun=6 pl=0 blk=63 pg=255 erase_cnt=5 (vpc/ipc reset)
[EXP] [ERASE] ch=0 lun=7 pl=0 blk=63 pg=255 erase_cnt=5 (vpc/ipc reset)
[EXP] [ERASE] ch=1 lun=0 pl=0 blk=63 pg=255 erase_cnt=5 (vpc/ipc reset)
[EXP] [ERASE] ch=1 lun=1 pl=0 blk=63 pg=255 erase_cnt=5 (vpc/ipc reset)
[EXP] [ERASE] ch=1 lun=2 pl=0 blk=63 pg=255 erase_cnt=5 (vpc/ipc reset)
[EXP] [ERASE] ch=1 lun=3 pl=0 blk=63 pg=255 erase_cnt=5 (vpc/ipc reset)
[EXP] [ERASE] ch=1 lun=4 pl=0 blk=63 pg=255 erase_cnt=5 (vpc/ipc reset)
[EXP] [ERASE] ch=1 lun=5 pl=0 blk=63 pg=255 erase_cnt=5 (vpc/ipc reset)
[EXP] [ERASE] ch=1 lun=6 pl=0 blk=63 pg=255 erase_cnt=5 (vpc/ipc reset)
[EXP] [ERASE] ch=1 lun=7 pl=0 blk=63 pg=255 erase_cnt=5 (vpc/ipc reset)
[EXP] [ERASE] ch=2 lun=0 pl=0 blk=63 pg=255 erase_cnt=5 (vpc/ipc reset)
[EXP] [ERASE] ch=2 lun=1 pl=0 blk=63 pg=255 erase_cnt=5 (vpc/ipc reset)
[EXP] [ERASE] ch=2 lun=2 pl=0 blk=63 pg=255 erase_cnt=5 (vpc/ipc reset)
[EXP] [ERASE] ch=2 lun=3 pl=0 blk=63 pg=255 erase_cnt=5 (vpc/ipc reset)
[EXP] [ERASE] ch=2 lun=4 pl=0 blk=63 pg=255 erase_cnt=5 (vpc/ipc reset)
[EXP] [ERASE] ch=2 lun=5 pl=0 blk=63 pg=255 erase_cnt=5 (vpc/ipc reset)
[EXP] [ERASE] ch=2 lun=6 pl=0 blk=63 pg=255 erase_cnt=5 (vpc/ipc reset)
[EXP] [ERASE] ch=2 lun=7 pl=0 blk=63 pg=255 erase_cnt=5 (vpc/ipc reset)
[EXP] [ERASE] ch=3 lun=0 pl=0 blk=63 pg=255 erase_cnt=5 (vpc/ipc reset)
[EXP] [ERASE] ch=3 lun=1 pl=0 blk=63 pg=255 erase_cnt=5 (vpc/ipc reset)
[EXP] [ERASE] ch=3 lun=2 pl=0 blk=63 pg=255 erase_cnt=5 (vpc/ipc reset)
[EXP] [ERASE] ch=3 lun=3 pl=0 blk=63 pg=255 erase_cnt=5 (vpc/ipc reset)
[EXP] [ERASE] ch=3 lun=4 pl=0 blk=63 pg=255 erase_cnt=5 (vpc/ipc reset)
[EXP] [ERASE] ch=3 lun=5 pl=0 blk=63 pg=255 erase_cnt=5 (vpc/ipc reset)
[EXP] [ERASE] ch=3 lun=6 pl=0 blk=63 pg=255 erase_cnt=5 (vpc/ipc reset)
[EXP] [ERASE] ch=3 lun=7 pl=0 blk=63 pg=255 erase_cnt=5 (vpc/ipc reset)
[EXP] [ERASE] ch=4 lun=0 pl=0 blk=63 pg=255 erase_cnt=5 (vpc/ipc reset)
[EXP] [ERASE] ch=4 lun=1 pl=0 blk=63 pg=255 erase_cnt=5 (vpc/ipc reset)
[EXP] [ERASE] ch=4 lun=2 pl=0 blk=63 pg=255 erase_cnt=5 (vpc/ipc reset)
[EXP] [ERASE] ch=4 lun=3 pl=0 blk=63 pg=255 erase_cnt=5 (vpc/ipc reset)
[EXP] [ERASE] ch=4 lun=4 pl=0 blk=63 pg=255 erase_cnt=5 (vpc/ipc reset)
[EXP] [ERASE] ch=4 lun=5 pl=0 blk=63 pg=255 erase_cnt=5 (vpc/ipc reset)
[EXP] [ERASE] ch=4 lun=6 pl=0 blk=63 pg=255 erase_cnt=5 (vpc/ipc reset)
[EXP] [ERASE] ch=4 lun=7 pl=0 blk=63 pg=255 erase_cnt=5 (vpc/ipc reset)
[EXP] [ERASE] ch=5 lun=0 pl=0 blk=63 pg=255 erase_cnt=5 (vpc/ipc reset)
[EXP] [ERASE] ch=5 lun=1 pl=0 blk=63 pg=255 erase_cnt=5 (vpc/ipc reset)
[EXP] [ERASE] ch=5 lun=2 pl=0 blk=63 pg=255 erase_cnt=5 (vpc/ipc reset)
[EXP] [ERASE] ch=5 lun=3 pl=0 blk=63 pg=255 erase_cnt=5 (vpc/ipc reset)
[EXP] [ERASE] ch=5 lun=4 pl=0 blk=63 pg=255 erase_cnt=5 (vpc/ipc reset)
[EXP] [ERASE] ch=5 lun=5 pl=0 blk=63 pg=255 erase_cnt=5 (vpc/ipc reset)
[EXP] [ERASE] ch=5 lun=6 pl=0 blk=63 pg=255 erase_cnt=5 (vpc/ipc reset)
[EXP] [ERASE] ch=5 lun=7 pl=0 blk=63 pg=255 erase_cnt=5 (vpc/ipc reset)
[EXP] [ERASE] ch=6 lun=0 pl=0 blk=63 pg=255 erase_cnt=5 (vpc/ipc reset)
[EXP] [ERASE] ch=6 lun=1 pl=0 blk=63 pg=255 erase_cnt=5 (vpc/ipc reset)
[EXP] [ERASE] ch=6 lun=2 pl=0 blk=63 pg=255 erase_cnt=5 (vpc/ipc reset)
[EXP] [ERASE] ch=6 lun=3 pl=0 blk=63 pg=255 erase_cnt=5 (vpc/ipc reset)
[EXP] [ERASE] ch=6 lun=4 pl=0 blk=63 pg=255 erase_cnt=5 (vpc/ipc reset)
[EXP] [ERASE] ch=6 lun=5 pl=0 blk=63 pg=255 erase_cnt=5 (vpc/ipc reset)
[EXP] [ERASE] ch=6 lun=6 pl=0 blk=63 pg=255 erase_cnt=5 (vpc/ipc reset)
[EXP] [ERASE] ch=6 lun=7 pl=0 blk=63 pg=255 erase_cnt=5 (vpc/ipc reset)
[EXP] [ERASE] ch=7 lun=0 pl=0 blk=63 pg=255 erase_cnt=5 (vpc/ipc reset)
[EXP] [ERASE] ch=7 lun=1 pl=0 blk=63 pg=255 erase_cnt=5 (vpc/ipc reset)
[EXP] [ERASE] ch=7 lun=2 pl=0 blk=63 pg=255 erase_cnt=5 (vpc/ipc reset)
[EXP] [ERASE] ch=7 lun=3 pl=0 blk=63 pg=255 erase_cnt=5 (vpc/ipc reset)
[EXP] [ERASE] ch=7 lun=4 pl=0 blk=63 pg=255 erase_cnt=5 (vpc/ipc reset)
[EXP] [ERASE] ch=7 lun=5 pl=0 blk=63 pg=255 erase_cnt=5 (vpc/ipc reset)
[EXP] [ERASE] ch=7 lun=6 pl=0 blk=63 pg=255 erase_cnt=5 (vpc/ipc reset)
[EXP] [ERASE] ch=7 lun=7 pl=0 blk=63 pg=255 erase_cnt=5 (vpc/ipc reset)
[EXP] [ERASE] ch=0 lun=0 pl=0 blk=98 pg=255 erase_cnt=9 (vpc/ipc reset)
[EXP] [ERASE] ch=0 lun=1 pl=0 blk=98 pg=255 erase_cnt=9 (vpc/ipc reset)
[EXP] [ERASE] ch=0 lun=2 pl=0 blk=98 pg=255 erase_cnt=9 (vpc/ipc reset)
[EXP] [ERASE] ch=0 lun=3 pl=0 blk=98 pg=255 erase_cnt=9 (vpc/ipc reset)
[EXP] [ERASE] ch=0 lun=4 pl=0 blk=98 pg=255 erase_cnt=9 (vpc/ipc reset)
[EXP] [ERASE] ch=0 lun=5 pl=0 blk=98 pg=255 erase_cnt=9 (vpc/ipc reset)
[EXP] [ERASE] ch=0 lun=6 pl=0 blk=98 pg=255 erase_cnt=9 (vpc/ipc reset)
[EXP] [ERASE] ch=0 lun=7 pl=0 blk=98 pg=255 erase_cnt=9 (vpc/ipc reset)
[EXP] [ERASE] ch=1 lun=0 pl=0 blk=98 pg=255 erase_cnt=9 (vpc/ipc reset)
[EXP] [ERASE] ch=1 lun=1 pl=0 blk=98 pg=255 erase_cnt=9 (vpc/ipc reset)
[EXP] [ERASE] ch=1 lun=2 pl=0 blk=98 pg=255 erase_cnt=9 (vpc/ipc reset)
[EXP] [ERASE] ch=1 lun=3 pl=0 blk=98 pg=255 erase_cnt=9 (vpc/ipc reset)
[EXP] [ERASE] ch=1 lun=4 pl=0 blk=98 pg=255 erase_cnt=9 (vpc/ipc reset)
[EXP] [ERASE] ch=1 lun=5 pl=0 blk=98 pg=255 erase_cnt=9 (vpc/ipc reset)
[EXP] [ERASE] ch=1 lun=6 pl=0 blk=98 pg=255 erase_cnt=9 (vpc/ipc reset)
[EXP] [ERASE] ch=1 lun=7 pl=0 blk=98 pg=255 erase_cnt=9 (vpc/ipc reset)
[EXP] [ERASE] ch=2 lun=0 pl=0 blk=98 pg=255 erase_cnt=9 (vpc/ipc reset)
[EXP] [ERASE] ch=2 lun=1 pl=0 blk=98 pg=255 erase_cnt=9 (vpc/ipc reset)
[EXP] [ERASE] ch=2 lun=2 pl=0 blk=98 pg=255 erase_cnt=9 (vpc/ipc reset)
[EXP] [ERASE] ch=2 lun=3 pl=0 blk=98 pg=255 erase_cnt=9 (vpc/ipc reset)
[EXP] [ERASE] ch=2 lun=4 pl=0 blk=98 pg=255 erase_cnt=9 (vpc/ipc reset)
[EXP] [ERASE] ch=2 lun=5 pl=0 blk=98 pg=255 erase_cnt=9 (vpc/ipc reset)
[EXP] [ERASE] ch=2 lun=6 pl=0 blk=98 pg=255 erase_cnt=9 (vpc/ipc reset)
[EXP] [ERASE] ch=2 lun=7 pl=0 blk=98 pg=255 erase_cnt=9 (vpc/ipc reset)
[EXP] [ERASE] ch=3 lun=0 pl=0 blk=98 pg=255 erase_cnt=9 (vpc/ipc reset)
[EXP] [ERASE] ch=3 lun=1 pl=0 blk=98 pg=255 erase_cnt=9 (vpc/ipc reset)
[EXP] [ERASE] ch=3 lun=2 pl=0 blk=98 pg=255 erase_cnt=9 (vpc/ipc reset)
[EXP] [ERASE] ch=3 lun=3 pl=0 blk=98 pg=255 erase_cnt=9 (vpc/ipc reset)
[EXP] [ERASE] ch=3 lun=4 pl=0 blk=98 pg=255 erase_cnt=9 (vpc/ipc reset)
[EXP] [ERASE] ch=3 lun=5 pl=0 blk=98 pg=255 erase_cnt=9 (vpc/ipc reset)
[EXP] [ERASE] ch=3 lun=6 pl=0 blk=98 pg=255 erase_cnt=9 (vpc/ipc reset)
[EXP] [ERASE] ch=3 lun=7 pl=0 blk=98 pg=255 erase_cnt=9 (vpc/ipc reset)
[EXP] [ERASE] ch=4 lun=0 pl=0 blk=98 pg=255 erase_cnt=9 (vpc/ipc reset)
[EXP] [ERASE] ch=4 lun=1 pl=0 blk=98 pg=255 erase_cnt=9 (vpc/ipc reset)
[EXP] [ERASE] ch=4 lun=2 pl=0 blk=98 pg=255 erase_cnt=9 (vpc/ipc reset)
[EXP] [ERASE] ch=4 lun=3 pl=0 blk=98 pg=255 erase_cnt=9 (vpc/ipc reset)
[EXP] [ERASE] ch=4 lun=4 pl=0 blk=98 pg=255 erase_cnt=9 (vpc/ipc reset)
[EXP] [ERASE] ch=4 lun=5 pl=0 blk=98 pg=255 erase_cnt=9 (vpc/ipc reset)
[EXP] [ERASE] ch=4 lun=6 pl=0 blk=98 pg=255 erase_cnt=9 (vpc/ipc reset)
[EXP] [ERASE] ch=4 lun=7 pl=0 blk=98 pg=255 erase_cnt=9 (vpc/ipc reset)
[EXP] [ERASE] ch=5 lun=0 pl=0 blk=98 pg=255 erase_cnt=9 (vpc/ipc reset)
[EXP] [ERASE] ch=5 lun=1 pl=0 blk=98 pg=255 erase_cnt=9 (vpc/ipc reset)
[EXP] [ERASE] ch=5 lun=2 pl=0 blk=98 pg=255 erase_cnt=9 (vpc/ipc reset)
[EXP] [ERASE] ch=5 lun=3 pl=0 blk=98 pg=255 erase_cnt=9 (vpc/ipc reset)
[EXP] [ERASE] ch=5 lun=4 pl=0 blk=98 pg=255 erase_cnt=9 (vpc/ipc reset)
[EXP] [ERASE] ch=5 lun=5 pl=0 blk=98 pg=255 erase_cnt=9 (vpc/ipc reset)
[EXP] [ERASE] ch=5 lun=6 pl=0 blk=98 pg=255 erase_cnt=9 (vpc/ipc reset)
[EXP] [ERASE] ch=5 lun=7 pl=0 blk=98 pg=255 erase_cnt=9 (vpc/ipc reset)
[EXP] [ERASE] ch=6 lun=0 pl=0 blk=98 pg=255 erase_cnt=9 (vpc/ipc reset)
[EXP] [ERASE] ch=6 lun=1 pl=0 blk=98 pg=255 erase_cnt=9 (vpc/ipc reset)
[EXP] [ERASE] ch=6 lun=2 pl=0 blk=98 pg=255 erase_cnt=9 (vpc/ipc reset)
[EXP] [ERASE] ch=6 lun=3 pl=0 blk=98 pg=255 erase_cnt=9 (vpc/ipc reset)
[EXP] [ERASE] ch=6 lun=4 pl=0 blk=98 pg=255 erase_cnt=9 (vpc/ipc reset)
[EXP] [ERASE] ch=6 lun=5 pl=0 blk=98 pg=255 erase_cnt=9 (vpc/ipc reset)
[EXP] [ERASE] ch=6 lun=6 pl=0 blk=98 pg=255 erase_cnt=9 (vpc/ipc reset)
[EXP] [ERASE] ch=6 lun=7 pl=0 blk=98 pg=255 erase_cnt=9 (vpc/ipc reset)
[EXP] [ERASE] ch=7 lun=0 pl=0 blk=98 pg=255 erase_cnt=9 (vpc/ipc reset)
[EXP] [ERASE] ch=7 lun=1 pl=0 blk=98 pg=255 erase_cnt=9 (vpc/ipc reset)
[EXP] [ERASE] ch=7 lun=2 pl=0 blk=98 pg=255 erase_cnt=9 (vpc/ipc reset)
[EXP] [ERASE] ch=7 lun=3 pl=0 blk=98 pg=255 erase_cnt=9 (vpc/ipc reset)
[EXP] [ERASE] ch=7 lun=4 pl=0 blk=98 pg=255 erase_cnt=9 (vpc/ipc reset)
[EXP] [ERASE] ch=7 lun=5 pl=0 blk=98 pg=255 erase_cnt=9 (vpc/ipc reset)
[EXP] [ERASE] ch=7 lun=6 pl=0 blk=98 pg=255 erase_cnt=9 (vpc/ipc reset)
[EXP] [ERASE] ch=7 lun=7 pl=0 blk=98 pg=255 erase_cnt=9 (vpc/ipc reset)
[EXP] [ERASE] ch=0 lun=0 pl=0 blk=99 pg=255 erase_cnt=7 (vpc/ipc reset)
[EXP] [ERASE] ch=0 lun=1 pl=0 blk=99 pg=255 erase_cnt=7 (vpc/ipc reset)
[EXP] [ERASE] ch=0 lun=2 pl=0 blk=99 pg=255 erase_cnt=7 (vpc/ipc reset)
[EXP] [ERASE] ch=0 lun=3 pl=0 blk=99 pg=255 erase_cnt=7 (vpc/ipc reset)
[EXP] [ERASE] ch=0 lun=4 pl=0 blk=99 pg=255 erase_cnt=7 (vpc/ipc reset)
[EXP] [ERASE] ch=0 lun=5 pl=0 blk=99 pg=255 erase_cnt=7 (vpc/ipc reset)
[EXP] [ERASE] ch=0 lun=6 pl=0 blk=99 pg=255 erase_cnt=7 (vpc/ipc reset)
[EXP] [ERASE] ch=0 lun=7 pl=0 blk=99 pg=255 erase_cnt=7 (vpc/ipc reset)
[EXP] [ERASE] ch=1 lun=0 pl=0 blk=99 pg=255 erase_cnt=7 (vpc/ipc reset)
[EXP] [ERASE] ch=1 lun=1 pl=0 blk=99 pg=255 erase_cnt=7 (vpc/ipc reset)
[EXP] [ERASE] ch=1 lun=2 pl=0 blk=99 pg=255 erase_cnt=7 (vpc/ipc reset)
[EXP] [ERASE] ch=1 lun=3 pl=0 blk=99 pg=255 erase_cnt=7 (vpc/ipc reset)
[EXP] [ERASE] ch=1 lun=4 pl=0 blk=99 pg=255 erase_cnt=7 (vpc/ipc reset)
[EXP] [ERASE] ch=1 lun=5 pl=0 blk=99 pg=255 erase_cnt=7 (vpc/ipc reset)
[EXP] [ERASE] ch=1 lun=6 pl=0 blk=99 pg=255 erase_cnt=7 (vpc/ipc reset)
[EXP] [ERASE] ch=1 lun=7 pl=0 blk=99 pg=255 erase_cnt=7 (vpc/ipc reset)
[EXP] [ERASE] ch=2 lun=0 pl=0 blk=99 pg=255 erase_cnt=7 (vpc/ipc reset)
[EXP] [ERASE] ch=2 lun=1 pl=0 blk=99 pg=255 erase_cnt=7 (vpc/ipc reset)
[EXP] [ERASE] ch=2 lun=2 pl=0 blk=99 pg=255 erase_cnt=7 (vpc/ipc reset)
[EXP] [ERASE] ch=2 lun=3 pl=0 blk=99 pg=255 erase_cnt=7 (vpc/ipc reset)
[EXP] [ERASE] ch=2 lun=4 pl=0 blk=99 pg=255 erase_cnt=7 (vpc/ipc reset)
[EXP] [ERASE] ch=2 lun=5 pl=0 blk=99 pg=255 erase_cnt=7 (vpc/ipc reset)
[EXP] [ERASE] ch=2 lun=6 pl=0 blk=99 pg=255 erase_cnt=7 (vpc/ipc reset)
[EXP] [ERASE] ch=2 lun=7 pl=0 blk=99 pg=255 erase_cnt=7 (vpc/ipc reset)
[EXP] [ERASE] ch=3 lun=0 pl=0 blk=99 pg=255 erase_cnt=7 (vpc/ipc reset)
[EXP] [ERASE] ch=3 lun=1 pl=0 blk=99 pg=255 erase_cnt=7 (vpc/ipc reset)
[EXP] [ERASE] ch=3 lun=2 pl=0 blk=99 pg=255 erase_cnt=7 (vpc/ipc reset)
[EXP] [ERASE] ch=3 lun=3 pl=0 blk=99 pg=255 erase_cnt=7 (vpc/ipc reset)
[EXP] [ERASE] ch=3 lun=4 pl=0 blk=99 pg=255 erase_cnt=7 (vpc/ipc reset)
[EXP] [ERASE] ch=3 lun=5 pl=0 blk=99 pg=255 erase_cnt=7 (vpc/ipc reset)
[EXP] [ERASE] ch=3 lun=6 pl=0 blk=99 pg=255 erase_cnt=7 (vpc/ipc reset)
[EXP] [ERASE] ch=3 lun=7 pl=0 blk=99 pg=255 erase_cnt=7 (vpc/ipc reset)
[EXP] [ERASE] ch=4 lun=0 pl=0 blk=99 pg=255 erase_cnt=7 (vpc/ipc reset)
[EXP] [ERASE] ch=4 lun=1 pl=0 blk=99 pg=255 erase_cnt=7 (vpc/ipc reset)
[EXP] [ERASE] ch=4 lun=2 pl=0 blk=99 pg=255 erase_cnt=7 (vpc/ipc reset)
[EXP] [ERASE] ch=4 lun=3 pl=0 blk=99 pg=255 erase_cnt=7 (vpc/ipc reset)
[EXP] [ERASE] ch=4 lun=4 pl=0 blk=99 pg=255 erase_cnt=7 (vpc/ipc reset)
[EXP] [ERASE] ch=4 lun=5 pl=0 blk=99 pg=255 erase_cnt=7 (vpc/ipc reset)
[EXP] [ERASE] ch=4 lun=6 pl=0 blk=99 pg=255 erase_cnt=7 (vpc/ipc reset)
[EXP] [ERASE] ch=4 lun=7 pl=0 blk=99 pg=255 erase_cnt=7 (vpc/ipc reset)
[EXP] [ERASE] ch=5 lun=0 pl=0 blk=99 pg=255 erase_cnt=7 (vpc/ipc reset)
[EXP] [ERASE] ch=5 lun=1 pl=0 blk=99 pg=255 erase_cnt=7 (vpc/ipc reset)
[EXP] [ERASE] ch=5 lun=2 pl=0 blk=99 pg=255 erase_cnt=7 (vpc/ipc reset)
[EXP] [ERASE] ch=5 lun=3 pl=0 blk=99 pg=255 erase_cnt=7 (vpc/ipc reset)
[EXP] [ERASE] ch=5 lun=4 pl=0 blk=99 pg=255 erase_cnt=7 (vpc/ipc reset)
[EXP] [ERASE] ch=5 lun=5 pl=0 blk=99 pg=255 erase_cnt=7 (vpc/ipc reset)
[EXP] [ERASE] ch=5 lun=6 pl=0 blk=99 pg=255 erase_cnt=7 (vpc/ipc reset)
[EXP] [ERASE] ch=5 lun=7 pl=0 blk=99 pg=255 erase_cnt=7 (vpc/ipc reset)
[EXP] [ERASE] ch=6 lun=0 pl=0 blk=99 pg=255 erase_cnt=7 (vpc/ipc reset)
[EXP] [ERASE] ch=6 lun=1 pl=0 blk=99 pg=255 erase_cnt=7 (vpc/ipc reset)
[EXP] [ERASE] ch=6 lun=2 pl=0 blk=99 pg=255 erase_cnt=7 (vpc/ipc reset)
[EXP] [ERASE] ch=6 lun=3 pl=0 blk=99 pg=255 erase_cnt=7 (vpc/ipc reset)
[EXP] [ERASE] ch=6 lun=4 pl=0 blk=99 pg=255 erase_cnt=7 (vpc/ipc reset)
[EXP] [ERASE] ch=6 lun=5 pl=0 blk=99 pg=255 erase_cnt=7 (vpc/ipc reset)
[EXP] [ERASE] ch=6 lun=6 pl=0 blk=99 pg=255 erase_cnt=7 (vpc/ipc reset)
[EXP] [ERASE] ch=6 lun=7 pl=0 blk=99 pg=255 erase_cnt=7 (vpc/ipc reset)
[EXP] [ERASE] ch=7 lun=0 pl=0 blk=99 pg=255 erase_cnt=7 (vpc/ipc reset)
[EXP] [ERASE] ch=7 lun=1 pl=0 blk=99 pg=255 erase_cnt=7 (vpc/ipc reset)
[EXP] [ERASE] ch=7 lun=2 pl=0 blk=99 pg=255 erase_cnt=7 (vpc/ipc reset)
[EXP] [ERASE] ch=7 lun=3 pl=0 blk=99 pg=255 erase_cnt=7 (vpc/ipc reset)
[EXP] [ERASE] ch=7 lun=4 pl=0 blk=99 pg=255 erase_cnt=7 (vpc/ipc reset)
[EXP] [ERASE] ch=7 lun=5 pl=0 blk=99 pg=255 erase_cnt=7 (vpc/ipc reset)
[EXP] [ERASE] ch=7 lun=6 pl=0 blk=99 pg=255 erase_cnt=7 (vpc/ipc reset)
[EXP] [ERASE] ch=7 lun=7 pl=0 blk=99 pg=255 erase_cnt=7 (vpc/ipc reset)
[EXP] [ERASE] ch=0 lun=0 pl=0 blk=100 pg=255 erase_cnt=8 (vpc/ipc reset)
[EXP] [ERASE] ch=0 lun=1 pl=0 blk=100 pg=255 erase_cnt=8 (vpc/ipc reset)
[EXP] [ERASE] ch=0 lun=2 pl=0 blk=100 pg=255 erase_cnt=8 (vpc/ipc reset)
[EXP] [ERASE] ch=0 lun=3 pl=0 blk=100 pg=255 erase_cnt=8 (vpc/ipc reset)
[EXP] [ERASE] ch=0 lun=4 pl=0 blk=100 pg=255 erase_cnt=8 (vpc/ipc reset)
[EXP] [ERASE] ch=0 lun=5 pl=0 blk=100 pg=255 erase_cnt=8 (vpc/ipc reset)
[EXP] [ERASE] ch=0 lun=6 pl=0 blk=100 pg=255 erase_cnt=8 (vpc/ipc reset)
[EXP] [ERASE] ch=0 lun=7 pl=0 blk=100 pg=255 erase_cnt=8 (vpc/ipc reset)
[EXP] [ERASE] ch=1 lun=0 pl=0 blk=100 pg=255 erase_cnt=8 (vpc/ipc reset)
[EXP] [ERASE] ch=1 lun=1 pl=0 blk=100 pg=255 erase_cnt=8 (vpc/ipc reset)
[EXP] [ERASE] ch=1 lun=2 pl=0 blk=100 pg=255 erase_cnt=8 (vpc/ipc reset)
[EXP] [ERASE] ch=1 lun=3 pl=0 blk=100 pg=255 erase_cnt=8 (vpc/ipc reset)
[EXP] [ERASE] ch=1 lun=4 pl=0 blk=100 pg=255 erase_cnt=8 (vpc/ipc reset)
[EXP] [ERASE] ch=1 lun=5 pl=0 blk=100 pg=255 erase_cnt=8 (vpc/ipc reset)
[EXP] [ERASE] ch=1 lun=6 pl=0 blk=100 pg=255 erase_cnt=8 (vpc/ipc reset)
[EXP] [ERASE] ch=1 lun=7 pl=0 blk=100 pg=255 erase_cnt=8 (vpc/ipc reset)
[EXP] [ERASE] ch=2 lun=0 pl=0 blk=100 pg=255 erase_cnt=8 (vpc/ipc reset)
[EXP] [ERASE] ch=2 lun=1 pl=0 blk=100 pg=255 erase_cnt=8 (vpc/ipc reset)
[EXP] [ERASE] ch=2 lun=2 pl=0 blk=100 pg=255 erase_cnt=8 (vpc/ipc reset)
[EXP] [ERASE] ch=2 lun=3 pl=0 blk=100 pg=255 erase_cnt=8 (vpc/ipc reset)
[EXP] [ERASE] ch=2 lun=4 pl=0 blk=100 pg=255 erase_cnt=8 (vpc/ipc reset)
[EXP] [ERASE] ch=2 lun=5 pl=0 blk=100 pg=255 erase_cnt=8 (vpc/ipc reset)
[EXP] [ERASE] ch=2 lun=6 pl=0 blk=100 pg=255 erase_cnt=8 (vpc/ipc reset)
[EXP] [ERASE] ch=2 lun=7 pl=0 blk=100 pg=255 erase_cnt=8 (vpc/ipc reset)
[EXP] [ERASE] ch=3 lun=0 pl=0 blk=100 pg=255 erase_cnt=8 (vpc/ipc reset)
[EXP] [ERASE] ch=3 lun=1 pl=0 blk=100 pg=255 erase_cnt=8 (vpc/ipc reset)
[EXP] [ERASE] ch=3 lun=2 pl=0 blk=100 pg=255 erase_cnt=8 (vpc/ipc reset)
[EXP] [ERASE] ch=3 lun=3 pl=0 blk=100 pg=255 erase_cnt=8 (vpc/ipc reset)
[EXP] [ERASE] ch=3 lun=4 pl=0 blk=100 pg=255 erase_cnt=8 (vpc/ipc reset)
[EXP] [ERASE] ch=3 lun=5 pl=0 blk=100 pg=255 erase_cnt=8 (vpc/ipc reset)
[EXP] [ERASE] ch=3 lun=6 pl=0 blk=100 pg=255 erase_cnt=8 (vpc/ipc reset)
[EXP] [ERASE] ch=3 lun=7 pl=0 blk=100 pg=255 erase_cnt=8 (vpc/ipc reset)
[EXP] [ERASE] ch=4 lun=0 pl=0 blk=100 pg=255 erase_cnt=8 (vpc/ipc reset)
[EXP] [ERASE] ch=4 lun=1 pl=0 blk=100 pg=255 erase_cnt=8 (vpc/ipc reset)
[EXP] [ERASE] ch=4 lun=2 pl=0 blk=100 pg=255 erase_cnt=8 (vpc/ipc reset)
[EXP] [ERASE] ch=4 lun=3 pl=0 blk=100 pg=255 erase_cnt=8 (vpc/ipc reset)
[EXP] [ERASE] ch=4 lun=4 pl=0 blk=100 pg=255 erase_cnt=8 (vpc/ipc reset)
[EXP] [ERASE] ch=4 lun=5 pl=0 blk=100 pg=255 erase_cnt=8 (vpc/ipc reset)
[EXP] [ERASE] ch=4 lun=6 pl=0 blk=100 pg=255 erase_cnt=8 (vpc/ipc reset)
[EXP] [ERASE] ch=4 lun=7 pl=0 blk=100 pg=255 erase_cnt=8 (vpc/ipc reset)
[EXP] [ERASE] ch=5 lun=0 pl=0 blk=100 pg=255 erase_cnt=8 (vpc/ipc reset)
[EXP] [ERASE] ch=5 lun=1 pl=0 blk=100 pg=255 erase_cnt=8 (vpc/ipc reset)
[EXP] [ERASE] ch=5 lun=2 pl=0 blk=100 pg=255 erase_cnt=8 (vpc/ipc reset)
[EXP] [ERASE] ch=5 lun=3 pl=0 blk=100 pg=255 erase_cnt=8 (vpc/ipc reset)
[EXP] [ERASE] ch=5 lun=4 pl=0 blk=100 pg=255 erase_cnt=8 (vpc/ipc reset)
[EXP] [ERASE] ch=5 lun=5 pl=0 blk=100 pg=255 erase_cnt=8 (vpc/ipc reset)
[EXP] [ERASE] ch=5 lun=6 pl=0 blk=100 pg=255 erase_cnt=8 (vpc/ipc reset)
[EXP] [ERASE] ch=5 lun=7 pl=0 blk=100 pg=255 erase_cnt=8 (vpc/ipc reset)
[EXP] [ERASE] ch=6 lun=0 pl=0 blk=100 pg=255 erase_cnt=8 (vpc/ipc reset)
[EXP] [ERASE] ch=6 lun=1 pl=0 blk=100 pg=255 erase_cnt=8 (vpc/ipc reset)
[EXP] [ERASE] ch=6 lun=2 pl=0 blk=100 pg=255 erase_cnt=8 (vpc/ipc reset)
[EXP] [ERASE] ch=6 lun=3 pl=0 blk=100 pg=255 erase_cnt=8 (vpc/ipc reset)
[EXP] [ERASE] ch=6 lun=4 pl=0 blk=100 pg=255 erase_cnt=8 (vpc/ipc reset)
[EXP] [ERASE] ch=6 lun=5 pl=0 blk=100 pg=255 erase_cnt=8 (vpc/ipc reset)
[EXP] [ERASE] ch=6 lun=6 pl=0 blk=100 pg=255 erase_cnt=8 (vpc/ipc reset)
[EXP] [ERASE] ch=6 lun=7 pl=0 blk=100 pg=255 erase_cnt=8 (vpc/ipc reset)
[EXP] [ERASE] ch=7 lun=0 pl=0 blk=100 pg=255 erase_cnt=8 (vpc/ipc reset)
[EXP] [ERASE] ch=7 lun=1 pl=0 blk=100 pg=255 erase_cnt=8 (vpc/ipc reset)
[EXP] [ERASE] ch=7 lun=2 pl=0 blk=100 pg=255 erase_cnt=8 (vpc/ipc reset)
[EXP] [ERASE] ch=7 lun=3 pl=0 blk=100 pg=255 erase_cnt=8 (vpc/ipc reset)
[EXP] [ERASE] ch=7 lun=4 pl=0 blk=100 pg=255 erase_cnt=8 (vpc/ipc reset)
[EXP] [ERASE] ch=7 lun=5 pl=0 blk=100 pg=255 erase_cnt=8 (vpc/ipc reset)
[EXP] [ERASE] ch=7 lun=6 pl=0 blk=100 pg=255 erase_cnt=8 (vpc/ipc reset)
[EXP] [ERASE] ch=7 lun=7 pl=0 blk=100 pg=255 erase_cnt=8 (vpc/ipc reset)
[EXP] [ERASE] ch=0 lun=0 pl=0 blk=34 pg=255 erase_cnt=6 (vpc/ipc reset)
[EXP] [ERASE] ch=0 lun=1 pl=0 blk=34 pg=255 erase_cnt=6 (vpc/ipc reset)
[EXP] [ERASE] ch=0 lun=2 pl=0 blk=34 pg=255 erase_cnt=6 (vpc/ipc reset)
[EXP] [ERASE] ch=0 lun=3 pl=0 blk=34 pg=255 erase_cnt=6 (vpc/ipc reset)
[EXP] [ERASE] ch=0 lun=4 pl=0 blk=34 pg=255 erase_cnt=6 (vpc/ipc reset)
[EXP] [ERASE] ch=0 lun=5 pl=0 blk=34 pg=255 erase_cnt=6 (vpc/ipc reset)
[EXP] [ERASE] ch=0 lun=6 pl=0 blk=34 pg=255 erase_cnt=6 (vpc/ipc reset)
[EXP] [ERASE] ch=0 lun=7 pl=0 blk=34 pg=255 erase_cnt=6 (vpc/ipc reset)
[EXP] [ERASE] ch=1 lun=0 pl=0 blk=34 pg=255 erase_cnt=6 (vpc/ipc reset)
[EXP] [ERASE] ch=1 lun=1 pl=0 blk=34 pg=255 erase_cnt=6 (vpc/ipc reset)
[EXP] [ERASE] ch=1 lun=2 pl=0 blk=34 pg=255 erase_cnt=6 (vpc/ipc reset)
[EXP] [ERASE] ch=1 lun=3 pl=0 blk=34 pg=255 erase_cnt=6 (vpc/ipc reset)
[EXP] [ERASE] ch=1 lun=4 pl=0 blk=34 pg=255 erase_cnt=6 (vpc/ipc reset)
[EXP] [ERASE] ch=1 lun=5 pl=0 blk=34 pg=255 erase_cnt=6 (vpc/ipc reset)
[EXP] [ERASE] ch=1 lun=6 pl=0 blk=34 pg=255 erase_cnt=6 (vpc/ipc reset)
[EXP] [ERASE] ch=1 lun=7 pl=0 blk=34 pg=255 erase_cnt=6 (vpc/ipc reset)
[EXP] [ERASE] ch=2 lun=0 pl=0 blk=34 pg=255 erase_cnt=6 (vpc/ipc reset)
[EXP] [ERASE] ch=2 lun=1 pl=0 blk=34 pg=255 erase_cnt=6 (vpc/ipc reset)
[EXP] [ERASE] ch=2 lun=2 pl=0 blk=34 pg=255 erase_cnt=6 (vpc/ipc reset)
[EXP] [ERASE] ch=2 lun=3 pl=0 blk=34 pg=255 erase_cnt=6 (vpc/ipc reset)
[EXP] [ERASE] ch=2 lun=4 pl=0 blk=34 pg=255 erase_cnt=6 (vpc/ipc reset)
[EXP] [ERASE] ch=2 lun=5 pl=0 blk=34 pg=255 erase_cnt=6 (vpc/ipc reset)
[EXP] [ERASE] ch=2 lun=6 pl=0 blk=34 pg=255 erase_cnt=6 (vpc/ipc reset)
[EXP] [ERASE] ch=2 lun=7 pl=0 blk=34 pg=255 erase_cnt=6 (vpc/ipc reset)
[EXP] [ERASE] ch=3 lun=0 pl=0 blk=34 pg=255 erase_cnt=6 (vpc/ipc reset)
[EXP] [ERASE] ch=3 lun=1 pl=0 blk=34 pg=255 erase_cnt=6 (vpc/ipc reset)
[EXP] [ERASE] ch=3 lun=2 pl=0 blk=34 pg=255 erase_cnt=6 (vpc/ipc reset)
[EXP] [ERASE] ch=3 lun=3 pl=0 blk=34 pg=255 erase_cnt=6 (vpc/ipc reset)
[EXP] [ERASE] ch=3 lun=4 pl=0 blk=34 pg=255 erase_cnt=6 (vpc/ipc reset)
[EXP] [ERASE] ch=3 lun=5 pl=0 blk=34 pg=255 erase_cnt=6 (vpc/ipc reset)
[EXP] [ERASE] ch=3 lun=6 pl=0 blk=34 pg=255 erase_cnt=6 (vpc/ipc reset)
[EXP] [ERASE] ch=3 lun=7 pl=0 blk=34 pg=255 erase_cnt=6 (vpc/ipc reset)
[EXP] [ERASE] ch=4 lun=0 pl=0 blk=34 pg=255 erase_cnt=6 (vpc/ipc reset)
[EXP] [ERASE] ch=4 lun=1 pl=0 blk=34 pg=255 erase_cnt=6 (vpc/ipc reset)
[EXP] [ERASE] ch=4 lun=2 pl=0 blk=34 pg=255 erase_cnt=6 (vpc/ipc reset)
[EXP] [ERASE] ch=4 lun=3 pl=0 blk=34 pg=255 erase_cnt=6 (vpc/ipc reset)
[EXP] [ERASE] ch=4 lun=4 pl=0 blk=34 pg=255 erase_cnt=6 (vpc/ipc reset)
[EXP] [ERASE] ch=4 lun=5 pl=0 blk=34 pg=255 erase_cnt=6 (vpc/ipc reset)
[EXP] [ERASE] ch=4 lun=6 pl=0 blk=34 pg=255 erase_cnt=6 (vpc/ipc reset)
[EXP] [ERASE] ch=4 lun=7 pl=0 blk=34 pg=255 erase_cnt=6 (vpc/ipc reset)
[EXP] [ERASE] ch=5 lun=0 pl=0 blk=34 pg=255 erase_cnt=6 (vpc/ipc reset)
[EXP] [ERASE] ch=5 lun=1 pl=0 blk=34 pg=255 erase_cnt=6 (vpc/ipc reset)
[EXP] [ERASE] ch=5 lun=2 pl=0 blk=34 pg=255 erase_cnt=6 (vpc/ipc reset)
[EXP] [ERASE] ch=5 lun=3 pl=0 blk=34 pg=255 erase_cnt=6 (vpc/ipc reset)
[EXP] [ERASE] ch=5 lun=4 pl=0 blk=34 pg=255 erase_cnt=6 (vpc/ipc reset)
[EXP] [ERASE] ch=5 lun=5 pl=0 blk=34 pg=255 erase_cnt=6 (vpc/ipc reset)
[EXP] [ERASE] ch=5 lun=6 pl=0 blk=34 pg=255 erase_cnt=6 (vpc/ipc reset)
[EXP] [ERASE] ch=5 lun=7 pl=0 blk=34 pg=255 erase_cnt=6 (vpc/ipc reset)
[EXP] [ERASE] ch=6 lun=0 pl=0 blk=34 pg=255 erase_cnt=6 (vpc/ipc reset)
[EXP] [ERASE] ch=6 lun=1 pl=0 blk=34 pg=255 erase_cnt=6 (vpc/ipc reset)
[EXP] [ERASE] ch=6 lun=2 pl=0 blk=34 pg=255 erase_cnt=6 (vpc/ipc reset)
[EXP] [ERASE] ch=6 lun=3 pl=0 blk=34 pg=255 erase_cnt=6 (vpc/ipc reset)
[EXP] [ERASE] ch=6 lun=4 pl=0 blk=34 pg=255 erase_cnt=6 (vpc/ipc reset)
[EXP] [ERASE] ch=6 lun=5 pl=0 blk=34 pg=255 erase_cnt=6 (vpc/ipc reset)
[EXP] [ERASE] ch=6 lun=6 pl=0 blk=34 pg=255 erase_cnt=6 (vpc/ipc reset)
[EXP] [ERASE] ch=6 lun=7 pl=0 blk=34 pg=255 erase_cnt=6 (vpc/ipc reset)
[EXP] [ERASE] ch=7 lun=0 pl=0 blk=34 pg=255 erase_cnt=6 (vpc/ipc reset)
[EXP] [ERASE] ch=7 lun=1 pl=0 blk=34 pg=255 erase_cnt=6 (vpc/ipc reset)
[EXP] [ERASE] ch=7 lun=2 pl=0 blk=34 pg=255 erase_cnt=6 (vpc/ipc reset)
[EXP] [ERASE] ch=7 lun=3 pl=0 blk=34 pg=255 erase_cnt=6 (vpc/ipc reset)
[EXP] [ERASE] ch=7 lun=4 pl=0 blk=34 pg=255 erase_cnt=6 (vpc/ipc reset)
[EXP] [ERASE] ch=7 lun=5 pl=0 blk=34 pg=255 erase_cnt=6 (vpc/ipc reset)
[EXP] [ERASE] ch=7 lun=6 pl=0 blk=34 pg=255 erase_cnt=6 (vpc/ipc reset)
[EXP] [ERASE] ch=7 lun=7 pl=0 blk=34 pg=255 erase_cnt=6 (vpc/ipc reset)
[EXP] [ERASE] ch=0 lun=0 pl=0 blk=61 pg=255 erase_cnt=7 (vpc/ipc reset)
[EXP] [ERASE] ch=0 lun=1 pl=0 blk=61 pg=255 erase_cnt=7 (vpc/ipc reset)
[EXP] [ERASE] ch=0 lun=2 pl=0 blk=61 pg=255 erase_cnt=7 (vpc/ipc reset)
[EXP] [ERASE] ch=0 lun=3 pl=0 blk=61 pg=255 erase_cnt=7 (vpc/ipc reset)
[EXP] [ERASE] ch=0 lun=4 pl=0 blk=61 pg=255 erase_cnt=7 (vpc/ipc reset)
[EXP] [ERASE] ch=0 lun=5 pl=0 blk=61 pg=255 erase_cnt=7 (vpc/ipc reset)
[EXP] [ERASE] ch=0 lun=6 pl=0 blk=61 pg=255 erase_cnt=7 (vpc/ipc reset)
[EXP] [ERASE] ch=0 lun=7 pl=0 blk=61 pg=255 erase_cnt=7 (vpc/ipc reset)
[EXP] [ERASE] ch=1 lun=0 pl=0 blk=61 pg=255 erase_cnt=7 (vpc/ipc reset)
[EXP] [ERASE] ch=1 lun=1 pl=0 blk=61 pg=255 erase_cnt=7 (vpc/ipc reset)
[EXP] [ERASE] ch=1 lun=2 pl=0 blk=61 pg=255 erase_cnt=7 (vpc/ipc reset)
[EXP] [ERASE] ch=1 lun=3 pl=0 blk=61 pg=255 erase_cnt=7 (vpc/ipc reset)
[EXP] [ERASE] ch=1 lun=4 pl=0 blk=61 pg=255 erase_cnt=7 (vpc/ipc reset)
[EXP] [ERASE] ch=1 lun=5 pl=0 blk=61 pg=255 erase_cnt=7 (vpc/ipc reset)
[EXP] [ERASE] ch=1 lun=6 pl=0 blk=61 pg=255 erase_cnt=7 (vpc/ipc reset)
[EXP] [ERASE] ch=1 lun=7 pl=0 blk=61 pg=255 erase_cnt=7 (vpc/ipc reset)
[EXP] [ERASE] ch=2 lun=0 pl=0 blk=61 pg=255 erase_cnt=7 (vpc/ipc reset)
[EXP] [ERASE] ch=2 lun=1 pl=0 blk=61 pg=255 erase_cnt=7 (vpc/ipc reset)
[EXP] [ERASE] ch=2 lun=2 pl=0 blk=61 pg=255 erase_cnt=7 (vpc/ipc reset)
[EXP] [ERASE] ch=2 lun=3 pl=0 blk=61 pg=255 erase_cnt=7 (vpc/ipc reset)
[EXP] [ERASE] ch=2 lun=4 pl=0 blk=61 pg=255 erase_cnt=7 (vpc/ipc reset)
[EXP] [ERASE] ch=2 lun=5 pl=0 blk=61 pg=255 erase_cnt=7 (vpc/ipc reset)
[EXP] [ERASE] ch=2 lun=6 pl=0 blk=61 pg=255 erase_cnt=7 (vpc/ipc reset)
[EXP] [ERASE] ch=2 lun=7 pl=0 blk=61 pg=255 erase_cnt=7 (vpc/ipc reset)
[EXP] [ERASE] ch=3 lun=0 pl=0 blk=61 pg=255 erase_cnt=7 (vpc/ipc reset)
[EXP] [ERASE] ch=3 lun=1 pl=0 blk=61 pg=255 erase_cnt=7 (vpc/ipc reset)
[EXP] [ERASE] ch=3 lun=2 pl=0 blk=61 pg=255 erase_cnt=7 (vpc/ipc reset)
[EXP] [ERASE] ch=3 lun=3 pl=0 blk=61 pg=255 erase_cnt=7 (vpc/ipc reset)
[EXP] [ERASE] ch=3 lun=4 pl=0 blk=61 pg=255 erase_cnt=7 (vpc/ipc reset)
[EXP] [ERASE] ch=3 lun=5 pl=0 blk=61 pg=255 erase_cnt=7 (vpc/ipc reset)
[EXP] [ERASE] ch=3 lun=6 pl=0 blk=61 pg=255 erase_cnt=7 (vpc/ipc reset)
[EXP] [ERASE] ch=3 lun=7 pl=0 blk=61 pg=255 erase_cnt=7 (vpc/ipc reset)
[EXP] [ERASE] ch=4 lun=0 pl=0 blk=61 pg=255 erase_cnt=7 (vpc/ipc reset)
[EXP] [ERASE] ch=4 lun=1 pl=0 blk=61 pg=255 erase_cnt=7 (vpc/ipc reset)
[EXP] [ERASE] ch=4 lun=2 pl=0 blk=61 pg=255 erase_cnt=7 (vpc/ipc reset)
[EXP] [ERASE] ch=4 lun=3 pl=0 blk=61 pg=255 erase_cnt=7 (vpc/ipc reset)
[EXP] [ERASE] ch=4 lun=4 pl=0 blk=61 pg=255 erase_cnt=7 (vpc/ipc reset)
[EXP] [ERASE] ch=4 lun=5 pl=0 blk=61 pg=255 erase_cnt=7 (vpc/ipc reset)
[EXP] [ERASE] ch=4 lun=6 pl=0 blk=61 pg=255 erase_cnt=7 (vpc/ipc reset)
[EXP] [ERASE] ch=4 lun=7 pl=0 blk=61 pg=255 erase_cnt=7 (vpc/ipc reset)
[EXP] [ERASE] ch=5 lun=0 pl=0 blk=61 pg=255 erase_cnt=7 (vpc/ipc reset)
[EXP] [ERASE] ch=5 lun=1 pl=0 blk=61 pg=255 erase_cnt=7 (vpc/ipc reset)
[EXP] [ERASE] ch=5 lun=2 pl=0 blk=61 pg=255 erase_cnt=7 (vpc/ipc reset)
[EXP] [ERASE] ch=5 lun=3 pl=0 blk=61 pg=255 erase_cnt=7 (vpc/ipc reset)
[EXP] [ERASE] ch=5 lun=4 pl=0 blk=61 pg=255 erase_cnt=7 (vpc/ipc reset)
[EXP] [ERASE] ch=5 lun=5 pl=0 blk=61 pg=255 erase_cnt=7 (vpc/ipc reset)
[EXP] [ERASE] ch=5 lun=6 pl=0 blk=61 pg=255 erase_cnt=7 (vpc/ipc reset)
[EXP] [ERASE] ch=5 lun=7 pl=0 blk=61 pg=255 erase_cnt=7 (vpc/ipc reset)
[EXP] [ERASE] ch=6 lun=0 pl=0 blk=61 pg=255 erase_cnt=7 (vpc/ipc reset)
[EXP] [ERASE] ch=6 lun=1 pl=0 blk=61 pg=255 erase_cnt=7 (vpc/ipc reset)
[EXP] [ERASE] ch=6 lun=2 pl=0 blk=61 pg=255 erase_cnt=7 (vpc/ipc reset)
[EXP] [ERASE] ch=6 lun=3 pl=0 blk=61 pg=255 erase_cnt=7 (vpc/ipc reset)
[EXP] [ERASE] ch=6 lun=4 pl=0 blk=61 pg=255 erase_cnt=7 (vpc/ipc reset)
[EXP] [ERASE] ch=6 lun=5 pl=0 blk=61 pg=255 erase_cnt=7 (vpc/ipc reset)
[EXP] [ERASE] ch=6 lun=6 pl=0 blk=61 pg=255 erase_cnt=7 (vpc/ipc reset)
[EXP] [ERASE] ch=6 lun=7 pl=0 blk=61 pg=255 erase_cnt=7 (vpc/ipc reset)
[EXP] [ERASE] ch=7 lun=0 pl=0 blk=61 pg=255 erase_cnt=7 (vpc/ipc reset)
[EXP] [ERASE] ch=7 lun=1 pl=0 blk=61 pg=255 erase_cnt=7 (vpc/ipc reset)
[EXP] [ERASE] ch=7 lun=2 pl=0 blk=61 pg=255 erase_cnt=7 (vpc/ipc reset)
[EXP] [ERASE] ch=7 lun=3 pl=0 blk=61 pg=255 erase_cnt=7 (vpc/ipc reset)
[EXP] [ERASE] ch=7 lun=4 pl=0 blk=61 pg=255 erase_cnt=7 (vpc/ipc reset)
[EXP] [ERASE] ch=7 lun=5 pl=0 blk=61 pg=255 erase_cnt=7 (vpc/ipc reset)
[EXP] [ERASE] ch=7 lun=6 pl=0 blk=61 pg=255 erase_cnt=7 (vpc/ipc reset)
[EXP] [ERASE] ch=7 lun=7 pl=0 blk=61 pg=255 erase_cnt=7 (vpc/ipc reset)
[EXP] [ERASE] ch=0 lun=0 pl=0 blk=16 pg=255 erase_cnt=7 (vpc/ipc reset)
[EXP] [ERASE] ch=0 lun=1 pl=0 blk=16 pg=255 erase_cnt=7 (vpc/ipc reset)
[EXP] [ERASE] ch=0 lun=2 pl=0 blk=16 pg=255 erase_cnt=7 (vpc/ipc reset)
[EXP] [ERASE] ch=0 lun=3 pl=0 blk=16 pg=255 erase_cnt=7 (vpc/ipc reset)
[EXP] [ERASE] ch=0 lun=4 pl=0 blk=16 pg=255 erase_cnt=7 (vpc/ipc reset)
[EXP] [ERASE] ch=0 lun=5 pl=0 blk=16 pg=255 erase_cnt=7 (vpc/ipc reset)
[EXP] [ERASE] ch=0 lun=6 pl=0 blk=16 pg=255 erase_cnt=7 (vpc/ipc reset)
[EXP] [ERASE] ch=0 lun=7 pl=0 blk=16 pg=255 erase_cnt=7 (vpc/ipc reset)
[EXP] [ERASE] ch=1 lun=0 pl=0 blk=16 pg=255 erase_cnt=7 (vpc/ipc reset)
[EXP] [ERASE] ch=1 lun=1 pl=0 blk=16 pg=255 erase_cnt=7 (vpc/ipc reset)
[EXP] [ERASE] ch=1 lun=2 pl=0 blk=16 pg=255 erase_cnt=7 (vpc/ipc reset)
[EXP] [ERASE] ch=1 lun=3 pl=0 blk=16 pg=255 erase_cnt=7 (vpc/ipc reset)
[EXP] [ERASE] ch=1 lun=4 pl=0 blk=16 pg=255 erase_cnt=7 (vpc/ipc reset)
[EXP] [ERASE] ch=1 lun=5 pl=0 blk=16 pg=255 erase_cnt=7 (vpc/ipc reset)
[EXP] [ERASE] ch=1 lun=6 pl=0 blk=16 pg=255 erase_cnt=7 (vpc/ipc reset)
[EXP] [ERASE] ch=1 lun=7 pl=0 blk=16 pg=255 erase_cnt=7 (vpc/ipc reset)
[EXP] [ERASE] ch=2 lun=0 pl=0 blk=16 pg=255 erase_cnt=7 (vpc/ipc reset)
[EXP] [ERASE] ch=2 lun=1 pl=0 blk=16 pg=255 erase_cnt=7 (vpc/ipc reset)
[EXP] [ERASE] ch=2 lun=2 pl=0 blk=16 pg=255 erase_cnt=7 (vpc/ipc reset)
[EXP] [ERASE] ch=2 lun=3 pl=0 blk=16 pg=255 erase_cnt=7 (vpc/ipc reset)
[EXP] [ERASE] ch=2 lun=4 pl=0 blk=16 pg=255 erase_cnt=7 (vpc/ipc reset)
[EXP] [ERASE] ch=2 lun=5 pl=0 blk=16 pg=255 erase_cnt=7 (vpc/ipc reset)
[EXP] [ERASE] ch=2 lun=6 pl=0 blk=16 pg=255 erase_cnt=7 (vpc/ipc reset)
[EXP] [ERASE] ch=2 lun=7 pl=0 blk=16 pg=255 erase_cnt=7 (vpc/ipc reset)
[EXP] [ERASE] ch=3 lun=0 pl=0 blk=16 pg=255 erase_cnt=7 (vpc/ipc reset)
[EXP] [ERASE] ch=3 lun=1 pl=0 blk=16 pg=255 erase_cnt=7 (vpc/ipc reset)
[EXP] [ERASE] ch=3 lun=2 pl=0 blk=16 pg=255 erase_cnt=7 (vpc/ipc reset)
[EXP] [ERASE] ch=3 lun=3 pl=0 blk=16 pg=255 erase_cnt=7 (vpc/ipc reset)
[EXP] [ERASE] ch=3 lun=4 pl=0 blk=16 pg=255 erase_cnt=7 (vpc/ipc reset)
[EXP] [ERASE] ch=3 lun=5 pl=0 blk=16 pg=255 erase_cnt=7 (vpc/ipc reset)
[EXP] [ERASE] ch=3 lun=6 pl=0 blk=16 pg=255 erase_cnt=7 (vpc/ipc reset)
[EXP] [ERASE] ch=3 lun=7 pl=0 blk=16 pg=255 erase_cnt=7 (vpc/ipc reset)
[EXP] [ERASE] ch=4 lun=0 pl=0 blk=16 pg=255 erase_cnt=7 (vpc/ipc reset)
[EXP] [ERASE] ch=4 lun=1 pl=0 blk=16 pg=255 erase_cnt=7 (vpc/ipc reset)
[EXP] [ERASE] ch=4 lun=2 pl=0 blk=16 pg=255 erase_cnt=7 (vpc/ipc reset)
[EXP] [ERASE] ch=4 lun=3 pl=0 blk=16 pg=255 erase_cnt=7 (vpc/ipc reset)
[EXP] [ERASE] ch=4 lun=4 pl=0 blk=16 pg=255 erase_cnt=7 (vpc/ipc reset)
[EXP] [ERASE] ch=4 lun=5 pl=0 blk=16 pg=255 erase_cnt=7 (vpc/ipc reset)
[EXP] [ERASE] ch=4 lun=6 pl=0 blk=16 pg=255 erase_cnt=7 (vpc/ipc reset)
[EXP] [ERASE] ch=4 lun=7 pl=0 blk=16 pg=255 erase_cnt=7 (vpc/ipc reset)
[EXP] [ERASE] ch=5 lun=0 pl=0 blk=16 pg=255 erase_cnt=7 (vpc/ipc reset)
[EXP] [ERASE] ch=5 lun=1 pl=0 blk=16 pg=255 erase_cnt=7 (vpc/ipc reset)
[EXP] [ERASE] ch=5 lun=2 pl=0 blk=16 pg=255 erase_cnt=7 (vpc/ipc reset)
[EXP] [ERASE] ch=5 lun=3 pl=0 blk=16 pg=255 erase_cnt=7 (vpc/ipc reset)
[EXP] [ERASE] ch=5 lun=4 pl=0 blk=16 pg=255 erase_cnt=7 (vpc/ipc reset)
[EXP] [ERASE] ch=5 lun=5 pl=0 blk=16 pg=255 erase_cnt=7 (vpc/ipc reset)
[EXP] [ERASE] ch=5 lun=6 pl=0 blk=16 pg=255 erase_cnt=7 (vpc/ipc reset)
[EXP] [ERASE] ch=5 lun=7 pl=0 blk=16 pg=255 erase_cnt=7 (vpc/ipc reset)
[EXP] [ERASE] ch=6 lun=0 pl=0 blk=16 pg=255 erase_cnt=7 (vpc/ipc reset)
[EXP] [ERASE] ch=6 lun=1 pl=0 blk=16 pg=255 erase_cnt=7 (vpc/ipc reset)
[EXP] [ERASE] ch=6 lun=2 pl=0 blk=16 pg=255 erase_cnt=7 (vpc/ipc reset)
[EXP] [ERASE] ch=6 lun=3 pl=0 blk=16 pg=255 erase_cnt=7 (vpc/ipc reset)
[EXP] [ERASE] ch=6 lun=4 pl=0 blk=16 pg=255 erase_cnt=7 (vpc/ipc reset)
[EXP] [ERASE] ch=6 lun=5 pl=0 blk=16 pg=255 erase_cnt=7 (vpc/ipc reset)
[EXP] [ERASE] ch=6 lun=6 pl=0 blk=16 pg=255 erase_cnt=7 (vpc/ipc reset)
[EXP] [ERASE] ch=6 lun=7 pl=0 blk=16 pg=255 erase_cnt=7 (vpc/ipc reset)
[EXP] [ERASE] ch=7 lun=0 pl=0 blk=16 pg=255 erase_cnt=7 (vpc/ipc reset)
[EXP] [ERASE] ch=7 lun=1 pl=0 blk=16 pg=255 erase_cnt=7 (vpc/ipc reset)
[EXP] [ERASE] ch=7 lun=2 pl=0 blk=16 pg=255 erase_cnt=7 (vpc/ipc reset)
[EXP] [ERASE] ch=7 lun=3 pl=0 blk=16 pg=255 erase_cnt=7 (vpc/ipc reset)
[EXP] [ERASE] ch=7 lun=4 pl=0 blk=16 pg=255 erase_cnt=7 (vpc/ipc reset)
[EXP] [ERASE] ch=7 lun=5 pl=0 blk=16 pg=255 erase_cnt=7 (vpc/ipc reset)
[EXP] [ERASE] ch=7 lun=6 pl=0 blk=16 pg=255 erase_cnt=7 (vpc/ipc reset)
[EXP] [ERASE] ch=7 lun=7 pl=0 blk=16 pg=255 erase_cnt=7 (vpc/ipc reset)
[EXP] [ERASE] ch=0 lun=0 pl=0 blk=25 pg=255 erase_cnt=8 (vpc/ipc reset)
[EXP] [ERASE] ch=0 lun=1 pl=0 blk=25 pg=255 erase_cnt=8 (vpc/ipc reset)
[EXP] [ERASE] ch=0 lun=2 pl=0 blk=25 pg=255 erase_cnt=8 (vpc/ipc reset)
[EXP] [ERASE] ch=0 lun=3 pl=0 blk=25 pg=255 erase_cnt=8 (vpc/ipc reset)
[EXP] [ERASE] ch=0 lun=4 pl=0 blk=25 pg=255 erase_cnt=8 (vpc/ipc reset)
[EXP] [ERASE] ch=0 lun=5 pl=0 blk=25 pg=255 erase_cnt=8 (vpc/ipc reset)
[EXP] [ERASE] ch=0 lun=6 pl=0 blk=25 pg=255 erase_cnt=8 (vpc/ipc reset)
[EXP] [ERASE] ch=0 lun=7 pl=0 blk=25 pg=255 erase_cnt=8 (vpc/ipc reset)
[EXP] [ERASE] ch=1 lun=0 pl=0 blk=25 pg=255 erase_cnt=8 (vpc/ipc reset)
[EXP] [ERASE] ch=1 lun=1 pl=0 blk=25 pg=255 erase_cnt=8 (vpc/ipc reset)
[EXP] [ERASE] ch=1 lun=2 pl=0 blk=25 pg=255 erase_cnt=8 (vpc/ipc reset)
[EXP] [ERASE] ch=1 lun=3 pl=0 blk=25 pg=255 erase_cnt=8 (vpc/ipc reset)
[EXP] [ERASE] ch=1 lun=4 pl=0 blk=25 pg=255 erase_cnt=8 (vpc/ipc reset)
[EXP] [ERASE] ch=1 lun=5 pl=0 blk=25 pg=255 erase_cnt=8 (vpc/ipc reset)
[EXP] [ERASE] ch=1 lun=6 pl=0 blk=25 pg=255 erase_cnt=8 (vpc/ipc reset)
[EXP] [ERASE] ch=1 lun=7 pl=0 blk=25 pg=255 erase_cnt=8 (vpc/ipc reset)
[EXP] [ERASE] ch=2 lun=0 pl=0 blk=25 pg=255 erase_cnt=8 (vpc/ipc reset)
[EXP] [ERASE] ch=2 lun=1 pl=0 blk=25 pg=255 erase_cnt=8 (vpc/ipc reset)
[EXP] [ERASE] ch=2 lun=2 pl=0 blk=25 pg=255 erase_cnt=8 (vpc/ipc reset)
[EXP] [ERASE] ch=2 lun=3 pl=0 blk=25 pg=255 erase_cnt=8 (vpc/ipc reset)
[EXP] [ERASE] ch=2 lun=4 pl=0 blk=25 pg=255 erase_cnt=8 (vpc/ipc reset)
[EXP] [ERASE] ch=2 lun=5 pl=0 blk=25 pg=255 erase_cnt=8 (vpc/ipc reset)
[EXP] [ERASE] ch=2 lun=6 pl=0 blk=25 pg=255 erase_cnt=8 (vpc/ipc reset)
[EXP] [ERASE] ch=2 lun=7 pl=0 blk=25 pg=255 erase_cnt=8 (vpc/ipc reset)
[EXP] [ERASE] ch=3 lun=0 pl=0 blk=25 pg=255 erase_cnt=8 (vpc/ipc reset)
[EXP] [ERASE] ch=3 lun=1 pl=0 blk=25 pg=255 erase_cnt=8 (vpc/ipc reset)
[EXP] [ERASE] ch=3 lun=2 pl=0 blk=25 pg=255 erase_cnt=8 (vpc/ipc reset)
[EXP] [ERASE] ch=3 lun=3 pl=0 blk=25 pg=255 erase_cnt=8 (vpc/ipc reset)
[EXP] [ERASE] ch=3 lun=4 pl=0 blk=25 pg=255 erase_cnt=8 (vpc/ipc reset)
[EXP] [ERASE] ch=3 lun=5 pl=0 blk=25 pg=255 erase_cnt=8 (vpc/ipc reset)
[EXP] [ERASE] ch=3 lun=6 pl=0 blk=25 pg=255 erase_cnt=8 (vpc/ipc reset)
[EXP] [ERASE] ch=3 lun=7 pl=0 blk=25 pg=255 erase_cnt=8 (vpc/ipc reset)
[EXP] [ERASE] ch=4 lun=0 pl=0 blk=25 pg=255 erase_cnt=8 (vpc/ipc reset)
[EXP] [ERASE] ch=4 lun=1 pl=0 blk=25 pg=255 erase_cnt=8 (vpc/ipc reset)
[EXP] [ERASE] ch=4 lun=2 pl=0 blk=25 pg=255 erase_cnt=8 (vpc/ipc reset)
[EXP] [ERASE] ch=4 lun=3 pl=0 blk=25 pg=255 erase_cnt=8 (vpc/ipc reset)
[EXP] [ERASE] ch=4 lun=4 pl=0 blk=25 pg=255 erase_cnt=8 (vpc/ipc reset)
[EXP] [ERASE] ch=4 lun=5 pl=0 blk=25 pg=255 erase_cnt=8 (vpc/ipc reset)
[EXP] [ERASE] ch=4 lun=6 pl=0 blk=25 pg=255 erase_cnt=8 (vpc/ipc reset)
[EXP] [ERASE] ch=4 lun=7 pl=0 blk=25 pg=255 erase_cnt=8 (vpc/ipc reset)
[EXP] [ERASE] ch=5 lun=0 pl=0 blk=25 pg=255 erase_cnt=8 (vpc/ipc reset)
[EXP] [ERASE] ch=5 lun=1 pl=0 blk=25 pg=255 erase_cnt=8 (vpc/ipc reset)
[EXP] [ERASE] ch=5 lun=2 pl=0 blk=25 pg=255 erase_cnt=8 (vpc/ipc reset)
[EXP] [ERASE] ch=5 lun=3 pl=0 blk=25 pg=255 erase_cnt=8 (vpc/ipc reset)
[EXP] [ERASE] ch=5 lun=4 pl=0 blk=25 pg=255 erase_cnt=8 (vpc/ipc reset)
[EXP] [ERASE] ch=5 lun=5 pl=0 blk=25 pg=255 erase_cnt=8 (vpc/ipc reset)
[EXP] [ERASE] ch=5 lun=6 pl=0 blk=25 pg=255 erase_cnt=8 (vpc/ipc reset)
[EXP] [ERASE] ch=5 lun=7 pl=0 blk=25 pg=255 erase_cnt=8 (vpc/ipc reset)
[EXP] [ERASE] ch=6 lun=0 pl=0 blk=25 pg=255 erase_cnt=8 (vpc/ipc reset)
[EXP] [ERASE] ch=6 lun=1 pl=0 blk=25 pg=255 erase_cnt=8 (vpc/ipc reset)
[EXP] [ERASE] ch=6 lun=2 pl=0 blk=25 pg=255 erase_cnt=8 (vpc/ipc reset)
[EXP] [ERASE] ch=6 lun=3 pl=0 blk=25 pg=255 erase_cnt=8 (vpc/ipc reset)
[EXP] [ERASE] ch=6 lun=4 pl=0 blk=25 pg=255 erase_cnt=8 (vpc/ipc reset)
[EXP] [ERASE] ch=6 lun=5 pl=0 blk=25 pg=255 erase_cnt=8 (vpc/ipc reset)
[EXP] [ERASE] ch=6 lun=6 pl=0 blk=25 pg=255 erase_cnt=8 (vpc/ipc reset)
[EXP] [ERASE] ch=6 lun=7 pl=0 blk=25 pg=255 erase_cnt=8 (vpc/ipc reset)
[EXP] [ERASE] ch=7 lun=0 pl=0 blk=25 pg=255 erase_cnt=8 (vpc/ipc reset)
[EXP] [ERASE] ch=7 lun=1 pl=0 blk=25 pg=255 erase_cnt=8 (vpc/ipc reset)
[EXP] [ERASE] ch=7 lun=2 pl=0 blk=25 pg=255 erase_cnt=8 (vpc/ipc reset)
[EXP] [ERASE] ch=7 lun=3 pl=0 blk=25 pg=255 erase_cnt=8 (vpc/ipc reset)
[EXP] [ERASE] ch=7 lun=4 pl=0 blk=25 pg=255 erase_cnt=8 (vpc/ipc reset)
[EXP] [ERASE] ch=7 lun=5 pl=0 blk=25 pg=255 erase_cnt=8 (vpc/ipc reset)
[EXP] [ERASE] ch=7 lun=6 pl=0 blk=25 pg=255 erase_cnt=8 (vpc/ipc reset)
[EXP] [ERASE] ch=7 lun=7 pl=0 blk=25 pg=255 erase_cnt=8 (vpc/ipc reset)
[EXP] [ERASE] ch=0 lun=0 pl=0 blk=52 pg=255 erase_cnt=5 (vpc/ipc reset)
[EXP] [ERASE] ch=0 lun=1 pl=0 blk=52 pg=255 erase_cnt=5 (vpc/ipc reset)
[EXP] [ERASE] ch=0 lun=2 pl=0 blk=52 pg=255 erase_cnt=5 (vpc/ipc reset)
[EXP] [ERASE] ch=0 lun=3 pl=0 blk=52 pg=255 erase_cnt=5 (vpc/ipc reset)
[EXP] [ERASE] ch=0 lun=4 pl=0 blk=52 pg=255 erase_cnt=5 (vpc/ipc reset)
[EXP] [ERASE] ch=0 lun=5 pl=0 blk=52 pg=255 erase_cnt=5 (vpc/ipc reset)
[EXP] [ERASE] ch=0 lun=6 pl=0 blk=52 pg=255 erase_cnt=5 (vpc/ipc reset)
[EXP] [ERASE] ch=0 lun=7 pl=0 blk=52 pg=255 erase_cnt=5 (vpc/ipc reset)
[EXP] [ERASE] ch=1 lun=0 pl=0 blk=52 pg=255 erase_cnt=5 (vpc/ipc reset)
[EXP] [ERASE] ch=1 lun=1 pl=0 blk=52 pg=255 erase_cnt=5 (vpc/ipc reset)
[EXP] [ERASE] ch=1 lun=2 pl=0 blk=52 pg=255 erase_cnt=5 (vpc/ipc reset)
[EXP] [ERASE] ch=1 lun=3 pl=0 blk=52 pg=255 erase_cnt=5 (vpc/ipc reset)
[EXP] [ERASE] ch=1 lun=4 pl=0 blk=52 pg=255 erase_cnt=5 (vpc/ipc reset)
[EXP] [ERASE] ch=1 lun=5 pl=0 blk=52 pg=255 erase_cnt=5 (vpc/ipc reset)
[EXP] [ERASE] ch=1 lun=6 pl=0 blk=52 pg=255 erase_cnt=5 (vpc/ipc reset)
[EXP] [ERASE] ch=1 lun=7 pl=0 blk=52 pg=255 erase_cnt=5 (vpc/ipc reset)
[EXP] [ERASE] ch=2 lun=0 pl=0 blk=52 pg=255 erase_cnt=5 (vpc/ipc reset)
[EXP] [ERASE] ch=2 lun=1 pl=0 blk=52 pg=255 erase_cnt=5 (vpc/ipc reset)
[EXP] [ERASE] ch=2 lun=2 pl=0 blk=52 pg=255 erase_cnt=5 (vpc/ipc reset)
[EXP] [ERASE] ch=2 lun=3 pl=0 blk=52 pg=255 erase_cnt=5 (vpc/ipc reset)
[EXP] [ERASE] ch=2 lun=4 pl=0 blk=52 pg=255 erase_cnt=5 (vpc/ipc reset)
[EXP] [ERASE] ch=2 lun=5 pl=0 blk=52 pg=255 erase_cnt=5 (vpc/ipc reset)
[EXP] [ERASE] ch=2 lun=6 pl=0 blk=52 pg=255 erase_cnt=5 (vpc/ipc reset)
[EXP] [ERASE] ch=2 lun=7 pl=0 blk=52 pg=255 erase_cnt=5 (vpc/ipc reset)
[EXP] [ERASE] ch=3 lun=0 pl=0 blk=52 pg=255 erase_cnt=5 (vpc/ipc reset)
[EXP] [ERASE] ch=3 lun=1 pl=0 blk=52 pg=255 erase_cnt=5 (vpc/ipc reset)
[EXP] [ERASE] ch=3 lun=2 pl=0 blk=52 pg=255 erase_cnt=5 (vpc/ipc reset)
[EXP] [ERASE] ch=3 lun=3 pl=0 blk=52 pg=255 erase_cnt=5 (vpc/ipc reset)
[EXP] [GC_MOVE] lpn=0 ch=3 lun=4 pl=0 blk=52 pg=174 -> ch=7 lun=2 pl=0 blk=49 pg=223
[EXP] [ERASE_SURVIVE] lpn=0 count=14 source ch=3 lun=4 pl=0 blk=52 pg=174
[EXP] [ERASE] ch=3 lun=4 pl=0 blk=52 pg=255 erase_cnt=5 (vpc/ipc reset)
[EXP] [ERASE] ch=3 lun=5 pl=0 blk=52 pg=255 erase_cnt=5 (vpc/ipc reset)
[EXP] [ERASE] ch=3 lun=6 pl=0 blk=52 pg=255 erase_cnt=5 (vpc/ipc reset)
[EXP] [ERASE] ch=3 lun=7 pl=0 blk=52 pg=255 erase_cnt=5 (vpc/ipc reset)
[EXP] [ERASE] ch=4 lun=0 pl=0 blk=52 pg=255 erase_cnt=5 (vpc/ipc reset)
[EXP] [ERASE] ch=4 lun=1 pl=0 blk=52 pg=255 erase_cnt=5 (vpc/ipc reset)
[EXP] [ERASE] ch=4 lun=2 pl=0 blk=52 pg=255 erase_cnt=5 (vpc/ipc reset)
[EXP] [ERASE] ch=4 lun=3 pl=0 blk=52 pg=255 erase_cnt=5 (vpc/ipc reset)
[EXP] [ERASE] ch=4 lun=4 pl=0 blk=52 pg=255 erase_cnt=5 (vpc/ipc reset)
[EXP] [ERASE] ch=4 lun=5 pl=0 blk=52 pg=255 erase_cnt=5 (vpc/ipc reset)
[EXP] [ERASE] ch=4 lun=6 pl=0 blk=52 pg=255 erase_cnt=5 (vpc/ipc reset)
[EXP] [ERASE] ch=4 lun=7 pl=0 blk=52 pg=255 erase_cnt=5 (vpc/ipc reset)
[EXP] [ERASE] ch=5 lun=0 pl=0 blk=52 pg=255 erase_cnt=5 (vpc/ipc reset)
[EXP] [ERASE] ch=5 lun=1 pl=0 blk=52 pg=255 erase_cnt=5 (vpc/ipc reset)
[EXP] [ERASE] ch=5 lun=2 pl=0 blk=52 pg=255 erase_cnt=5 (vpc/ipc reset)
[EXP] [ERASE] ch=5 lun=3 pl=0 blk=52 pg=255 erase_cnt=5 (vpc/ipc reset)
[EXP] [ERASE] ch=5 lun=4 pl=0 blk=52 pg=255 erase_cnt=5 (vpc/ipc reset)
[EXP] [ERASE] ch=5 lun=5 pl=0 blk=52 pg=255 erase_cnt=5 (vpc/ipc reset)
[EXP] [ERASE] ch=5 lun=6 pl=0 blk=52 pg=255 erase_cnt=5 (vpc/ipc reset)
[EXP] [ERASE] ch=5 lun=7 pl=0 blk=52 pg=255 erase_cnt=5 (vpc/ipc reset)
[EXP] [ERASE] ch=6 lun=0 pl=0 blk=52 pg=255 erase_cnt=5 (vpc/ipc reset)
[EXP] [ERASE] ch=6 lun=1 pl=0 blk=52 pg=255 erase_cnt=5 (vpc/ipc reset)
[EXP] [ERASE] ch=6 lun=2 pl=0 blk=52 pg=255 erase_cnt=5 (vpc/ipc reset)
[EXP] [ERASE] ch=6 lun=3 pl=0 blk=52 pg=255 erase_cnt=5 (vpc/ipc reset)
[EXP] [ERASE] ch=6 lun=4 pl=0 blk=52 pg=255 erase_cnt=5 (vpc/ipc reset)
[EXP] [ERASE] ch=6 lun=5 pl=0 blk=52 pg=255 erase_cnt=5 (vpc/ipc reset)
[EXP] [ERASE] ch=6 lun=6 pl=0 blk=52 pg=255 erase_cnt=5 (vpc/ipc reset)
[EXP] [ERASE] ch=6 lun=7 pl=0 blk=52 pg=255 erase_cnt=5 (vpc/ipc reset)
[EXP] [ERASE] ch=7 lun=0 pl=0 blk=52 pg=255 erase_cnt=5 (vpc/ipc reset)
[EXP] [ERASE] ch=7 lun=1 pl=0 blk=52 pg=255 erase_cnt=5 (vpc/ipc reset)
[EXP] [ERASE] ch=7 lun=2 pl=0 blk=52 pg=255 erase_cnt=5 (vpc/ipc reset)
[EXP] [ERASE] ch=7 lun=3 pl=0 blk=52 pg=255 erase_cnt=5 (vpc/ipc reset)
[EXP] [ERASE] ch=7 lun=4 pl=0 blk=52 pg=255 erase_cnt=5 (vpc/ipc reset)
[EXP] [ERASE] ch=7 lun=5 pl=0 blk=52 pg=255 erase_cnt=5 (vpc/ipc reset)
[EXP] [ERASE] ch=7 lun=6 pl=0 blk=52 pg=255 erase_cnt=5 (vpc/ipc reset)
[EXP] [ERASE] ch=7 lun=7 pl=0 blk=52 pg=255 erase_cnt=5 (vpc/ipc reset)
[EXP] [ERASE] ch=0 lun=0 pl=0 blk=57 pg=255 erase_cnt=7 (vpc/ipc reset)
[EXP] [ERASE] ch=0 lun=1 pl=0 blk=57 pg=255 erase_cnt=7 (vpc/ipc reset)
[EXP] [ERASE] ch=0 lun=2 pl=0 blk=57 pg=255 erase_cnt=7 (vpc/ipc reset)
[EXP] [ERASE] ch=0 lun=3 pl=0 blk=57 pg=255 erase_cnt=7 (vpc/ipc reset)
[EXP] [ERASE] ch=0 lun=4 pl=0 blk=57 pg=255 erase_cnt=7 (vpc/ipc reset)
[EXP] [ERASE] ch=0 lun=5 pl=0 blk=57 pg=255 erase_cnt=7 (vpc/ipc reset)
[EXP] [ERASE] ch=0 lun=6 pl=0 blk=57 pg=255 erase_cnt=7 (vpc/ipc reset)
[EXP] [ERASE] ch=0 lun=7 pl=0 blk=57 pg=255 erase_cnt=7 (vpc/ipc reset)
[EXP] [ERASE] ch=1 lun=0 pl=0 blk=57 pg=255 erase_cnt=7 (vpc/ipc reset)
[EXP] [ERASE] ch=1 lun=1 pl=0 blk=57 pg=255 erase_cnt=7 (vpc/ipc reset)
[EXP] [ERASE] ch=1 lun=2 pl=0 blk=57 pg=255 erase_cnt=7 (vpc/ipc reset)
[EXP] [ERASE] ch=1 lun=3 pl=0 blk=57 pg=255 erase_cnt=7 (vpc/ipc reset)
[EXP] [ERASE] ch=1 lun=4 pl=0 blk=57 pg=255 erase_cnt=7 (vpc/ipc reset)
[EXP] [ERASE] ch=1 lun=5 pl=0 blk=57 pg=255 erase_cnt=7 (vpc/ipc reset)
[EXP] [ERASE] ch=1 lun=6 pl=0 blk=57 pg=255 erase_cnt=7 (vpc/ipc reset)
[EXP] [ERASE] ch=1 lun=7 pl=0 blk=57 pg=255 erase_cnt=7 (vpc/ipc reset)
[EXP] [ERASE] ch=2 lun=0 pl=0 blk=57 pg=255 erase_cnt=7 (vpc/ipc reset)
[EXP] [ERASE] ch=2 lun=1 pl=0 blk=57 pg=255 erase_cnt=7 (vpc/ipc reset)
[EXP] [ERASE] ch=2 lun=2 pl=0 blk=57 pg=255 erase_cnt=7 (vpc/ipc reset)
[EXP] [ERASE] ch=2 lun=3 pl=0 blk=57 pg=255 erase_cnt=7 (vpc/ipc reset)
[EXP] [ERASE] ch=2 lun=4 pl=0 blk=57 pg=255 erase_cnt=7 (vpc/ipc reset)
[EXP] [ERASE] ch=2 lun=5 pl=0 blk=57 pg=255 erase_cnt=7 (vpc/ipc reset)
[EXP] [ERASE] ch=2 lun=6 pl=0 blk=57 pg=255 erase_cnt=7 (vpc/ipc reset)
[EXP] [ERASE] ch=2 lun=7 pl=0 blk=57 pg=255 erase_cnt=7 (vpc/ipc reset)
[EXP] [ERASE] ch=3 lun=0 pl=0 blk=57 pg=255 erase_cnt=7 (vpc/ipc reset)
[EXP] [ERASE] ch=3 lun=1 pl=0 blk=57 pg=255 erase_cnt=7 (vpc/ipc reset)
[EXP] [ERASE] ch=3 lun=2 pl=0 blk=57 pg=255 erase_cnt=7 (vpc/ipc reset)
[EXP] [ERASE] ch=3 lun=3 pl=0 blk=57 pg=255 erase_cnt=7 (vpc/ipc reset)
[EXP] [ERASE] ch=3 lun=4 pl=0 blk=57 pg=255 erase_cnt=7 (vpc/ipc reset)
[EXP] [ERASE] ch=3 lun=5 pl=0 blk=57 pg=255 erase_cnt=7 (vpc/ipc reset)
[EXP] [ERASE] ch=3 lun=6 pl=0 blk=57 pg=255 erase_cnt=7 (vpc/ipc reset)
[EXP] [ERASE] ch=3 lun=7 pl=0 blk=57 pg=255 erase_cnt=7 (vpc/ipc reset)
[EXP] [ERASE] ch=4 lun=0 pl=0 blk=57 pg=255 erase_cnt=7 (vpc/ipc reset)
[EXP] [ERASE] ch=4 lun=1 pl=0 blk=57 pg=255 erase_cnt=7 (vpc/ipc reset)
[EXP] [ERASE] ch=4 lun=2 pl=0 blk=57 pg=255 erase_cnt=7 (vpc/ipc reset)
[EXP] [ERASE] ch=4 lun=3 pl=0 blk=57 pg=255 erase_cnt=7 (vpc/ipc reset)
[EXP] [ERASE] ch=4 lun=4 pl=0 blk=57 pg=255 erase_cnt=7 (vpc/ipc reset)
[EXP] [ERASE] ch=4 lun=5 pl=0 blk=57 pg=255 erase_cnt=7 (vpc/ipc reset)
[EXP] [ERASE] ch=4 lun=6 pl=0 blk=57 pg=255 erase_cnt=7 (vpc/ipc reset)
[EXP] [ERASE] ch=4 lun=7 pl=0 blk=57 pg=255 erase_cnt=7 (vpc/ipc reset)
[EXP] [ERASE] ch=5 lun=0 pl=0 blk=57 pg=255 erase_cnt=7 (vpc/ipc reset)
[EXP] [ERASE] ch=5 lun=1 pl=0 blk=57 pg=255 erase_cnt=7 (vpc/ipc reset)
[EXP] [ERASE] ch=5 lun=2 pl=0 blk=57 pg=255 erase_cnt=7 (vpc/ipc reset)
[EXP] [ERASE] ch=5 lun=3 pl=0 blk=57 pg=255 erase_cnt=7 (vpc/ipc reset)
[EXP] [ERASE] ch=5 lun=4 pl=0 blk=57 pg=255 erase_cnt=7 (vpc/ipc reset)
[EXP] [ERASE] ch=5 lun=5 pl=0 blk=57 pg=255 erase_cnt=7 (vpc/ipc reset)
[EXP] [ERASE] ch=5 lun=6 pl=0 blk=57 pg=255 erase_cnt=7 (vpc/ipc reset)
[EXP] [ERASE] ch=5 lun=7 pl=0 blk=57 pg=255 erase_cnt=7 (vpc/ipc reset)
[EXP] [ERASE] ch=6 lun=0 pl=0 blk=57 pg=255 erase_cnt=7 (vpc/ipc reset)
[EXP] [ERASE] ch=6 lun=1 pl=0 blk=57 pg=255 erase_cnt=7 (vpc/ipc reset)
[EXP] [ERASE] ch=6 lun=2 pl=0 blk=57 pg=255 erase_cnt=7 (vpc/ipc reset)
[EXP] [ERASE] ch=6 lun=3 pl=0 blk=57 pg=255 erase_cnt=7 (vpc/ipc reset)
[EXP] [ERASE] ch=6 lun=4 pl=0 blk=57 pg=255 erase_cnt=7 (vpc/ipc reset)
[EXP] [ERASE] ch=6 lun=5 pl=0 blk=57 pg=255 erase_cnt=7 (vpc/ipc reset)
[EXP] [ERASE] ch=6 lun=6 pl=0 blk=57 pg=255 erase_cnt=7 (vpc/ipc reset)
[EXP] [ERASE] ch=6 lun=7 pl=0 blk=57 pg=255 erase_cnt=7 (vpc/ipc reset)
[EXP] [ERASE] ch=7 lun=0 pl=0 blk=57 pg=255 erase_cnt=7 (vpc/ipc reset)
[EXP] [ERASE] ch=7 lun=1 pl=0 blk=57 pg=255 erase_cnt=7 (vpc/ipc reset)
[EXP] [ERASE] ch=7 lun=2 pl=0 blk=57 pg=255 erase_cnt=7 (vpc/ipc reset)
[EXP] [ERASE] ch=7 lun=3 pl=0 blk=57 pg=255 erase_cnt=7 (vpc/ipc reset)
[EXP] [ERASE] ch=7 lun=4 pl=0 blk=57 pg=255 erase_cnt=7 (vpc/ipc reset)
[EXP] [ERASE] ch=7 lun=5 pl=0 blk=57 pg=255 erase_cnt=7 (vpc/ipc reset)
[EXP] [ERASE] ch=7 lun=6 pl=0 blk=57 pg=255 erase_cnt=7 (vpc/ipc reset)
[EXP] [ERASE] ch=7 lun=7 pl=0 blk=57 pg=255 erase_cnt=7 (vpc/ipc reset)
[EXP] [ERASE] ch=0 lun=0 pl=0 blk=99 pg=255 erase_cnt=8 (vpc/ipc reset)
[EXP] [ERASE] ch=0 lun=1 pl=0 blk=99 pg=255 erase_cnt=8 (vpc/ipc reset)
[EXP] [ERASE] ch=0 lun=2 pl=0 blk=99 pg=255 erase_cnt=8 (vpc/ipc reset)
[EXP] [ERASE] ch=0 lun=3 pl=0 blk=99 pg=255 erase_cnt=8 (vpc/ipc reset)
[EXP] [ERASE] ch=0 lun=4 pl=0 blk=99 pg=255 erase_cnt=8 (vpc/ipc reset)
[EXP] [ERASE] ch=0 lun=5 pl=0 blk=99 pg=255 erase_cnt=8 (vpc/ipc reset)
[EXP] [ERASE] ch=0 lun=6 pl=0 blk=99 pg=255 erase_cnt=8 (vpc/ipc reset)
[EXP] [ERASE] ch=0 lun=7 pl=0 blk=99 pg=255 erase_cnt=8 (vpc/ipc reset)
[EXP] [ERASE] ch=1 lun=0 pl=0 blk=99 pg=255 erase_cnt=8 (vpc/ipc reset)
[EXP] [ERASE] ch=1 lun=1 pl=0 blk=99 pg=255 erase_cnt=8 (vpc/ipc reset)
[EXP] [ERASE] ch=1 lun=2 pl=0 blk=99 pg=255 erase_cnt=8 (vpc/ipc reset)
[EXP] [ERASE] ch=1 lun=3 pl=0 blk=99 pg=255 erase_cnt=8 (vpc/ipc reset)
[EXP] [ERASE] ch=1 lun=4 pl=0 blk=99 pg=255 erase_cnt=8 (vpc/ipc reset)
[EXP] [ERASE] ch=1 lun=5 pl=0 blk=99 pg=255 erase_cnt=8 (vpc/ipc reset)
[EXP] [ERASE] ch=1 lun=6 pl=0 blk=99 pg=255 erase_cnt=8 (vpc/ipc reset)
[EXP] [ERASE] ch=1 lun=7 pl=0 blk=99 pg=255 erase_cnt=8 (vpc/ipc reset)
[EXP] [ERASE] ch=2 lun=0 pl=0 blk=99 pg=255 erase_cnt=8 (vpc/ipc reset)
[EXP] [ERASE] ch=2 lun=1 pl=0 blk=99 pg=255 erase_cnt=8 (vpc/ipc reset)
[EXP] [ERASE] ch=2 lun=2 pl=0 blk=99 pg=255 erase_cnt=8 (vpc/ipc reset)
[EXP] [ERASE] ch=2 lun=3 pl=0 blk=99 pg=255 erase_cnt=8 (vpc/ipc reset)
[EXP] [ERASE] ch=2 lun=4 pl=0 blk=99 pg=255 erase_cnt=8 (vpc/ipc reset)
[EXP] [ERASE] ch=2 lun=5 pl=0 blk=99 pg=255 erase_cnt=8 (vpc/ipc reset)
[EXP] [ERASE] ch=2 lun=6 pl=0 blk=99 pg=255 erase_cnt=8 (vpc/ipc reset)
[EXP] [ERASE] ch=2 lun=7 pl=0 blk=99 pg=255 erase_cnt=8 (vpc/ipc reset)
[EXP] [ERASE] ch=3 lun=0 pl=0 blk=99 pg=255 erase_cnt=8 (vpc/ipc reset)
[EXP] [ERASE] ch=3 lun=1 pl=0 blk=99 pg=255 erase_cnt=8 (vpc/ipc reset)
[EXP] [ERASE] ch=3 lun=2 pl=0 blk=99 pg=255 erase_cnt=8 (vpc/ipc reset)
[EXP] [ERASE] ch=3 lun=3 pl=0 blk=99 pg=255 erase_cnt=8 (vpc/ipc reset)
[EXP] [ERASE] ch=3 lun=4 pl=0 blk=99 pg=255 erase_cnt=8 (vpc/ipc reset)
[EXP] [ERASE] ch=3 lun=5 pl=0 blk=99 pg=255 erase_cnt=8 (vpc/ipc reset)
[EXP] [ERASE] ch=3 lun=6 pl=0 blk=99 pg=255 erase_cnt=8 (vpc/ipc reset)
[EXP] [ERASE] ch=3 lun=7 pl=0 blk=99 pg=255 erase_cnt=8 (vpc/ipc reset)
[EXP] [ERASE] ch=4 lun=0 pl=0 blk=99 pg=255 erase_cnt=8 (vpc/ipc reset)
[EXP] [ERASE] ch=4 lun=1 pl=0 blk=99 pg=255 erase_cnt=8 (vpc/ipc reset)
[EXP] [ERASE] ch=4 lun=2 pl=0 blk=99 pg=255 erase_cnt=8 (vpc/ipc reset)
[EXP] [ERASE] ch=4 lun=3 pl=0 blk=99 pg=255 erase_cnt=8 (vpc/ipc reset)
[EXP] [ERASE] ch=4 lun=4 pl=0 blk=99 pg=255 erase_cnt=8 (vpc/ipc reset)
[EXP] [ERASE] ch=4 lun=5 pl=0 blk=99 pg=255 erase_cnt=8 (vpc/ipc reset)
[EXP] [ERASE] ch=4 lun=6 pl=0 blk=99 pg=255 erase_cnt=8 (vpc/ipc reset)
[EXP] [ERASE] ch=4 lun=7 pl=0 blk=99 pg=255 erase_cnt=8 (vpc/ipc reset)
[EXP] [ERASE] ch=5 lun=0 pl=0 blk=99 pg=255 erase_cnt=8 (vpc/ipc reset)
[EXP] [ERASE] ch=5 lun=1 pl=0 blk=99 pg=255 erase_cnt=8 (vpc/ipc reset)
[EXP] [ERASE] ch=5 lun=2 pl=0 blk=99 pg=255 erase_cnt=8 (vpc/ipc reset)
[EXP] [ERASE] ch=5 lun=3 pl=0 blk=99 pg=255 erase_cnt=8 (vpc/ipc reset)
[EXP] [ERASE] ch=5 lun=4 pl=0 blk=99 pg=255 erase_cnt=8 (vpc/ipc reset)
[EXP] [ERASE] ch=5 lun=5 pl=0 blk=99 pg=255 erase_cnt=8 (vpc/ipc reset)
[EXP] [ERASE] ch=5 lun=6 pl=0 blk=99 pg=255 erase_cnt=8 (vpc/ipc reset)
[EXP] [ERASE] ch=5 lun=7 pl=0 blk=99 pg=255 erase_cnt=8 (vpc/ipc reset)
[EXP] [ERASE] ch=6 lun=0 pl=0 blk=99 pg=255 erase_cnt=8 (vpc/ipc reset)
[EXP] [ERASE] ch=6 lun=1 pl=0 blk=99 pg=255 erase_cnt=8 (vpc/ipc reset)
[EXP] [ERASE] ch=6 lun=2 pl=0 blk=99 pg=255 erase_cnt=8 (vpc/ipc reset)
[EXP] [ERASE] ch=6 lun=3 pl=0 blk=99 pg=255 erase_cnt=8 (vpc/ipc reset)
[EXP] [ERASE] ch=6 lun=4 pl=0 blk=99 pg=255 erase_cnt=8 (vpc/ipc reset)
[EXP] [ERASE] ch=6 lun=5 pl=0 blk=99 pg=255 erase_cnt=8 (vpc/ipc reset)
[EXP] [ERASE] ch=6 lun=6 pl=0 blk=99 pg=255 erase_cnt=8 (vpc/ipc reset)
[EXP] [ERASE] ch=6 lun=7 pl=0 blk=99 pg=255 erase_cnt=8 (vpc/ipc reset)
[EXP] [ERASE] ch=7 lun=0 pl=0 blk=99 pg=255 erase_cnt=8 (vpc/ipc reset)
[EXP] [ERASE] ch=7 lun=1 pl=0 blk=99 pg=255 erase_cnt=8 (vpc/ipc reset)
[EXP] [ERASE] ch=7 lun=2 pl=0 blk=99 pg=255 erase_cnt=8 (vpc/ipc reset)
[EXP] [ERASE] ch=7 lun=3 pl=0 blk=99 pg=255 erase_cnt=8 (vpc/ipc reset)
[EXP] [ERASE] ch=7 lun=4 pl=0 blk=99 pg=255 erase_cnt=8 (vpc/ipc reset)
[EXP] [ERASE] ch=7 lun=5 pl=0 blk=99 pg=255 erase_cnt=8 (vpc/ipc reset)
[EXP] [ERASE] ch=7 lun=6 pl=0 blk=99 pg=255 erase_cnt=8 (vpc/ipc reset)
[EXP] [ERASE] ch=7 lun=7 pl=0 blk=99 pg=255 erase_cnt=8 (vpc/ipc reset)
[EXP] [ERASE] ch=0 lun=0 pl=0 blk=97 pg=255 erase_cnt=10 (vpc/ipc reset)
[EXP] [ERASE] ch=0 lun=1 pl=0 blk=97 pg=255 erase_cnt=10 (vpc/ipc reset)
[EXP] [ERASE] ch=0 lun=2 pl=0 blk=97 pg=255 erase_cnt=10 (vpc/ipc reset)
[EXP] [ERASE] ch=0 lun=3 pl=0 blk=97 pg=255 erase_cnt=10 (vpc/ipc reset)
[EXP] [ERASE] ch=0 lun=4 pl=0 blk=97 pg=255 erase_cnt=10 (vpc/ipc reset)
[EXP] [ERASE] ch=0 lun=5 pl=0 blk=97 pg=255 erase_cnt=10 (vpc/ipc reset)
[EXP] [ERASE] ch=0 lun=6 pl=0 blk=97 pg=255 erase_cnt=10 (vpc/ipc reset)
[EXP] [ERASE] ch=0 lun=7 pl=0 blk=97 pg=255 erase_cnt=10 (vpc/ipc reset)
[EXP] [ERASE] ch=1 lun=0 pl=0 blk=97 pg=255 erase_cnt=10 (vpc/ipc reset)
[EXP] [ERASE] ch=1 lun=1 pl=0 blk=97 pg=255 erase_cnt=10 (vpc/ipc reset)
[EXP] [ERASE] ch=1 lun=2 pl=0 blk=97 pg=255 erase_cnt=10 (vpc/ipc reset)
[EXP] [ERASE] ch=1 lun=3 pl=0 blk=97 pg=255 erase_cnt=10 (vpc/ipc reset)
[EXP] [ERASE] ch=1 lun=4 pl=0 blk=97 pg=255 erase_cnt=10 (vpc/ipc reset)
[EXP] [ERASE] ch=1 lun=5 pl=0 blk=97 pg=255 erase_cnt=10 (vpc/ipc reset)
[EXP] [ERASE] ch=1 lun=6 pl=0 blk=97 pg=255 erase_cnt=10 (vpc/ipc reset)
[EXP] [ERASE] ch=1 lun=7 pl=0 blk=97 pg=255 erase_cnt=10 (vpc/ipc reset)
[EXP] [ERASE] ch=2 lun=0 pl=0 blk=97 pg=255 erase_cnt=10 (vpc/ipc reset)
[EXP] [ERASE] ch=2 lun=1 pl=0 blk=97 pg=255 erase_cnt=10 (vpc/ipc reset)
[EXP] [ERASE] ch=2 lun=2 pl=0 blk=97 pg=255 erase_cnt=10 (vpc/ipc reset)
[EXP] [ERASE] ch=2 lun=3 pl=0 blk=97 pg=255 erase_cnt=10 (vpc/ipc reset)
[EXP] [ERASE] ch=2 lun=4 pl=0 blk=97 pg=255 erase_cnt=10 (vpc/ipc reset)
[EXP] [ERASE] ch=2 lun=5 pl=0 blk=97 pg=255 erase_cnt=10 (vpc/ipc reset)
[EXP] [ERASE] ch=2 lun=6 pl=0 blk=97 pg=255 erase_cnt=10 (vpc/ipc reset)
[EXP] [ERASE] ch=2 lun=7 pl=0 blk=97 pg=255 erase_cnt=10 (vpc/ipc reset)
[EXP] [ERASE] ch=3 lun=0 pl=0 blk=97 pg=255 erase_cnt=10 (vpc/ipc reset)
[EXP] [ERASE] ch=3 lun=1 pl=0 blk=97 pg=255 erase_cnt=10 (vpc/ipc reset)
[EXP] [ERASE] ch=3 lun=2 pl=0 blk=97 pg=255 erase_cnt=10 (vpc/ipc reset)
[EXP] [ERASE] ch=3 lun=3 pl=0 blk=97 pg=255 erase_cnt=10 (vpc/ipc reset)
[EXP] [ERASE] ch=3 lun=4 pl=0 blk=97 pg=255 erase_cnt=10 (vpc/ipc reset)
[EXP] [ERASE] ch=3 lun=5 pl=0 blk=97 pg=255 erase_cnt=10 (vpc/ipc reset)
[EXP] [ERASE] ch=3 lun=6 pl=0 blk=97 pg=255 erase_cnt=10 (vpc/ipc reset)
[EXP] [ERASE] ch=3 lun=7 pl=0 blk=97 pg=255 erase_cnt=10 (vpc/ipc reset)
[EXP] [ERASE] ch=4 lun=0 pl=0 blk=97 pg=255 erase_cnt=10 (vpc/ipc reset)
[EXP] [ERASE] ch=4 lun=1 pl=0 blk=97 pg=255 erase_cnt=10 (vpc/ipc reset)
[EXP] [ERASE] ch=4 lun=2 pl=0 blk=97 pg=255 erase_cnt=10 (vpc/ipc reset)
[EXP] [ERASE] ch=4 lun=3 pl=0 blk=97 pg=255 erase_cnt=10 (vpc/ipc reset)
[EXP] [ERASE] ch=4 lun=4 pl=0 blk=97 pg=255 erase_cnt=10 (vpc/ipc reset)
[EXP] [ERASE] ch=4 lun=5 pl=0 blk=97 pg=255 erase_cnt=10 (vpc/ipc reset)
[EXP] [ERASE] ch=4 lun=6 pl=0 blk=97 pg=255 erase_cnt=10 (vpc/ipc reset)
[EXP] [ERASE] ch=4 lun=7 pl=0 blk=97 pg=255 erase_cnt=10 (vpc/ipc reset)
[EXP] [ERASE] ch=5 lun=0 pl=0 blk=97 pg=255 erase_cnt=10 (vpc/ipc reset)
[EXP] [ERASE] ch=5 lun=1 pl=0 blk=97 pg=255 erase_cnt=10 (vpc/ipc reset)
[EXP] [ERASE] ch=5 lun=2 pl=0 blk=97 pg=255 erase_cnt=10 (vpc/ipc reset)
[EXP] [ERASE] ch=5 lun=3 pl=0 blk=97 pg=255 erase_cnt=10 (vpc/ipc reset)
[EXP] [ERASE] ch=5 lun=4 pl=0 blk=97 pg=255 erase_cnt=10 (vpc/ipc reset)
[EXP] [ERASE] ch=5 lun=5 pl=0 blk=97 pg=255 erase_cnt=10 (vpc/ipc reset)
[EXP] [ERASE] ch=5 lun=6 pl=0 blk=97 pg=255 erase_cnt=10 (vpc/ipc reset)
[EXP] [ERASE] ch=5 lun=7 pl=0 blk=97 pg=255 erase_cnt=10 (vpc/ipc reset)
[EXP] [ERASE] ch=6 lun=0 pl=0 blk=97 pg=255 erase_cnt=10 (vpc/ipc reset)
[EXP] [ERASE] ch=6 lun=1 pl=0 blk=97 pg=255 erase_cnt=10 (vpc/ipc reset)
[EXP] [ERASE] ch=6 lun=2 pl=0 blk=97 pg=255 erase_cnt=10 (vpc/ipc reset)
[EXP] [ERASE] ch=6 lun=3 pl=0 blk=97 pg=255 erase_cnt=10 (vpc/ipc reset)
[EXP] [ERASE] ch=6 lun=4 pl=0 blk=97 pg=255 erase_cnt=10 (vpc/ipc reset)
[EXP] [ERASE] ch=6 lun=5 pl=0 blk=97 pg=255 erase_cnt=10 (vpc/ipc reset)
[EXP] [ERASE] ch=6 lun=6 pl=0 blk=97 pg=255 erase_cnt=10 (vpc/ipc reset)
[EXP] [ERASE] ch=6 lun=7 pl=0 blk=97 pg=255 erase_cnt=10 (vpc/ipc reset)
[EXP] [ERASE] ch=7 lun=0 pl=0 blk=97 pg=255 erase_cnt=10 (vpc/ipc reset)
[EXP] [ERASE] ch=7 lun=1 pl=0 blk=97 pg=255 erase_cnt=10 (vpc/ipc reset)
[EXP] [ERASE] ch=7 lun=2 pl=0 blk=97 pg=255 erase_cnt=10 (vpc/ipc reset)
[EXP] [ERASE] ch=7 lun=3 pl=0 blk=97 pg=255 erase_cnt=10 (vpc/ipc reset)
[EXP] [ERASE] ch=7 lun=4 pl=0 blk=97 pg=255 erase_cnt=10 (vpc/ipc reset)
[EXP] [ERASE] ch=7 lun=5 pl=0 blk=97 pg=255 erase_cnt=10 (vpc/ipc reset)
[EXP] [ERASE] ch=7 lun=6 pl=0 blk=97 pg=255 erase_cnt=10 (vpc/ipc reset)
[EXP] [ERASE] ch=7 lun=7 pl=0 blk=97 pg=255 erase_cnt=10 (vpc/ipc reset)
[EXP] [ERASE] ch=0 lun=0 pl=0 blk=49 pg=255 erase_cnt=7 (vpc/ipc reset)
[EXP] [ERASE] ch=0 lun=1 pl=0 blk=49 pg=255 erase_cnt=7 (vpc/ipc reset)
[EXP] [ERASE] ch=0 lun=2 pl=0 blk=49 pg=255 erase_cnt=7 (vpc/ipc reset)
[EXP] [ERASE] ch=0 lun=3 pl=0 blk=49 pg=255 erase_cnt=7 (vpc/ipc reset)
[EXP] [ERASE] ch=0 lun=4 pl=0 blk=49 pg=255 erase_cnt=7 (vpc/ipc reset)
[EXP] [ERASE] ch=0 lun=5 pl=0 blk=49 pg=255 erase_cnt=7 (vpc/ipc reset)
[EXP] [ERASE] ch=0 lun=6 pl=0 blk=49 pg=255 erase_cnt=7 (vpc/ipc reset)
[EXP] [ERASE] ch=0 lun=7 pl=0 blk=49 pg=255 erase_cnt=7 (vpc/ipc reset)
[EXP] [ERASE] ch=1 lun=0 pl=0 blk=49 pg=255 erase_cnt=7 (vpc/ipc reset)
[EXP] [ERASE] ch=1 lun=1 pl=0 blk=49 pg=255 erase_cnt=7 (vpc/ipc reset)
[EXP] [ERASE] ch=1 lun=2 pl=0 blk=49 pg=255 erase_cnt=7 (vpc/ipc reset)
[EXP] [ERASE] ch=1 lun=3 pl=0 blk=49 pg=255 erase_cnt=7 (vpc/ipc reset)
[EXP] [ERASE] ch=1 lun=4 pl=0 blk=49 pg=255 erase_cnt=7 (vpc/ipc reset)
[EXP] [ERASE] ch=1 lun=5 pl=0 blk=49 pg=255 erase_cnt=7 (vpc/ipc reset)
[EXP] [ERASE] ch=1 lun=6 pl=0 blk=49 pg=255 erase_cnt=7 (vpc/ipc reset)
[EXP] [ERASE] ch=1 lun=7 pl=0 blk=49 pg=255 erase_cnt=7 (vpc/ipc reset)
[EXP] [ERASE] ch=2 lun=0 pl=0 blk=49 pg=255 erase_cnt=7 (vpc/ipc reset)
[EXP] [ERASE] ch=2 lun=1 pl=0 blk=49 pg=255 erase_cnt=7 (vpc/ipc reset)
[EXP] [ERASE] ch=2 lun=2 pl=0 blk=49 pg=255 erase_cnt=7 (vpc/ipc reset)
[EXP] [ERASE] ch=2 lun=3 pl=0 blk=49 pg=255 erase_cnt=7 (vpc/ipc reset)
[EXP] [ERASE] ch=2 lun=4 pl=0 blk=49 pg=255 erase_cnt=7 (vpc/ipc reset)
[EXP] [ERASE] ch=2 lun=5 pl=0 blk=49 pg=255 erase_cnt=7 (vpc/ipc reset)
[EXP] [ERASE] ch=2 lun=6 pl=0 blk=49 pg=255 erase_cnt=7 (vpc/ipc reset)
[EXP] [ERASE] ch=2 lun=7 pl=0 blk=49 pg=255 erase_cnt=7 (vpc/ipc reset)
[EXP] [ERASE] ch=3 lun=0 pl=0 blk=49 pg=255 erase_cnt=7 (vpc/ipc reset)
[EXP] [ERASE] ch=3 lun=1 pl=0 blk=49 pg=255 erase_cnt=7 (vpc/ipc reset)
[EXP] [ERASE] ch=3 lun=2 pl=0 blk=49 pg=255 erase_cnt=7 (vpc/ipc reset)
[EXP] [ERASE] ch=3 lun=3 pl=0 blk=49 pg=255 erase_cnt=7 (vpc/ipc reset)
[EXP] [ERASE] ch=3 lun=4 pl=0 blk=49 pg=255 erase_cnt=7 (vpc/ipc reset)
[EXP] [ERASE] ch=3 lun=5 pl=0 blk=49 pg=255 erase_cnt=7 (vpc/ipc reset)
[EXP] [ERASE] ch=3 lun=6 pl=0 blk=49 pg=255 erase_cnt=7 (vpc/ipc reset)
[EXP] [ERASE] ch=3 lun=7 pl=0 blk=49 pg=255 erase_cnt=7 (vpc/ipc reset)
[EXP] [ERASE] ch=4 lun=0 pl=0 blk=49 pg=255 erase_cnt=7 (vpc/ipc reset)
[EXP] [ERASE] ch=4 lun=1 pl=0 blk=49 pg=255 erase_cnt=7 (vpc/ipc reset)
[EXP] [ERASE] ch=4 lun=2 pl=0 blk=49 pg=255 erase_cnt=7 (vpc/ipc reset)
[EXP] [ERASE] ch=4 lun=3 pl=0 blk=49 pg=255 erase_cnt=7 (vpc/ipc reset)
[EXP] [ERASE] ch=4 lun=4 pl=0 blk=49 pg=255 erase_cnt=7 (vpc/ipc reset)
[EXP] [ERASE] ch=4 lun=5 pl=0 blk=49 pg=255 erase_cnt=7 (vpc/ipc reset)
[EXP] [ERASE] ch=4 lun=6 pl=0 blk=49 pg=255 erase_cnt=7 (vpc/ipc reset)
[EXP] [ERASE] ch=4 lun=7 pl=0 blk=49 pg=255 erase_cnt=7 (vpc/ipc reset)
[EXP] [ERASE] ch=5 lun=0 pl=0 blk=49 pg=255 erase_cnt=7 (vpc/ipc reset)
[EXP] [ERASE] ch=5 lun=1 pl=0 blk=49 pg=255 erase_cnt=7 (vpc/ipc reset)
[EXP] [ERASE] ch=5 lun=2 pl=0 blk=49 pg=255 erase_cnt=7 (vpc/ipc reset)
[EXP] [ERASE] ch=5 lun=3 pl=0 blk=49 pg=255 erase_cnt=7 (vpc/ipc reset)
[EXP] [ERASE] ch=5 lun=4 pl=0 blk=49 pg=255 erase_cnt=7 (vpc/ipc reset)
[EXP] [ERASE] ch=5 lun=5 pl=0 blk=49 pg=255 erase_cnt=7 (vpc/ipc reset)
[EXP] [ERASE] ch=5 lun=6 pl=0 blk=49 pg=255 erase_cnt=7 (vpc/ipc reset)
[EXP] [ERASE] ch=5 lun=7 pl=0 blk=49 pg=255 erase_cnt=7 (vpc/ipc reset)
[EXP] [ERASE] ch=6 lun=0 pl=0 blk=49 pg=255 erase_cnt=7 (vpc/ipc reset)
[EXP] [ERASE] ch=6 lun=1 pl=0 blk=49 pg=255 erase_cnt=7 (vpc/ipc reset)
[EXP] [ERASE] ch=6 lun=2 pl=0 blk=49 pg=255 erase_cnt=7 (vpc/ipc reset)
[EXP] [ERASE] ch=6 lun=3 pl=0 blk=49 pg=255 erase_cnt=7 (vpc/ipc reset)
[EXP] [ERASE] ch=6 lun=4 pl=0 blk=49 pg=255 erase_cnt=7 (vpc/ipc reset)
[EXP] [ERASE] ch=6 lun=5 pl=0 blk=49 pg=255 erase_cnt=7 (vpc/ipc reset)
[EXP] [ERASE] ch=6 lun=6 pl=0 blk=49 pg=255 erase_cnt=7 (vpc/ipc reset)
[EXP] [ERASE] ch=6 lun=7 pl=0 blk=49 pg=255 erase_cnt=7 (vpc/ipc reset)
[EXP] [ERASE] ch=7 lun=0 pl=0 blk=49 pg=255 erase_cnt=7 (vpc/ipc reset)
[EXP] [ERASE] ch=7 lun=1 pl=0 blk=49 pg=255 erase_cnt=7 (vpc/ipc reset)
[EXP] [GC_MOVE] lpn=0 ch=7 lun=2 pl=0 blk=49 pg=223 -> ch=2 lun=0 pl=0 blk=103 pg=185
[EXP] [ERASE_SURVIVE] lpn=0 count=15 source ch=7 lun=2 pl=0 blk=49 pg=223
[EXP] [ERASE] ch=7 lun=2 pl=0 blk=49 pg=255 erase_cnt=7 (vpc/ipc reset)
[EXP] [ERASE] ch=7 lun=3 pl=0 blk=49 pg=255 erase_cnt=7 (vpc/ipc reset)
[EXP] [ERASE] ch=7 lun=4 pl=0 blk=49 pg=255 erase_cnt=7 (vpc/ipc reset)
[EXP] [ERASE] ch=7 lun=5 pl=0 blk=49 pg=255 erase_cnt=7 (vpc/ipc reset)
[EXP] [ERASE] ch=7 lun=6 pl=0 blk=49 pg=255 erase_cnt=7 (vpc/ipc reset)
[EXP] [ERASE] ch=7 lun=7 pl=0 blk=49 pg=255 erase_cnt=7 (vpc/ipc reset)
[EXP] [ERASE] ch=0 lun=0 pl=0 blk=63 pg=255 erase_cnt=6 (vpc/ipc reset)
[EXP] [ERASE] ch=0 lun=1 pl=0 blk=63 pg=255 erase_cnt=6 (vpc/ipc reset)
[EXP] [ERASE] ch=0 lun=2 pl=0 blk=63 pg=255 erase_cnt=6 (vpc/ipc reset)
[EXP] [ERASE] ch=0 lun=3 pl=0 blk=63 pg=255 erase_cnt=6 (vpc/ipc reset)
[EXP] [ERASE] ch=0 lun=4 pl=0 blk=63 pg=255 erase_cnt=6 (vpc/ipc reset)
[EXP] [ERASE] ch=0 lun=5 pl=0 blk=63 pg=255 erase_cnt=6 (vpc/ipc reset)
[EXP] [ERASE] ch=0 lun=6 pl=0 blk=63 pg=255 erase_cnt=6 (vpc/ipc reset)
[EXP] [ERASE] ch=0 lun=7 pl=0 blk=63 pg=255 erase_cnt=6 (vpc/ipc reset)
[EXP] [ERASE] ch=1 lun=0 pl=0 blk=63 pg=255 erase_cnt=6 (vpc/ipc reset)
[EXP] [ERASE] ch=1 lun=1 pl=0 blk=63 pg=255 erase_cnt=6 (vpc/ipc reset)
[EXP] [ERASE] ch=1 lun=2 pl=0 blk=63 pg=255 erase_cnt=6 (vpc/ipc reset)
[EXP] [ERASE] ch=1 lun=3 pl=0 blk=63 pg=255 erase_cnt=6 (vpc/ipc reset)
[EXP] [ERASE] ch=1 lun=4 pl=0 blk=63 pg=255 erase_cnt=6 (vpc/ipc reset)
[EXP] [ERASE] ch=1 lun=5 pl=0 blk=63 pg=255 erase_cnt=6 (vpc/ipc reset)
[EXP] [ERASE] ch=1 lun=6 pl=0 blk=63 pg=255 erase_cnt=6 (vpc/ipc reset)
[EXP] [ERASE] ch=1 lun=7 pl=0 blk=63 pg=255 erase_cnt=6 (vpc/ipc reset)
[EXP] [ERASE] ch=2 lun=0 pl=0 blk=63 pg=255 erase_cnt=6 (vpc/ipc reset)
[EXP] [ERASE] ch=2 lun=1 pl=0 blk=63 pg=255 erase_cnt=6 (vpc/ipc reset)
[EXP] [ERASE] ch=2 lun=2 pl=0 blk=63 pg=255 erase_cnt=6 (vpc/ipc reset)
[EXP] [ERASE] ch=2 lun=3 pl=0 blk=63 pg=255 erase_cnt=6 (vpc/ipc reset)
[EXP] [ERASE] ch=2 lun=4 pl=0 blk=63 pg=255 erase_cnt=6 (vpc/ipc reset)
[EXP] [ERASE] ch=2 lun=5 pl=0 blk=63 pg=255 erase_cnt=6 (vpc/ipc reset)
[EXP] [ERASE] ch=2 lun=6 pl=0 blk=63 pg=255 erase_cnt=6 (vpc/ipc reset)
[EXP] [ERASE] ch=2 lun=7 pl=0 blk=63 pg=255 erase_cnt=6 (vpc/ipc reset)
[EXP] [ERASE] ch=3 lun=0 pl=0 blk=63 pg=255 erase_cnt=6 (vpc/ipc reset)
[EXP] [ERASE] ch=3 lun=1 pl=0 blk=63 pg=255 erase_cnt=6 (vpc/ipc reset)
[EXP] [ERASE] ch=3 lun=2 pl=0 blk=63 pg=255 erase_cnt=6 (vpc/ipc reset)
[EXP] [ERASE] ch=3 lun=3 pl=0 blk=63 pg=255 erase_cnt=6 (vpc/ipc reset)
[EXP] [ERASE] ch=3 lun=4 pl=0 blk=63 pg=255 erase_cnt=6 (vpc/ipc reset)
[EXP] [ERASE] ch=3 lun=5 pl=0 blk=63 pg=255 erase_cnt=6 (vpc/ipc reset)
[EXP] [ERASE] ch=3 lun=6 pl=0 blk=63 pg=255 erase_cnt=6 (vpc/ipc reset)
[EXP] [ERASE] ch=3 lun=7 pl=0 blk=63 pg=255 erase_cnt=6 (vpc/ipc reset)
[EXP] [ERASE] ch=4 lun=0 pl=0 blk=63 pg=255 erase_cnt=6 (vpc/ipc reset)
[EXP] [ERASE] ch=4 lun=1 pl=0 blk=63 pg=255 erase_cnt=6 (vpc/ipc reset)
[EXP] [ERASE] ch=4 lun=2 pl=0 blk=63 pg=255 erase_cnt=6 (vpc/ipc reset)
[EXP] [ERASE] ch=4 lun=3 pl=0 blk=63 pg=255 erase_cnt=6 (vpc/ipc reset)
[EXP] [ERASE] ch=4 lun=4 pl=0 blk=63 pg=255 erase_cnt=6 (vpc/ipc reset)
[EXP] [ERASE] ch=4 lun=5 pl=0 blk=63 pg=255 erase_cnt=6 (vpc/ipc reset)
[EXP] [ERASE] ch=4 lun=6 pl=0 blk=63 pg=255 erase_cnt=6 (vpc/ipc reset)
[EXP] [ERASE] ch=4 lun=7 pl=0 blk=63 pg=255 erase_cnt=6 (vpc/ipc reset)
[EXP] [ERASE] ch=5 lun=0 pl=0 blk=63 pg=255 erase_cnt=6 (vpc/ipc reset)
[EXP] [ERASE] ch=5 lun=1 pl=0 blk=63 pg=255 erase_cnt=6 (vpc/ipc reset)
[EXP] [ERASE] ch=5 lun=2 pl=0 blk=63 pg=255 erase_cnt=6 (vpc/ipc reset)
[EXP] [ERASE] ch=5 lun=3 pl=0 blk=63 pg=255 erase_cnt=6 (vpc/ipc reset)
[EXP] [ERASE] ch=5 lun=4 pl=0 blk=63 pg=255 erase_cnt=6 (vpc/ipc reset)
[EXP] [ERASE] ch=5 lun=5 pl=0 blk=63 pg=255 erase_cnt=6 (vpc/ipc reset)
[EXP] [ERASE] ch=5 lun=6 pl=0 blk=63 pg=255 erase_cnt=6 (vpc/ipc reset)
[EXP] [ERASE] ch=5 lun=7 pl=0 blk=63 pg=255 erase_cnt=6 (vpc/ipc reset)
[EXP] [ERASE] ch=6 lun=0 pl=0 blk=63 pg=255 erase_cnt=6 (vpc/ipc reset)
[EXP] [ERASE] ch=6 lun=1 pl=0 blk=63 pg=255 erase_cnt=6 (vpc/ipc reset)
[EXP] [ERASE] ch=6 lun=2 pl=0 blk=63 pg=255 erase_cnt=6 (vpc/ipc reset)
[EXP] [ERASE] ch=6 lun=3 pl=0 blk=63 pg=255 erase_cnt=6 (vpc/ipc reset)
[EXP] [ERASE] ch=6 lun=4 pl=0 blk=63 pg=255 erase_cnt=6 (vpc/ipc reset)
[EXP] [ERASE] ch=6 lun=5 pl=0 blk=63 pg=255 erase_cnt=6 (vpc/ipc reset)
[EXP] [ERASE] ch=6 lun=6 pl=0 blk=63 pg=255 erase_cnt=6 (vpc/ipc reset)
[EXP] [ERASE] ch=6 lun=7 pl=0 blk=63 pg=255 erase_cnt=6 (vpc/ipc reset)
[EXP] [ERASE] ch=7 lun=0 pl=0 blk=63 pg=255 erase_cnt=6 (vpc/ipc reset)
[EXP] [ERASE] ch=7 lun=1 pl=0 blk=63 pg=255 erase_cnt=6 (vpc/ipc reset)
[EXP] [ERASE] ch=7 lun=2 pl=0 blk=63 pg=255 erase_cnt=6 (vpc/ipc reset)
[EXP] [ERASE] ch=7 lun=3 pl=0 blk=63 pg=255 erase_cnt=6 (vpc/ipc reset)
[EXP] [ERASE] ch=7 lun=4 pl=0 blk=63 pg=255 erase_cnt=6 (vpc/ipc reset)
[EXP] [ERASE] ch=7 lun=5 pl=0 blk=63 pg=255 erase_cnt=6 (vpc/ipc reset)
[EXP] [ERASE] ch=7 lun=6 pl=0 blk=63 pg=255 erase_cnt=6 (vpc/ipc reset)
[EXP] [ERASE] ch=7 lun=7 pl=0 blk=63 pg=255 erase_cnt=6 (vpc/ipc reset)
[EXP] [ERASE] ch=0 lun=0 pl=0 blk=55 pg=255 erase_cnt=7 (vpc/ipc reset)
[EXP] [ERASE] ch=0 lun=1 pl=0 blk=55 pg=255 erase_cnt=7 (vpc/ipc reset)
[EXP] [ERASE] ch=0 lun=2 pl=0 blk=55 pg=255 erase_cnt=7 (vpc/ipc reset)
[EXP] [ERASE] ch=0 lun=3 pl=0 blk=55 pg=255 erase_cnt=7 (vpc/ipc reset)
[EXP] [ERASE] ch=0 lun=4 pl=0 blk=55 pg=255 erase_cnt=7 (vpc/ipc reset)
[EXP] [ERASE] ch=0 lun=5 pl=0 blk=55 pg=255 erase_cnt=7 (vpc/ipc reset)
[EXP] [ERASE] ch=0 lun=6 pl=0 blk=55 pg=255 erase_cnt=7 (vpc/ipc reset)
[EXP] [ERASE] ch=0 lun=7 pl=0 blk=55 pg=255 erase_cnt=7 (vpc/ipc reset)
[EXP] [ERASE] ch=1 lun=0 pl=0 blk=55 pg=255 erase_cnt=7 (vpc/ipc reset)
[EXP] [ERASE] ch=1 lun=1 pl=0 blk=55 pg=255 erase_cnt=7 (vpc/ipc reset)
[EXP] [ERASE] ch=1 lun=2 pl=0 blk=55 pg=255 erase_cnt=7 (vpc/ipc reset)
[EXP] [ERASE] ch=1 lun=3 pl=0 blk=55 pg=255 erase_cnt=7 (vpc/ipc reset)
[EXP] [ERASE] ch=1 lun=4 pl=0 blk=55 pg=255 erase_cnt=7 (vpc/ipc reset)
[EXP] [ERASE] ch=1 lun=5 pl=0 blk=55 pg=255 erase_cnt=7 (vpc/ipc reset)
[EXP] [ERASE] ch=1 lun=6 pl=0 blk=55 pg=255 erase_cnt=7 (vpc/ipc reset)
[EXP] [ERASE] ch=1 lun=7 pl=0 blk=55 pg=255 erase_cnt=7 (vpc/ipc reset)
[EXP] [ERASE] ch=2 lun=0 pl=0 blk=55 pg=255 erase_cnt=7 (vpc/ipc reset)
[EXP] [ERASE] ch=2 lun=1 pl=0 blk=55 pg=255 erase_cnt=7 (vpc/ipc reset)
[EXP] [ERASE] ch=2 lun=2 pl=0 blk=55 pg=255 erase_cnt=7 (vpc/ipc reset)
[EXP] [ERASE] ch=2 lun=3 pl=0 blk=55 pg=255 erase_cnt=7 (vpc/ipc reset)
[EXP] [ERASE] ch=2 lun=4 pl=0 blk=55 pg=255 erase_cnt=7 (vpc/ipc reset)
[EXP] [ERASE] ch=2 lun=5 pl=0 blk=55 pg=255 erase_cnt=7 (vpc/ipc reset)
[EXP] [ERASE] ch=2 lun=6 pl=0 blk=55 pg=255 erase_cnt=7 (vpc/ipc reset)
[EXP] [ERASE] ch=2 lun=7 pl=0 blk=55 pg=255 erase_cnt=7 (vpc/ipc reset)
[EXP] [ERASE] ch=3 lun=0 pl=0 blk=55 pg=255 erase_cnt=7 (vpc/ipc reset)
[EXP] [ERASE] ch=3 lun=1 pl=0 blk=55 pg=255 erase_cnt=7 (vpc/ipc reset)
[EXP] [ERASE] ch=3 lun=2 pl=0 blk=55 pg=255 erase_cnt=7 (vpc/ipc reset)
[EXP] [ERASE] ch=3 lun=3 pl=0 blk=55 pg=255 erase_cnt=7 (vpc/ipc reset)
[EXP] [ERASE] ch=3 lun=4 pl=0 blk=55 pg=255 erase_cnt=7 (vpc/ipc reset)
[EXP] [ERASE] ch=3 lun=5 pl=0 blk=55 pg=255 erase_cnt=7 (vpc/ipc reset)
[EXP] [ERASE] ch=3 lun=6 pl=0 blk=55 pg=255 erase_cnt=7 (vpc/ipc reset)
[EXP] [ERASE] ch=3 lun=7 pl=0 blk=55 pg=255 erase_cnt=7 (vpc/ipc reset)
[EXP] [ERASE] ch=4 lun=0 pl=0 blk=55 pg=255 erase_cnt=7 (vpc/ipc reset)
[EXP] [ERASE] ch=4 lun=1 pl=0 blk=55 pg=255 erase_cnt=7 (vpc/ipc reset)
[EXP] [ERASE] ch=4 lun=2 pl=0 blk=55 pg=255 erase_cnt=7 (vpc/ipc reset)
[EXP] [ERASE] ch=4 lun=3 pl=0 blk=55 pg=255 erase_cnt=7 (vpc/ipc reset)
[EXP] [ERASE] ch=4 lun=4 pl=0 blk=55 pg=255 erase_cnt=7 (vpc/ipc reset)
[EXP] [ERASE] ch=4 lun=5 pl=0 blk=55 pg=255 erase_cnt=7 (vpc/ipc reset)
[EXP] [ERASE] ch=4 lun=6 pl=0 blk=55 pg=255 erase_cnt=7 (vpc/ipc reset)
[EXP] [ERASE] ch=4 lun=7 pl=0 blk=55 pg=255 erase_cnt=7 (vpc/ipc reset)
[EXP] [ERASE] ch=5 lun=0 pl=0 blk=55 pg=255 erase_cnt=7 (vpc/ipc reset)
[EXP] [ERASE] ch=5 lun=1 pl=0 blk=55 pg=255 erase_cnt=7 (vpc/ipc reset)
[EXP] [ERASE] ch=5 lun=2 pl=0 blk=55 pg=255 erase_cnt=7 (vpc/ipc reset)
[EXP] [ERASE] ch=5 lun=3 pl=0 blk=55 pg=255 erase_cnt=7 (vpc/ipc reset)
[EXP] [ERASE] ch=5 lun=4 pl=0 blk=55 pg=255 erase_cnt=7 (vpc/ipc reset)
[EXP] [ERASE] ch=5 lun=5 pl=0 blk=55 pg=255 erase_cnt=7 (vpc/ipc reset)
[EXP] [ERASE] ch=5 lun=6 pl=0 blk=55 pg=255 erase_cnt=7 (vpc/ipc reset)
[EXP] [ERASE] ch=5 lun=7 pl=0 blk=55 pg=255 erase_cnt=7 (vpc/ipc reset)
[EXP] [ERASE] ch=6 lun=0 pl=0 blk=55 pg=255 erase_cnt=7 (vpc/ipc reset)
[EXP] [ERASE] ch=6 lun=1 pl=0 blk=55 pg=255 erase_cnt=7 (vpc/ipc reset)
[EXP] [ERASE] ch=6 lun=2 pl=0 blk=55 pg=255 erase_cnt=7 (vpc/ipc reset)
[EXP] [ERASE] ch=6 lun=3 pl=0 blk=55 pg=255 erase_cnt=7 (vpc/ipc reset)
[EXP] [ERASE] ch=6 lun=4 pl=0 blk=55 pg=255 erase_cnt=7 (vpc/ipc reset)
[EXP] [ERASE] ch=6 lun=5 pl=0 blk=55 pg=255 erase_cnt=7 (vpc/ipc reset)
[EXP] [ERASE] ch=6 lun=6 pl=0 blk=55 pg=255 erase_cnt=7 (vpc/ipc reset)
[EXP] [ERASE] ch=6 lun=7 pl=0 blk=55 pg=255 erase_cnt=7 (vpc/ipc reset)
[EXP] [ERASE] ch=7 lun=0 pl=0 blk=55 pg=255 erase_cnt=7 (vpc/ipc reset)
[EXP] [ERASE] ch=7 lun=1 pl=0 blk=55 pg=255 erase_cnt=7 (vpc/ipc reset)
[EXP] [ERASE] ch=7 lun=2 pl=0 blk=55 pg=255 erase_cnt=7 (vpc/ipc reset)
[EXP] [ERASE] ch=7 lun=3 pl=0 blk=55 pg=255 erase_cnt=7 (vpc/ipc reset)
[EXP] [ERASE] ch=7 lun=4 pl=0 blk=55 pg=255 erase_cnt=7 (vpc/ipc reset)
[EXP] [ERASE] ch=7 lun=5 pl=0 blk=55 pg=255 erase_cnt=7 (vpc/ipc reset)
[EXP] [ERASE] ch=7 lun=6 pl=0 blk=55 pg=255 erase_cnt=7 (vpc/ipc reset)
[EXP] [ERASE] ch=7 lun=7 pl=0 blk=55 pg=255 erase_cnt=7 (vpc/ipc reset)
[EXP] [ERASE] ch=0 lun=0 pl=0 blk=98 pg=255 erase_cnt=10 (vpc/ipc reset)
[EXP] [ERASE] ch=0 lun=1 pl=0 blk=98 pg=255 erase_cnt=10 (vpc/ipc reset)
[EXP] [ERASE] ch=0 lun=2 pl=0 blk=98 pg=255 erase_cnt=10 (vpc/ipc reset)
[EXP] [ERASE] ch=0 lun=3 pl=0 blk=98 pg=255 erase_cnt=10 (vpc/ipc reset)
[EXP] [ERASE] ch=0 lun=4 pl=0 blk=98 pg=255 erase_cnt=10 (vpc/ipc reset)
[EXP] [ERASE] ch=0 lun=5 pl=0 blk=98 pg=255 erase_cnt=10 (vpc/ipc reset)
[EXP] [ERASE] ch=0 lun=6 pl=0 blk=98 pg=255 erase_cnt=10 (vpc/ipc reset)
[EXP] [ERASE] ch=0 lun=7 pl=0 blk=98 pg=255 erase_cnt=10 (vpc/ipc reset)
[EXP] [ERASE] ch=1 lun=0 pl=0 blk=98 pg=255 erase_cnt=10 (vpc/ipc reset)
[EXP] [ERASE] ch=1 lun=1 pl=0 blk=98 pg=255 erase_cnt=10 (vpc/ipc reset)
[EXP] [ERASE] ch=1 lun=2 pl=0 blk=98 pg=255 erase_cnt=10 (vpc/ipc reset)
[EXP] [ERASE] ch=1 lun=3 pl=0 blk=98 pg=255 erase_cnt=10 (vpc/ipc reset)
[EXP] [ERASE] ch=1 lun=4 pl=0 blk=98 pg=255 erase_cnt=10 (vpc/ipc reset)
[EXP] [ERASE] ch=1 lun=5 pl=0 blk=98 pg=255 erase_cnt=10 (vpc/ipc reset)
[EXP] [ERASE] ch=1 lun=6 pl=0 blk=98 pg=255 erase_cnt=10 (vpc/ipc reset)
[EXP] [ERASE] ch=1 lun=7 pl=0 blk=98 pg=255 erase_cnt=10 (vpc/ipc reset)
[EXP] [ERASE] ch=2 lun=0 pl=0 blk=98 pg=255 erase_cnt=10 (vpc/ipc reset)
[EXP] [ERASE] ch=2 lun=1 pl=0 blk=98 pg=255 erase_cnt=10 (vpc/ipc reset)
[EXP] [ERASE] ch=2 lun=2 pl=0 blk=98 pg=255 erase_cnt=10 (vpc/ipc reset)
[EXP] [ERASE] ch=2 lun=3 pl=0 blk=98 pg=255 erase_cnt=10 (vpc/ipc reset)
[EXP] [ERASE] ch=2 lun=4 pl=0 blk=98 pg=255 erase_cnt=10 (vpc/ipc reset)
[EXP] [ERASE] ch=2 lun=5 pl=0 blk=98 pg=255 erase_cnt=10 (vpc/ipc reset)
[EXP] [ERASE] ch=2 lun=6 pl=0 blk=98 pg=255 erase_cnt=10 (vpc/ipc reset)
[EXP] [ERASE] ch=2 lun=7 pl=0 blk=98 pg=255 erase_cnt=10 (vpc/ipc reset)
[EXP] [ERASE] ch=3 lun=0 pl=0 blk=98 pg=255 erase_cnt=10 (vpc/ipc reset)
[EXP] [ERASE] ch=3 lun=1 pl=0 blk=98 pg=255 erase_cnt=10 (vpc/ipc reset)
[EXP] [ERASE] ch=3 lun=2 pl=0 blk=98 pg=255 erase_cnt=10 (vpc/ipc reset)
[EXP] [ERASE] ch=3 lun=3 pl=0 blk=98 pg=255 erase_cnt=10 (vpc/ipc reset)
[EXP] [ERASE] ch=3 lun=4 pl=0 blk=98 pg=255 erase_cnt=10 (vpc/ipc reset)
[EXP] [ERASE] ch=3 lun=5 pl=0 blk=98 pg=255 erase_cnt=10 (vpc/ipc reset)
[EXP] [ERASE] ch=3 lun=6 pl=0 blk=98 pg=255 erase_cnt=10 (vpc/ipc reset)
[EXP] [ERASE] ch=3 lun=7 pl=0 blk=98 pg=255 erase_cnt=10 (vpc/ipc reset)
[EXP] [ERASE] ch=4 lun=0 pl=0 blk=98 pg=255 erase_cnt=10 (vpc/ipc reset)
[EXP] [ERASE] ch=4 lun=1 pl=0 blk=98 pg=255 erase_cnt=10 (vpc/ipc reset)
[EXP] [ERASE] ch=4 lun=2 pl=0 blk=98 pg=255 erase_cnt=10 (vpc/ipc reset)
[EXP] [ERASE] ch=4 lun=3 pl=0 blk=98 pg=255 erase_cnt=10 (vpc/ipc reset)
[EXP] [ERASE] ch=4 lun=4 pl=0 blk=98 pg=255 erase_cnt=10 (vpc/ipc reset)
[EXP] [ERASE] ch=4 lun=5 pl=0 blk=98 pg=255 erase_cnt=10 (vpc/ipc reset)
[EXP] [ERASE] ch=4 lun=6 pl=0 blk=98 pg=255 erase_cnt=10 (vpc/ipc reset)
[EXP] [ERASE] ch=4 lun=7 pl=0 blk=98 pg=255 erase_cnt=10 (vpc/ipc reset)
[EXP] [ERASE] ch=5 lun=0 pl=0 blk=98 pg=255 erase_cnt=10 (vpc/ipc reset)
[EXP] [ERASE] ch=5 lun=1 pl=0 blk=98 pg=255 erase_cnt=10 (vpc/ipc reset)
[EXP] [ERASE] ch=5 lun=2 pl=0 blk=98 pg=255 erase_cnt=10 (vpc/ipc reset)
[EXP] [ERASE] ch=5 lun=3 pl=0 blk=98 pg=255 erase_cnt=10 (vpc/ipc reset)
[EXP] [ERASE] ch=5 lun=4 pl=0 blk=98 pg=255 erase_cnt=10 (vpc/ipc reset)
[EXP] [ERASE] ch=5 lun=5 pl=0 blk=98 pg=255 erase_cnt=10 (vpc/ipc reset)
[EXP] [ERASE] ch=5 lun=6 pl=0 blk=98 pg=255 erase_cnt=10 (vpc/ipc reset)
[EXP] [ERASE] ch=5 lun=7 pl=0 blk=98 pg=255 erase_cnt=10 (vpc/ipc reset)
[EXP] [ERASE] ch=6 lun=0 pl=0 blk=98 pg=255 erase_cnt=10 (vpc/ipc reset)
[EXP] [ERASE] ch=6 lun=1 pl=0 blk=98 pg=255 erase_cnt=10 (vpc/ipc reset)
[EXP] [ERASE] ch=6 lun=2 pl=0 blk=98 pg=255 erase_cnt=10 (vpc/ipc reset)
[EXP] [ERASE] ch=6 lun=3 pl=0 blk=98 pg=255 erase_cnt=10 (vpc/ipc reset)
[EXP] [ERASE] ch=6 lun=4 pl=0 blk=98 pg=255 erase_cnt=10 (vpc/ipc reset)
[EXP] [ERASE] ch=6 lun=5 pl=0 blk=98 pg=255 erase_cnt=10 (vpc/ipc reset)
[EXP] [ERASE] ch=6 lun=6 pl=0 blk=98 pg=255 erase_cnt=10 (vpc/ipc reset)
[EXP] [ERASE] ch=6 lun=7 pl=0 blk=98 pg=255 erase_cnt=10 (vpc/ipc reset)
[EXP] [ERASE] ch=7 lun=0 pl=0 blk=98 pg=255 erase_cnt=10 (vpc/ipc reset)
[EXP] [ERASE] ch=7 lun=1 pl=0 blk=98 pg=255 erase_cnt=10 (vpc/ipc reset)
[EXP] [ERASE] ch=7 lun=2 pl=0 blk=98 pg=255 erase_cnt=10 (vpc/ipc reset)
[EXP] [ERASE] ch=7 lun=3 pl=0 blk=98 pg=255 erase_cnt=10 (vpc/ipc reset)
[EXP] [ERASE] ch=7 lun=4 pl=0 blk=98 pg=255 erase_cnt=10 (vpc/ipc reset)
[EXP] [ERASE] ch=7 lun=5 pl=0 blk=98 pg=255 erase_cnt=10 (vpc/ipc reset)
[EXP] [ERASE] ch=7 lun=6 pl=0 blk=98 pg=255 erase_cnt=10 (vpc/ipc reset)
[EXP] [ERASE] ch=7 lun=7 pl=0 blk=98 pg=255 erase_cnt=10 (vpc/ipc reset)
[EXP] [ERASE] ch=0 lun=0 pl=0 blk=25 pg=255 erase_cnt=9 (vpc/ipc reset)
[EXP] [ERASE] ch=0 lun=1 pl=0 blk=25 pg=255 erase_cnt=9 (vpc/ipc reset)
[EXP] [ERASE] ch=0 lun=2 pl=0 blk=25 pg=255 erase_cnt=9 (vpc/ipc reset)
[EXP] [ERASE] ch=0 lun=3 pl=0 blk=25 pg=255 erase_cnt=9 (vpc/ipc reset)
[EXP] [ERASE] ch=0 lun=4 pl=0 blk=25 pg=255 erase_cnt=9 (vpc/ipc reset)
[EXP] [ERASE] ch=0 lun=5 pl=0 blk=25 pg=255 erase_cnt=9 (vpc/ipc reset)
[EXP] [ERASE] ch=0 lun=6 pl=0 blk=25 pg=255 erase_cnt=9 (vpc/ipc reset)
[EXP] [ERASE] ch=0 lun=7 pl=0 blk=25 pg=255 erase_cnt=9 (vpc/ipc reset)
[EXP] [ERASE] ch=1 lun=0 pl=0 blk=25 pg=255 erase_cnt=9 (vpc/ipc reset)
[EXP] [ERASE] ch=1 lun=1 pl=0 blk=25 pg=255 erase_cnt=9 (vpc/ipc reset)
[EXP] [ERASE] ch=1 lun=2 pl=0 blk=25 pg=255 erase_cnt=9 (vpc/ipc reset)
[EXP] [ERASE] ch=1 lun=3 pl=0 blk=25 pg=255 erase_cnt=9 (vpc/ipc reset)
[EXP] [ERASE] ch=1 lun=4 pl=0 blk=25 pg=255 erase_cnt=9 (vpc/ipc reset)
[EXP] [ERASE] ch=1 lun=5 pl=0 blk=25 pg=255 erase_cnt=9 (vpc/ipc reset)
[EXP] [ERASE] ch=1 lun=6 pl=0 blk=25 pg=255 erase_cnt=9 (vpc/ipc reset)
[EXP] [ERASE] ch=1 lun=7 pl=0 blk=25 pg=255 erase_cnt=9 (vpc/ipc reset)
[EXP] [ERASE] ch=2 lun=0 pl=0 blk=25 pg=255 erase_cnt=9 (vpc/ipc reset)
[EXP] [ERASE] ch=2 lun=1 pl=0 blk=25 pg=255 erase_cnt=9 (vpc/ipc reset)
[EXP] [ERASE] ch=2 lun=2 pl=0 blk=25 pg=255 erase_cnt=9 (vpc/ipc reset)
[EXP] [ERASE] ch=2 lun=3 pl=0 blk=25 pg=255 erase_cnt=9 (vpc/ipc reset)
[EXP] [ERASE] ch=2 lun=4 pl=0 blk=25 pg=255 erase_cnt=9 (vpc/ipc reset)
[EXP] [ERASE] ch=2 lun=5 pl=0 blk=25 pg=255 erase_cnt=9 (vpc/ipc reset)
[EXP] [ERASE] ch=2 lun=6 pl=0 blk=25 pg=255 erase_cnt=9 (vpc/ipc reset)
[EXP] [ERASE] ch=2 lun=7 pl=0 blk=25 pg=255 erase_cnt=9 (vpc/ipc reset)
[EXP] [ERASE] ch=3 lun=0 pl=0 blk=25 pg=255 erase_cnt=9 (vpc/ipc reset)
[EXP] [ERASE] ch=3 lun=1 pl=0 blk=25 pg=255 erase_cnt=9 (vpc/ipc reset)
[EXP] [ERASE] ch=3 lun=2 pl=0 blk=25 pg=255 erase_cnt=9 (vpc/ipc reset)
[EXP] [ERASE] ch=3 lun=3 pl=0 blk=25 pg=255 erase_cnt=9 (vpc/ipc reset)
[EXP] [ERASE] ch=3 lun=4 pl=0 blk=25 pg=255 erase_cnt=9 (vpc/ipc reset)
[EXP] [ERASE] ch=3 lun=5 pl=0 blk=25 pg=255 erase_cnt=9 (vpc/ipc reset)
[EXP] [ERASE] ch=3 lun=6 pl=0 blk=25 pg=255 erase_cnt=9 (vpc/ipc reset)
[EXP] [ERASE] ch=3 lun=7 pl=0 blk=25 pg=255 erase_cnt=9 (vpc/ipc reset)
[EXP] [ERASE] ch=4 lun=0 pl=0 blk=25 pg=255 erase_cnt=9 (vpc/ipc reset)
[EXP] [ERASE] ch=4 lun=1 pl=0 blk=25 pg=255 erase_cnt=9 (vpc/ipc reset)
[EXP] [ERASE] ch=4 lun=2 pl=0 blk=25 pg=255 erase_cnt=9 (vpc/ipc reset)
[EXP] [ERASE] ch=4 lun=3 pl=0 blk=25 pg=255 erase_cnt=9 (vpc/ipc reset)
[EXP] [ERASE] ch=4 lun=4 pl=0 blk=25 pg=255 erase_cnt=9 (vpc/ipc reset)
[EXP] [ERASE] ch=4 lun=5 pl=0 blk=25 pg=255 erase_cnt=9 (vpc/ipc reset)
[EXP] [ERASE] ch=4 lun=6 pl=0 blk=25 pg=255 erase_cnt=9 (vpc/ipc reset)
[EXP] [ERASE] ch=4 lun=7 pl=0 blk=25 pg=255 erase_cnt=9 (vpc/ipc reset)
[EXP] [ERASE] ch=5 lun=0 pl=0 blk=25 pg=255 erase_cnt=9 (vpc/ipc reset)
[EXP] [ERASE] ch=5 lun=1 pl=0 blk=25 pg=255 erase_cnt=9 (vpc/ipc reset)
[EXP] [ERASE] ch=5 lun=2 pl=0 blk=25 pg=255 erase_cnt=9 (vpc/ipc reset)
[EXP] [ERASE] ch=5 lun=3 pl=0 blk=25 pg=255 erase_cnt=9 (vpc/ipc reset)
[EXP] [ERASE] ch=5 lun=4 pl=0 blk=25 pg=255 erase_cnt=9 (vpc/ipc reset)
[EXP] [ERASE] ch=5 lun=5 pl=0 blk=25 pg=255 erase_cnt=9 (vpc/ipc reset)
[EXP] [ERASE] ch=5 lun=6 pl=0 blk=25 pg=255 erase_cnt=9 (vpc/ipc reset)
[EXP] [ERASE] ch=5 lun=7 pl=0 blk=25 pg=255 erase_cnt=9 (vpc/ipc reset)
[EXP] [ERASE] ch=6 lun=0 pl=0 blk=25 pg=255 erase_cnt=9 (vpc/ipc reset)
[EXP] [ERASE] ch=6 lun=1 pl=0 blk=25 pg=255 erase_cnt=9 (vpc/ipc reset)
[EXP] [ERASE] ch=6 lun=2 pl=0 blk=25 pg=255 erase_cnt=9 (vpc/ipc reset)
[EXP] [ERASE] ch=6 lun=3 pl=0 blk=25 pg=255 erase_cnt=9 (vpc/ipc reset)
[EXP] [ERASE] ch=6 lun=4 pl=0 blk=25 pg=255 erase_cnt=9 (vpc/ipc reset)
[EXP] [ERASE] ch=6 lun=5 pl=0 blk=25 pg=255 erase_cnt=9 (vpc/ipc reset)
[EXP] [ERASE] ch=6 lun=6 pl=0 blk=25 pg=255 erase_cnt=9 (vpc/ipc reset)
[EXP] [ERASE] ch=6 lun=7 pl=0 blk=25 pg=255 erase_cnt=9 (vpc/ipc reset)
[EXP] [ERASE] ch=7 lun=0 pl=0 blk=25 pg=255 erase_cnt=9 (vpc/ipc reset)
[EXP] [ERASE] ch=7 lun=1 pl=0 blk=25 pg=255 erase_cnt=9 (vpc/ipc reset)
[EXP] [ERASE] ch=7 lun=2 pl=0 blk=25 pg=255 erase_cnt=9 (vpc/ipc reset)
[EXP] [ERASE] ch=7 lun=3 pl=0 blk=25 pg=255 erase_cnt=9 (vpc/ipc reset)
[EXP] [ERASE] ch=7 lun=4 pl=0 blk=25 pg=255 erase_cnt=9 (vpc/ipc reset)
[EXP] [ERASE] ch=7 lun=5 pl=0 blk=25 pg=255 erase_cnt=9 (vpc/ipc reset)
[EXP] [ERASE] ch=7 lun=6 pl=0 blk=25 pg=255 erase_cnt=9 (vpc/ipc reset)
[EXP] [ERASE] ch=7 lun=7 pl=0 blk=25 pg=255 erase_cnt=9 (vpc/ipc reset)
[EXP] [ERASE] ch=0 lun=0 pl=0 blk=100 pg=255 erase_cnt=9 (vpc/ipc reset)
[EXP] [ERASE] ch=0 lun=1 pl=0 blk=100 pg=255 erase_cnt=9 (vpc/ipc reset)
[EXP] [ERASE] ch=0 lun=2 pl=0 blk=100 pg=255 erase_cnt=9 (vpc/ipc reset)
[EXP] [ERASE] ch=0 lun=3 pl=0 blk=100 pg=255 erase_cnt=9 (vpc/ipc reset)
[EXP] [ERASE] ch=0 lun=4 pl=0 blk=100 pg=255 erase_cnt=9 (vpc/ipc reset)
[EXP] [ERASE] ch=0 lun=5 pl=0 blk=100 pg=255 erase_cnt=9 (vpc/ipc reset)
[EXP] [ERASE] ch=0 lun=6 pl=0 blk=100 pg=255 erase_cnt=9 (vpc/ipc reset)
[EXP] [ERASE] ch=0 lun=7 pl=0 blk=100 pg=255 erase_cnt=9 (vpc/ipc reset)
[EXP] [ERASE] ch=1 lun=0 pl=0 blk=100 pg=255 erase_cnt=9 (vpc/ipc reset)
[EXP] [ERASE] ch=1 lun=1 pl=0 blk=100 pg=255 erase_cnt=9 (vpc/ipc reset)
[EXP] [ERASE] ch=1 lun=2 pl=0 blk=100 pg=255 erase_cnt=9 (vpc/ipc reset)
[EXP] [ERASE] ch=1 lun=3 pl=0 blk=100 pg=255 erase_cnt=9 (vpc/ipc reset)
[EXP] [ERASE] ch=1 lun=4 pl=0 blk=100 pg=255 erase_cnt=9 (vpc/ipc reset)
[EXP] [ERASE] ch=1 lun=5 pl=0 blk=100 pg=255 erase_cnt=9 (vpc/ipc reset)
[EXP] [ERASE] ch=1 lun=6 pl=0 blk=100 pg=255 erase_cnt=9 (vpc/ipc reset)
[EXP] [ERASE] ch=1 lun=7 pl=0 blk=100 pg=255 erase_cnt=9 (vpc/ipc reset)
[EXP] [ERASE] ch=2 lun=0 pl=0 blk=100 pg=255 erase_cnt=9 (vpc/ipc reset)
[EXP] [ERASE] ch=2 lun=1 pl=0 blk=100 pg=255 erase_cnt=9 (vpc/ipc reset)
[EXP] [ERASE] ch=2 lun=2 pl=0 blk=100 pg=255 erase_cnt=9 (vpc/ipc reset)
[EXP] [ERASE] ch=2 lun=3 pl=0 blk=100 pg=255 erase_cnt=9 (vpc/ipc reset)
[EXP] [ERASE] ch=2 lun=4 pl=0 blk=100 pg=255 erase_cnt=9 (vpc/ipc reset)
[EXP] [ERASE] ch=2 lun=5 pl=0 blk=100 pg=255 erase_cnt=9 (vpc/ipc reset)
[EXP] [ERASE] ch=2 lun=6 pl=0 blk=100 pg=255 erase_cnt=9 (vpc/ipc reset)
[EXP] [ERASE] ch=2 lun=7 pl=0 blk=100 pg=255 erase_cnt=9 (vpc/ipc reset)
[EXP] [ERASE] ch=3 lun=0 pl=0 blk=100 pg=255 erase_cnt=9 (vpc/ipc reset)
[EXP] [ERASE] ch=3 lun=1 pl=0 blk=100 pg=255 erase_cnt=9 (vpc/ipc reset)
[EXP] [ERASE] ch=3 lun=2 pl=0 blk=100 pg=255 erase_cnt=9 (vpc/ipc reset)
[EXP] [ERASE] ch=3 lun=3 pl=0 blk=100 pg=255 erase_cnt=9 (vpc/ipc reset)
[EXP] [ERASE] ch=3 lun=4 pl=0 blk=100 pg=255 erase_cnt=9 (vpc/ipc reset)
[EXP] [ERASE] ch=3 lun=5 pl=0 blk=100 pg=255 erase_cnt=9 (vpc/ipc reset)
[EXP] [ERASE] ch=3 lun=6 pl=0 blk=100 pg=255 erase_cnt=9 (vpc/ipc reset)
[EXP] [ERASE] ch=3 lun=7 pl=0 blk=100 pg=255 erase_cnt=9 (vpc/ipc reset)
[EXP] [ERASE] ch=4 lun=0 pl=0 blk=100 pg=255 erase_cnt=9 (vpc/ipc reset)
[EXP] [ERASE] ch=4 lun=1 pl=0 blk=100 pg=255 erase_cnt=9 (vpc/ipc reset)
[EXP] [ERASE] ch=4 lun=2 pl=0 blk=100 pg=255 erase_cnt=9 (vpc/ipc reset)
[EXP] [ERASE] ch=4 lun=3 pl=0 blk=100 pg=255 erase_cnt=9 (vpc/ipc reset)
[EXP] [ERASE] ch=4 lun=4 pl=0 blk=100 pg=255 erase_cnt=9 (vpc/ipc reset)
[EXP] [ERASE] ch=4 lun=5 pl=0 blk=100 pg=255 erase_cnt=9 (vpc/ipc reset)
[EXP] [ERASE] ch=4 lun=6 pl=0 blk=100 pg=255 erase_cnt=9 (vpc/ipc reset)
[EXP] [ERASE] ch=4 lun=7 pl=0 blk=100 pg=255 erase_cnt=9 (vpc/ipc reset)
[EXP] [ERASE] ch=5 lun=0 pl=0 blk=100 pg=255 erase_cnt=9 (vpc/ipc reset)
[EXP] [ERASE] ch=5 lun=1 pl=0 blk=100 pg=255 erase_cnt=9 (vpc/ipc reset)
[EXP] [ERASE] ch=5 lun=2 pl=0 blk=100 pg=255 erase_cnt=9 (vpc/ipc reset)
[EXP] [ERASE] ch=5 lun=3 pl=0 blk=100 pg=255 erase_cnt=9 (vpc/ipc reset)
[EXP] [ERASE] ch=5 lun=4 pl=0 blk=100 pg=255 erase_cnt=9 (vpc/ipc reset)
[EXP] [ERASE] ch=5 lun=5 pl=0 blk=100 pg=255 erase_cnt=9 (vpc/ipc reset)
[EXP] [ERASE] ch=5 lun=6 pl=0 blk=100 pg=255 erase_cnt=9 (vpc/ipc reset)
[EXP] [ERASE] ch=5 lun=7 pl=0 blk=100 pg=255 erase_cnt=9 (vpc/ipc reset)
[EXP] [ERASE] ch=6 lun=0 pl=0 blk=100 pg=255 erase_cnt=9 (vpc/ipc reset)
[EXP] [ERASE] ch=6 lun=1 pl=0 blk=100 pg=255 erase_cnt=9 (vpc/ipc reset)
[EXP] [ERASE] ch=6 lun=2 pl=0 blk=100 pg=255 erase_cnt=9 (vpc/ipc reset)
[EXP] [ERASE] ch=6 lun=3 pl=0 blk=100 pg=255 erase_cnt=9 (vpc/ipc reset)
[EXP] [ERASE] ch=6 lun=4 pl=0 blk=100 pg=255 erase_cnt=9 (vpc/ipc reset)
[EXP] [ERASE] ch=6 lun=5 pl=0 blk=100 pg=255 erase_cnt=9 (vpc/ipc reset)
[EXP] [ERASE] ch=6 lun=6 pl=0 blk=100 pg=255 erase_cnt=9 (vpc/ipc reset)
[EXP] [ERASE] ch=6 lun=7 pl=0 blk=100 pg=255 erase_cnt=9 (vpc/ipc reset)
[EXP] [ERASE] ch=7 lun=0 pl=0 blk=100 pg=255 erase_cnt=9 (vpc/ipc reset)
[EXP] [ERASE] ch=7 lun=1 pl=0 blk=100 pg=255 erase_cnt=9 (vpc/ipc reset)
[EXP] [ERASE] ch=7 lun=2 pl=0 blk=100 pg=255 erase_cnt=9 (vpc/ipc reset)
[EXP] [ERASE] ch=7 lun=3 pl=0 blk=100 pg=255 erase_cnt=9 (vpc/ipc reset)
[EXP] [ERASE] ch=7 lun=4 pl=0 blk=100 pg=255 erase_cnt=9 (vpc/ipc reset)
[EXP] [ERASE] ch=7 lun=5 pl=0 blk=100 pg=255 erase_cnt=9 (vpc/ipc reset)
[EXP] [ERASE] ch=7 lun=6 pl=0 blk=100 pg=255 erase_cnt=9 (vpc/ipc reset)
[EXP] [ERASE] ch=7 lun=7 pl=0 blk=100 pg=255 erase_cnt=9 (vpc/ipc reset)
[EXP] [ERASE] ch=0 lun=0 pl=0 blk=34 pg=255 erase_cnt=7 (vpc/ipc reset)
[EXP] [ERASE] ch=0 lun=1 pl=0 blk=34 pg=255 erase_cnt=7 (vpc/ipc reset)
[EXP] [ERASE] ch=0 lun=2 pl=0 blk=34 pg=255 erase_cnt=7 (vpc/ipc reset)
[EXP] [ERASE] ch=0 lun=3 pl=0 blk=34 pg=255 erase_cnt=7 (vpc/ipc reset)
[EXP] [ERASE] ch=0 lun=4 pl=0 blk=34 pg=255 erase_cnt=7 (vpc/ipc reset)
[EXP] [ERASE] ch=0 lun=5 pl=0 blk=34 pg=255 erase_cnt=7 (vpc/ipc reset)
[EXP] [ERASE] ch=0 lun=6 pl=0 blk=34 pg=255 erase_cnt=7 (vpc/ipc reset)
[EXP] [ERASE] ch=0 lun=7 pl=0 blk=34 pg=255 erase_cnt=7 (vpc/ipc reset)
[EXP] [ERASE] ch=1 lun=0 pl=0 blk=34 pg=255 erase_cnt=7 (vpc/ipc reset)
[EXP] [ERASE] ch=1 lun=1 pl=0 blk=34 pg=255 erase_cnt=7 (vpc/ipc reset)
[EXP] [ERASE] ch=1 lun=2 pl=0 blk=34 pg=255 erase_cnt=7 (vpc/ipc reset)
[EXP] [ERASE] ch=1 lun=3 pl=0 blk=34 pg=255 erase_cnt=7 (vpc/ipc reset)
[EXP] [ERASE] ch=1 lun=4 pl=0 blk=34 pg=255 erase_cnt=7 (vpc/ipc reset)
[EXP] [ERASE] ch=1 lun=5 pl=0 blk=34 pg=255 erase_cnt=7 (vpc/ipc reset)
[EXP] [ERASE] ch=1 lun=6 pl=0 blk=34 pg=255 erase_cnt=7 (vpc/ipc reset)
[EXP] [ERASE] ch=1 lun=7 pl=0 blk=34 pg=255 erase_cnt=7 (vpc/ipc reset)
[EXP] [ERASE] ch=2 lun=0 pl=0 blk=34 pg=255 erase_cnt=7 (vpc/ipc reset)
[EXP] [ERASE] ch=2 lun=1 pl=0 blk=34 pg=255 erase_cnt=7 (vpc/ipc reset)
[EXP] [ERASE] ch=2 lun=2 pl=0 blk=34 pg=255 erase_cnt=7 (vpc/ipc reset)
[EXP] [ERASE] ch=2 lun=3 pl=0 blk=34 pg=255 erase_cnt=7 (vpc/ipc reset)
[EXP] [ERASE] ch=2 lun=4 pl=0 blk=34 pg=255 erase_cnt=7 (vpc/ipc reset)
[EXP] [ERASE] ch=2 lun=5 pl=0 blk=34 pg=255 erase_cnt=7 (vpc/ipc reset)
[EXP] [ERASE] ch=2 lun=6 pl=0 blk=34 pg=255 erase_cnt=7 (vpc/ipc reset)
[EXP] [ERASE] ch=2 lun=7 pl=0 blk=34 pg=255 erase_cnt=7 (vpc/ipc reset)
[EXP] [ERASE] ch=3 lun=0 pl=0 blk=34 pg=255 erase_cnt=7 (vpc/ipc reset)
[EXP] [ERASE] ch=3 lun=1 pl=0 blk=34 pg=255 erase_cnt=7 (vpc/ipc reset)
[EXP] [ERASE] ch=3 lun=2 pl=0 blk=34 pg=255 erase_cnt=7 (vpc/ipc reset)
[EXP] [ERASE] ch=3 lun=3 pl=0 blk=34 pg=255 erase_cnt=7 (vpc/ipc reset)
[EXP] [ERASE] ch=3 lun=4 pl=0 blk=34 pg=255 erase_cnt=7 (vpc/ipc reset)
[EXP] [ERASE] ch=3 lun=5 pl=0 blk=34 pg=255 erase_cnt=7 (vpc/ipc reset)
[EXP] [ERASE] ch=3 lun=6 pl=0 blk=34 pg=255 erase_cnt=7 (vpc/ipc reset)
[EXP] [ERASE] ch=3 lun=7 pl=0 blk=34 pg=255 erase_cnt=7 (vpc/ipc reset)
[EXP] [ERASE] ch=4 lun=0 pl=0 blk=34 pg=255 erase_cnt=7 (vpc/ipc reset)
[EXP] [ERASE] ch=4 lun=1 pl=0 blk=34 pg=255 erase_cnt=7 (vpc/ipc reset)
[EXP] [ERASE] ch=4 lun=2 pl=0 blk=34 pg=255 erase_cnt=7 (vpc/ipc reset)
[EXP] [ERASE] ch=4 lun=3 pl=0 blk=34 pg=255 erase_cnt=7 (vpc/ipc reset)
[EXP] [ERASE] ch=4 lun=4 pl=0 blk=34 pg=255 erase_cnt=7 (vpc/ipc reset)
[EXP] [ERASE] ch=4 lun=5 pl=0 blk=34 pg=255 erase_cnt=7 (vpc/ipc reset)
[EXP] [ERASE] ch=4 lun=6 pl=0 blk=34 pg=255 erase_cnt=7 (vpc/ipc reset)
[EXP] [ERASE] ch=4 lun=7 pl=0 blk=34 pg=255 erase_cnt=7 (vpc/ipc reset)
[EXP] [ERASE] ch=5 lun=0 pl=0 blk=34 pg=255 erase_cnt=7 (vpc/ipc reset)
[EXP] [ERASE] ch=5 lun=1 pl=0 blk=34 pg=255 erase_cnt=7 (vpc/ipc reset)
[EXP] [ERASE] ch=5 lun=2 pl=0 blk=34 pg=255 erase_cnt=7 (vpc/ipc reset)
[EXP] [ERASE] ch=5 lun=3 pl=0 blk=34 pg=255 erase_cnt=7 (vpc/ipc reset)
[EXP] [ERASE] ch=5 lun=4 pl=0 blk=34 pg=255 erase_cnt=7 (vpc/ipc reset)
[EXP] [ERASE] ch=5 lun=5 pl=0 blk=34 pg=255 erase_cnt=7 (vpc/ipc reset)
[EXP] [ERASE] ch=5 lun=6 pl=0 blk=34 pg=255 erase_cnt=7 (vpc/ipc reset)
[EXP] [ERASE] ch=5 lun=7 pl=0 blk=34 pg=255 erase_cnt=7 (vpc/ipc reset)
[EXP] [ERASE] ch=6 lun=0 pl=0 blk=34 pg=255 erase_cnt=7 (vpc/ipc reset)
[EXP] [ERASE] ch=6 lun=1 pl=0 blk=34 pg=255 erase_cnt=7 (vpc/ipc reset)
[EXP] [ERASE] ch=6 lun=2 pl=0 blk=34 pg=255 erase_cnt=7 (vpc/ipc reset)
[EXP] [ERASE] ch=6 lun=3 pl=0 blk=34 pg=255 erase_cnt=7 (vpc/ipc reset)
[EXP] [ERASE] ch=6 lun=4 pl=0 blk=34 pg=255 erase_cnt=7 (vpc/ipc reset)
[EXP] [ERASE] ch=6 lun=5 pl=0 blk=34 pg=255 erase_cnt=7 (vpc/ipc reset)
[EXP] [ERASE] ch=6 lun=6 pl=0 blk=34 pg=255 erase_cnt=7 (vpc/ipc reset)
[EXP] [ERASE] ch=6 lun=7 pl=0 blk=34 pg=255 erase_cnt=7 (vpc/ipc reset)
[EXP] [ERASE] ch=7 lun=0 pl=0 blk=34 pg=255 erase_cnt=7 (vpc/ipc reset)
[EXP] [ERASE] ch=7 lun=1 pl=0 blk=34 pg=255 erase_cnt=7 (vpc/ipc reset)
[EXP] [ERASE] ch=7 lun=2 pl=0 blk=34 pg=255 erase_cnt=7 (vpc/ipc reset)
[EXP] [ERASE] ch=7 lun=3 pl=0 blk=34 pg=255 erase_cnt=7 (vpc/ipc reset)
[EXP] [ERASE] ch=7 lun=4 pl=0 blk=34 pg=255 erase_cnt=7 (vpc/ipc reset)
[EXP] [ERASE] ch=7 lun=5 pl=0 blk=34 pg=255 erase_cnt=7 (vpc/ipc reset)
[EXP] [ERASE] ch=7 lun=6 pl=0 blk=34 pg=255 erase_cnt=7 (vpc/ipc reset)
[EXP] [ERASE] ch=7 lun=7 pl=0 blk=34 pg=255 erase_cnt=7 (vpc/ipc reset)
[EXP] [ERASE] ch=0 lun=0 pl=0 blk=61 pg=255 erase_cnt=8 (vpc/ipc reset)
[EXP] [ERASE] ch=0 lun=1 pl=0 blk=61 pg=255 erase_cnt=8 (vpc/ipc reset)
[EXP] [ERASE] ch=0 lun=2 pl=0 blk=61 pg=255 erase_cnt=8 (vpc/ipc reset)
[EXP] [ERASE] ch=0 lun=3 pl=0 blk=61 pg=255 erase_cnt=8 (vpc/ipc reset)
[EXP] [ERASE] ch=0 lun=4 pl=0 blk=61 pg=255 erase_cnt=8 (vpc/ipc reset)
[EXP] [ERASE] ch=0 lun=5 pl=0 blk=61 pg=255 erase_cnt=8 (vpc/ipc reset)
[EXP] [ERASE] ch=0 lun=6 pl=0 blk=61 pg=255 erase_cnt=8 (vpc/ipc reset)
[EXP] [ERASE] ch=0 lun=7 pl=0 blk=61 pg=255 erase_cnt=8 (vpc/ipc reset)
[EXP] [ERASE] ch=1 lun=0 pl=0 blk=61 pg=255 erase_cnt=8 (vpc/ipc reset)
[EXP] [ERASE] ch=1 lun=1 pl=0 blk=61 pg=255 erase_cnt=8 (vpc/ipc reset)
[EXP] [ERASE] ch=1 lun=2 pl=0 blk=61 pg=255 erase_cnt=8 (vpc/ipc reset)
[EXP] [ERASE] ch=1 lun=3 pl=0 blk=61 pg=255 erase_cnt=8 (vpc/ipc reset)
[EXP] [ERASE] ch=1 lun=4 pl=0 blk=61 pg=255 erase_cnt=8 (vpc/ipc reset)
[EXP] [ERASE] ch=1 lun=5 pl=0 blk=61 pg=255 erase_cnt=8 (vpc/ipc reset)
[EXP] [ERASE] ch=1 lun=6 pl=0 blk=61 pg=255 erase_cnt=8 (vpc/ipc reset)
[EXP] [ERASE] ch=1 lun=7 pl=0 blk=61 pg=255 erase_cnt=8 (vpc/ipc reset)
[EXP] [ERASE] ch=2 lun=0 pl=0 blk=61 pg=255 erase_cnt=8 (vpc/ipc reset)
[EXP] [ERASE] ch=2 lun=1 pl=0 blk=61 pg=255 erase_cnt=8 (vpc/ipc reset)
[EXP] [ERASE] ch=2 lun=2 pl=0 blk=61 pg=255 erase_cnt=8 (vpc/ipc reset)
[EXP] [ERASE] ch=2 lun=3 pl=0 blk=61 pg=255 erase_cnt=8 (vpc/ipc reset)
[EXP] [ERASE] ch=2 lun=4 pl=0 blk=61 pg=255 erase_cnt=8 (vpc/ipc reset)
[EXP] [ERASE] ch=2 lun=5 pl=0 blk=61 pg=255 erase_cnt=8 (vpc/ipc reset)
[EXP] [ERASE] ch=2 lun=6 pl=0 blk=61 pg=255 erase_cnt=8 (vpc/ipc reset)
[EXP] [ERASE] ch=2 lun=7 pl=0 blk=61 pg=255 erase_cnt=8 (vpc/ipc reset)
[EXP] [ERASE] ch=3 lun=0 pl=0 blk=61 pg=255 erase_cnt=8 (vpc/ipc reset)
[EXP] [ERASE] ch=3 lun=1 pl=0 blk=61 pg=255 erase_cnt=8 (vpc/ipc reset)
[EXP] [ERASE] ch=3 lun=2 pl=0 blk=61 pg=255 erase_cnt=8 (vpc/ipc reset)
[EXP] [ERASE] ch=3 lun=3 pl=0 blk=61 pg=255 erase_cnt=8 (vpc/ipc reset)
[EXP] [ERASE] ch=3 lun=4 pl=0 blk=61 pg=255 erase_cnt=8 (vpc/ipc reset)
[EXP] [ERASE] ch=3 lun=5 pl=0 blk=61 pg=255 erase_cnt=8 (vpc/ipc reset)
[EXP] [ERASE] ch=3 lun=6 pl=0 blk=61 pg=255 erase_cnt=8 (vpc/ipc reset)
[EXP] [ERASE] ch=3 lun=7 pl=0 blk=61 pg=255 erase_cnt=8 (vpc/ipc reset)
[EXP] [ERASE] ch=4 lun=0 pl=0 blk=61 pg=255 erase_cnt=8 (vpc/ipc reset)
[EXP] [ERASE] ch=4 lun=1 pl=0 blk=61 pg=255 erase_cnt=8 (vpc/ipc reset)
[EXP] [ERASE] ch=4 lun=2 pl=0 blk=61 pg=255 erase_cnt=8 (vpc/ipc reset)
[EXP] [ERASE] ch=4 lun=3 pl=0 blk=61 pg=255 erase_cnt=8 (vpc/ipc reset)
[EXP] [ERASE] ch=4 lun=4 pl=0 blk=61 pg=255 erase_cnt=8 (vpc/ipc reset)
[EXP] [ERASE] ch=4 lun=5 pl=0 blk=61 pg=255 erase_cnt=8 (vpc/ipc reset)
[EXP] [ERASE] ch=4 lun=6 pl=0 blk=61 pg=255 erase_cnt=8 (vpc/ipc reset)
[EXP] [ERASE] ch=4 lun=7 pl=0 blk=61 pg=255 erase_cnt=8 (vpc/ipc reset)
[EXP] [ERASE] ch=5 lun=0 pl=0 blk=61 pg=255 erase_cnt=8 (vpc/ipc reset)
[EXP] [ERASE] ch=5 lun=1 pl=0 blk=61 pg=255 erase_cnt=8 (vpc/ipc reset)
[EXP] [ERASE] ch=5 lun=2 pl=0 blk=61 pg=255 erase_cnt=8 (vpc/ipc reset)
[EXP] [ERASE] ch=5 lun=3 pl=0 blk=61 pg=255 erase_cnt=8 (vpc/ipc reset)
[EXP] [ERASE] ch=5 lun=4 pl=0 blk=61 pg=255 erase_cnt=8 (vpc/ipc reset)
[EXP] [ERASE] ch=5 lun=5 pl=0 blk=61 pg=255 erase_cnt=8 (vpc/ipc reset)
[EXP] [ERASE] ch=5 lun=6 pl=0 blk=61 pg=255 erase_cnt=8 (vpc/ipc reset)
[EXP] [ERASE] ch=5 lun=7 pl=0 blk=61 pg=255 erase_cnt=8 (vpc/ipc reset)
[EXP] [ERASE] ch=6 lun=0 pl=0 blk=61 pg=255 erase_cnt=8 (vpc/ipc reset)
[EXP] [ERASE] ch=6 lun=1 pl=0 blk=61 pg=255 erase_cnt=8 (vpc/ipc reset)
[EXP] [ERASE] ch=6 lun=2 pl=0 blk=61 pg=255 erase_cnt=8 (vpc/ipc reset)
[EXP] [ERASE] ch=6 lun=3 pl=0 blk=61 pg=255 erase_cnt=8 (vpc/ipc reset)
[EXP] [ERASE] ch=6 lun=4 pl=0 blk=61 pg=255 erase_cnt=8 (vpc/ipc reset)
[EXP] [ERASE] ch=6 lun=5 pl=0 blk=61 pg=255 erase_cnt=8 (vpc/ipc reset)
[EXP] [ERASE] ch=6 lun=6 pl=0 blk=61 pg=255 erase_cnt=8 (vpc/ipc reset)
[EXP] [ERASE] ch=6 lun=7 pl=0 blk=61 pg=255 erase_cnt=8 (vpc/ipc reset)
[EXP] [ERASE] ch=7 lun=0 pl=0 blk=61 pg=255 erase_cnt=8 (vpc/ipc reset)
[EXP] [ERASE] ch=7 lun=1 pl=0 blk=61 pg=255 erase_cnt=8 (vpc/ipc reset)
[EXP] [ERASE] ch=7 lun=2 pl=0 blk=61 pg=255 erase_cnt=8 (vpc/ipc reset)
[EXP] [ERASE] ch=7 lun=3 pl=0 blk=61 pg=255 erase_cnt=8 (vpc/ipc reset)
[EXP] [ERASE] ch=7 lun=4 pl=0 blk=61 pg=255 erase_cnt=8 (vpc/ipc reset)
[EXP] [ERASE] ch=7 lun=5 pl=0 blk=61 pg=255 erase_cnt=8 (vpc/ipc reset)
[EXP] [ERASE] ch=7 lun=6 pl=0 blk=61 pg=255 erase_cnt=8 (vpc/ipc reset)
[EXP] [ERASE] ch=7 lun=7 pl=0 blk=61 pg=255 erase_cnt=8 (vpc/ipc reset)
[EXP] [ERASE] ch=0 lun=0 pl=0 blk=16 pg=255 erase_cnt=8 (vpc/ipc reset)
[EXP] [ERASE] ch=0 lun=1 pl=0 blk=16 pg=255 erase_cnt=8 (vpc/ipc reset)
[EXP] [ERASE] ch=0 lun=2 pl=0 blk=16 pg=255 erase_cnt=8 (vpc/ipc reset)
[EXP] [ERASE] ch=0 lun=3 pl=0 blk=16 pg=255 erase_cnt=8 (vpc/ipc reset)
[EXP] [ERASE] ch=0 lun=4 pl=0 blk=16 pg=255 erase_cnt=8 (vpc/ipc reset)
[EXP] [ERASE] ch=0 lun=5 pl=0 blk=16 pg=255 erase_cnt=8 (vpc/ipc reset)
[EXP] [ERASE] ch=0 lun=6 pl=0 blk=16 pg=255 erase_cnt=8 (vpc/ipc reset)
[EXP] [ERASE] ch=0 lun=7 pl=0 blk=16 pg=255 erase_cnt=8 (vpc/ipc reset)
[EXP] [ERASE] ch=1 lun=0 pl=0 blk=16 pg=255 erase_cnt=8 (vpc/ipc reset)
[EXP] [ERASE] ch=1 lun=1 pl=0 blk=16 pg=255 erase_cnt=8 (vpc/ipc reset)
[EXP] [ERASE] ch=1 lun=2 pl=0 blk=16 pg=255 erase_cnt=8 (vpc/ipc reset)
[EXP] [ERASE] ch=1 lun=3 pl=0 blk=16 pg=255 erase_cnt=8 (vpc/ipc reset)
[EXP] [ERASE] ch=1 lun=4 pl=0 blk=16 pg=255 erase_cnt=8 (vpc/ipc reset)
[EXP] [ERASE] ch=1 lun=5 pl=0 blk=16 pg=255 erase_cnt=8 (vpc/ipc reset)
[EXP] [ERASE] ch=1 lun=6 pl=0 blk=16 pg=255 erase_cnt=8 (vpc/ipc reset)
[EXP] [ERASE] ch=1 lun=7 pl=0 blk=16 pg=255 erase_cnt=8 (vpc/ipc reset)
[EXP] [ERASE] ch=2 lun=0 pl=0 blk=16 pg=255 erase_cnt=8 (vpc/ipc reset)
[EXP] [ERASE] ch=2 lun=1 pl=0 blk=16 pg=255 erase_cnt=8 (vpc/ipc reset)
[EXP] [ERASE] ch=2 lun=2 pl=0 blk=16 pg=255 erase_cnt=8 (vpc/ipc reset)
[EXP] [ERASE] ch=2 lun=3 pl=0 blk=16 pg=255 erase_cnt=8 (vpc/ipc reset)
[EXP] [ERASE] ch=2 lun=4 pl=0 blk=16 pg=255 erase_cnt=8 (vpc/ipc reset)
[EXP] [ERASE] ch=2 lun=5 pl=0 blk=16 pg=255 erase_cnt=8 (vpc/ipc reset)
[EXP] [ERASE] ch=2 lun=6 pl=0 blk=16 pg=255 erase_cnt=8 (vpc/ipc reset)
[EXP] [ERASE] ch=2 lun=7 pl=0 blk=16 pg=255 erase_cnt=8 (vpc/ipc reset)
[EXP] [ERASE] ch=3 lun=0 pl=0 blk=16 pg=255 erase_cnt=8 (vpc/ipc reset)
[EXP] [ERASE] ch=3 lun=1 pl=0 blk=16 pg=255 erase_cnt=8 (vpc/ipc reset)
[EXP] [ERASE] ch=3 lun=2 pl=0 blk=16 pg=255 erase_cnt=8 (vpc/ipc reset)
[EXP] [ERASE] ch=3 lun=3 pl=0 blk=16 pg=255 erase_cnt=8 (vpc/ipc reset)
[EXP] [ERASE] ch=3 lun=4 pl=0 blk=16 pg=255 erase_cnt=8 (vpc/ipc reset)
[EXP] [ERASE] ch=3 lun=5 pl=0 blk=16 pg=255 erase_cnt=8 (vpc/ipc reset)
[EXP] [ERASE] ch=3 lun=6 pl=0 blk=16 pg=255 erase_cnt=8 (vpc/ipc reset)
[EXP] [ERASE] ch=3 lun=7 pl=0 blk=16 pg=255 erase_cnt=8 (vpc/ipc reset)
[EXP] [ERASE] ch=4 lun=0 pl=0 blk=16 pg=255 erase_cnt=8 (vpc/ipc reset)
[EXP] [ERASE] ch=4 lun=1 pl=0 blk=16 pg=255 erase_cnt=8 (vpc/ipc reset)
[EXP] [ERASE] ch=4 lun=2 pl=0 blk=16 pg=255 erase_cnt=8 (vpc/ipc reset)
[EXP] [ERASE] ch=4 lun=3 pl=0 blk=16 pg=255 erase_cnt=8 (vpc/ipc reset)
[EXP] [ERASE] ch=4 lun=4 pl=0 blk=16 pg=255 erase_cnt=8 (vpc/ipc reset)
[EXP] [ERASE] ch=4 lun=5 pl=0 blk=16 pg=255 erase_cnt=8 (vpc/ipc reset)
[EXP] [ERASE] ch=4 lun=6 pl=0 blk=16 pg=255 erase_cnt=8 (vpc/ipc reset)
[EXP] [ERASE] ch=4 lun=7 pl=0 blk=16 pg=255 erase_cnt=8 (vpc/ipc reset)
[EXP] [ERASE] ch=5 lun=0 pl=0 blk=16 pg=255 erase_cnt=8 (vpc/ipc reset)
[EXP] [ERASE] ch=5 lun=1 pl=0 blk=16 pg=255 erase_cnt=8 (vpc/ipc reset)
[EXP] [ERASE] ch=5 lun=2 pl=0 blk=16 pg=255 erase_cnt=8 (vpc/ipc reset)
[EXP] [ERASE] ch=5 lun=3 pl=0 blk=16 pg=255 erase_cnt=8 (vpc/ipc reset)
[EXP] [ERASE] ch=5 lun=4 pl=0 blk=16 pg=255 erase_cnt=8 (vpc/ipc reset)
[EXP] [ERASE] ch=5 lun=5 pl=0 blk=16 pg=255 erase_cnt=8 (vpc/ipc reset)
[EXP] [ERASE] ch=5 lun=6 pl=0 blk=16 pg=255 erase_cnt=8 (vpc/ipc reset)
[EXP] [ERASE] ch=5 lun=7 pl=0 blk=16 pg=255 erase_cnt=8 (vpc/ipc reset)
[EXP] [ERASE] ch=6 lun=0 pl=0 blk=16 pg=255 erase_cnt=8 (vpc/ipc reset)
[EXP] [ERASE] ch=6 lun=1 pl=0 blk=16 pg=255 erase_cnt=8 (vpc/ipc reset)
[EXP] [ERASE] ch=6 lun=2 pl=0 blk=16 pg=255 erase_cnt=8 (vpc/ipc reset)
[EXP] [ERASE] ch=6 lun=3 pl=0 blk=16 pg=255 erase_cnt=8 (vpc/ipc reset)
[EXP] [ERASE] ch=6 lun=4 pl=0 blk=16 pg=255 erase_cnt=8 (vpc/ipc reset)
[EXP] [ERASE] ch=6 lun=5 pl=0 blk=16 pg=255 erase_cnt=8 (vpc/ipc reset)
[EXP] [ERASE] ch=6 lun=6 pl=0 blk=16 pg=255 erase_cnt=8 (vpc/ipc reset)
[EXP] [ERASE] ch=6 lun=7 pl=0 blk=16 pg=255 erase_cnt=8 (vpc/ipc reset)
[EXP] [ERASE] ch=7 lun=0 pl=0 blk=16 pg=255 erase_cnt=8 (vpc/ipc reset)
[EXP] [ERASE] ch=7 lun=1 pl=0 blk=16 pg=255 erase_cnt=8 (vpc/ipc reset)
[EXP] [ERASE] ch=7 lun=2 pl=0 blk=16 pg=255 erase_cnt=8 (vpc/ipc reset)
[EXP] [ERASE] ch=7 lun=3 pl=0 blk=16 pg=255 erase_cnt=8 (vpc/ipc reset)
[EXP] [ERASE] ch=7 lun=4 pl=0 blk=16 pg=255 erase_cnt=8 (vpc/ipc reset)
[EXP] [ERASE] ch=7 lun=5 pl=0 blk=16 pg=255 erase_cnt=8 (vpc/ipc reset)
[EXP] [ERASE] ch=7 lun=6 pl=0 blk=16 pg=255 erase_cnt=8 (vpc/ipc reset)
[EXP] [ERASE] ch=7 lun=7 pl=0 blk=16 pg=255 erase_cnt=8 (vpc/ipc reset)
[EXP] [ERASE] ch=0 lun=0 pl=0 blk=52 pg=255 erase_cnt=6 (vpc/ipc reset)
[EXP] [ERASE] ch=0 lun=1 pl=0 blk=52 pg=255 erase_cnt=6 (vpc/ipc reset)
[EXP] [ERASE] ch=0 lun=2 pl=0 blk=52 pg=255 erase_cnt=6 (vpc/ipc reset)
[EXP] [ERASE] ch=0 lun=3 pl=0 blk=52 pg=255 erase_cnt=6 (vpc/ipc reset)
[EXP] [ERASE] ch=0 lun=4 pl=0 blk=52 pg=255 erase_cnt=6 (vpc/ipc reset)
[EXP] [ERASE] ch=0 lun=5 pl=0 blk=52 pg=255 erase_cnt=6 (vpc/ipc reset)
[EXP] [ERASE] ch=0 lun=6 pl=0 blk=52 pg=255 erase_cnt=6 (vpc/ipc reset)
[EXP] [ERASE] ch=0 lun=7 pl=0 blk=52 pg=255 erase_cnt=6 (vpc/ipc reset)
[EXP] [ERASE] ch=1 lun=0 pl=0 blk=52 pg=255 erase_cnt=6 (vpc/ipc reset)
[EXP] [ERASE] ch=1 lun=1 pl=0 blk=52 pg=255 erase_cnt=6 (vpc/ipc reset)
[EXP] [ERASE] ch=1 lun=2 pl=0 blk=52 pg=255 erase_cnt=6 (vpc/ipc reset)
[EXP] [ERASE] ch=1 lun=3 pl=0 blk=52 pg=255 erase_cnt=6 (vpc/ipc reset)
[EXP] [ERASE] ch=1 lun=4 pl=0 blk=52 pg=255 erase_cnt=6 (vpc/ipc reset)
[EXP] [ERASE] ch=1 lun=5 pl=0 blk=52 pg=255 erase_cnt=6 (vpc/ipc reset)
[EXP] [ERASE] ch=1 lun=6 pl=0 blk=52 pg=255 erase_cnt=6 (vpc/ipc reset)
[EXP] [ERASE] ch=1 lun=7 pl=0 blk=52 pg=255 erase_cnt=6 (vpc/ipc reset)
[EXP] [ERASE] ch=2 lun=0 pl=0 blk=52 pg=255 erase_cnt=6 (vpc/ipc reset)
[EXP] [ERASE] ch=2 lun=1 pl=0 blk=52 pg=255 erase_cnt=6 (vpc/ipc reset)
[EXP] [ERASE] ch=2 lun=2 pl=0 blk=52 pg=255 erase_cnt=6 (vpc/ipc reset)
[EXP] [ERASE] ch=2 lun=3 pl=0 blk=52 pg=255 erase_cnt=6 (vpc/ipc reset)
[EXP] [ERASE] ch=2 lun=4 pl=0 blk=52 pg=255 erase_cnt=6 (vpc/ipc reset)
[EXP] [ERASE] ch=2 lun=5 pl=0 blk=52 pg=255 erase_cnt=6 (vpc/ipc reset)
[EXP] [ERASE] ch=2 lun=6 pl=0 blk=52 pg=255 erase_cnt=6 (vpc/ipc reset)
[EXP] [ERASE] ch=2 lun=7 pl=0 blk=52 pg=255 erase_cnt=6 (vpc/ipc reset)
[EXP] [ERASE] ch=3 lun=0 pl=0 blk=52 pg=255 erase_cnt=6 (vpc/ipc reset)
[EXP] [ERASE] ch=3 lun=1 pl=0 blk=52 pg=255 erase_cnt=6 (vpc/ipc reset)
[EXP] [ERASE] ch=3 lun=2 pl=0 blk=52 pg=255 erase_cnt=6 (vpc/ipc reset)
[EXP] [ERASE] ch=3 lun=3 pl=0 blk=52 pg=255 erase_cnt=6 (vpc/ipc reset)
[EXP] [ERASE] ch=3 lun=4 pl=0 blk=52 pg=255 erase_cnt=6 (vpc/ipc reset)
[EXP] [ERASE] ch=3 lun=5 pl=0 blk=52 pg=255 erase_cnt=6 (vpc/ipc reset)
[EXP] [ERASE] ch=3 lun=6 pl=0 blk=52 pg=255 erase_cnt=6 (vpc/ipc reset)
[EXP] [ERASE] ch=3 lun=7 pl=0 blk=52 pg=255 erase_cnt=6 (vpc/ipc reset)
[EXP] [ERASE] ch=4 lun=0 pl=0 blk=52 pg=255 erase_cnt=6 (vpc/ipc reset)
[EXP] [ERASE] ch=4 lun=1 pl=0 blk=52 pg=255 erase_cnt=6 (vpc/ipc reset)
[EXP] [ERASE] ch=4 lun=2 pl=0 blk=52 pg=255 erase_cnt=6 (vpc/ipc reset)
[EXP] [ERASE] ch=4 lun=3 pl=0 blk=52 pg=255 erase_cnt=6 (vpc/ipc reset)
[EXP] [ERASE] ch=4 lun=4 pl=0 blk=52 pg=255 erase_cnt=6 (vpc/ipc reset)
[EXP] [ERASE] ch=4 lun=5 pl=0 blk=52 pg=255 erase_cnt=6 (vpc/ipc reset)
[EXP] [ERASE] ch=4 lun=6 pl=0 blk=52 pg=255 erase_cnt=6 (vpc/ipc reset)
[EXP] [ERASE] ch=4 lun=7 pl=0 blk=52 pg=255 erase_cnt=6 (vpc/ipc reset)
[EXP] [ERASE] ch=5 lun=0 pl=0 blk=52 pg=255 erase_cnt=6 (vpc/ipc reset)
[EXP] [ERASE] ch=5 lun=1 pl=0 blk=52 pg=255 erase_cnt=6 (vpc/ipc reset)
[EXP] [ERASE] ch=5 lun=2 pl=0 blk=52 pg=255 erase_cnt=6 (vpc/ipc reset)
[EXP] [ERASE] ch=5 lun=3 pl=0 blk=52 pg=255 erase_cnt=6 (vpc/ipc reset)
[EXP] [ERASE] ch=5 lun=4 pl=0 blk=52 pg=255 erase_cnt=6 (vpc/ipc reset)
[EXP] [ERASE] ch=5 lun=5 pl=0 blk=52 pg=255 erase_cnt=6 (vpc/ipc reset)
[EXP] [ERASE] ch=5 lun=6 pl=0 blk=52 pg=255 erase_cnt=6 (vpc/ipc reset)
[EXP] [ERASE] ch=5 lun=7 pl=0 blk=52 pg=255 erase_cnt=6 (vpc/ipc reset)
[EXP] [ERASE] ch=6 lun=0 pl=0 blk=52 pg=255 erase_cnt=6 (vpc/ipc reset)
[EXP] [ERASE] ch=6 lun=1 pl=0 blk=52 pg=255 erase_cnt=6 (vpc/ipc reset)
[EXP] [ERASE] ch=6 lun=2 pl=0 blk=52 pg=255 erase_cnt=6 (vpc/ipc reset)
[EXP] [ERASE] ch=6 lun=3 pl=0 blk=52 pg=255 erase_cnt=6 (vpc/ipc reset)
[EXP] [ERASE] ch=6 lun=4 pl=0 blk=52 pg=255 erase_cnt=6 (vpc/ipc reset)
[EXP] [ERASE] ch=6 lun=5 pl=0 blk=52 pg=255 erase_cnt=6 (vpc/ipc reset)
[EXP] [ERASE] ch=6 lun=6 pl=0 blk=52 pg=255 erase_cnt=6 (vpc/ipc reset)
[EXP] [ERASE] ch=6 lun=7 pl=0 blk=52 pg=255 erase_cnt=6 (vpc/ipc reset)
[EXP] [ERASE] ch=7 lun=0 pl=0 blk=52 pg=255 erase_cnt=6 (vpc/ipc reset)
[EXP] [ERASE] ch=7 lun=1 pl=0 blk=52 pg=255 erase_cnt=6 (vpc/ipc reset)
[EXP] [ERASE] ch=7 lun=2 pl=0 blk=52 pg=255 erase_cnt=6 (vpc/ipc reset)
[EXP] [ERASE] ch=7 lun=3 pl=0 blk=52 pg=255 erase_cnt=6 (vpc/ipc reset)
[EXP] [ERASE] ch=7 lun=4 pl=0 blk=52 pg=255 erase_cnt=6 (vpc/ipc reset)
[EXP] [ERASE] ch=7 lun=5 pl=0 blk=52 pg=255 erase_cnt=6 (vpc/ipc reset)
[EXP] [ERASE] ch=7 lun=6 pl=0 blk=52 pg=255 erase_cnt=6 (vpc/ipc reset)
[EXP] [ERASE] ch=7 lun=7 pl=0 blk=52 pg=255 erase_cnt=6 (vpc/ipc reset)
[EXP] [ERASE] ch=0 lun=0 pl=0 blk=97 pg=255 erase_cnt=11 (vpc/ipc reset)
[EXP] [ERASE] ch=0 lun=1 pl=0 blk=97 pg=255 erase_cnt=11 (vpc/ipc reset)
[EXP] [ERASE] ch=0 lun=2 pl=0 blk=97 pg=255 erase_cnt=11 (vpc/ipc reset)
[EXP] [ERASE] ch=0 lun=3 pl=0 blk=97 pg=255 erase_cnt=11 (vpc/ipc reset)
[EXP] [ERASE] ch=0 lun=4 pl=0 blk=97 pg=255 erase_cnt=11 (vpc/ipc reset)
[EXP] [ERASE] ch=0 lun=5 pl=0 blk=97 pg=255 erase_cnt=11 (vpc/ipc reset)
[EXP] [ERASE] ch=0 lun=6 pl=0 blk=97 pg=255 erase_cnt=11 (vpc/ipc reset)
[EXP] [ERASE] ch=0 lun=7 pl=0 blk=97 pg=255 erase_cnt=11 (vpc/ipc reset)
[EXP] [ERASE] ch=1 lun=0 pl=0 blk=97 pg=255 erase_cnt=11 (vpc/ipc reset)
[EXP] [ERASE] ch=1 lun=1 pl=0 blk=97 pg=255 erase_cnt=11 (vpc/ipc reset)
[EXP] [ERASE] ch=1 lun=2 pl=0 blk=97 pg=255 erase_cnt=11 (vpc/ipc reset)
[EXP] [ERASE] ch=1 lun=3 pl=0 blk=97 pg=255 erase_cnt=11 (vpc/ipc reset)
[EXP] [ERASE] ch=1 lun=4 pl=0 blk=97 pg=255 erase_cnt=11 (vpc/ipc reset)
[EXP] [ERASE] ch=1 lun=5 pl=0 blk=97 pg=255 erase_cnt=11 (vpc/ipc reset)
[EXP] [ERASE] ch=1 lun=6 pl=0 blk=97 pg=255 erase_cnt=11 (vpc/ipc reset)
[EXP] [ERASE] ch=1 lun=7 pl=0 blk=97 pg=255 erase_cnt=11 (vpc/ipc reset)
[EXP] [ERASE] ch=2 lun=0 pl=0 blk=97 pg=255 erase_cnt=11 (vpc/ipc reset)
[EXP] [ERASE] ch=2 lun=1 pl=0 blk=97 pg=255 erase_cnt=11 (vpc/ipc reset)
[EXP] [ERASE] ch=2 lun=2 pl=0 blk=97 pg=255 erase_cnt=11 (vpc/ipc reset)
[EXP] [ERASE] ch=2 lun=3 pl=0 blk=97 pg=255 erase_cnt=11 (vpc/ipc reset)
[EXP] [ERASE] ch=2 lun=4 pl=0 blk=97 pg=255 erase_cnt=11 (vpc/ipc reset)
[EXP] [ERASE] ch=2 lun=5 pl=0 blk=97 pg=255 erase_cnt=11 (vpc/ipc reset)
[EXP] [ERASE] ch=2 lun=6 pl=0 blk=97 pg=255 erase_cnt=11 (vpc/ipc reset)
[EXP] [ERASE] ch=2 lun=7 pl=0 blk=97 pg=255 erase_cnt=11 (vpc/ipc reset)
[EXP] [ERASE] ch=3 lun=0 pl=0 blk=97 pg=255 erase_cnt=11 (vpc/ipc reset)
[EXP] [ERASE] ch=3 lun=1 pl=0 blk=97 pg=255 erase_cnt=11 (vpc/ipc reset)
[EXP] [ERASE] ch=3 lun=2 pl=0 blk=97 pg=255 erase_cnt=11 (vpc/ipc reset)
[EXP] [ERASE] ch=3 lun=3 pl=0 blk=97 pg=255 erase_cnt=11 (vpc/ipc reset)
[EXP] [ERASE] ch=3 lun=4 pl=0 blk=97 pg=255 erase_cnt=11 (vpc/ipc reset)
[EXP] [ERASE] ch=3 lun=5 pl=0 blk=97 pg=255 erase_cnt=11 (vpc/ipc reset)
[EXP] [ERASE] ch=3 lun=6 pl=0 blk=97 pg=255 erase_cnt=11 (vpc/ipc reset)
[EXP] [ERASE] ch=3 lun=7 pl=0 blk=97 pg=255 erase_cnt=11 (vpc/ipc reset)
[EXP] [ERASE] ch=4 lun=0 pl=0 blk=97 pg=255 erase_cnt=11 (vpc/ipc reset)
[EXP] [ERASE] ch=4 lun=1 pl=0 blk=97 pg=255 erase_cnt=11 (vpc/ipc reset)
[EXP] [ERASE] ch=4 lun=2 pl=0 blk=97 pg=255 erase_cnt=11 (vpc/ipc reset)
[EXP] [ERASE] ch=4 lun=3 pl=0 blk=97 pg=255 erase_cnt=11 (vpc/ipc reset)
[EXP] [ERASE] ch=4 lun=4 pl=0 blk=97 pg=255 erase_cnt=11 (vpc/ipc reset)
[EXP] [ERASE] ch=4 lun=5 pl=0 blk=97 pg=255 erase_cnt=11 (vpc/ipc reset)
[EXP] [ERASE] ch=4 lun=6 pl=0 blk=97 pg=255 erase_cnt=11 (vpc/ipc reset)
[EXP] [ERASE] ch=4 lun=7 pl=0 blk=97 pg=255 erase_cnt=11 (vpc/ipc reset)
[EXP] [ERASE] ch=5 lun=0 pl=0 blk=97 pg=255 erase_cnt=11 (vpc/ipc reset)
[EXP] [ERASE] ch=5 lun=1 pl=0 blk=97 pg=255 erase_cnt=11 (vpc/ipc reset)
[EXP] [ERASE] ch=5 lun=2 pl=0 blk=97 pg=255 erase_cnt=11 (vpc/ipc reset)
[EXP] [ERASE] ch=5 lun=3 pl=0 blk=97 pg=255 erase_cnt=11 (vpc/ipc reset)
[EXP] [ERASE] ch=5 lun=4 pl=0 blk=97 pg=255 erase_cnt=11 (vpc/ipc reset)
[EXP] [ERASE] ch=5 lun=5 pl=0 blk=97 pg=255 erase_cnt=11 (vpc/ipc reset)
[EXP] [ERASE] ch=5 lun=6 pl=0 blk=97 pg=255 erase_cnt=11 (vpc/ipc reset)
[EXP] [ERASE] ch=5 lun=7 pl=0 blk=97 pg=255 erase_cnt=11 (vpc/ipc reset)
[EXP] [ERASE] ch=6 lun=0 pl=0 blk=97 pg=255 erase_cnt=11 (vpc/ipc reset)
[EXP] [ERASE] ch=6 lun=1 pl=0 blk=97 pg=255 erase_cnt=11 (vpc/ipc reset)
[EXP] [ERASE] ch=6 lun=2 pl=0 blk=97 pg=255 erase_cnt=11 (vpc/ipc reset)
[EXP] [ERASE] ch=6 lun=3 pl=0 blk=97 pg=255 erase_cnt=11 (vpc/ipc reset)
[EXP] [ERASE] ch=6 lun=4 pl=0 blk=97 pg=255 erase_cnt=11 (vpc/ipc reset)
[EXP] [ERASE] ch=6 lun=5 pl=0 blk=97 pg=255 erase_cnt=11 (vpc/ipc reset)
[EXP] [ERASE] ch=6 lun=6 pl=0 blk=97 pg=255 erase_cnt=11 (vpc/ipc reset)
[EXP] [ERASE] ch=6 lun=7 pl=0 blk=97 pg=255 erase_cnt=11 (vpc/ipc reset)
[EXP] [ERASE] ch=7 lun=0 pl=0 blk=97 pg=255 erase_cnt=11 (vpc/ipc reset)
[EXP] [ERASE] ch=7 lun=1 pl=0 blk=97 pg=255 erase_cnt=11 (vpc/ipc reset)
[EXP] [ERASE] ch=7 lun=2 pl=0 blk=97 pg=255 erase_cnt=11 (vpc/ipc reset)
[EXP] [ERASE] ch=7 lun=3 pl=0 blk=97 pg=255 erase_cnt=11 (vpc/ipc reset)
[EXP] [ERASE] ch=7 lun=4 pl=0 blk=97 pg=255 erase_cnt=11 (vpc/ipc reset)
[EXP] [ERASE] ch=7 lun=5 pl=0 blk=97 pg=255 erase_cnt=11 (vpc/ipc reset)
[EXP] [ERASE] ch=7 lun=6 pl=0 blk=97 pg=255 erase_cnt=11 (vpc/ipc reset)
[EXP] [ERASE] ch=7 lun=7 pl=0 blk=97 pg=255 erase_cnt=11 (vpc/ipc reset)
[EXP] [ERASE] ch=0 lun=0 pl=0 blk=99 pg=255 erase_cnt=9 (vpc/ipc reset)
[EXP] [ERASE] ch=0 lun=1 pl=0 blk=99 pg=255 erase_cnt=9 (vpc/ipc reset)
[EXP] [ERASE] ch=0 lun=2 pl=0 blk=99 pg=255 erase_cnt=9 (vpc/ipc reset)
[EXP] [ERASE] ch=0 lun=3 pl=0 blk=99 pg=255 erase_cnt=9 (vpc/ipc reset)
[EXP] [ERASE] ch=0 lun=4 pl=0 blk=99 pg=255 erase_cnt=9 (vpc/ipc reset)
[EXP] [ERASE] ch=0 lun=5 pl=0 blk=99 pg=255 erase_cnt=9 (vpc/ipc reset)
[EXP] [ERASE] ch=0 lun=6 pl=0 blk=99 pg=255 erase_cnt=9 (vpc/ipc reset)
[EXP] [ERASE] ch=0 lun=7 pl=0 blk=99 pg=255 erase_cnt=9 (vpc/ipc reset)
[EXP] [ERASE] ch=1 lun=0 pl=0 blk=99 pg=255 erase_cnt=9 (vpc/ipc reset)
[EXP] [ERASE] ch=1 lun=1 pl=0 blk=99 pg=255 erase_cnt=9 (vpc/ipc reset)
[EXP] [ERASE] ch=1 lun=2 pl=0 blk=99 pg=255 erase_cnt=9 (vpc/ipc reset)
[EXP] [ERASE] ch=1 lun=3 pl=0 blk=99 pg=255 erase_cnt=9 (vpc/ipc reset)
[EXP] [ERASE] ch=1 lun=4 pl=0 blk=99 pg=255 erase_cnt=9 (vpc/ipc reset)
[EXP] [ERASE] ch=1 lun=5 pl=0 blk=99 pg=255 erase_cnt=9 (vpc/ipc reset)
[EXP] [ERASE] ch=1 lun=6 pl=0 blk=99 pg=255 erase_cnt=9 (vpc/ipc reset)
[EXP] [ERASE] ch=1 lun=7 pl=0 blk=99 pg=255 erase_cnt=9 (vpc/ipc reset)
[EXP] [ERASE] ch=2 lun=0 pl=0 blk=99 pg=255 erase_cnt=9 (vpc/ipc reset)
[EXP] [ERASE] ch=2 lun=1 pl=0 blk=99 pg=255 erase_cnt=9 (vpc/ipc reset)
[EXP] [ERASE] ch=2 lun=2 pl=0 blk=99 pg=255 erase_cnt=9 (vpc/ipc reset)
[EXP] [ERASE] ch=2 lun=3 pl=0 blk=99 pg=255 erase_cnt=9 (vpc/ipc reset)
[EXP] [ERASE] ch=2 lun=4 pl=0 blk=99 pg=255 erase_cnt=9 (vpc/ipc reset)
[EXP] [ERASE] ch=2 lun=5 pl=0 blk=99 pg=255 erase_cnt=9 (vpc/ipc reset)
[EXP] [ERASE] ch=2 lun=6 pl=0 blk=99 pg=255 erase_cnt=9 (vpc/ipc reset)
[EXP] [ERASE] ch=2 lun=7 pl=0 blk=99 pg=255 erase_cnt=9 (vpc/ipc reset)
[EXP] [ERASE] ch=3 lun=0 pl=0 blk=99 pg=255 erase_cnt=9 (vpc/ipc reset)
[EXP] [ERASE] ch=3 lun=1 pl=0 blk=99 pg=255 erase_cnt=9 (vpc/ipc reset)
[EXP] [ERASE] ch=3 lun=2 pl=0 blk=99 pg=255 erase_cnt=9 (vpc/ipc reset)
[EXP] [ERASE] ch=3 lun=3 pl=0 blk=99 pg=255 erase_cnt=9 (vpc/ipc reset)
[EXP] [ERASE] ch=3 lun=4 pl=0 blk=99 pg=255 erase_cnt=9 (vpc/ipc reset)
[EXP] [ERASE] ch=3 lun=5 pl=0 blk=99 pg=255 erase_cnt=9 (vpc/ipc reset)
[EXP] [ERASE] ch=3 lun=6 pl=0 blk=99 pg=255 erase_cnt=9 (vpc/ipc reset)
[EXP] [ERASE] ch=3 lun=7 pl=0 blk=99 pg=255 erase_cnt=9 (vpc/ipc reset)
[EXP] [ERASE] ch=4 lun=0 pl=0 blk=99 pg=255 erase_cnt=9 (vpc/ipc reset)
[EXP] [ERASE] ch=4 lun=1 pl=0 blk=99 pg=255 erase_cnt=9 (vpc/ipc reset)
[EXP] [ERASE] ch=4 lun=2 pl=0 blk=99 pg=255 erase_cnt=9 (vpc/ipc reset)
[EXP] [ERASE] ch=4 lun=3 pl=0 blk=99 pg=255 erase_cnt=9 (vpc/ipc reset)
[EXP] [ERASE] ch=4 lun=4 pl=0 blk=99 pg=255 erase_cnt=9 (vpc/ipc reset)
[EXP] [ERASE] ch=4 lun=5 pl=0 blk=99 pg=255 erase_cnt=9 (vpc/ipc reset)
[EXP] [ERASE] ch=4 lun=6 pl=0 blk=99 pg=255 erase_cnt=9 (vpc/ipc reset)
[EXP] [ERASE] ch=4 lun=7 pl=0 blk=99 pg=255 erase_cnt=9 (vpc/ipc reset)
[EXP] [ERASE] ch=5 lun=0 pl=0 blk=99 pg=255 erase_cnt=9 (vpc/ipc reset)
[EXP] [ERASE] ch=5 lun=1 pl=0 blk=99 pg=255 erase_cnt=9 (vpc/ipc reset)
[EXP] [ERASE] ch=5 lun=2 pl=0 blk=99 pg=255 erase_cnt=9 (vpc/ipc reset)
[EXP] [ERASE] ch=5 lun=3 pl=0 blk=99 pg=255 erase_cnt=9 (vpc/ipc reset)
[EXP] [ERASE] ch=5 lun=4 pl=0 blk=99 pg=255 erase_cnt=9 (vpc/ipc reset)
[EXP] [ERASE] ch=5 lun=5 pl=0 blk=99 pg=255 erase_cnt=9 (vpc/ipc reset)
[EXP] [ERASE] ch=5 lun=6 pl=0 blk=99 pg=255 erase_cnt=9 (vpc/ipc reset)
[EXP] [ERASE] ch=5 lun=7 pl=0 blk=99 pg=255 erase_cnt=9 (vpc/ipc reset)
[EXP] [ERASE] ch=6 lun=0 pl=0 blk=99 pg=255 erase_cnt=9 (vpc/ipc reset)
[EXP] [ERASE] ch=6 lun=1 pl=0 blk=99 pg=255 erase_cnt=9 (vpc/ipc reset)
[EXP] [ERASE] ch=6 lun=2 pl=0 blk=99 pg=255 erase_cnt=9 (vpc/ipc reset)
[EXP] [ERASE] ch=6 lun=3 pl=0 blk=99 pg=255 erase_cnt=9 (vpc/ipc reset)
[EXP] [ERASE] ch=6 lun=4 pl=0 blk=99 pg=255 erase_cnt=9 (vpc/ipc reset)
[EXP] [ERASE] ch=6 lun=5 pl=0 blk=99 pg=255 erase_cnt=9 (vpc/ipc reset)
[EXP] [ERASE] ch=6 lun=6 pl=0 blk=99 pg=255 erase_cnt=9 (vpc/ipc reset)
[EXP] [ERASE] ch=6 lun=7 pl=0 blk=99 pg=255 erase_cnt=9 (vpc/ipc reset)
[EXP] [ERASE] ch=7 lun=0 pl=0 blk=99 pg=255 erase_cnt=9 (vpc/ipc reset)
[EXP] [ERASE] ch=7 lun=1 pl=0 blk=99 pg=255 erase_cnt=9 (vpc/ipc reset)
[EXP] [ERASE] ch=7 lun=2 pl=0 blk=99 pg=255 erase_cnt=9 (vpc/ipc reset)
[EXP] [ERASE] ch=7 lun=3 pl=0 blk=99 pg=255 erase_cnt=9 (vpc/ipc reset)
[EXP] [ERASE] ch=7 lun=4 pl=0 blk=99 pg=255 erase_cnt=9 (vpc/ipc reset)
[EXP] [ERASE] ch=7 lun=5 pl=0 blk=99 pg=255 erase_cnt=9 (vpc/ipc reset)
[EXP] [ERASE] ch=7 lun=6 pl=0 blk=99 pg=255 erase_cnt=9 (vpc/ipc reset)
[EXP] [ERASE] ch=7 lun=7 pl=0 blk=99 pg=255 erase_cnt=9 (vpc/ipc reset)
[EXP] [ERASE] ch=0 lun=0 pl=0 blk=25 pg=255 erase_cnt=10 (vpc/ipc reset)
[EXP] [ERASE] ch=0 lun=1 pl=0 blk=25 pg=255 erase_cnt=10 (vpc/ipc reset)
[EXP] [ERASE] ch=0 lun=2 pl=0 blk=25 pg=255 erase_cnt=10 (vpc/ipc reset)
[EXP] [ERASE] ch=0 lun=3 pl=0 blk=25 pg=255 erase_cnt=10 (vpc/ipc reset)
[EXP] [ERASE] ch=0 lun=4 pl=0 blk=25 pg=255 erase_cnt=10 (vpc/ipc reset)
[EXP] [ERASE] ch=0 lun=5 pl=0 blk=25 pg=255 erase_cnt=10 (vpc/ipc reset)
[EXP] [ERASE] ch=0 lun=6 pl=0 blk=25 pg=255 erase_cnt=10 (vpc/ipc reset)
[EXP] [ERASE] ch=0 lun=7 pl=0 blk=25 pg=255 erase_cnt=10 (vpc/ipc reset)
[EXP] [ERASE] ch=1 lun=0 pl=0 blk=25 pg=255 erase_cnt=10 (vpc/ipc reset)
[EXP] [ERASE] ch=1 lun=1 pl=0 blk=25 pg=255 erase_cnt=10 (vpc/ipc reset)
[EXP] [ERASE] ch=1 lun=2 pl=0 blk=25 pg=255 erase_cnt=10 (vpc/ipc reset)
[EXP] [ERASE] ch=1 lun=3 pl=0 blk=25 pg=255 erase_cnt=10 (vpc/ipc reset)
[EXP] [ERASE] ch=1 lun=4 pl=0 blk=25 pg=255 erase_cnt=10 (vpc/ipc reset)
[EXP] [ERASE] ch=1 lun=5 pl=0 blk=25 pg=255 erase_cnt=10 (vpc/ipc reset)
[EXP] [ERASE] ch=1 lun=6 pl=0 blk=25 pg=255 erase_cnt=10 (vpc/ipc reset)
[EXP] [ERASE] ch=1 lun=7 pl=0 blk=25 pg=255 erase_cnt=10 (vpc/ipc reset)
[EXP] [ERASE] ch=2 lun=0 pl=0 blk=25 pg=255 erase_cnt=10 (vpc/ipc reset)
[EXP] [ERASE] ch=2 lun=1 pl=0 blk=25 pg=255 erase_cnt=10 (vpc/ipc reset)
[EXP] [ERASE] ch=2 lun=2 pl=0 blk=25 pg=255 erase_cnt=10 (vpc/ipc reset)
[EXP] [ERASE] ch=2 lun=3 pl=0 blk=25 pg=255 erase_cnt=10 (vpc/ipc reset)
[EXP] [ERASE] ch=2 lun=4 pl=0 blk=25 pg=255 erase_cnt=10 (vpc/ipc reset)
[EXP] [ERASE] ch=2 lun=5 pl=0 blk=25 pg=255 erase_cnt=10 (vpc/ipc reset)
[EXP] [ERASE] ch=2 lun=6 pl=0 blk=25 pg=255 erase_cnt=10 (vpc/ipc reset)
[EXP] [ERASE] ch=2 lun=7 pl=0 blk=25 pg=255 erase_cnt=10 (vpc/ipc reset)
[EXP] [ERASE] ch=3 lun=0 pl=0 blk=25 pg=255 erase_cnt=10 (vpc/ipc reset)
[EXP] [ERASE] ch=3 lun=1 pl=0 blk=25 pg=255 erase_cnt=10 (vpc/ipc reset)
[EXP] [ERASE] ch=3 lun=2 pl=0 blk=25 pg=255 erase_cnt=10 (vpc/ipc reset)
[EXP] [ERASE] ch=3 lun=3 pl=0 blk=25 pg=255 erase_cnt=10 (vpc/ipc reset)
[EXP] [ERASE] ch=3 lun=4 pl=0 blk=25 pg=255 erase_cnt=10 (vpc/ipc reset)
[EXP] [ERASE] ch=3 lun=5 pl=0 blk=25 pg=255 erase_cnt=10 (vpc/ipc reset)
[EXP] [ERASE] ch=3 lun=6 pl=0 blk=25 pg=255 erase_cnt=10 (vpc/ipc reset)
[EXP] [ERASE] ch=3 lun=7 pl=0 blk=25 pg=255 erase_cnt=10 (vpc/ipc reset)
[EXP] [ERASE] ch=4 lun=0 pl=0 blk=25 pg=255 erase_cnt=10 (vpc/ipc reset)
[EXP] [ERASE] ch=4 lun=1 pl=0 blk=25 pg=255 erase_cnt=10 (vpc/ipc reset)
[EXP] [ERASE] ch=4 lun=2 pl=0 blk=25 pg=255 erase_cnt=10 (vpc/ipc reset)
[EXP] [ERASE] ch=4 lun=3 pl=0 blk=25 pg=255 erase_cnt=10 (vpc/ipc reset)
[EXP] [ERASE] ch=4 lun=4 pl=0 blk=25 pg=255 erase_cnt=10 (vpc/ipc reset)
[EXP] [ERASE] ch=4 lun=5 pl=0 blk=25 pg=255 erase_cnt=10 (vpc/ipc reset)
[EXP] [ERASE] ch=4 lun=6 pl=0 blk=25 pg=255 erase_cnt=10 (vpc/ipc reset)
[EXP] [ERASE] ch=4 lun=7 pl=0 blk=25 pg=255 erase_cnt=10 (vpc/ipc reset)
[EXP] [ERASE] ch=5 lun=0 pl=0 blk=25 pg=255 erase_cnt=10 (vpc/ipc reset)
[EXP] [ERASE] ch=5 lun=1 pl=0 blk=25 pg=255 erase_cnt=10 (vpc/ipc reset)
[EXP] [ERASE] ch=5 lun=2 pl=0 blk=25 pg=255 erase_cnt=10 (vpc/ipc reset)
[EXP] [ERASE] ch=5 lun=3 pl=0 blk=25 pg=255 erase_cnt=10 (vpc/ipc reset)
[EXP] [ERASE] ch=5 lun=4 pl=0 blk=25 pg=255 erase_cnt=10 (vpc/ipc reset)
[EXP] [ERASE] ch=5 lun=5 pl=0 blk=25 pg=255 erase_cnt=10 (vpc/ipc reset)
[EXP] [ERASE] ch=5 lun=6 pl=0 blk=25 pg=255 erase_cnt=10 (vpc/ipc reset)
[EXP] [ERASE] ch=5 lun=7 pl=0 blk=25 pg=255 erase_cnt=10 (vpc/ipc reset)
[EXP] [ERASE] ch=6 lun=0 pl=0 blk=25 pg=255 erase_cnt=10 (vpc/ipc reset)
[EXP] [ERASE] ch=6 lun=1 pl=0 blk=25 pg=255 erase_cnt=10 (vpc/ipc reset)
[EXP] [ERASE] ch=6 lun=2 pl=0 blk=25 pg=255 erase_cnt=10 (vpc/ipc reset)
[EXP] [ERASE] ch=6 lun=3 pl=0 blk=25 pg=255 erase_cnt=10 (vpc/ipc reset)
[EXP] [ERASE] ch=6 lun=4 pl=0 blk=25 pg=255 erase_cnt=10 (vpc/ipc reset)
[EXP] [ERASE] ch=6 lun=5 pl=0 blk=25 pg=255 erase_cnt=10 (vpc/ipc reset)
[EXP] [ERASE] ch=6 lun=6 pl=0 blk=25 pg=255 erase_cnt=10 (vpc/ipc reset)
[EXP] [ERASE] ch=6 lun=7 pl=0 blk=25 pg=255 erase_cnt=10 (vpc/ipc reset)
[EXP] [ERASE] ch=7 lun=0 pl=0 blk=25 pg=255 erase_cnt=10 (vpc/ipc reset)
[EXP] [ERASE] ch=7 lun=1 pl=0 blk=25 pg=255 erase_cnt=10 (vpc/ipc reset)
[EXP] [ERASE] ch=7 lun=2 pl=0 blk=25 pg=255 erase_cnt=10 (vpc/ipc reset)
[EXP] [ERASE] ch=7 lun=3 pl=0 blk=25 pg=255 erase_cnt=10 (vpc/ipc reset)
[EXP] [ERASE] ch=7 lun=4 pl=0 blk=25 pg=255 erase_cnt=10 (vpc/ipc reset)
[EXP] [ERASE] ch=7 lun=5 pl=0 blk=25 pg=255 erase_cnt=10 (vpc/ipc reset)
[EXP] [ERASE] ch=7 lun=6 pl=0 blk=25 pg=255 erase_cnt=10 (vpc/ipc reset)
[EXP] [ERASE] ch=7 lun=7 pl=0 blk=25 pg=255 erase_cnt=10 (vpc/ipc reset)
[EXP] [ERASE] ch=0 lun=0 pl=0 blk=100 pg=255 erase_cnt=10 (vpc/ipc reset)
[EXP] [ERASE] ch=0 lun=1 pl=0 blk=100 pg=255 erase_cnt=10 (vpc/ipc reset)
[EXP] [ERASE] ch=0 lun=2 pl=0 blk=100 pg=255 erase_cnt=10 (vpc/ipc reset)
[EXP] [ERASE] ch=0 lun=3 pl=0 blk=100 pg=255 erase_cnt=10 (vpc/ipc reset)
[EXP] [ERASE] ch=0 lun=4 pl=0 blk=100 pg=255 erase_cnt=10 (vpc/ipc reset)
[EXP] [ERASE] ch=0 lun=5 pl=0 blk=100 pg=255 erase_cnt=10 (vpc/ipc reset)
[EXP] [ERASE] ch=0 lun=6 pl=0 blk=100 pg=255 erase_cnt=10 (vpc/ipc reset)
[EXP] [ERASE] ch=0 lun=7 pl=0 blk=100 pg=255 erase_cnt=10 (vpc/ipc reset)
[EXP] [ERASE] ch=1 lun=0 pl=0 blk=100 pg=255 erase_cnt=10 (vpc/ipc reset)
[EXP] [ERASE] ch=1 lun=1 pl=0 blk=100 pg=255 erase_cnt=10 (vpc/ipc reset)
[EXP] [ERASE] ch=1 lun=2 pl=0 blk=100 pg=255 erase_cnt=10 (vpc/ipc reset)
[EXP] [ERASE] ch=1 lun=3 pl=0 blk=100 pg=255 erase_cnt=10 (vpc/ipc reset)
[EXP] [ERASE] ch=1 lun=4 pl=0 blk=100 pg=255 erase_cnt=10 (vpc/ipc reset)
[EXP] [ERASE] ch=1 lun=5 pl=0 blk=100 pg=255 erase_cnt=10 (vpc/ipc reset)
[EXP] [ERASE] ch=1 lun=6 pl=0 blk=100 pg=255 erase_cnt=10 (vpc/ipc reset)
[EXP] [ERASE] ch=1 lun=7 pl=0 blk=100 pg=255 erase_cnt=10 (vpc/ipc reset)
[EXP] [ERASE] ch=2 lun=0 pl=0 blk=100 pg=255 erase_cnt=10 (vpc/ipc reset)
[EXP] [ERASE] ch=2 lun=1 pl=0 blk=100 pg=255 erase_cnt=10 (vpc/ipc reset)
[EXP] [ERASE] ch=2 lun=2 pl=0 blk=100 pg=255 erase_cnt=10 (vpc/ipc reset)
[EXP] [ERASE] ch=2 lun=3 pl=0 blk=100 pg=255 erase_cnt=10 (vpc/ipc reset)
[EXP] [ERASE] ch=2 lun=4 pl=0 blk=100 pg=255 erase_cnt=10 (vpc/ipc reset)
[EXP] [ERASE] ch=2 lun=5 pl=0 blk=100 pg=255 erase_cnt=10 (vpc/ipc reset)
[EXP] [ERASE] ch=2 lun=6 pl=0 blk=100 pg=255 erase_cnt=10 (vpc/ipc reset)
[EXP] [ERASE] ch=2 lun=7 pl=0 blk=100 pg=255 erase_cnt=10 (vpc/ipc reset)
[EXP] [ERASE] ch=3 lun=0 pl=0 blk=100 pg=255 erase_cnt=10 (vpc/ipc reset)
[EXP] [ERASE] ch=3 lun=1 pl=0 blk=100 pg=255 erase_cnt=10 (vpc/ipc reset)
[EXP] [ERASE] ch=3 lun=2 pl=0 blk=100 pg=255 erase_cnt=10 (vpc/ipc reset)
[EXP] [ERASE] ch=3 lun=3 pl=0 blk=100 pg=255 erase_cnt=10 (vpc/ipc reset)
[EXP] [ERASE] ch=3 lun=4 pl=0 blk=100 pg=255 erase_cnt=10 (vpc/ipc reset)
[EXP] [ERASE] ch=3 lun=5 pl=0 blk=100 pg=255 erase_cnt=10 (vpc/ipc reset)
[EXP] [ERASE] ch=3 lun=6 pl=0 blk=100 pg=255 erase_cnt=10 (vpc/ipc reset)
[EXP] [ERASE] ch=3 lun=7 pl=0 blk=100 pg=255 erase_cnt=10 (vpc/ipc reset)
[EXP] [ERASE] ch=4 lun=0 pl=0 blk=100 pg=255 erase_cnt=10 (vpc/ipc reset)
[EXP] [ERASE] ch=4 lun=1 pl=0 blk=100 pg=255 erase_cnt=10 (vpc/ipc reset)
[EXP] [ERASE] ch=4 lun=2 pl=0 blk=100 pg=255 erase_cnt=10 (vpc/ipc reset)
[EXP] [ERASE] ch=4 lun=3 pl=0 blk=100 pg=255 erase_cnt=10 (vpc/ipc reset)
[EXP] [ERASE] ch=4 lun=4 pl=0 blk=100 pg=255 erase_cnt=10 (vpc/ipc reset)
[EXP] [ERASE] ch=4 lun=5 pl=0 blk=100 pg=255 erase_cnt=10 (vpc/ipc reset)
[EXP] [ERASE] ch=4 lun=6 pl=0 blk=100 pg=255 erase_cnt=10 (vpc/ipc reset)
[EXP] [ERASE] ch=4 lun=7 pl=0 blk=100 pg=255 erase_cnt=10 (vpc/ipc reset)
[EXP] [ERASE] ch=5 lun=0 pl=0 blk=100 pg=255 erase_cnt=10 (vpc/ipc reset)
[EXP] [ERASE] ch=5 lun=1 pl=0 blk=100 pg=255 erase_cnt=10 (vpc/ipc reset)
[EXP] [ERASE] ch=5 lun=2 pl=0 blk=100 pg=255 erase_cnt=10 (vpc/ipc reset)
[EXP] [ERASE] ch=5 lun=3 pl=0 blk=100 pg=255 erase_cnt=10 (vpc/ipc reset)
[EXP] [ERASE] ch=5 lun=4 pl=0 blk=100 pg=255 erase_cnt=10 (vpc/ipc reset)
[EXP] [ERASE] ch=5 lun=5 pl=0 blk=100 pg=255 erase_cnt=10 (vpc/ipc reset)
[EXP] [ERASE] ch=5 lun=6 pl=0 blk=100 pg=255 erase_cnt=10 (vpc/ipc reset)
[EXP] [ERASE] ch=5 lun=7 pl=0 blk=100 pg=255 erase_cnt=10 (vpc/ipc reset)
[EXP] [ERASE] ch=6 lun=0 pl=0 blk=100 pg=255 erase_cnt=10 (vpc/ipc reset)
[EXP] [ERASE] ch=6 lun=1 pl=0 blk=100 pg=255 erase_cnt=10 (vpc/ipc reset)
[EXP] [ERASE] ch=6 lun=2 pl=0 blk=100 pg=255 erase_cnt=10 (vpc/ipc reset)
[EXP] [ERASE] ch=6 lun=3 pl=0 blk=100 pg=255 erase_cnt=10 (vpc/ipc reset)
[EXP] [ERASE] ch=6 lun=4 pl=0 blk=100 pg=255 erase_cnt=10 (vpc/ipc reset)
[EXP] [ERASE] ch=6 lun=5 pl=0 blk=100 pg=255 erase_cnt=10 (vpc/ipc reset)
[EXP] [ERASE] ch=6 lun=6 pl=0 blk=100 pg=255 erase_cnt=10 (vpc/ipc reset)
[EXP] [ERASE] ch=6 lun=7 pl=0 blk=100 pg=255 erase_cnt=10 (vpc/ipc reset)
[EXP] [ERASE] ch=7 lun=0 pl=0 blk=100 pg=255 erase_cnt=10 (vpc/ipc reset)
[EXP] [ERASE] ch=7 lun=1 pl=0 blk=100 pg=255 erase_cnt=10 (vpc/ipc reset)
[EXP] [ERASE] ch=7 lun=2 pl=0 blk=100 pg=255 erase_cnt=10 (vpc/ipc reset)
[EXP] [ERASE] ch=7 lun=3 pl=0 blk=100 pg=255 erase_cnt=10 (vpc/ipc reset)
[EXP] [ERASE] ch=7 lun=4 pl=0 blk=100 pg=255 erase_cnt=10 (vpc/ipc reset)
[EXP] [ERASE] ch=7 lun=5 pl=0 blk=100 pg=255 erase_cnt=10 (vpc/ipc reset)
[EXP] [ERASE] ch=7 lun=6 pl=0 blk=100 pg=255 erase_cnt=10 (vpc/ipc reset)
[EXP] [ERASE] ch=7 lun=7 pl=0 blk=100 pg=255 erase_cnt=10 (vpc/ipc reset)
[EXP] [ERASE] ch=0 lun=0 pl=0 blk=57 pg=255 erase_cnt=8 (vpc/ipc reset)
[EXP] [ERASE] ch=0 lun=1 pl=0 blk=57 pg=255 erase_cnt=8 (vpc/ipc reset)
[EXP] [ERASE] ch=0 lun=2 pl=0 blk=57 pg=255 erase_cnt=8 (vpc/ipc reset)
[EXP] [ERASE] ch=0 lun=3 pl=0 blk=57 pg=255 erase_cnt=8 (vpc/ipc reset)
[EXP] [ERASE] ch=0 lun=4 pl=0 blk=57 pg=255 erase_cnt=8 (vpc/ipc reset)
[EXP] [ERASE] ch=0 lun=5 pl=0 blk=57 pg=255 erase_cnt=8 (vpc/ipc reset)
[EXP] [ERASE] ch=0 lun=6 pl=0 blk=57 pg=255 erase_cnt=8 (vpc/ipc reset)
[EXP] [ERASE] ch=0 lun=7 pl=0 blk=57 pg=255 erase_cnt=8 (vpc/ipc reset)
[EXP] [ERASE] ch=1 lun=0 pl=0 blk=57 pg=255 erase_cnt=8 (vpc/ipc reset)
[EXP] [ERASE] ch=1 lun=1 pl=0 blk=57 pg=255 erase_cnt=8 (vpc/ipc reset)
[EXP] [ERASE] ch=1 lun=2 pl=0 blk=57 pg=255 erase_cnt=8 (vpc/ipc reset)
[EXP] [ERASE] ch=1 lun=3 pl=0 blk=57 pg=255 erase_cnt=8 (vpc/ipc reset)
[EXP] [ERASE] ch=1 lun=4 pl=0 blk=57 pg=255 erase_cnt=8 (vpc/ipc reset)
[EXP] [ERASE] ch=1 lun=5 pl=0 blk=57 pg=255 erase_cnt=8 (vpc/ipc reset)
[EXP] [ERASE] ch=1 lun=6 pl=0 blk=57 pg=255 erase_cnt=8 (vpc/ipc reset)
[EXP] [ERASE] ch=1 lun=7 pl=0 blk=57 pg=255 erase_cnt=8 (vpc/ipc reset)
[EXP] [ERASE] ch=2 lun=0 pl=0 blk=57 pg=255 erase_cnt=8 (vpc/ipc reset)
[EXP] [ERASE] ch=2 lun=1 pl=0 blk=57 pg=255 erase_cnt=8 (vpc/ipc reset)
[EXP] [ERASE] ch=2 lun=2 pl=0 blk=57 pg=255 erase_cnt=8 (vpc/ipc reset)
[EXP] [ERASE] ch=2 lun=3 pl=0 blk=57 pg=255 erase_cnt=8 (vpc/ipc reset)
[EXP] [ERASE] ch=2 lun=4 pl=0 blk=57 pg=255 erase_cnt=8 (vpc/ipc reset)
[EXP] [ERASE] ch=2 lun=5 pl=0 blk=57 pg=255 erase_cnt=8 (vpc/ipc reset)
[EXP] [ERASE] ch=2 lun=6 pl=0 blk=57 pg=255 erase_cnt=8 (vpc/ipc reset)
[EXP] [ERASE] ch=2 lun=7 pl=0 blk=57 pg=255 erase_cnt=8 (vpc/ipc reset)
[EXP] [ERASE] ch=3 lun=0 pl=0 blk=57 pg=255 erase_cnt=8 (vpc/ipc reset)
[EXP] [ERASE] ch=3 lun=1 pl=0 blk=57 pg=255 erase_cnt=8 (vpc/ipc reset)
[EXP] [ERASE] ch=3 lun=2 pl=0 blk=57 pg=255 erase_cnt=8 (vpc/ipc reset)
[EXP] [ERASE] ch=3 lun=3 pl=0 blk=57 pg=255 erase_cnt=8 (vpc/ipc reset)
[EXP] [ERASE] ch=3 lun=4 pl=0 blk=57 pg=255 erase_cnt=8 (vpc/ipc reset)
[EXP] [ERASE] ch=3 lun=5 pl=0 blk=57 pg=255 erase_cnt=8 (vpc/ipc reset)
[EXP] [ERASE] ch=3 lun=6 pl=0 blk=57 pg=255 erase_cnt=8 (vpc/ipc reset)
[EXP] [ERASE] ch=3 lun=7 pl=0 blk=57 pg=255 erase_cnt=8 (vpc/ipc reset)
[EXP] [ERASE] ch=4 lun=0 pl=0 blk=57 pg=255 erase_cnt=8 (vpc/ipc reset)
[EXP] [ERASE] ch=4 lun=1 pl=0 blk=57 pg=255 erase_cnt=8 (vpc/ipc reset)
[EXP] [ERASE] ch=4 lun=2 pl=0 blk=57 pg=255 erase_cnt=8 (vpc/ipc reset)
[EXP] [ERASE] ch=4 lun=3 pl=0 blk=57 pg=255 erase_cnt=8 (vpc/ipc reset)
[EXP] [ERASE] ch=4 lun=4 pl=0 blk=57 pg=255 erase_cnt=8 (vpc/ipc reset)
[EXP] [ERASE] ch=4 lun=5 pl=0 blk=57 pg=255 erase_cnt=8 (vpc/ipc reset)
[EXP] [ERASE] ch=4 lun=6 pl=0 blk=57 pg=255 erase_cnt=8 (vpc/ipc reset)
[EXP] [ERASE] ch=4 lun=7 pl=0 blk=57 pg=255 erase_cnt=8 (vpc/ipc reset)
[EXP] [ERASE] ch=5 lun=0 pl=0 blk=57 pg=255 erase_cnt=8 (vpc/ipc reset)
[EXP] [ERASE] ch=5 lun=1 pl=0 blk=57 pg=255 erase_cnt=8 (vpc/ipc reset)
[EXP] [ERASE] ch=5 lun=2 pl=0 blk=57 pg=255 erase_cnt=8 (vpc/ipc reset)
[EXP] [ERASE] ch=5 lun=3 pl=0 blk=57 pg=255 erase_cnt=8 (vpc/ipc reset)
[EXP] [ERASE] ch=5 lun=4 pl=0 blk=57 pg=255 erase_cnt=8 (vpc/ipc reset)
[EXP] [ERASE] ch=5 lun=5 pl=0 blk=57 pg=255 erase_cnt=8 (vpc/ipc reset)
[EXP] [ERASE] ch=5 lun=6 pl=0 blk=57 pg=255 erase_cnt=8 (vpc/ipc reset)
[EXP] [ERASE] ch=5 lun=7 pl=0 blk=57 pg=255 erase_cnt=8 (vpc/ipc reset)
[EXP] [ERASE] ch=6 lun=0 pl=0 blk=57 pg=255 erase_cnt=8 (vpc/ipc reset)
[EXP] [ERASE] ch=6 lun=1 pl=0 blk=57 pg=255 erase_cnt=8 (vpc/ipc reset)
[EXP] [ERASE] ch=6 lun=2 pl=0 blk=57 pg=255 erase_cnt=8 (vpc/ipc reset)
[EXP] [ERASE] ch=6 lun=3 pl=0 blk=57 pg=255 erase_cnt=8 (vpc/ipc reset)
[EXP] [ERASE] ch=6 lun=4 pl=0 blk=57 pg=255 erase_cnt=8 (vpc/ipc reset)
[EXP] [ERASE] ch=6 lun=5 pl=0 blk=57 pg=255 erase_cnt=8 (vpc/ipc reset)
[EXP] [ERASE] ch=6 lun=6 pl=0 blk=57 pg=255 erase_cnt=8 (vpc/ipc reset)
[EXP] [ERASE] ch=6 lun=7 pl=0 blk=57 pg=255 erase_cnt=8 (vpc/ipc reset)
[EXP] [ERASE] ch=7 lun=0 pl=0 blk=57 pg=255 erase_cnt=8 (vpc/ipc reset)
[EXP] [ERASE] ch=7 lun=1 pl=0 blk=57 pg=255 erase_cnt=8 (vpc/ipc reset)
[EXP] [ERASE] ch=7 lun=2 pl=0 blk=57 pg=255 erase_cnt=8 (vpc/ipc reset)
[EXP] [ERASE] ch=7 lun=3 pl=0 blk=57 pg=255 erase_cnt=8 (vpc/ipc reset)
[EXP] [ERASE] ch=7 lun=4 pl=0 blk=57 pg=255 erase_cnt=8 (vpc/ipc reset)
[EXP] [ERASE] ch=7 lun=5 pl=0 blk=57 pg=255 erase_cnt=8 (vpc/ipc reset)
[EXP] [ERASE] ch=7 lun=6 pl=0 blk=57 pg=255 erase_cnt=8 (vpc/ipc reset)
[EXP] [ERASE] ch=7 lun=7 pl=0 blk=57 pg=255 erase_cnt=8 (vpc/ipc reset)
[EXP] [ERASE] ch=0 lun=0 pl=0 blk=55 pg=255 erase_cnt=8 (vpc/ipc reset)
[EXP] [ERASE] ch=0 lun=1 pl=0 blk=55 pg=255 erase_cnt=8 (vpc/ipc reset)
[EXP] [ERASE] ch=0 lun=2 pl=0 blk=55 pg=255 erase_cnt=8 (vpc/ipc reset)
[EXP] [ERASE] ch=0 lun=3 pl=0 blk=55 pg=255 erase_cnt=8 (vpc/ipc reset)
[EXP] [ERASE] ch=0 lun=4 pl=0 blk=55 pg=255 erase_cnt=8 (vpc/ipc reset)
[EXP] [ERASE] ch=0 lun=5 pl=0 blk=55 pg=255 erase_cnt=8 (vpc/ipc reset)
[EXP] [ERASE] ch=0 lun=6 pl=0 blk=55 pg=255 erase_cnt=8 (vpc/ipc reset)
[EXP] [ERASE] ch=0 lun=7 pl=0 blk=55 pg=255 erase_cnt=8 (vpc/ipc reset)
[EXP] [ERASE] ch=1 lun=0 pl=0 blk=55 pg=255 erase_cnt=8 (vpc/ipc reset)
[EXP] [ERASE] ch=1 lun=1 pl=0 blk=55 pg=255 erase_cnt=8 (vpc/ipc reset)
[EXP] [ERASE] ch=1 lun=2 pl=0 blk=55 pg=255 erase_cnt=8 (vpc/ipc reset)
[EXP] [ERASE] ch=1 lun=3 pl=0 blk=55 pg=255 erase_cnt=8 (vpc/ipc reset)
[EXP] [ERASE] ch=1 lun=4 pl=0 blk=55 pg=255 erase_cnt=8 (vpc/ipc reset)
[EXP] [ERASE] ch=1 lun=5 pl=0 blk=55 pg=255 erase_cnt=8 (vpc/ipc reset)
[EXP] [ERASE] ch=1 lun=6 pl=0 blk=55 pg=255 erase_cnt=8 (vpc/ipc reset)
[EXP] [ERASE] ch=1 lun=7 pl=0 blk=55 pg=255 erase_cnt=8 (vpc/ipc reset)
[EXP] [ERASE] ch=2 lun=0 pl=0 blk=55 pg=255 erase_cnt=8 (vpc/ipc reset)
[EXP] [ERASE] ch=2 lun=1 pl=0 blk=55 pg=255 erase_cnt=8 (vpc/ipc reset)
[EXP] [ERASE] ch=2 lun=2 pl=0 blk=55 pg=255 erase_cnt=8 (vpc/ipc reset)
[EXP] [ERASE] ch=2 lun=3 pl=0 blk=55 pg=255 erase_cnt=8 (vpc/ipc reset)
[EXP] [ERASE] ch=2 lun=4 pl=0 blk=55 pg=255 erase_cnt=8 (vpc/ipc reset)
[EXP] [ERASE] ch=2 lun=5 pl=0 blk=55 pg=255 erase_cnt=8 (vpc/ipc reset)
[EXP] [ERASE] ch=2 lun=6 pl=0 blk=55 pg=255 erase_cnt=8 (vpc/ipc reset)
[EXP] [ERASE] ch=2 lun=7 pl=0 blk=55 pg=255 erase_cnt=8 (vpc/ipc reset)
[EXP] [ERASE] ch=3 lun=0 pl=0 blk=55 pg=255 erase_cnt=8 (vpc/ipc reset)
[EXP] [ERASE] ch=3 lun=1 pl=0 blk=55 pg=255 erase_cnt=8 (vpc/ipc reset)
[EXP] [ERASE] ch=3 lun=2 pl=0 blk=55 pg=255 erase_cnt=8 (vpc/ipc reset)
[EXP] [ERASE] ch=3 lun=3 pl=0 blk=55 pg=255 erase_cnt=8 (vpc/ipc reset)
[EXP] [ERASE] ch=3 lun=4 pl=0 blk=55 pg=255 erase_cnt=8 (vpc/ipc reset)
[EXP] [ERASE] ch=3 lun=5 pl=0 blk=55 pg=255 erase_cnt=8 (vpc/ipc reset)
[EXP] [ERASE] ch=3 lun=6 pl=0 blk=55 pg=255 erase_cnt=8 (vpc/ipc reset)
[EXP] [ERASE] ch=3 lun=7 pl=0 blk=55 pg=255 erase_cnt=8 (vpc/ipc reset)
[EXP] [ERASE] ch=4 lun=0 pl=0 blk=55 pg=255 erase_cnt=8 (vpc/ipc reset)
[EXP] [ERASE] ch=4 lun=1 pl=0 blk=55 pg=255 erase_cnt=8 (vpc/ipc reset)
[EXP] [ERASE] ch=4 lun=2 pl=0 blk=55 pg=255 erase_cnt=8 (vpc/ipc reset)
[EXP] [ERASE] ch=4 lun=3 pl=0 blk=55 pg=255 erase_cnt=8 (vpc/ipc reset)
[EXP] [ERASE] ch=4 lun=4 pl=0 blk=55 pg=255 erase_cnt=8 (vpc/ipc reset)
[EXP] [ERASE] ch=4 lun=5 pl=0 blk=55 pg=255 erase_cnt=8 (vpc/ipc reset)
[EXP] [ERASE] ch=4 lun=6 pl=0 blk=55 pg=255 erase_cnt=8 (vpc/ipc reset)
[EXP] [ERASE] ch=4 lun=7 pl=0 blk=55 pg=255 erase_cnt=8 (vpc/ipc reset)
[EXP] [ERASE] ch=5 lun=0 pl=0 blk=55 pg=255 erase_cnt=8 (vpc/ipc reset)
[EXP] [ERASE] ch=5 lun=1 pl=0 blk=55 pg=255 erase_cnt=8 (vpc/ipc reset)
[EXP] [ERASE] ch=5 lun=2 pl=0 blk=55 pg=255 erase_cnt=8 (vpc/ipc reset)
[EXP] [ERASE] ch=5 lun=3 pl=0 blk=55 pg=255 erase_cnt=8 (vpc/ipc reset)
[EXP] [ERASE] ch=5 lun=4 pl=0 blk=55 pg=255 erase_cnt=8 (vpc/ipc reset)
[EXP] [ERASE] ch=5 lun=5 pl=0 blk=55 pg=255 erase_cnt=8 (vpc/ipc reset)
[EXP] [ERASE] ch=5 lun=6 pl=0 blk=55 pg=255 erase_cnt=8 (vpc/ipc reset)
[EXP] [ERASE] ch=5 lun=7 pl=0 blk=55 pg=255 erase_cnt=8 (vpc/ipc reset)
[EXP] [ERASE] ch=6 lun=0 pl=0 blk=55 pg=255 erase_cnt=8 (vpc/ipc reset)
[EXP] [ERASE] ch=6 lun=1 pl=0 blk=55 pg=255 erase_cnt=8 (vpc/ipc reset)
[EXP] [ERASE] ch=6 lun=2 pl=0 blk=55 pg=255 erase_cnt=8 (vpc/ipc reset)
[EXP] [ERASE] ch=6 lun=3 pl=0 blk=55 pg=255 erase_cnt=8 (vpc/ipc reset)
[EXP] [ERASE] ch=6 lun=4 pl=0 blk=55 pg=255 erase_cnt=8 (vpc/ipc reset)
[EXP] [ERASE] ch=6 lun=5 pl=0 blk=55 pg=255 erase_cnt=8 (vpc/ipc reset)
[EXP] [ERASE] ch=6 lun=6 pl=0 blk=55 pg=255 erase_cnt=8 (vpc/ipc reset)
[EXP] [ERASE] ch=6 lun=7 pl=0 blk=55 pg=255 erase_cnt=8 (vpc/ipc reset)
[EXP] [ERASE] ch=7 lun=0 pl=0 blk=55 pg=255 erase_cnt=8 (vpc/ipc reset)
[EXP] [ERASE] ch=7 lun=1 pl=0 blk=55 pg=255 erase_cnt=8 (vpc/ipc reset)
[EXP] [ERASE] ch=7 lun=2 pl=0 blk=55 pg=255 erase_cnt=8 (vpc/ipc reset)
[EXP] [ERASE] ch=7 lun=3 pl=0 blk=55 pg=255 erase_cnt=8 (vpc/ipc reset)
[EXP] [ERASE] ch=7 lun=4 pl=0 blk=55 pg=255 erase_cnt=8 (vpc/ipc reset)
[EXP] [ERASE] ch=7 lun=5 pl=0 blk=55 pg=255 erase_cnt=8 (vpc/ipc reset)
[EXP] [ERASE] ch=7 lun=6 pl=0 blk=55 pg=255 erase_cnt=8 (vpc/ipc reset)
[EXP] [ERASE] ch=7 lun=7 pl=0 blk=55 pg=255 erase_cnt=8 (vpc/ipc reset)
[EXP] [ERASE] ch=0 lun=0 pl=0 blk=103 pg=255 erase_cnt=8 (vpc/ipc reset)
[EXP] [ERASE] ch=0 lun=1 pl=0 blk=103 pg=255 erase_cnt=8 (vpc/ipc reset)
[EXP] [ERASE] ch=0 lun=2 pl=0 blk=103 pg=255 erase_cnt=8 (vpc/ipc reset)
[EXP] [ERASE] ch=0 lun=3 pl=0 blk=103 pg=255 erase_cnt=8 (vpc/ipc reset)
[EXP] [ERASE] ch=0 lun=4 pl=0 blk=103 pg=255 erase_cnt=8 (vpc/ipc reset)
[EXP] [ERASE] ch=0 lun=5 pl=0 blk=103 pg=255 erase_cnt=8 (vpc/ipc reset)
[EXP] [ERASE] ch=0 lun=6 pl=0 blk=103 pg=255 erase_cnt=8 (vpc/ipc reset)
[EXP] [ERASE] ch=0 lun=7 pl=0 blk=103 pg=255 erase_cnt=8 (vpc/ipc reset)
[EXP] [ERASE] ch=1 lun=0 pl=0 blk=103 pg=255 erase_cnt=8 (vpc/ipc reset)
[EXP] [ERASE] ch=1 lun=1 pl=0 blk=103 pg=255 erase_cnt=8 (vpc/ipc reset)
[EXP] [ERASE] ch=1 lun=2 pl=0 blk=103 pg=255 erase_cnt=8 (vpc/ipc reset)
[EXP] [ERASE] ch=1 lun=3 pl=0 blk=103 pg=255 erase_cnt=8 (vpc/ipc reset)
[EXP] [ERASE] ch=1 lun=4 pl=0 blk=103 pg=255 erase_cnt=8 (vpc/ipc reset)
[EXP] [ERASE] ch=1 lun=5 pl=0 blk=103 pg=255 erase_cnt=8 (vpc/ipc reset)
[EXP] [ERASE] ch=1 lun=6 pl=0 blk=103 pg=255 erase_cnt=8 (vpc/ipc reset)
[EXP] [ERASE] ch=1 lun=7 pl=0 blk=103 pg=255 erase_cnt=8 (vpc/ipc reset)
[EXP] [GC_MOVE] lpn=0 ch=2 lun=0 pl=0 blk=103 pg=185 -> ch=4 lun=3 pl=0 blk=22 pg=139
[EXP] [ERASE_SURVIVE] lpn=0 count=16 source ch=2 lun=0 pl=0 blk=103 pg=185
[EXP] [ERASE] ch=2 lun=0 pl=0 blk=103 pg=255 erase_cnt=8 (vpc/ipc reset)
[EXP] [ERASE] ch=2 lun=1 pl=0 blk=103 pg=255 erase_cnt=8 (vpc/ipc reset)
[EXP] [ERASE] ch=2 lun=2 pl=0 blk=103 pg=255 erase_cnt=8 (vpc/ipc reset)
[EXP] [ERASE] ch=2 lun=3 pl=0 blk=103 pg=255 erase_cnt=8 (vpc/ipc reset)
[EXP] [ERASE] ch=2 lun=4 pl=0 blk=103 pg=255 erase_cnt=8 (vpc/ipc reset)
[EXP] [ERASE] ch=2 lun=5 pl=0 blk=103 pg=255 erase_cnt=8 (vpc/ipc reset)
[EXP] [ERASE] ch=2 lun=6 pl=0 blk=103 pg=255 erase_cnt=8 (vpc/ipc reset)
[EXP] [ERASE] ch=2 lun=7 pl=0 blk=103 pg=255 erase_cnt=8 (vpc/ipc reset)
[EXP] [ERASE] ch=3 lun=0 pl=0 blk=103 pg=255 erase_cnt=8 (vpc/ipc reset)
[EXP] [ERASE] ch=3 lun=1 pl=0 blk=103 pg=255 erase_cnt=8 (vpc/ipc reset)
[EXP] [ERASE] ch=3 lun=2 pl=0 blk=103 pg=255 erase_cnt=8 (vpc/ipc reset)
[EXP] [ERASE] ch=3 lun=3 pl=0 blk=103 pg=255 erase_cnt=8 (vpc/ipc reset)
[EXP] [ERASE] ch=3 lun=4 pl=0 blk=103 pg=255 erase_cnt=8 (vpc/ipc reset)
[EXP] [ERASE] ch=3 lun=5 pl=0 blk=103 pg=255 erase_cnt=8 (vpc/ipc reset)
[EXP] [ERASE] ch=3 lun=6 pl=0 blk=103 pg=255 erase_cnt=8 (vpc/ipc reset)
[EXP] [ERASE] ch=3 lun=7 pl=0 blk=103 pg=255 erase_cnt=8 (vpc/ipc reset)
[EXP] [ERASE] ch=4 lun=0 pl=0 blk=103 pg=255 erase_cnt=8 (vpc/ipc reset)
[EXP] [ERASE] ch=4 lun=1 pl=0 blk=103 pg=255 erase_cnt=8 (vpc/ipc reset)
[EXP] [ERASE] ch=4 lun=2 pl=0 blk=103 pg=255 erase_cnt=8 (vpc/ipc reset)
[EXP] [ERASE] ch=4 lun=3 pl=0 blk=103 pg=255 erase_cnt=8 (vpc/ipc reset)
[EXP] [ERASE] ch=4 lun=4 pl=0 blk=103 pg=255 erase_cnt=8 (vpc/ipc reset)
[EXP] [ERASE] ch=4 lun=5 pl=0 blk=103 pg=255 erase_cnt=8 (vpc/ipc reset)
[EXP] [ERASE] ch=4 lun=6 pl=0 blk=103 pg=255 erase_cnt=8 (vpc/ipc reset)
[EXP] [ERASE] ch=4 lun=7 pl=0 blk=103 pg=255 erase_cnt=8 (vpc/ipc reset)
[EXP] [ERASE] ch=5 lun=0 pl=0 blk=103 pg=255 erase_cnt=8 (vpc/ipc reset)
[EXP] [ERASE] ch=5 lun=1 pl=0 blk=103 pg=255 erase_cnt=8 (vpc/ipc reset)
[EXP] [ERASE] ch=5 lun=2 pl=0 blk=103 pg=255 erase_cnt=8 (vpc/ipc reset)
[EXP] [ERASE] ch=5 lun=3 pl=0 blk=103 pg=255 erase_cnt=8 (vpc/ipc reset)
[EXP] [ERASE] ch=5 lun=4 pl=0 blk=103 pg=255 erase_cnt=8 (vpc/ipc reset)
[EXP] [ERASE] ch=5 lun=5 pl=0 blk=103 pg=255 erase_cnt=8 (vpc/ipc reset)
[EXP] [ERASE] ch=5 lun=6 pl=0 blk=103 pg=255 erase_cnt=8 (vpc/ipc reset)
[EXP] [ERASE] ch=5 lun=7 pl=0 blk=103 pg=255 erase_cnt=8 (vpc/ipc reset)
[EXP] [ERASE] ch=6 lun=0 pl=0 blk=103 pg=255 erase_cnt=8 (vpc/ipc reset)
[EXP] [ERASE] ch=6 lun=1 pl=0 blk=103 pg=255 erase_cnt=8 (vpc/ipc reset)
[EXP] [ERASE] ch=6 lun=2 pl=0 blk=103 pg=255 erase_cnt=8 (vpc/ipc reset)
[EXP] [ERASE] ch=6 lun=3 pl=0 blk=103 pg=255 erase_cnt=8 (vpc/ipc reset)
[EXP] [ERASE] ch=6 lun=4 pl=0 blk=103 pg=255 erase_cnt=8 (vpc/ipc reset)
[EXP] [ERASE] ch=6 lun=5 pl=0 blk=103 pg=255 erase_cnt=8 (vpc/ipc reset)
[EXP] [ERASE] ch=6 lun=6 pl=0 blk=103 pg=255 erase_cnt=8 (vpc/ipc reset)
[EXP] [ERASE] ch=6 lun=7 pl=0 blk=103 pg=255 erase_cnt=8 (vpc/ipc reset)
[EXP] [ERASE] ch=7 lun=0 pl=0 blk=103 pg=255 erase_cnt=8 (vpc/ipc reset)
[EXP] [ERASE] ch=7 lun=1 pl=0 blk=103 pg=255 erase_cnt=8 (vpc/ipc reset)
[EXP] [ERASE] ch=7 lun=2 pl=0 blk=103 pg=255 erase_cnt=8 (vpc/ipc reset)
[EXP] [ERASE] ch=7 lun=3 pl=0 blk=103 pg=255 erase_cnt=8 (vpc/ipc reset)
[EXP] [ERASE] ch=7 lun=4 pl=0 blk=103 pg=255 erase_cnt=8 (vpc/ipc reset)
[EXP] [ERASE] ch=7 lun=5 pl=0 blk=103 pg=255 erase_cnt=8 (vpc/ipc reset)
[EXP] [ERASE] ch=7 lun=6 pl=0 blk=103 pg=255 erase_cnt=8 (vpc/ipc reset)
[EXP] [ERASE] ch=7 lun=7 pl=0 blk=103 pg=255 erase_cnt=8 (vpc/ipc reset)
[EXP] [ERASE] ch=0 lun=0 pl=0 blk=98 pg=255 erase_cnt=11 (vpc/ipc reset)
[EXP] [ERASE] ch=0 lun=1 pl=0 blk=98 pg=255 erase_cnt=11 (vpc/ipc reset)
[EXP] [ERASE] ch=0 lun=2 pl=0 blk=98 pg=255 erase_cnt=11 (vpc/ipc reset)
[EXP] [ERASE] ch=0 lun=3 pl=0 blk=98 pg=255 erase_cnt=11 (vpc/ipc reset)
[EXP] [ERASE] ch=0 lun=4 pl=0 blk=98 pg=255 erase_cnt=11 (vpc/ipc reset)
[EXP] [ERASE] ch=0 lun=5 pl=0 blk=98 pg=255 erase_cnt=11 (vpc/ipc reset)
[EXP] [ERASE] ch=0 lun=6 pl=0 blk=98 pg=255 erase_cnt=11 (vpc/ipc reset)
[EXP] [ERASE] ch=0 lun=7 pl=0 blk=98 pg=255 erase_cnt=11 (vpc/ipc reset)
[EXP] [ERASE] ch=1 lun=0 pl=0 blk=98 pg=255 erase_cnt=11 (vpc/ipc reset)
[EXP] [ERASE] ch=1 lun=1 pl=0 blk=98 pg=255 erase_cnt=11 (vpc/ipc reset)
[EXP] [ERASE] ch=1 lun=2 pl=0 blk=98 pg=255 erase_cnt=11 (vpc/ipc reset)
[EXP] [ERASE] ch=1 lun=3 pl=0 blk=98 pg=255 erase_cnt=11 (vpc/ipc reset)
[EXP] [ERASE] ch=1 lun=4 pl=0 blk=98 pg=255 erase_cnt=11 (vpc/ipc reset)
[EXP] [ERASE] ch=1 lun=5 pl=0 blk=98 pg=255 erase_cnt=11 (vpc/ipc reset)
[EXP] [ERASE] ch=1 lun=6 pl=0 blk=98 pg=255 erase_cnt=11 (vpc/ipc reset)
[EXP] [ERASE] ch=1 lun=7 pl=0 blk=98 pg=255 erase_cnt=11 (vpc/ipc reset)
[EXP] [ERASE] ch=2 lun=0 pl=0 blk=98 pg=255 erase_cnt=11 (vpc/ipc reset)
[EXP] [ERASE] ch=2 lun=1 pl=0 blk=98 pg=255 erase_cnt=11 (vpc/ipc reset)
[EXP] [ERASE] ch=2 lun=2 pl=0 blk=98 pg=255 erase_cnt=11 (vpc/ipc reset)
[EXP] [ERASE] ch=2 lun=3 pl=0 blk=98 pg=255 erase_cnt=11 (vpc/ipc reset)
[EXP] [ERASE] ch=2 lun=4 pl=0 blk=98 pg=255 erase_cnt=11 (vpc/ipc reset)
[EXP] [ERASE] ch=2 lun=5 pl=0 blk=98 pg=255 erase_cnt=11 (vpc/ipc reset)
[EXP] [ERASE] ch=2 lun=6 pl=0 blk=98 pg=255 erase_cnt=11 (vpc/ipc reset)
[EXP] [ERASE] ch=2 lun=7 pl=0 blk=98 pg=255 erase_cnt=11 (vpc/ipc reset)
[EXP] [ERASE] ch=3 lun=0 pl=0 blk=98 pg=255 erase_cnt=11 (vpc/ipc reset)
[EXP] [ERASE] ch=3 lun=1 pl=0 blk=98 pg=255 erase_cnt=11 (vpc/ipc reset)
[EXP] [ERASE] ch=3 lun=2 pl=0 blk=98 pg=255 erase_cnt=11 (vpc/ipc reset)
[EXP] [ERASE] ch=3 lun=3 pl=0 blk=98 pg=255 erase_cnt=11 (vpc/ipc reset)
[EXP] [ERASE] ch=3 lun=4 pl=0 blk=98 pg=255 erase_cnt=11 (vpc/ipc reset)
[EXP] [ERASE] ch=3 lun=5 pl=0 blk=98 pg=255 erase_cnt=11 (vpc/ipc reset)
[EXP] [ERASE] ch=3 lun=6 pl=0 blk=98 pg=255 erase_cnt=11 (vpc/ipc reset)
[EXP] [ERASE] ch=3 lun=7 pl=0 blk=98 pg=255 erase_cnt=11 (vpc/ipc reset)
[EXP] [ERASE] ch=4 lun=0 pl=0 blk=98 pg=255 erase_cnt=11 (vpc/ipc reset)
[EXP] [ERASE] ch=4 lun=1 pl=0 blk=98 pg=255 erase_cnt=11 (vpc/ipc reset)
[EXP] [ERASE] ch=4 lun=2 pl=0 blk=98 pg=255 erase_cnt=11 (vpc/ipc reset)
[EXP] [ERASE] ch=4 lun=3 pl=0 blk=98 pg=255 erase_cnt=11 (vpc/ipc reset)
[EXP] [ERASE] ch=4 lun=4 pl=0 blk=98 pg=255 erase_cnt=11 (vpc/ipc reset)
[EXP] [ERASE] ch=4 lun=5 pl=0 blk=98 pg=255 erase_cnt=11 (vpc/ipc reset)
[EXP] [ERASE] ch=4 lun=6 pl=0 blk=98 pg=255 erase_cnt=11 (vpc/ipc reset)
[EXP] [ERASE] ch=4 lun=7 pl=0 blk=98 pg=255 erase_cnt=11 (vpc/ipc reset)
[EXP] [ERASE] ch=5 lun=0 pl=0 blk=98 pg=255 erase_cnt=11 (vpc/ipc reset)
[EXP] [ERASE] ch=5 lun=1 pl=0 blk=98 pg=255 erase_cnt=11 (vpc/ipc reset)
[EXP] [ERASE] ch=5 lun=2 pl=0 blk=98 pg=255 erase_cnt=11 (vpc/ipc reset)
[EXP] [ERASE] ch=5 lun=3 pl=0 blk=98 pg=255 erase_cnt=11 (vpc/ipc reset)
[EXP] [ERASE] ch=5 lun=4 pl=0 blk=98 pg=255 erase_cnt=11 (vpc/ipc reset)
[EXP] [ERASE] ch=5 lun=5 pl=0 blk=98 pg=255 erase_cnt=11 (vpc/ipc reset)
[EXP] [ERASE] ch=5 lun=6 pl=0 blk=98 pg=255 erase_cnt=11 (vpc/ipc reset)
[EXP] [ERASE] ch=5 lun=7 pl=0 blk=98 pg=255 erase_cnt=11 (vpc/ipc reset)
[EXP] [ERASE] ch=6 lun=0 pl=0 blk=98 pg=255 erase_cnt=11 (vpc/ipc reset)
[EXP] [ERASE] ch=6 lun=1 pl=0 blk=98 pg=255 erase_cnt=11 (vpc/ipc reset)
[EXP] [ERASE] ch=6 lun=2 pl=0 blk=98 pg=255 erase_cnt=11 (vpc/ipc reset)
[EXP] [ERASE] ch=6 lun=3 pl=0 blk=98 pg=255 erase_cnt=11 (vpc/ipc reset)
[EXP] [ERASE] ch=6 lun=4 pl=0 blk=98 pg=255 erase_cnt=11 (vpc/ipc reset)
[EXP] [ERASE] ch=6 lun=5 pl=0 blk=98 pg=255 erase_cnt=11 (vpc/ipc reset)
[EXP] [ERASE] ch=6 lun=6 pl=0 blk=98 pg=255 erase_cnt=11 (vpc/ipc reset)
[EXP] [ERASE] ch=6 lun=7 pl=0 blk=98 pg=255 erase_cnt=11 (vpc/ipc reset)
[EXP] [ERASE] ch=7 lun=0 pl=0 blk=98 pg=255 erase_cnt=11 (vpc/ipc reset)
[EXP] [ERASE] ch=7 lun=1 pl=0 blk=98 pg=255 erase_cnt=11 (vpc/ipc reset)
[EXP] [ERASE] ch=7 lun=2 pl=0 blk=98 pg=255 erase_cnt=11 (vpc/ipc reset)
[EXP] [ERASE] ch=7 lun=3 pl=0 blk=98 pg=255 erase_cnt=11 (vpc/ipc reset)
[EXP] [ERASE] ch=7 lun=4 pl=0 blk=98 pg=255 erase_cnt=11 (vpc/ipc reset)
[EXP] [ERASE] ch=7 lun=5 pl=0 blk=98 pg=255 erase_cnt=11 (vpc/ipc reset)
[EXP] [ERASE] ch=7 lun=6 pl=0 blk=98 pg=255 erase_cnt=11 (vpc/ipc reset)
[EXP] [ERASE] ch=7 lun=7 pl=0 blk=98 pg=255 erase_cnt=11 (vpc/ipc reset)
[EXP] [ERASE] ch=0 lun=0 pl=0 blk=52 pg=255 erase_cnt=7 (vpc/ipc reset)
[EXP] [ERASE] ch=0 lun=1 pl=0 blk=52 pg=255 erase_cnt=7 (vpc/ipc reset)
[EXP] [ERASE] ch=0 lun=2 pl=0 blk=52 pg=255 erase_cnt=7 (vpc/ipc reset)
[EXP] [ERASE] ch=0 lun=3 pl=0 blk=52 pg=255 erase_cnt=7 (vpc/ipc reset)
[EXP] [ERASE] ch=0 lun=4 pl=0 blk=52 pg=255 erase_cnt=7 (vpc/ipc reset)
[EXP] [ERASE] ch=0 lun=5 pl=0 blk=52 pg=255 erase_cnt=7 (vpc/ipc reset)
[EXP] [ERASE] ch=0 lun=6 pl=0 blk=52 pg=255 erase_cnt=7 (vpc/ipc reset)
[EXP] [ERASE] ch=0 lun=7 pl=0 blk=52 pg=255 erase_cnt=7 (vpc/ipc reset)
[EXP] [ERASE] ch=1 lun=0 pl=0 blk=52 pg=255 erase_cnt=7 (vpc/ipc reset)
[EXP] [ERASE] ch=1 lun=1 pl=0 blk=52 pg=255 erase_cnt=7 (vpc/ipc reset)
[EXP] [ERASE] ch=1 lun=2 pl=0 blk=52 pg=255 erase_cnt=7 (vpc/ipc reset)
[EXP] [ERASE] ch=1 lun=3 pl=0 blk=52 pg=255 erase_cnt=7 (vpc/ipc reset)
[EXP] [ERASE] ch=1 lun=4 pl=0 blk=52 pg=255 erase_cnt=7 (vpc/ipc reset)
[EXP] [ERASE] ch=1 lun=5 pl=0 blk=52 pg=255 erase_cnt=7 (vpc/ipc reset)
[EXP] [ERASE] ch=1 lun=6 pl=0 blk=52 pg=255 erase_cnt=7 (vpc/ipc reset)
[EXP] [ERASE] ch=1 lun=7 pl=0 blk=52 pg=255 erase_cnt=7 (vpc/ipc reset)
[EXP] [ERASE] ch=2 lun=0 pl=0 blk=52 pg=255 erase_cnt=7 (vpc/ipc reset)
[EXP] [ERASE] ch=2 lun=1 pl=0 blk=52 pg=255 erase_cnt=7 (vpc/ipc reset)
[EXP] [ERASE] ch=2 lun=2 pl=0 blk=52 pg=255 erase_cnt=7 (vpc/ipc reset)
[EXP] [ERASE] ch=2 lun=3 pl=0 blk=52 pg=255 erase_cnt=7 (vpc/ipc reset)
[EXP] [ERASE] ch=2 lun=4 pl=0 blk=52 pg=255 erase_cnt=7 (vpc/ipc reset)
[EXP] [ERASE] ch=2 lun=5 pl=0 blk=52 pg=255 erase_cnt=7 (vpc/ipc reset)
[EXP] [ERASE] ch=2 lun=6 pl=0 blk=52 pg=255 erase_cnt=7 (vpc/ipc reset)
[EXP] [ERASE] ch=2 lun=7 pl=0 blk=52 pg=255 erase_cnt=7 (vpc/ipc reset)
[EXP] [ERASE] ch=3 lun=0 pl=0 blk=52 pg=255 erase_cnt=7 (vpc/ipc reset)
[EXP] [ERASE] ch=3 lun=1 pl=0 blk=52 pg=255 erase_cnt=7 (vpc/ipc reset)
[EXP] [ERASE] ch=3 lun=2 pl=0 blk=52 pg=255 erase_cnt=7 (vpc/ipc reset)
[EXP] [ERASE] ch=3 lun=3 pl=0 blk=52 pg=255 erase_cnt=7 (vpc/ipc reset)
[EXP] [ERASE] ch=3 lun=4 pl=0 blk=52 pg=255 erase_cnt=7 (vpc/ipc reset)
[EXP] [ERASE] ch=3 lun=5 pl=0 blk=52 pg=255 erase_cnt=7 (vpc/ipc reset)
[EXP] [ERASE] ch=3 lun=6 pl=0 blk=52 pg=255 erase_cnt=7 (vpc/ipc reset)
[EXP] [ERASE] ch=3 lun=7 pl=0 blk=52 pg=255 erase_cnt=7 (vpc/ipc reset)
[EXP] [ERASE] ch=4 lun=0 pl=0 blk=52 pg=255 erase_cnt=7 (vpc/ipc reset)
[EXP] [ERASE] ch=4 lun=1 pl=0 blk=52 pg=255 erase_cnt=7 (vpc/ipc reset)
[EXP] [ERASE] ch=4 lun=2 pl=0 blk=52 pg=255 erase_cnt=7 (vpc/ipc reset)
[EXP] [ERASE] ch=4 lun=3 pl=0 blk=52 pg=255 erase_cnt=7 (vpc/ipc reset)
[EXP] [ERASE] ch=4 lun=4 pl=0 blk=52 pg=255 erase_cnt=7 (vpc/ipc reset)
[EXP] [ERASE] ch=4 lun=5 pl=0 blk=52 pg=255 erase_cnt=7 (vpc/ipc reset)
[EXP] [ERASE] ch=4 lun=6 pl=0 blk=52 pg=255 erase_cnt=7 (vpc/ipc reset)
[EXP] [ERASE] ch=4 lun=7 pl=0 blk=52 pg=255 erase_cnt=7 (vpc/ipc reset)
[EXP] [ERASE] ch=5 lun=0 pl=0 blk=52 pg=255 erase_cnt=7 (vpc/ipc reset)
[EXP] [ERASE] ch=5 lun=1 pl=0 blk=52 pg=255 erase_cnt=7 (vpc/ipc reset)
[EXP] [ERASE] ch=5 lun=2 pl=0 blk=52 pg=255 erase_cnt=7 (vpc/ipc reset)
[EXP] [ERASE] ch=5 lun=3 pl=0 blk=52 pg=255 erase_cnt=7 (vpc/ipc reset)
[EXP] [ERASE] ch=5 lun=4 pl=0 blk=52 pg=255 erase_cnt=7 (vpc/ipc reset)
[EXP] [ERASE] ch=5 lun=5 pl=0 blk=52 pg=255 erase_cnt=7 (vpc/ipc reset)
[EXP] [ERASE] ch=5 lun=6 pl=0 blk=52 pg=255 erase_cnt=7 (vpc/ipc reset)
[EXP] [ERASE] ch=5 lun=7 pl=0 blk=52 pg=255 erase_cnt=7 (vpc/ipc reset)
[EXP] [ERASE] ch=6 lun=0 pl=0 blk=52 pg=255 erase_cnt=7 (vpc/ipc reset)
[EXP] [ERASE] ch=6 lun=1 pl=0 blk=52 pg=255 erase_cnt=7 (vpc/ipc reset)
[EXP] [ERASE] ch=6 lun=2 pl=0 blk=52 pg=255 erase_cnt=7 (vpc/ipc reset)
[EXP] [ERASE] ch=6 lun=3 pl=0 blk=52 pg=255 erase_cnt=7 (vpc/ipc reset)
[EXP] [ERASE] ch=6 lun=4 pl=0 blk=52 pg=255 erase_cnt=7 (vpc/ipc reset)
[EXP] [ERASE] ch=6 lun=5 pl=0 blk=52 pg=255 erase_cnt=7 (vpc/ipc reset)
[EXP] [ERASE] ch=6 lun=6 pl=0 blk=52 pg=255 erase_cnt=7 (vpc/ipc reset)
[EXP] [ERASE] ch=6 lun=7 pl=0 blk=52 pg=255 erase_cnt=7 (vpc/ipc reset)
[EXP] [ERASE] ch=7 lun=0 pl=0 blk=52 pg=255 erase_cnt=7 (vpc/ipc reset)
[EXP] [ERASE] ch=7 lun=1 pl=0 blk=52 pg=255 erase_cnt=7 (vpc/ipc reset)
[EXP] [ERASE] ch=7 lun=2 pl=0 blk=52 pg=255 erase_cnt=7 (vpc/ipc reset)
[EXP] [ERASE] ch=7 lun=3 pl=0 blk=52 pg=255 erase_cnt=7 (vpc/ipc reset)
[EXP] [ERASE] ch=7 lun=4 pl=0 blk=52 pg=255 erase_cnt=7 (vpc/ipc reset)
[EXP] [ERASE] ch=7 lun=5 pl=0 blk=52 pg=255 erase_cnt=7 (vpc/ipc reset)
[EXP] [ERASE] ch=7 lun=6 pl=0 blk=52 pg=255 erase_cnt=7 (vpc/ipc reset)
[EXP] [ERASE] ch=7 lun=7 pl=0 blk=52 pg=255 erase_cnt=7 (vpc/ipc reset)
[EXP] [ERASE] ch=0 lun=0 pl=0 blk=61 pg=255 erase_cnt=9 (vpc/ipc reset)
[EXP] [ERASE] ch=0 lun=1 pl=0 blk=61 pg=255 erase_cnt=9 (vpc/ipc reset)
[EXP] [ERASE] ch=0 lun=2 pl=0 blk=61 pg=255 erase_cnt=9 (vpc/ipc reset)
[EXP] [ERASE] ch=0 lun=3 pl=0 blk=61 pg=255 erase_cnt=9 (vpc/ipc reset)
[EXP] [ERASE] ch=0 lun=4 pl=0 blk=61 pg=255 erase_cnt=9 (vpc/ipc reset)
[EXP] [ERASE] ch=0 lun=5 pl=0 blk=61 pg=255 erase_cnt=9 (vpc/ipc reset)
[EXP] [ERASE] ch=0 lun=6 pl=0 blk=61 pg=255 erase_cnt=9 (vpc/ipc reset)
[EXP] [ERASE] ch=0 lun=7 pl=0 blk=61 pg=255 erase_cnt=9 (vpc/ipc reset)
[EXP] [ERASE] ch=1 lun=0 pl=0 blk=61 pg=255 erase_cnt=9 (vpc/ipc reset)
[EXP] [ERASE] ch=1 lun=1 pl=0 blk=61 pg=255 erase_cnt=9 (vpc/ipc reset)
[EXP] [ERASE] ch=1 lun=2 pl=0 blk=61 pg=255 erase_cnt=9 (vpc/ipc reset)
[EXP] [ERASE] ch=1 lun=3 pl=0 blk=61 pg=255 erase_cnt=9 (vpc/ipc reset)
[EXP] [ERASE] ch=1 lun=4 pl=0 blk=61 pg=255 erase_cnt=9 (vpc/ipc reset)
[EXP] [ERASE] ch=1 lun=5 pl=0 blk=61 pg=255 erase_cnt=9 (vpc/ipc reset)
[EXP] [ERASE] ch=1 lun=6 pl=0 blk=61 pg=255 erase_cnt=9 (vpc/ipc reset)
[EXP] [ERASE] ch=1 lun=7 pl=0 blk=61 pg=255 erase_cnt=9 (vpc/ipc reset)
[EXP] [ERASE] ch=2 lun=0 pl=0 blk=61 pg=255 erase_cnt=9 (vpc/ipc reset)
[EXP] [ERASE] ch=2 lun=1 pl=0 blk=61 pg=255 erase_cnt=9 (vpc/ipc reset)
[EXP] [ERASE] ch=2 lun=2 pl=0 blk=61 pg=255 erase_cnt=9 (vpc/ipc reset)
[EXP] [ERASE] ch=2 lun=3 pl=0 blk=61 pg=255 erase_cnt=9 (vpc/ipc reset)
[EXP] [ERASE] ch=2 lun=4 pl=0 blk=61 pg=255 erase_cnt=9 (vpc/ipc reset)
[EXP] [ERASE] ch=2 lun=5 pl=0 blk=61 pg=255 erase_cnt=9 (vpc/ipc reset)
[EXP] [ERASE] ch=2 lun=6 pl=0 blk=61 pg=255 erase_cnt=9 (vpc/ipc reset)
[EXP] [ERASE] ch=2 lun=7 pl=0 blk=61 pg=255 erase_cnt=9 (vpc/ipc reset)
[EXP] [ERASE] ch=3 lun=0 pl=0 blk=61 pg=255 erase_cnt=9 (vpc/ipc reset)
[EXP] [ERASE] ch=3 lun=1 pl=0 blk=61 pg=255 erase_cnt=9 (vpc/ipc reset)
[EXP] [ERASE] ch=3 lun=2 pl=0 blk=61 pg=255 erase_cnt=9 (vpc/ipc reset)
[EXP] [ERASE] ch=3 lun=3 pl=0 blk=61 pg=255 erase_cnt=9 (vpc/ipc reset)
[EXP] [ERASE] ch=3 lun=4 pl=0 blk=61 pg=255 erase_cnt=9 (vpc/ipc reset)
[EXP] [ERASE] ch=3 lun=5 pl=0 blk=61 pg=255 erase_cnt=9 (vpc/ipc reset)
[EXP] [ERASE] ch=3 lun=6 pl=0 blk=61 pg=255 erase_cnt=9 (vpc/ipc reset)
[EXP] [ERASE] ch=3 lun=7 pl=0 blk=61 pg=255 erase_cnt=9 (vpc/ipc reset)
[EXP] [ERASE] ch=4 lun=0 pl=0 blk=61 pg=255 erase_cnt=9 (vpc/ipc reset)
[EXP] [ERASE] ch=4 lun=1 pl=0 blk=61 pg=255 erase_cnt=9 (vpc/ipc reset)
[EXP] [ERASE] ch=4 lun=2 pl=0 blk=61 pg=255 erase_cnt=9 (vpc/ipc reset)
[EXP] [ERASE] ch=4 lun=3 pl=0 blk=61 pg=255 erase_cnt=9 (vpc/ipc reset)
[EXP] [ERASE] ch=4 lun=4 pl=0 blk=61 pg=255 erase_cnt=9 (vpc/ipc reset)
[EXP] [ERASE] ch=4 lun=5 pl=0 blk=61 pg=255 erase_cnt=9 (vpc/ipc reset)
[EXP] [ERASE] ch=4 lun=6 pl=0 blk=61 pg=255 erase_cnt=9 (vpc/ipc reset)
[EXP] [ERASE] ch=4 lun=7 pl=0 blk=61 pg=255 erase_cnt=9 (vpc/ipc reset)
[EXP] [ERASE] ch=5 lun=0 pl=0 blk=61 pg=255 erase_cnt=9 (vpc/ipc reset)
[EXP] [ERASE] ch=5 lun=1 pl=0 blk=61 pg=255 erase_cnt=9 (vpc/ipc reset)
[EXP] [ERASE] ch=5 lun=2 pl=0 blk=61 pg=255 erase_cnt=9 (vpc/ipc reset)
[EXP] [ERASE] ch=5 lun=3 pl=0 blk=61 pg=255 erase_cnt=9 (vpc/ipc reset)
[EXP] [ERASE] ch=5 lun=4 pl=0 blk=61 pg=255 erase_cnt=9 (vpc/ipc reset)
[EXP] [ERASE] ch=5 lun=5 pl=0 blk=61 pg=255 erase_cnt=9 (vpc/ipc reset)
[EXP] [ERASE] ch=5 lun=6 pl=0 blk=61 pg=255 erase_cnt=9 (vpc/ipc reset)
[EXP] [ERASE] ch=5 lun=7 pl=0 blk=61 pg=255 erase_cnt=9 (vpc/ipc reset)
[EXP] [ERASE] ch=6 lun=0 pl=0 blk=61 pg=255 erase_cnt=9 (vpc/ipc reset)
[EXP] [ERASE] ch=6 lun=1 pl=0 blk=61 pg=255 erase_cnt=9 (vpc/ipc reset)
[EXP] [ERASE] ch=6 lun=2 pl=0 blk=61 pg=255 erase_cnt=9 (vpc/ipc reset)
[EXP] [ERASE] ch=6 lun=3 pl=0 blk=61 pg=255 erase_cnt=9 (vpc/ipc reset)
[EXP] [ERASE] ch=6 lun=4 pl=0 blk=61 pg=255 erase_cnt=9 (vpc/ipc reset)
[EXP] [ERASE] ch=6 lun=5 pl=0 blk=61 pg=255 erase_cnt=9 (vpc/ipc reset)
[EXP] [ERASE] ch=6 lun=6 pl=0 blk=61 pg=255 erase_cnt=9 (vpc/ipc reset)
[EXP] [ERASE] ch=6 lun=7 pl=0 blk=61 pg=255 erase_cnt=9 (vpc/ipc reset)
[EXP] [ERASE] ch=7 lun=0 pl=0 blk=61 pg=255 erase_cnt=9 (vpc/ipc reset)
[EXP] [ERASE] ch=7 lun=1 pl=0 blk=61 pg=255 erase_cnt=9 (vpc/ipc reset)
[EXP] [ERASE] ch=7 lun=2 pl=0 blk=61 pg=255 erase_cnt=9 (vpc/ipc reset)
[EXP] [ERASE] ch=7 lun=3 pl=0 blk=61 pg=255 erase_cnt=9 (vpc/ipc reset)
[EXP] [ERASE] ch=7 lun=4 pl=0 blk=61 pg=255 erase_cnt=9 (vpc/ipc reset)
[EXP] [ERASE] ch=7 lun=5 pl=0 blk=61 pg=255 erase_cnt=9 (vpc/ipc reset)
[EXP] [ERASE] ch=7 lun=6 pl=0 blk=61 pg=255 erase_cnt=9 (vpc/ipc reset)
[EXP] [ERASE] ch=7 lun=7 pl=0 blk=61 pg=255 erase_cnt=9 (vpc/ipc reset)
[EXP] [ERASE] ch=0 lun=0 pl=0 blk=63 pg=255 erase_cnt=7 (vpc/ipc reset)
[EXP] [ERASE] ch=0 lun=1 pl=0 blk=63 pg=255 erase_cnt=7 (vpc/ipc reset)
[EXP] [ERASE] ch=0 lun=2 pl=0 blk=63 pg=255 erase_cnt=7 (vpc/ipc reset)
[EXP] [ERASE] ch=0 lun=3 pl=0 blk=63 pg=255 erase_cnt=7 (vpc/ipc reset)
[EXP] [ERASE] ch=0 lun=4 pl=0 blk=63 pg=255 erase_cnt=7 (vpc/ipc reset)
[EXP] [ERASE] ch=0 lun=5 pl=0 blk=63 pg=255 erase_cnt=7 (vpc/ipc reset)
[EXP] [ERASE] ch=0 lun=6 pl=0 blk=63 pg=255 erase_cnt=7 (vpc/ipc reset)
[EXP] [ERASE] ch=0 lun=7 pl=0 blk=63 pg=255 erase_cnt=7 (vpc/ipc reset)
[EXP] [ERASE] ch=1 lun=0 pl=0 blk=63 pg=255 erase_cnt=7 (vpc/ipc reset)
[EXP] [ERASE] ch=1 lun=1 pl=0 blk=63 pg=255 erase_cnt=7 (vpc/ipc reset)
[EXP] [ERASE] ch=1 lun=2 pl=0 blk=63 pg=255 erase_cnt=7 (vpc/ipc reset)
[EXP] [ERASE] ch=1 lun=3 pl=0 blk=63 pg=255 erase_cnt=7 (vpc/ipc reset)
[EXP] [ERASE] ch=1 lun=4 pl=0 blk=63 pg=255 erase_cnt=7 (vpc/ipc reset)
[EXP] [ERASE] ch=1 lun=5 pl=0 blk=63 pg=255 erase_cnt=7 (vpc/ipc reset)
[EXP] [ERASE] ch=1 lun=6 pl=0 blk=63 pg=255 erase_cnt=7 (vpc/ipc reset)
[EXP] [ERASE] ch=1 lun=7 pl=0 blk=63 pg=255 erase_cnt=7 (vpc/ipc reset)
[EXP] [ERASE] ch=2 lun=0 pl=0 blk=63 pg=255 erase_cnt=7 (vpc/ipc reset)
[EXP] [ERASE] ch=2 lun=1 pl=0 blk=63 pg=255 erase_cnt=7 (vpc/ipc reset)
[EXP] [ERASE] ch=2 lun=2 pl=0 blk=63 pg=255 erase_cnt=7 (vpc/ipc reset)
[EXP] [ERASE] ch=2 lun=3 pl=0 blk=63 pg=255 erase_cnt=7 (vpc/ipc reset)
[EXP] [ERASE] ch=2 lun=4 pl=0 blk=63 pg=255 erase_cnt=7 (vpc/ipc reset)
[EXP] [ERASE] ch=2 lun=5 pl=0 blk=63 pg=255 erase_cnt=7 (vpc/ipc reset)
[EXP] [ERASE] ch=2 lun=6 pl=0 blk=63 pg=255 erase_cnt=7 (vpc/ipc reset)
[EXP] [ERASE] ch=2 lun=7 pl=0 blk=63 pg=255 erase_cnt=7 (vpc/ipc reset)
[EXP] [ERASE] ch=3 lun=0 pl=0 blk=63 pg=255 erase_cnt=7 (vpc/ipc reset)
[EXP] [ERASE] ch=3 lun=1 pl=0 blk=63 pg=255 erase_cnt=7 (vpc/ipc reset)
[EXP] [ERASE] ch=3 lun=2 pl=0 blk=63 pg=255 erase_cnt=7 (vpc/ipc reset)
[EXP] [ERASE] ch=3 lun=3 pl=0 blk=63 pg=255 erase_cnt=7 (vpc/ipc reset)
[EXP] [ERASE] ch=3 lun=4 pl=0 blk=63 pg=255 erase_cnt=7 (vpc/ipc reset)
[EXP] [ERASE] ch=3 lun=5 pl=0 blk=63 pg=255 erase_cnt=7 (vpc/ipc reset)
[EXP] [ERASE] ch=3 lun=6 pl=0 blk=63 pg=255 erase_cnt=7 (vpc/ipc reset)
[EXP] [ERASE] ch=3 lun=7 pl=0 blk=63 pg=255 erase_cnt=7 (vpc/ipc reset)
[EXP] [ERASE] ch=4 lun=0 pl=0 blk=63 pg=255 erase_cnt=7 (vpc/ipc reset)
[EXP] [ERASE] ch=4 lun=1 pl=0 blk=63 pg=255 erase_cnt=7 (vpc/ipc reset)
[EXP] [ERASE] ch=4 lun=2 pl=0 blk=63 pg=255 erase_cnt=7 (vpc/ipc reset)
[EXP] [ERASE] ch=4 lun=3 pl=0 blk=63 pg=255 erase_cnt=7 (vpc/ipc reset)
[EXP] [ERASE] ch=4 lun=4 pl=0 blk=63 pg=255 erase_cnt=7 (vpc/ipc reset)
[EXP] [ERASE] ch=4 lun=5 pl=0 blk=63 pg=255 erase_cnt=7 (vpc/ipc reset)
[EXP] [ERASE] ch=4 lun=6 pl=0 blk=63 pg=255 erase_cnt=7 (vpc/ipc reset)
[EXP] [ERASE] ch=4 lun=7 pl=0 blk=63 pg=255 erase_cnt=7 (vpc/ipc reset)
[EXP] [ERASE] ch=5 lun=0 pl=0 blk=63 pg=255 erase_cnt=7 (vpc/ipc reset)
[EXP] [ERASE] ch=5 lun=1 pl=0 blk=63 pg=255 erase_cnt=7 (vpc/ipc reset)
[EXP] [ERASE] ch=5 lun=2 pl=0 blk=63 pg=255 erase_cnt=7 (vpc/ipc reset)
[EXP] [ERASE] ch=5 lun=3 pl=0 blk=63 pg=255 erase_cnt=7 (vpc/ipc reset)
[EXP] [ERASE] ch=5 lun=4 pl=0 blk=63 pg=255 erase_cnt=7 (vpc/ipc reset)
[EXP] [ERASE] ch=5 lun=5 pl=0 blk=63 pg=255 erase_cnt=7 (vpc/ipc reset)
[EXP] [ERASE] ch=5 lun=6 pl=0 blk=63 pg=255 erase_cnt=7 (vpc/ipc reset)
[EXP] [ERASE] ch=5 lun=7 pl=0 blk=63 pg=255 erase_cnt=7 (vpc/ipc reset)
[EXP] [ERASE] ch=6 lun=0 pl=0 blk=63 pg=255 erase_cnt=7 (vpc/ipc reset)
[EXP] [ERASE] ch=6 lun=1 pl=0 blk=63 pg=255 erase_cnt=7 (vpc/ipc reset)
[EXP] [ERASE] ch=6 lun=2 pl=0 blk=63 pg=255 erase_cnt=7 (vpc/ipc reset)
[EXP] [ERASE] ch=6 lun=3 pl=0 blk=63 pg=255 erase_cnt=7 (vpc/ipc reset)
[EXP] [ERASE] ch=6 lun=4 pl=0 blk=63 pg=255 erase_cnt=7 (vpc/ipc reset)
[EXP] [ERASE] ch=6 lun=5 pl=0 blk=63 pg=255 erase_cnt=7 (vpc/ipc reset)
[EXP] [ERASE] ch=6 lun=6 pl=0 blk=63 pg=255 erase_cnt=7 (vpc/ipc reset)
[EXP] [ERASE] ch=6 lun=7 pl=0 blk=63 pg=255 erase_cnt=7 (vpc/ipc reset)
[EXP] [ERASE] ch=7 lun=0 pl=0 blk=63 pg=255 erase_cnt=7 (vpc/ipc reset)
[EXP] [ERASE] ch=7 lun=1 pl=0 blk=63 pg=255 erase_cnt=7 (vpc/ipc reset)
[EXP] [ERASE] ch=7 lun=2 pl=0 blk=63 pg=255 erase_cnt=7 (vpc/ipc reset)
[EXP] [ERASE] ch=7 lun=3 pl=0 blk=63 pg=255 erase_cnt=7 (vpc/ipc reset)
[EXP] [ERASE] ch=7 lun=4 pl=0 blk=63 pg=255 erase_cnt=7 (vpc/ipc reset)
[EXP] [ERASE] ch=7 lun=5 pl=0 blk=63 pg=255 erase_cnt=7 (vpc/ipc reset)
[EXP] [ERASE] ch=7 lun=6 pl=0 blk=63 pg=255 erase_cnt=7 (vpc/ipc reset)
[EXP] [ERASE] ch=7 lun=7 pl=0 blk=63 pg=255 erase_cnt=7 (vpc/ipc reset)
[EXP] [ERASE] ch=0 lun=0 pl=0 blk=49 pg=255 erase_cnt=8 (vpc/ipc reset)
[EXP] [ERASE] ch=0 lun=1 pl=0 blk=49 pg=255 erase_cnt=8 (vpc/ipc reset)
[EXP] [ERASE] ch=0 lun=2 pl=0 blk=49 pg=255 erase_cnt=8 (vpc/ipc reset)
[EXP] [ERASE] ch=0 lun=3 pl=0 blk=49 pg=255 erase_cnt=8 (vpc/ipc reset)
[EXP] [ERASE] ch=0 lun=4 pl=0 blk=49 pg=255 erase_cnt=8 (vpc/ipc reset)
[EXP] [ERASE] ch=0 lun=5 pl=0 blk=49 pg=255 erase_cnt=8 (vpc/ipc reset)
[EXP] [ERASE] ch=0 lun=6 pl=0 blk=49 pg=255 erase_cnt=8 (vpc/ipc reset)
[EXP] [ERASE] ch=0 lun=7 pl=0 blk=49 pg=255 erase_cnt=8 (vpc/ipc reset)
[EXP] [ERASE] ch=1 lun=0 pl=0 blk=49 pg=255 erase_cnt=8 (vpc/ipc reset)
[EXP] [ERASE] ch=1 lun=1 pl=0 blk=49 pg=255 erase_cnt=8 (vpc/ipc reset)
[EXP] [ERASE] ch=1 lun=2 pl=0 blk=49 pg=255 erase_cnt=8 (vpc/ipc reset)
[EXP] [ERASE] ch=1 lun=3 pl=0 blk=49 pg=255 erase_cnt=8 (vpc/ipc reset)
[EXP] [ERASE] ch=1 lun=4 pl=0 blk=49 pg=255 erase_cnt=8 (vpc/ipc reset)
[EXP] [ERASE] ch=1 lun=5 pl=0 blk=49 pg=255 erase_cnt=8 (vpc/ipc reset)
[EXP] [ERASE] ch=1 lun=6 pl=0 blk=49 pg=255 erase_cnt=8 (vpc/ipc reset)
[EXP] [ERASE] ch=1 lun=7 pl=0 blk=49 pg=255 erase_cnt=8 (vpc/ipc reset)
[EXP] [ERASE] ch=2 lun=0 pl=0 blk=49 pg=255 erase_cnt=8 (vpc/ipc reset)
[EXP] [ERASE] ch=2 lun=1 pl=0 blk=49 pg=255 erase_cnt=8 (vpc/ipc reset)
[EXP] [ERASE] ch=2 lun=2 pl=0 blk=49 pg=255 erase_cnt=8 (vpc/ipc reset)
[EXP] [ERASE] ch=2 lun=3 pl=0 blk=49 pg=255 erase_cnt=8 (vpc/ipc reset)
[EXP] [ERASE] ch=2 lun=4 pl=0 blk=49 pg=255 erase_cnt=8 (vpc/ipc reset)
[EXP] [ERASE] ch=2 lun=5 pl=0 blk=49 pg=255 erase_cnt=8 (vpc/ipc reset)
[EXP] [ERASE] ch=2 lun=6 pl=0 blk=49 pg=255 erase_cnt=8 (vpc/ipc reset)
[EXP] [ERASE] ch=2 lun=7 pl=0 blk=49 pg=255 erase_cnt=8 (vpc/ipc reset)
[EXP] [ERASE] ch=3 lun=0 pl=0 blk=49 pg=255 erase_cnt=8 (vpc/ipc reset)
[EXP] [ERASE] ch=3 lun=1 pl=0 blk=49 pg=255 erase_cnt=8 (vpc/ipc reset)
[EXP] [ERASE] ch=3 lun=2 pl=0 blk=49 pg=255 erase_cnt=8 (vpc/ipc reset)
[EXP] [ERASE] ch=3 lun=3 pl=0 blk=49 pg=255 erase_cnt=8 (vpc/ipc reset)
[EXP] [ERASE] ch=3 lun=4 pl=0 blk=49 pg=255 erase_cnt=8 (vpc/ipc reset)
[EXP] [ERASE] ch=3 lun=5 pl=0 blk=49 pg=255 erase_cnt=8 (vpc/ipc reset)
[EXP] [ERASE] ch=3 lun=6 pl=0 blk=49 pg=255 erase_cnt=8 (vpc/ipc reset)
[EXP] [ERASE] ch=3 lun=7 pl=0 blk=49 pg=255 erase_cnt=8 (vpc/ipc reset)
[EXP] [ERASE] ch=4 lun=0 pl=0 blk=49 pg=255 erase_cnt=8 (vpc/ipc reset)
[EXP] [ERASE] ch=4 lun=1 pl=0 blk=49 pg=255 erase_cnt=8 (vpc/ipc reset)
[EXP] [ERASE] ch=4 lun=2 pl=0 blk=49 pg=255 erase_cnt=8 (vpc/ipc reset)
[EXP] [ERASE] ch=4 lun=3 pl=0 blk=49 pg=255 erase_cnt=8 (vpc/ipc reset)
[EXP] [ERASE] ch=4 lun=4 pl=0 blk=49 pg=255 erase_cnt=8 (vpc/ipc reset)
[EXP] [ERASE] ch=4 lun=5 pl=0 blk=49 pg=255 erase_cnt=8 (vpc/ipc reset)
[EXP] [ERASE] ch=4 lun=6 pl=0 blk=49 pg=255 erase_cnt=8 (vpc/ipc reset)
[EXP] [ERASE] ch=4 lun=7 pl=0 blk=49 pg=255 erase_cnt=8 (vpc/ipc reset)
[EXP] [ERASE] ch=5 lun=0 pl=0 blk=49 pg=255 erase_cnt=8 (vpc/ipc reset)
[EXP] [ERASE] ch=5 lun=1 pl=0 blk=49 pg=255 erase_cnt=8 (vpc/ipc reset)
[EXP] [ERASE] ch=5 lun=2 pl=0 blk=49 pg=255 erase_cnt=8 (vpc/ipc reset)
[EXP] [ERASE] ch=5 lun=3 pl=0 blk=49 pg=255 erase_cnt=8 (vpc/ipc reset)
[EXP] [ERASE] ch=5 lun=4 pl=0 blk=49 pg=255 erase_cnt=8 (vpc/ipc reset)
[EXP] [ERASE] ch=5 lun=5 pl=0 blk=49 pg=255 erase_cnt=8 (vpc/ipc reset)
[EXP] [ERASE] ch=5 lun=6 pl=0 blk=49 pg=255 erase_cnt=8 (vpc/ipc reset)
[EXP] [ERASE] ch=5 lun=7 pl=0 blk=49 pg=255 erase_cnt=8 (vpc/ipc reset)
[EXP] [ERASE] ch=6 lun=0 pl=0 blk=49 pg=255 erase_cnt=8 (vpc/ipc reset)
[EXP] [ERASE] ch=6 lun=1 pl=0 blk=49 pg=255 erase_cnt=8 (vpc/ipc reset)
[EXP] [ERASE] ch=6 lun=2 pl=0 blk=49 pg=255 erase_cnt=8 (vpc/ipc reset)
[EXP] [ERASE] ch=6 lun=3 pl=0 blk=49 pg=255 erase_cnt=8 (vpc/ipc reset)
[EXP] [ERASE] ch=6 lun=4 pl=0 blk=49 pg=255 erase_cnt=8 (vpc/ipc reset)
[EXP] [ERASE] ch=6 lun=5 pl=0 blk=49 pg=255 erase_cnt=8 (vpc/ipc reset)
[EXP] [ERASE] ch=6 lun=6 pl=0 blk=49 pg=255 erase_cnt=8 (vpc/ipc reset)
[EXP] [ERASE] ch=6 lun=7 pl=0 blk=49 pg=255 erase_cnt=8 (vpc/ipc reset)
[EXP] [ERASE] ch=7 lun=0 pl=0 blk=49 pg=255 erase_cnt=8 (vpc/ipc reset)
[EXP] [ERASE] ch=7 lun=1 pl=0 blk=49 pg=255 erase_cnt=8 (vpc/ipc reset)
[EXP] [ERASE] ch=7 lun=2 pl=0 blk=49 pg=255 erase_cnt=8 (vpc/ipc reset)
[EXP] [ERASE] ch=7 lun=3 pl=0 blk=49 pg=255 erase_cnt=8 (vpc/ipc reset)
[EXP] [ERASE] ch=7 lun=4 pl=0 blk=49 pg=255 erase_cnt=8 (vpc/ipc reset)
[EXP] [ERASE] ch=7 lun=5 pl=0 blk=49 pg=255 erase_cnt=8 (vpc/ipc reset)
[EXP] [ERASE] ch=7 lun=6 pl=0 blk=49 pg=255 erase_cnt=8 (vpc/ipc reset)
[EXP] [ERASE] ch=7 lun=7 pl=0 blk=49 pg=255 erase_cnt=8 (vpc/ipc reset)
[EXP] [ERASE] ch=0 lun=0 pl=0 blk=16 pg=255 erase_cnt=9 (vpc/ipc reset)
[EXP] [ERASE] ch=0 lun=1 pl=0 blk=16 pg=255 erase_cnt=9 (vpc/ipc reset)
[EXP] [ERASE] ch=0 lun=2 pl=0 blk=16 pg=255 erase_cnt=9 (vpc/ipc reset)
[EXP] [ERASE] ch=0 lun=3 pl=0 blk=16 pg=255 erase_cnt=9 (vpc/ipc reset)
[EXP] [ERASE] ch=0 lun=4 pl=0 blk=16 pg=255 erase_cnt=9 (vpc/ipc reset)
[EXP] [ERASE] ch=0 lun=5 pl=0 blk=16 pg=255 erase_cnt=9 (vpc/ipc reset)
[EXP] [ERASE] ch=0 lun=6 pl=0 blk=16 pg=255 erase_cnt=9 (vpc/ipc reset)
[EXP] [ERASE] ch=0 lun=7 pl=0 blk=16 pg=255 erase_cnt=9 (vpc/ipc reset)
[EXP] [ERASE] ch=1 lun=0 pl=0 blk=16 pg=255 erase_cnt=9 (vpc/ipc reset)
[EXP] [ERASE] ch=1 lun=1 pl=0 blk=16 pg=255 erase_cnt=9 (vpc/ipc reset)
[EXP] [ERASE] ch=1 lun=2 pl=0 blk=16 pg=255 erase_cnt=9 (vpc/ipc reset)
[EXP] [ERASE] ch=1 lun=3 pl=0 blk=16 pg=255 erase_cnt=9 (vpc/ipc reset)
[EXP] [ERASE] ch=1 lun=4 pl=0 blk=16 pg=255 erase_cnt=9 (vpc/ipc reset)
[EXP] [ERASE] ch=1 lun=5 pl=0 blk=16 pg=255 erase_cnt=9 (vpc/ipc reset)
[EXP] [ERASE] ch=1 lun=6 pl=0 blk=16 pg=255 erase_cnt=9 (vpc/ipc reset)
[EXP] [ERASE] ch=1 lun=7 pl=0 blk=16 pg=255 erase_cnt=9 (vpc/ipc reset)
[EXP] [ERASE] ch=2 lun=0 pl=0 blk=16 pg=255 erase_cnt=9 (vpc/ipc reset)
[EXP] [ERASE] ch=2 lun=1 pl=0 blk=16 pg=255 erase_cnt=9 (vpc/ipc reset)
[EXP] [ERASE] ch=2 lun=2 pl=0 blk=16 pg=255 erase_cnt=9 (vpc/ipc reset)
[EXP] [ERASE] ch=2 lun=3 pl=0 blk=16 pg=255 erase_cnt=9 (vpc/ipc reset)
[EXP] [ERASE] ch=2 lun=4 pl=0 blk=16 pg=255 erase_cnt=9 (vpc/ipc reset)
[EXP] [ERASE] ch=2 lun=5 pl=0 blk=16 pg=255 erase_cnt=9 (vpc/ipc reset)
[EXP] [ERASE] ch=2 lun=6 pl=0 blk=16 pg=255 erase_cnt=9 (vpc/ipc reset)
[EXP] [ERASE] ch=2 lun=7 pl=0 blk=16 pg=255 erase_cnt=9 (vpc/ipc reset)
[EXP] [ERASE] ch=3 lun=0 pl=0 blk=16 pg=255 erase_cnt=9 (vpc/ipc reset)
[EXP] [ERASE] ch=3 lun=1 pl=0 blk=16 pg=255 erase_cnt=9 (vpc/ipc reset)
[EXP] [ERASE] ch=3 lun=2 pl=0 blk=16 pg=255 erase_cnt=9 (vpc/ipc reset)
[EXP] [ERASE] ch=3 lun=3 pl=0 blk=16 pg=255 erase_cnt=9 (vpc/ipc reset)
[EXP] [ERASE] ch=3 lun=4 pl=0 blk=16 pg=255 erase_cnt=9 (vpc/ipc reset)
[EXP] [ERASE] ch=3 lun=5 pl=0 blk=16 pg=255 erase_cnt=9 (vpc/ipc reset)
[EXP] [ERASE] ch=3 lun=6 pl=0 blk=16 pg=255 erase_cnt=9 (vpc/ipc reset)
[EXP] [ERASE] ch=3 lun=7 pl=0 blk=16 pg=255 erase_cnt=9 (vpc/ipc reset)
[EXP] [ERASE] ch=4 lun=0 pl=0 blk=16 pg=255 erase_cnt=9 (vpc/ipc reset)
[EXP] [ERASE] ch=4 lun=1 pl=0 blk=16 pg=255 erase_cnt=9 (vpc/ipc reset)
[EXP] [ERASE] ch=4 lun=2 pl=0 blk=16 pg=255 erase_cnt=9 (vpc/ipc reset)
[EXP] [ERASE] ch=4 lun=3 pl=0 blk=16 pg=255 erase_cnt=9 (vpc/ipc reset)
[EXP] [ERASE] ch=4 lun=4 pl=0 blk=16 pg=255 erase_cnt=9 (vpc/ipc reset)
[EXP] [ERASE] ch=4 lun=5 pl=0 blk=16 pg=255 erase_cnt=9 (vpc/ipc reset)
[EXP] [ERASE] ch=4 lun=6 pl=0 blk=16 pg=255 erase_cnt=9 (vpc/ipc reset)
[EXP] [ERASE] ch=4 lun=7 pl=0 blk=16 pg=255 erase_cnt=9 (vpc/ipc reset)
[EXP] [ERASE] ch=5 lun=0 pl=0 blk=16 pg=255 erase_cnt=9 (vpc/ipc reset)
[EXP] [ERASE] ch=5 lun=1 pl=0 blk=16 pg=255 erase_cnt=9 (vpc/ipc reset)
[EXP] [ERASE] ch=5 lun=2 pl=0 blk=16 pg=255 erase_cnt=9 (vpc/ipc reset)
[EXP] [ERASE] ch=5 lun=3 pl=0 blk=16 pg=255 erase_cnt=9 (vpc/ipc reset)
[EXP] [ERASE] ch=5 lun=4 pl=0 blk=16 pg=255 erase_cnt=9 (vpc/ipc reset)
[EXP] [ERASE] ch=5 lun=5 pl=0 blk=16 pg=255 erase_cnt=9 (vpc/ipc reset)
[EXP] [ERASE] ch=5 lun=6 pl=0 blk=16 pg=255 erase_cnt=9 (vpc/ipc reset)
[EXP] [ERASE] ch=5 lun=7 pl=0 blk=16 pg=255 erase_cnt=9 (vpc/ipc reset)
[EXP] [ERASE] ch=6 lun=0 pl=0 blk=16 pg=255 erase_cnt=9 (vpc/ipc reset)
[EXP] [ERASE] ch=6 lun=1 pl=0 blk=16 pg=255 erase_cnt=9 (vpc/ipc reset)
[EXP] [ERASE] ch=6 lun=2 pl=0 blk=16 pg=255 erase_cnt=9 (vpc/ipc reset)
[EXP] [ERASE] ch=6 lun=3 pl=0 blk=16 pg=255 erase_cnt=9 (vpc/ipc reset)
[EXP] [ERASE] ch=6 lun=4 pl=0 blk=16 pg=255 erase_cnt=9 (vpc/ipc reset)
[EXP] [ERASE] ch=6 lun=5 pl=0 blk=16 pg=255 erase_cnt=9 (vpc/ipc reset)
[EXP] [ERASE] ch=6 lun=6 pl=0 blk=16 pg=255 erase_cnt=9 (vpc/ipc reset)
[EXP] [ERASE] ch=6 lun=7 pl=0 blk=16 pg=255 erase_cnt=9 (vpc/ipc reset)
[EXP] [ERASE] ch=7 lun=0 pl=0 blk=16 pg=255 erase_cnt=9 (vpc/ipc reset)
[EXP] [ERASE] ch=7 lun=1 pl=0 blk=16 pg=255 erase_cnt=9 (vpc/ipc reset)
[EXP] [ERASE] ch=7 lun=2 pl=0 blk=16 pg=255 erase_cnt=9 (vpc/ipc reset)
[EXP] [ERASE] ch=7 lun=3 pl=0 blk=16 pg=255 erase_cnt=9 (vpc/ipc reset)
[EXP] [ERASE] ch=7 lun=4 pl=0 blk=16 pg=255 erase_cnt=9 (vpc/ipc reset)
[EXP] [ERASE] ch=7 lun=5 pl=0 blk=16 pg=255 erase_cnt=9 (vpc/ipc reset)
[EXP] [ERASE] ch=7 lun=6 pl=0 blk=16 pg=255 erase_cnt=9 (vpc/ipc reset)
[EXP] [ERASE] ch=7 lun=7 pl=0 blk=16 pg=255 erase_cnt=9 (vpc/ipc reset)
[EXP] [ERASE] ch=0 lun=0 pl=0 blk=52 pg=255 erase_cnt=8 (vpc/ipc reset)
[EXP] [ERASE] ch=0 lun=1 pl=0 blk=52 pg=255 erase_cnt=8 (vpc/ipc reset)
[EXP] [ERASE] ch=0 lun=2 pl=0 blk=52 pg=255 erase_cnt=8 (vpc/ipc reset)
[EXP] [ERASE] ch=0 lun=3 pl=0 blk=52 pg=255 erase_cnt=8 (vpc/ipc reset)
[EXP] [ERASE] ch=0 lun=4 pl=0 blk=52 pg=255 erase_cnt=8 (vpc/ipc reset)
[EXP] [ERASE] ch=0 lun=5 pl=0 blk=52 pg=255 erase_cnt=8 (vpc/ipc reset)
[EXP] [ERASE] ch=0 lun=6 pl=0 blk=52 pg=255 erase_cnt=8 (vpc/ipc reset)
[EXP] [ERASE] ch=0 lun=7 pl=0 blk=52 pg=255 erase_cnt=8 (vpc/ipc reset)
[EXP] [ERASE] ch=1 lun=0 pl=0 blk=52 pg=255 erase_cnt=8 (vpc/ipc reset)
[EXP] [ERASE] ch=1 lun=1 pl=0 blk=52 pg=255 erase_cnt=8 (vpc/ipc reset)
[EXP] [ERASE] ch=1 lun=2 pl=0 blk=52 pg=255 erase_cnt=8 (vpc/ipc reset)
[EXP] [ERASE] ch=1 lun=3 pl=0 blk=52 pg=255 erase_cnt=8 (vpc/ipc reset)
[EXP] [ERASE] ch=1 lun=4 pl=0 blk=52 pg=255 erase_cnt=8 (vpc/ipc reset)
[EXP] [ERASE] ch=1 lun=5 pl=0 blk=52 pg=255 erase_cnt=8 (vpc/ipc reset)
[EXP] [ERASE] ch=1 lun=6 pl=0 blk=52 pg=255 erase_cnt=8 (vpc/ipc reset)
[EXP] [ERASE] ch=1 lun=7 pl=0 blk=52 pg=255 erase_cnt=8 (vpc/ipc reset)
[EXP] [ERASE] ch=2 lun=0 pl=0 blk=52 pg=255 erase_cnt=8 (vpc/ipc reset)
[EXP] [ERASE] ch=2 lun=1 pl=0 blk=52 pg=255 erase_cnt=8 (vpc/ipc reset)
[EXP] [ERASE] ch=2 lun=2 pl=0 blk=52 pg=255 erase_cnt=8 (vpc/ipc reset)
[EXP] [ERASE] ch=2 lun=3 pl=0 blk=52 pg=255 erase_cnt=8 (vpc/ipc reset)
[EXP] [ERASE] ch=2 lun=4 pl=0 blk=52 pg=255 erase_cnt=8 (vpc/ipc reset)
[EXP] [ERASE] ch=2 lun=5 pl=0 blk=52 pg=255 erase_cnt=8 (vpc/ipc reset)
[EXP] [ERASE] ch=2 lun=6 pl=0 blk=52 pg=255 erase_cnt=8 (vpc/ipc reset)
[EXP] [ERASE] ch=2 lun=7 pl=0 blk=52 pg=255 erase_cnt=8 (vpc/ipc reset)
[EXP] [ERASE] ch=3 lun=0 pl=0 blk=52 pg=255 erase_cnt=8 (vpc/ipc reset)
[EXP] [ERASE] ch=3 lun=1 pl=0 blk=52 pg=255 erase_cnt=8 (vpc/ipc reset)
[EXP] [ERASE] ch=3 lun=2 pl=0 blk=52 pg=255 erase_cnt=8 (vpc/ipc reset)
[EXP] [ERASE] ch=3 lun=3 pl=0 blk=52 pg=255 erase_cnt=8 (vpc/ipc reset)
[EXP] [ERASE] ch=3 lun=4 pl=0 blk=52 pg=255 erase_cnt=8 (vpc/ipc reset)
[EXP] [ERASE] ch=3 lun=5 pl=0 blk=52 pg=255 erase_cnt=8 (vpc/ipc reset)
[EXP] [ERASE] ch=3 lun=6 pl=0 blk=52 pg=255 erase_cnt=8 (vpc/ipc reset)
[EXP] [ERASE] ch=3 lun=7 pl=0 blk=52 pg=255 erase_cnt=8 (vpc/ipc reset)
[EXP] [ERASE] ch=4 lun=0 pl=0 blk=52 pg=255 erase_cnt=8 (vpc/ipc reset)
[EXP] [ERASE] ch=4 lun=1 pl=0 blk=52 pg=255 erase_cnt=8 (vpc/ipc reset)
[EXP] [ERASE] ch=4 lun=2 pl=0 blk=52 pg=255 erase_cnt=8 (vpc/ipc reset)
[EXP] [ERASE] ch=4 lun=3 pl=0 blk=52 pg=255 erase_cnt=8 (vpc/ipc reset)
[EXP] [ERASE] ch=4 lun=4 pl=0 blk=52 pg=255 erase_cnt=8 (vpc/ipc reset)
[EXP] [ERASE] ch=4 lun=5 pl=0 blk=52 pg=255 erase_cnt=8 (vpc/ipc reset)
[EXP] [ERASE] ch=4 lun=6 pl=0 blk=52 pg=255 erase_cnt=8 (vpc/ipc reset)
[EXP] [ERASE] ch=4 lun=7 pl=0 blk=52 pg=255 erase_cnt=8 (vpc/ipc reset)
[EXP] [ERASE] ch=5 lun=0 pl=0 blk=52 pg=255 erase_cnt=8 (vpc/ipc reset)
[EXP] [ERASE] ch=5 lun=1 pl=0 blk=52 pg=255 erase_cnt=8 (vpc/ipc reset)
[EXP] [ERASE] ch=5 lun=2 pl=0 blk=52 pg=255 erase_cnt=8 (vpc/ipc reset)
[EXP] [ERASE] ch=5 lun=3 pl=0 blk=52 pg=255 erase_cnt=8 (vpc/ipc reset)
[EXP] [ERASE] ch=5 lun=4 pl=0 blk=52 pg=255 erase_cnt=8 (vpc/ipc reset)
[EXP] [ERASE] ch=5 lun=5 pl=0 blk=52 pg=255 erase_cnt=8 (vpc/ipc reset)
[EXP] [ERASE] ch=5 lun=6 pl=0 blk=52 pg=255 erase_cnt=8 (vpc/ipc reset)
[EXP] [ERASE] ch=5 lun=7 pl=0 blk=52 pg=255 erase_cnt=8 (vpc/ipc reset)
[EXP] [ERASE] ch=6 lun=0 pl=0 blk=52 pg=255 erase_cnt=8 (vpc/ipc reset)
[EXP] [ERASE] ch=6 lun=1 pl=0 blk=52 pg=255 erase_cnt=8 (vpc/ipc reset)
[EXP] [ERASE] ch=6 lun=2 pl=0 blk=52 pg=255 erase_cnt=8 (vpc/ipc reset)
[EXP] [ERASE] ch=6 lun=3 pl=0 blk=52 pg=255 erase_cnt=8 (vpc/ipc reset)
[EXP] [ERASE] ch=6 lun=4 pl=0 blk=52 pg=255 erase_cnt=8 (vpc/ipc reset)
[EXP] [ERASE] ch=6 lun=5 pl=0 blk=52 pg=255 erase_cnt=8 (vpc/ipc reset)
[EXP] [ERASE] ch=6 lun=6 pl=0 blk=52 pg=255 erase_cnt=8 (vpc/ipc reset)
[EXP] [ERASE] ch=6 lun=7 pl=0 blk=52 pg=255 erase_cnt=8 (vpc/ipc reset)
[EXP] [ERASE] ch=7 lun=0 pl=0 blk=52 pg=255 erase_cnt=8 (vpc/ipc reset)
[EXP] [ERASE] ch=7 lun=1 pl=0 blk=52 pg=255 erase_cnt=8 (vpc/ipc reset)
[EXP] [ERASE] ch=7 lun=2 pl=0 blk=52 pg=255 erase_cnt=8 (vpc/ipc reset)
[EXP] [ERASE] ch=7 lun=3 pl=0 blk=52 pg=255 erase_cnt=8 (vpc/ipc reset)
[EXP] [ERASE] ch=7 lun=4 pl=0 blk=52 pg=255 erase_cnt=8 (vpc/ipc reset)
[EXP] [ERASE] ch=7 lun=5 pl=0 blk=52 pg=255 erase_cnt=8 (vpc/ipc reset)
[EXP] [ERASE] ch=7 lun=6 pl=0 blk=52 pg=255 erase_cnt=8 (vpc/ipc reset)
[EXP] [ERASE] ch=7 lun=7 pl=0 blk=52 pg=255 erase_cnt=8 (vpc/ipc reset)
[EXP] [ERASE] ch=0 lun=0 pl=0 blk=25 pg=255 erase_cnt=11 (vpc/ipc reset)
[EXP] [ERASE] ch=0 lun=1 pl=0 blk=25 pg=255 erase_cnt=11 (vpc/ipc reset)
[EXP] [ERASE] ch=0 lun=2 pl=0 blk=25 pg=255 erase_cnt=11 (vpc/ipc reset)
[EXP] [ERASE] ch=0 lun=3 pl=0 blk=25 pg=255 erase_cnt=11 (vpc/ipc reset)
[EXP] [ERASE] ch=0 lun=4 pl=0 blk=25 pg=255 erase_cnt=11 (vpc/ipc reset)
[EXP] [ERASE] ch=0 lun=5 pl=0 blk=25 pg=255 erase_cnt=11 (vpc/ipc reset)
[EXP] [ERASE] ch=0 lun=6 pl=0 blk=25 pg=255 erase_cnt=11 (vpc/ipc reset)
[EXP] [ERASE] ch=0 lun=7 pl=0 blk=25 pg=255 erase_cnt=11 (vpc/ipc reset)
[EXP] [ERASE] ch=1 lun=0 pl=0 blk=25 pg=255 erase_cnt=11 (vpc/ipc reset)
[EXP] [ERASE] ch=1 lun=1 pl=0 blk=25 pg=255 erase_cnt=11 (vpc/ipc reset)
[EXP] [ERASE] ch=1 lun=2 pl=0 blk=25 pg=255 erase_cnt=11 (vpc/ipc reset)
[EXP] [ERASE] ch=1 lun=3 pl=0 blk=25 pg=255 erase_cnt=11 (vpc/ipc reset)
[EXP] [ERASE] ch=1 lun=4 pl=0 blk=25 pg=255 erase_cnt=11 (vpc/ipc reset)
[EXP] [ERASE] ch=1 lun=5 pl=0 blk=25 pg=255 erase_cnt=11 (vpc/ipc reset)
[EXP] [ERASE] ch=1 lun=6 pl=0 blk=25 pg=255 erase_cnt=11 (vpc/ipc reset)
[EXP] [ERASE] ch=1 lun=7 pl=0 blk=25 pg=255 erase_cnt=11 (vpc/ipc reset)
[EXP] [ERASE] ch=2 lun=0 pl=0 blk=25 pg=255 erase_cnt=11 (vpc/ipc reset)
[EXP] [ERASE] ch=2 lun=1 pl=0 blk=25 pg=255 erase_cnt=11 (vpc/ipc reset)
[EXP] [ERASE] ch=2 lun=2 pl=0 blk=25 pg=255 erase_cnt=11 (vpc/ipc reset)
[EXP] [ERASE] ch=2 lun=3 pl=0 blk=25 pg=255 erase_cnt=11 (vpc/ipc reset)
[EXP] [ERASE] ch=2 lun=4 pl=0 blk=25 pg=255 erase_cnt=11 (vpc/ipc reset)
[EXP] [ERASE] ch=2 lun=5 pl=0 blk=25 pg=255 erase_cnt=11 (vpc/ipc reset)
[EXP] [ERASE] ch=2 lun=6 pl=0 blk=25 pg=255 erase_cnt=11 (vpc/ipc reset)
[EXP] [ERASE] ch=2 lun=7 pl=0 blk=25 pg=255 erase_cnt=11 (vpc/ipc reset)
[EXP] [ERASE] ch=3 lun=0 pl=0 blk=25 pg=255 erase_cnt=11 (vpc/ipc reset)
[EXP] [ERASE] ch=3 lun=1 pl=0 blk=25 pg=255 erase_cnt=11 (vpc/ipc reset)
[EXP] [ERASE] ch=3 lun=2 pl=0 blk=25 pg=255 erase_cnt=11 (vpc/ipc reset)
[EXP] [ERASE] ch=3 lun=3 pl=0 blk=25 pg=255 erase_cnt=11 (vpc/ipc reset)
[EXP] [ERASE] ch=3 lun=4 pl=0 blk=25 pg=255 erase_cnt=11 (vpc/ipc reset)
[EXP] [ERASE] ch=3 lun=5 pl=0 blk=25 pg=255 erase_cnt=11 (vpc/ipc reset)
[EXP] [ERASE] ch=3 lun=6 pl=0 blk=25 pg=255 erase_cnt=11 (vpc/ipc reset)
[EXP] [ERASE] ch=3 lun=7 pl=0 blk=25 pg=255 erase_cnt=11 (vpc/ipc reset)
[EXP] [ERASE] ch=4 lun=0 pl=0 blk=25 pg=255 erase_cnt=11 (vpc/ipc reset)
[EXP] [ERASE] ch=4 lun=1 pl=0 blk=25 pg=255 erase_cnt=11 (vpc/ipc reset)
[EXP] [ERASE] ch=4 lun=2 pl=0 blk=25 pg=255 erase_cnt=11 (vpc/ipc reset)
[EXP] [ERASE] ch=4 lun=3 pl=0 blk=25 pg=255 erase_cnt=11 (vpc/ipc reset)
[EXP] [ERASE] ch=4 lun=4 pl=0 blk=25 pg=255 erase_cnt=11 (vpc/ipc reset)
[EXP] [ERASE] ch=4 lun=5 pl=0 blk=25 pg=255 erase_cnt=11 (vpc/ipc reset)
[EXP] [ERASE] ch=4 lun=6 pl=0 blk=25 pg=255 erase_cnt=11 (vpc/ipc reset)
[EXP] [ERASE] ch=4 lun=7 pl=0 blk=25 pg=255 erase_cnt=11 (vpc/ipc reset)
[EXP] [ERASE] ch=5 lun=0 pl=0 blk=25 pg=255 erase_cnt=11 (vpc/ipc reset)
[EXP] [ERASE] ch=5 lun=1 pl=0 blk=25 pg=255 erase_cnt=11 (vpc/ipc reset)
[EXP] [ERASE] ch=5 lun=2 pl=0 blk=25 pg=255 erase_cnt=11 (vpc/ipc reset)
[EXP] [ERASE] ch=5 lun=3 pl=0 blk=25 pg=255 erase_cnt=11 (vpc/ipc reset)
[EXP] [ERASE] ch=5 lun=4 pl=0 blk=25 pg=255 erase_cnt=11 (vpc/ipc reset)
[EXP] [ERASE] ch=5 lun=5 pl=0 blk=25 pg=255 erase_cnt=11 (vpc/ipc reset)
[EXP] [ERASE] ch=5 lun=6 pl=0 blk=25 pg=255 erase_cnt=11 (vpc/ipc reset)
[EXP] [ERASE] ch=5 lun=7 pl=0 blk=25 pg=255 erase_cnt=11 (vpc/ipc reset)
[EXP] [ERASE] ch=6 lun=0 pl=0 blk=25 pg=255 erase_cnt=11 (vpc/ipc reset)
[EXP] [ERASE] ch=6 lun=1 pl=0 blk=25 pg=255 erase_cnt=11 (vpc/ipc reset)
[EXP] [ERASE] ch=6 lun=2 pl=0 blk=25 pg=255 erase_cnt=11 (vpc/ipc reset)
[EXP] [ERASE] ch=6 lun=3 pl=0 blk=25 pg=255 erase_cnt=11 (vpc/ipc reset)
[EXP] [ERASE] ch=6 lun=4 pl=0 blk=25 pg=255 erase_cnt=11 (vpc/ipc reset)
[EXP] [ERASE] ch=6 lun=5 pl=0 blk=25 pg=255 erase_cnt=11 (vpc/ipc reset)
[EXP] [ERASE] ch=6 lun=6 pl=0 blk=25 pg=255 erase_cnt=11 (vpc/ipc reset)
[EXP] [ERASE] ch=6 lun=7 pl=0 blk=25 pg=255 erase_cnt=11 (vpc/ipc reset)
[EXP] [ERASE] ch=7 lun=0 pl=0 blk=25 pg=255 erase_cnt=11 (vpc/ipc reset)
[EXP] [ERASE] ch=7 lun=1 pl=0 blk=25 pg=255 erase_cnt=11 (vpc/ipc reset)
[EXP] [ERASE] ch=7 lun=2 pl=0 blk=25 pg=255 erase_cnt=11 (vpc/ipc reset)
[EXP] [ERASE] ch=7 lun=3 pl=0 blk=25 pg=255 erase_cnt=11 (vpc/ipc reset)
[EXP] [ERASE] ch=7 lun=4 pl=0 blk=25 pg=255 erase_cnt=11 (vpc/ipc reset)
[EXP] [ERASE] ch=7 lun=5 pl=0 blk=25 pg=255 erase_cnt=11 (vpc/ipc reset)
[EXP] [ERASE] ch=7 lun=6 pl=0 blk=25 pg=255 erase_cnt=11 (vpc/ipc reset)
[EXP] [ERASE] ch=7 lun=7 pl=0 blk=25 pg=255 erase_cnt=11 (vpc/ipc reset)
[EXP] [ERASE] ch=0 lun=0 pl=0 blk=34 pg=255 erase_cnt=8 (vpc/ipc reset)
[EXP] [ERASE] ch=0 lun=1 pl=0 blk=34 pg=255 erase_cnt=8 (vpc/ipc reset)
[EXP] [ERASE] ch=0 lun=2 pl=0 blk=34 pg=255 erase_cnt=8 (vpc/ipc reset)
[EXP] [ERASE] ch=0 lun=3 pl=0 blk=34 pg=255 erase_cnt=8 (vpc/ipc reset)
[EXP] [ERASE] ch=0 lun=4 pl=0 blk=34 pg=255 erase_cnt=8 (vpc/ipc reset)
[EXP] [ERASE] ch=0 lun=5 pl=0 blk=34 pg=255 erase_cnt=8 (vpc/ipc reset)
[EXP] [ERASE] ch=0 lun=6 pl=0 blk=34 pg=255 erase_cnt=8 (vpc/ipc reset)
[EXP] [ERASE] ch=0 lun=7 pl=0 blk=34 pg=255 erase_cnt=8 (vpc/ipc reset)
[EXP] [ERASE] ch=1 lun=0 pl=0 blk=34 pg=255 erase_cnt=8 (vpc/ipc reset)
[EXP] [ERASE] ch=1 lun=1 pl=0 blk=34 pg=255 erase_cnt=8 (vpc/ipc reset)
[EXP] [ERASE] ch=1 lun=2 pl=0 blk=34 pg=255 erase_cnt=8 (vpc/ipc reset)
[EXP] [ERASE] ch=1 lun=3 pl=0 blk=34 pg=255 erase_cnt=8 (vpc/ipc reset)
[EXP] [ERASE] ch=1 lun=4 pl=0 blk=34 pg=255 erase_cnt=8 (vpc/ipc reset)
[EXP] [ERASE] ch=1 lun=5 pl=0 blk=34 pg=255 erase_cnt=8 (vpc/ipc reset)
[EXP] [ERASE] ch=1 lun=6 pl=0 blk=34 pg=255 erase_cnt=8 (vpc/ipc reset)
[EXP] [ERASE] ch=1 lun=7 pl=0 blk=34 pg=255 erase_cnt=8 (vpc/ipc reset)
[EXP] [ERASE] ch=2 lun=0 pl=0 blk=34 pg=255 erase_cnt=8 (vpc/ipc reset)
[EXP] [ERASE] ch=2 lun=1 pl=0 blk=34 pg=255 erase_cnt=8 (vpc/ipc reset)
[EXP] [ERASE] ch=2 lun=2 pl=0 blk=34 pg=255 erase_cnt=8 (vpc/ipc reset)
[EXP] [ERASE] ch=2 lun=3 pl=0 blk=34 pg=255 erase_cnt=8 (vpc/ipc reset)
[EXP] [ERASE] ch=2 lun=4 pl=0 blk=34 pg=255 erase_cnt=8 (vpc/ipc reset)
[EXP] [ERASE] ch=2 lun=5 pl=0 blk=34 pg=255 erase_cnt=8 (vpc/ipc reset)
[EXP] [ERASE] ch=2 lun=6 pl=0 blk=34 pg=255 erase_cnt=8 (vpc/ipc reset)
[EXP] [ERASE] ch=2 lun=7 pl=0 blk=34 pg=255 erase_cnt=8 (vpc/ipc reset)
[EXP] [ERASE] ch=3 lun=0 pl=0 blk=34 pg=255 erase_cnt=8 (vpc/ipc reset)
[EXP] [ERASE] ch=3 lun=1 pl=0 blk=34 pg=255 erase_cnt=8 (vpc/ipc reset)
[EXP] [ERASE] ch=3 lun=2 pl=0 blk=34 pg=255 erase_cnt=8 (vpc/ipc reset)
[EXP] [ERASE] ch=3 lun=3 pl=0 blk=34 pg=255 erase_cnt=8 (vpc/ipc reset)
[EXP] [ERASE] ch=3 lun=4 pl=0 blk=34 pg=255 erase_cnt=8 (vpc/ipc reset)
[EXP] [ERASE] ch=3 lun=5 pl=0 blk=34 pg=255 erase_cnt=8 (vpc/ipc reset)
[EXP] [ERASE] ch=3 lun=6 pl=0 blk=34 pg=255 erase_cnt=8 (vpc/ipc reset)
[EXP] [ERASE] ch=3 lun=7 pl=0 blk=34 pg=255 erase_cnt=8 (vpc/ipc reset)
[EXP] [ERASE] ch=4 lun=0 pl=0 blk=34 pg=255 erase_cnt=8 (vpc/ipc reset)
[EXP] [ERASE] ch=4 lun=1 pl=0 blk=34 pg=255 erase_cnt=8 (vpc/ipc reset)
[EXP] [ERASE] ch=4 lun=2 pl=0 blk=34 pg=255 erase_cnt=8 (vpc/ipc reset)
[EXP] [ERASE] ch=4 lun=3 pl=0 blk=34 pg=255 erase_cnt=8 (vpc/ipc reset)
[EXP] [ERASE] ch=4 lun=4 pl=0 blk=34 pg=255 erase_cnt=8 (vpc/ipc reset)
[EXP] [ERASE] ch=4 lun=5 pl=0 blk=34 pg=255 erase_cnt=8 (vpc/ipc reset)
[EXP] [ERASE] ch=4 lun=6 pl=0 blk=34 pg=255 erase_cnt=8 (vpc/ipc reset)
[EXP] [ERASE] ch=4 lun=7 pl=0 blk=34 pg=255 erase_cnt=8 (vpc/ipc reset)
[EXP] [ERASE] ch=5 lun=0 pl=0 blk=34 pg=255 erase_cnt=8 (vpc/ipc reset)
[EXP] [ERASE] ch=5 lun=1 pl=0 blk=34 pg=255 erase_cnt=8 (vpc/ipc reset)
[EXP] [ERASE] ch=5 lun=2 pl=0 blk=34 pg=255 erase_cnt=8 (vpc/ipc reset)
[EXP] [ERASE] ch=5 lun=3 pl=0 blk=34 pg=255 erase_cnt=8 (vpc/ipc reset)
[EXP] [ERASE] ch=5 lun=4 pl=0 blk=34 pg=255 erase_cnt=8 (vpc/ipc reset)
[EXP] [ERASE] ch=5 lun=5 pl=0 blk=34 pg=255 erase_cnt=8 (vpc/ipc reset)
[EXP] [ERASE] ch=5 lun=6 pl=0 blk=34 pg=255 erase_cnt=8 (vpc/ipc reset)
[EXP] [ERASE] ch=5 lun=7 pl=0 blk=34 pg=255 erase_cnt=8 (vpc/ipc reset)
[EXP] [ERASE] ch=6 lun=0 pl=0 blk=34 pg=255 erase_cnt=8 (vpc/ipc reset)
[EXP] [ERASE] ch=6 lun=1 pl=0 blk=34 pg=255 erase_cnt=8 (vpc/ipc reset)
[EXP] [ERASE] ch=6 lun=2 pl=0 blk=34 pg=255 erase_cnt=8 (vpc/ipc reset)
[EXP] [ERASE] ch=6 lun=3 pl=0 blk=34 pg=255 erase_cnt=8 (vpc/ipc reset)
[EXP] [ERASE] ch=6 lun=4 pl=0 blk=34 pg=255 erase_cnt=8 (vpc/ipc reset)
[EXP] [ERASE] ch=6 lun=5 pl=0 blk=34 pg=255 erase_cnt=8 (vpc/ipc reset)
[EXP] [ERASE] ch=6 lun=6 pl=0 blk=34 pg=255 erase_cnt=8 (vpc/ipc reset)
[EXP] [ERASE] ch=6 lun=7 pl=0 blk=34 pg=255 erase_cnt=8 (vpc/ipc reset)
[EXP] [ERASE] ch=7 lun=0 pl=0 blk=34 pg=255 erase_cnt=8 (vpc/ipc reset)
[EXP] [ERASE] ch=7 lun=1 pl=0 blk=34 pg=255 erase_cnt=8 (vpc/ipc reset)
[EXP] [ERASE] ch=7 lun=2 pl=0 blk=34 pg=255 erase_cnt=8 (vpc/ipc reset)
[EXP] [ERASE] ch=7 lun=3 pl=0 blk=34 pg=255 erase_cnt=8 (vpc/ipc reset)
[EXP] [ERASE] ch=7 lun=4 pl=0 blk=34 pg=255 erase_cnt=8 (vpc/ipc reset)
[EXP] [ERASE] ch=7 lun=5 pl=0 blk=34 pg=255 erase_cnt=8 (vpc/ipc reset)
[EXP] [ERASE] ch=7 lun=6 pl=0 blk=34 pg=255 erase_cnt=8 (vpc/ipc reset)
[EXP] [ERASE] ch=7 lun=7 pl=0 blk=34 pg=255 erase_cnt=8 (vpc/ipc reset)
[EXP] [ERASE] ch=0 lun=0 pl=0 blk=57 pg=255 erase_cnt=9 (vpc/ipc reset)
[EXP] [ERASE] ch=0 lun=1 pl=0 blk=57 pg=255 erase_cnt=9 (vpc/ipc reset)
[EXP] [ERASE] ch=0 lun=2 pl=0 blk=57 pg=255 erase_cnt=9 (vpc/ipc reset)
[EXP] [ERASE] ch=0 lun=3 pl=0 blk=57 pg=255 erase_cnt=9 (vpc/ipc reset)
[EXP] [ERASE] ch=0 lun=4 pl=0 blk=57 pg=255 erase_cnt=9 (vpc/ipc reset)
[EXP] [ERASE] ch=0 lun=5 pl=0 blk=57 pg=255 erase_cnt=9 (vpc/ipc reset)
[EXP] [ERASE] ch=0 lun=6 pl=0 blk=57 pg=255 erase_cnt=9 (vpc/ipc reset)
[EXP] [ERASE] ch=0 lun=7 pl=0 blk=57 pg=255 erase_cnt=9 (vpc/ipc reset)
[EXP] [ERASE] ch=1 lun=0 pl=0 blk=57 pg=255 erase_cnt=9 (vpc/ipc reset)
[EXP] [ERASE] ch=1 lun=1 pl=0 blk=57 pg=255 erase_cnt=9 (vpc/ipc reset)
[EXP] [ERASE] ch=1 lun=2 pl=0 blk=57 pg=255 erase_cnt=9 (vpc/ipc reset)
[EXP] [ERASE] ch=1 lun=3 pl=0 blk=57 pg=255 erase_cnt=9 (vpc/ipc reset)
[EXP] [ERASE] ch=1 lun=4 pl=0 blk=57 pg=255 erase_cnt=9 (vpc/ipc reset)
[EXP] [ERASE] ch=1 lun=5 pl=0 blk=57 pg=255 erase_cnt=9 (vpc/ipc reset)
[EXP] [ERASE] ch=1 lun=6 pl=0 blk=57 pg=255 erase_cnt=9 (vpc/ipc reset)
[EXP] [ERASE] ch=1 lun=7 pl=0 blk=57 pg=255 erase_cnt=9 (vpc/ipc reset)
[EXP] [ERASE] ch=2 lun=0 pl=0 blk=57 pg=255 erase_cnt=9 (vpc/ipc reset)
[EXP] [ERASE] ch=2 lun=1 pl=0 blk=57 pg=255 erase_cnt=9 (vpc/ipc reset)
[EXP] [ERASE] ch=2 lun=2 pl=0 blk=57 pg=255 erase_cnt=9 (vpc/ipc reset)
[EXP] [ERASE] ch=2 lun=3 pl=0 blk=57 pg=255 erase_cnt=9 (vpc/ipc reset)
[EXP] [ERASE] ch=2 lun=4 pl=0 blk=57 pg=255 erase_cnt=9 (vpc/ipc reset)
[EXP] [ERASE] ch=2 lun=5 pl=0 blk=57 pg=255 erase_cnt=9 (vpc/ipc reset)
[EXP] [ERASE] ch=2 lun=6 pl=0 blk=57 pg=255 erase_cnt=9 (vpc/ipc reset)
[EXP] [ERASE] ch=2 lun=7 pl=0 blk=57 pg=255 erase_cnt=9 (vpc/ipc reset)
[EXP] [ERASE] ch=3 lun=0 pl=0 blk=57 pg=255 erase_cnt=9 (vpc/ipc reset)
[EXP] [ERASE] ch=3 lun=1 pl=0 blk=57 pg=255 erase_cnt=9 (vpc/ipc reset)
[EXP] [ERASE] ch=3 lun=2 pl=0 blk=57 pg=255 erase_cnt=9 (vpc/ipc reset)
[EXP] [ERASE] ch=3 lun=3 pl=0 blk=57 pg=255 erase_cnt=9 (vpc/ipc reset)
[EXP] [ERASE] ch=3 lun=4 pl=0 blk=57 pg=255 erase_cnt=9 (vpc/ipc reset)
[EXP] [ERASE] ch=3 lun=5 pl=0 blk=57 pg=255 erase_cnt=9 (vpc/ipc reset)
[EXP] [ERASE] ch=3 lun=6 pl=0 blk=57 pg=255 erase_cnt=9 (vpc/ipc reset)
[EXP] [ERASE] ch=3 lun=7 pl=0 blk=57 pg=255 erase_cnt=9 (vpc/ipc reset)
[EXP] [ERASE] ch=4 lun=0 pl=0 blk=57 pg=255 erase_cnt=9 (vpc/ipc reset)
[EXP] [ERASE] ch=4 lun=1 pl=0 blk=57 pg=255 erase_cnt=9 (vpc/ipc reset)
[EXP] [ERASE] ch=4 lun=2 pl=0 blk=57 pg=255 erase_cnt=9 (vpc/ipc reset)
[EXP] [ERASE] ch=4 lun=3 pl=0 blk=57 pg=255 erase_cnt=9 (vpc/ipc reset)
[EXP] [ERASE] ch=4 lun=4 pl=0 blk=57 pg=255 erase_cnt=9 (vpc/ipc reset)
[EXP] [ERASE] ch=4 lun=5 pl=0 blk=57 pg=255 erase_cnt=9 (vpc/ipc reset)
[EXP] [ERASE] ch=4 lun=6 pl=0 blk=57 pg=255 erase_cnt=9 (vpc/ipc reset)
[EXP] [ERASE] ch=4 lun=7 pl=0 blk=57 pg=255 erase_cnt=9 (vpc/ipc reset)
[EXP] [ERASE] ch=5 lun=0 pl=0 blk=57 pg=255 erase_cnt=9 (vpc/ipc reset)
[EXP] [ERASE] ch=5 lun=1 pl=0 blk=57 pg=255 erase_cnt=9 (vpc/ipc reset)
[EXP] [ERASE] ch=5 lun=2 pl=0 blk=57 pg=255 erase_cnt=9 (vpc/ipc reset)
[EXP] [ERASE] ch=5 lun=3 pl=0 blk=57 pg=255 erase_cnt=9 (vpc/ipc reset)
[EXP] [ERASE] ch=5 lun=4 pl=0 blk=57 pg=255 erase_cnt=9 (vpc/ipc reset)
[EXP] [ERASE] ch=5 lun=5 pl=0 blk=57 pg=255 erase_cnt=9 (vpc/ipc reset)
[EXP] [ERASE] ch=5 lun=6 pl=0 blk=57 pg=255 erase_cnt=9 (vpc/ipc reset)
[EXP] [ERASE] ch=5 lun=7 pl=0 blk=57 pg=255 erase_cnt=9 (vpc/ipc reset)
[EXP] [ERASE] ch=6 lun=0 pl=0 blk=57 pg=255 erase_cnt=9 (vpc/ipc reset)
[EXP] [ERASE] ch=6 lun=1 pl=0 blk=57 pg=255 erase_cnt=9 (vpc/ipc reset)
[EXP] [ERASE] ch=6 lun=2 pl=0 blk=57 pg=255 erase_cnt=9 (vpc/ipc reset)
[EXP] [ERASE] ch=6 lun=3 pl=0 blk=57 pg=255 erase_cnt=9 (vpc/ipc reset)
[EXP] [ERASE] ch=6 lun=4 pl=0 blk=57 pg=255 erase_cnt=9 (vpc/ipc reset)
[EXP] [ERASE] ch=6 lun=5 pl=0 blk=57 pg=255 erase_cnt=9 (vpc/ipc reset)
[EXP] [ERASE] ch=6 lun=6 pl=0 blk=57 pg=255 erase_cnt=9 (vpc/ipc reset)
[EXP] [ERASE] ch=6 lun=7 pl=0 blk=57 pg=255 erase_cnt=9 (vpc/ipc reset)
[EXP] [ERASE] ch=7 lun=0 pl=0 blk=57 pg=255 erase_cnt=9 (vpc/ipc reset)
[EXP] [ERASE] ch=7 lun=1 pl=0 blk=57 pg=255 erase_cnt=9 (vpc/ipc reset)
[EXP] [ERASE] ch=7 lun=2 pl=0 blk=57 pg=255 erase_cnt=9 (vpc/ipc reset)
[EXP] [ERASE] ch=7 lun=3 pl=0 blk=57 pg=255 erase_cnt=9 (vpc/ipc reset)
[EXP] [ERASE] ch=7 lun=4 pl=0 blk=57 pg=255 erase_cnt=9 (vpc/ipc reset)
[EXP] [ERASE] ch=7 lun=5 pl=0 blk=57 pg=255 erase_cnt=9 (vpc/ipc reset)
[EXP] [ERASE] ch=7 lun=6 pl=0 blk=57 pg=255 erase_cnt=9 (vpc/ipc reset)
[EXP] [ERASE] ch=7 lun=7 pl=0 blk=57 pg=255 erase_cnt=9 (vpc/ipc reset)
[EXP] [ERASE] ch=0 lun=0 pl=0 blk=103 pg=255 erase_cnt=9 (vpc/ipc reset)
[EXP] [ERASE] ch=0 lun=1 pl=0 blk=103 pg=255 erase_cnt=9 (vpc/ipc reset)
[EXP] [ERASE] ch=0 lun=2 pl=0 blk=103 pg=255 erase_cnt=9 (vpc/ipc reset)
[EXP] [ERASE] ch=0 lun=3 pl=0 blk=103 pg=255 erase_cnt=9 (vpc/ipc reset)
[EXP] [ERASE] ch=0 lun=4 pl=0 blk=103 pg=255 erase_cnt=9 (vpc/ipc reset)
[EXP] [ERASE] ch=0 lun=5 pl=0 blk=103 pg=255 erase_cnt=9 (vpc/ipc reset)
[EXP] [ERASE] ch=0 lun=6 pl=0 blk=103 pg=255 erase_cnt=9 (vpc/ipc reset)
[EXP] [ERASE] ch=0 lun=7 pl=0 blk=103 pg=255 erase_cnt=9 (vpc/ipc reset)
[EXP] [ERASE] ch=1 lun=0 pl=0 blk=103 pg=255 erase_cnt=9 (vpc/ipc reset)
[EXP] [ERASE] ch=1 lun=1 pl=0 blk=103 pg=255 erase_cnt=9 (vpc/ipc reset)
[EXP] [ERASE] ch=1 lun=2 pl=0 blk=103 pg=255 erase_cnt=9 (vpc/ipc reset)
[EXP] [ERASE] ch=1 lun=3 pl=0 blk=103 pg=255 erase_cnt=9 (vpc/ipc reset)
[EXP] [ERASE] ch=1 lun=4 pl=0 blk=103 pg=255 erase_cnt=9 (vpc/ipc reset)
[EXP] [ERASE] ch=1 lun=5 pl=0 blk=103 pg=255 erase_cnt=9 (vpc/ipc reset)
[EXP] [ERASE] ch=1 lun=6 pl=0 blk=103 pg=255 erase_cnt=9 (vpc/ipc reset)
[EXP] [ERASE] ch=1 lun=7 pl=0 blk=103 pg=255 erase_cnt=9 (vpc/ipc reset)
[EXP] [ERASE] ch=2 lun=0 pl=0 blk=103 pg=255 erase_cnt=9 (vpc/ipc reset)
[EXP] [ERASE] ch=2 lun=1 pl=0 blk=103 pg=255 erase_cnt=9 (vpc/ipc reset)
[EXP] [ERASE] ch=2 lun=2 pl=0 blk=103 pg=255 erase_cnt=9 (vpc/ipc reset)
[EXP] [ERASE] ch=2 lun=3 pl=0 blk=103 pg=255 erase_cnt=9 (vpc/ipc reset)
[EXP] [ERASE] ch=2 lun=4 pl=0 blk=103 pg=255 erase_cnt=9 (vpc/ipc reset)
[EXP] [ERASE] ch=2 lun=5 pl=0 blk=103 pg=255 erase_cnt=9 (vpc/ipc reset)
[EXP] [ERASE] ch=2 lun=6 pl=0 blk=103 pg=255 erase_cnt=9 (vpc/ipc reset)
[EXP] [ERASE] ch=2 lun=7 pl=0 blk=103 pg=255 erase_cnt=9 (vpc/ipc reset)
[EXP] [ERASE] ch=3 lun=0 pl=0 blk=103 pg=255 erase_cnt=9 (vpc/ipc reset)
[EXP] [ERASE] ch=3 lun=1 pl=0 blk=103 pg=255 erase_cnt=9 (vpc/ipc reset)
[EXP] [ERASE] ch=3 lun=2 pl=0 blk=103 pg=255 erase_cnt=9 (vpc/ipc reset)
[EXP] [ERASE] ch=3 lun=3 pl=0 blk=103 pg=255 erase_cnt=9 (vpc/ipc reset)
[EXP] [ERASE] ch=3 lun=4 pl=0 blk=103 pg=255 erase_cnt=9 (vpc/ipc reset)
[EXP] [ERASE] ch=3 lun=5 pl=0 blk=103 pg=255 erase_cnt=9 (vpc/ipc reset)
[EXP] [ERASE] ch=3 lun=6 pl=0 blk=103 pg=255 erase_cnt=9 (vpc/ipc reset)
[EXP] [ERASE] ch=3 lun=7 pl=0 blk=103 pg=255 erase_cnt=9 (vpc/ipc reset)
[EXP] [ERASE] ch=4 lun=0 pl=0 blk=103 pg=255 erase_cnt=9 (vpc/ipc reset)
[EXP] [ERASE] ch=4 lun=1 pl=0 blk=103 pg=255 erase_cnt=9 (vpc/ipc reset)
[EXP] [ERASE] ch=4 lun=2 pl=0 blk=103 pg=255 erase_cnt=9 (vpc/ipc reset)
[EXP] [ERASE] ch=4 lun=3 pl=0 blk=103 pg=255 erase_cnt=9 (vpc/ipc reset)
[EXP] [ERASE] ch=4 lun=4 pl=0 blk=103 pg=255 erase_cnt=9 (vpc/ipc reset)
[EXP] [ERASE] ch=4 lun=5 pl=0 blk=103 pg=255 erase_cnt=9 (vpc/ipc reset)
[EXP] [ERASE] ch=4 lun=6 pl=0 blk=103 pg=255 erase_cnt=9 (vpc/ipc reset)
[EXP] [ERASE] ch=4 lun=7 pl=0 blk=103 pg=255 erase_cnt=9 (vpc/ipc reset)
[EXP] [ERASE] ch=5 lun=0 pl=0 blk=103 pg=255 erase_cnt=9 (vpc/ipc reset)
[EXP] [ERASE] ch=5 lun=1 pl=0 blk=103 pg=255 erase_cnt=9 (vpc/ipc reset)
[EXP] [ERASE] ch=5 lun=2 pl=0 blk=103 pg=255 erase_cnt=9 (vpc/ipc reset)
[EXP] [ERASE] ch=5 lun=3 pl=0 blk=103 pg=255 erase_cnt=9 (vpc/ipc reset)
[EXP] [ERASE] ch=5 lun=4 pl=0 blk=103 pg=255 erase_cnt=9 (vpc/ipc reset)
[EXP] [ERASE] ch=5 lun=5 pl=0 blk=103 pg=255 erase_cnt=9 (vpc/ipc reset)
[EXP] [ERASE] ch=5 lun=6 pl=0 blk=103 pg=255 erase_cnt=9 (vpc/ipc reset)
[EXP] [ERASE] ch=5 lun=7 pl=0 blk=103 pg=255 erase_cnt=9 (vpc/ipc reset)
[EXP] [ERASE] ch=6 lun=0 pl=0 blk=103 pg=255 erase_cnt=9 (vpc/ipc reset)
[EXP] [ERASE] ch=6 lun=1 pl=0 blk=103 pg=255 erase_cnt=9 (vpc/ipc reset)
[EXP] [ERASE] ch=6 lun=2 pl=0 blk=103 pg=255 erase_cnt=9 (vpc/ipc reset)
[EXP] [ERASE] ch=6 lun=3 pl=0 blk=103 pg=255 erase_cnt=9 (vpc/ipc reset)
[EXP] [ERASE] ch=6 lun=4 pl=0 blk=103 pg=255 erase_cnt=9 (vpc/ipc reset)
[EXP] [ERASE] ch=6 lun=5 pl=0 blk=103 pg=255 erase_cnt=9 (vpc/ipc reset)
[EXP] [ERASE] ch=6 lun=6 pl=0 blk=103 pg=255 erase_cnt=9 (vpc/ipc reset)
[EXP] [ERASE] ch=6 lun=7 pl=0 blk=103 pg=255 erase_cnt=9 (vpc/ipc reset)
[EXP] [ERASE] ch=7 lun=0 pl=0 blk=103 pg=255 erase_cnt=9 (vpc/ipc reset)
[EXP] [ERASE] ch=7 lun=1 pl=0 blk=103 pg=255 erase_cnt=9 (vpc/ipc reset)
[EXP] [ERASE] ch=7 lun=2 pl=0 blk=103 pg=255 erase_cnt=9 (vpc/ipc reset)
[EXP] [ERASE] ch=7 lun=3 pl=0 blk=103 pg=255 erase_cnt=9 (vpc/ipc reset)
[EXP] [ERASE] ch=7 lun=4 pl=0 blk=103 pg=255 erase_cnt=9 (vpc/ipc reset)
[EXP] [ERASE] ch=7 lun=5 pl=0 blk=103 pg=255 erase_cnt=9 (vpc/ipc reset)
[EXP] [ERASE] ch=7 lun=6 pl=0 blk=103 pg=255 erase_cnt=9 (vpc/ipc reset)
[EXP] [ERASE] ch=7 lun=7 pl=0 blk=103 pg=255 erase_cnt=9 (vpc/ipc reset)
[EXP] [ERASE] ch=0 lun=0 pl=0 blk=99 pg=255 erase_cnt=10 (vpc/ipc reset)
[EXP] [ERASE] ch=0 lun=1 pl=0 blk=99 pg=255 erase_cnt=10 (vpc/ipc reset)
[EXP] [ERASE] ch=0 lun=2 pl=0 blk=99 pg=255 erase_cnt=10 (vpc/ipc reset)
[EXP] [ERASE] ch=0 lun=3 pl=0 blk=99 pg=255 erase_cnt=10 (vpc/ipc reset)
[EXP] [ERASE] ch=0 lun=4 pl=0 blk=99 pg=255 erase_cnt=10 (vpc/ipc reset)
[EXP] [ERASE] ch=0 lun=5 pl=0 blk=99 pg=255 erase_cnt=10 (vpc/ipc reset)
[EXP] [ERASE] ch=0 lun=6 pl=0 blk=99 pg=255 erase_cnt=10 (vpc/ipc reset)
[EXP] [ERASE] ch=0 lun=7 pl=0 blk=99 pg=255 erase_cnt=10 (vpc/ipc reset)
[EXP] [ERASE] ch=1 lun=0 pl=0 blk=99 pg=255 erase_cnt=10 (vpc/ipc reset)
[EXP] [ERASE] ch=1 lun=1 pl=0 blk=99 pg=255 erase_cnt=10 (vpc/ipc reset)
[EXP] [ERASE] ch=1 lun=2 pl=0 blk=99 pg=255 erase_cnt=10 (vpc/ipc reset)
[EXP] [ERASE] ch=1 lun=3 pl=0 blk=99 pg=255 erase_cnt=10 (vpc/ipc reset)
[EXP] [ERASE] ch=1 lun=4 pl=0 blk=99 pg=255 erase_cnt=10 (vpc/ipc reset)
[EXP] [ERASE] ch=1 lun=5 pl=0 blk=99 pg=255 erase_cnt=10 (vpc/ipc reset)
[EXP] [ERASE] ch=1 lun=6 pl=0 blk=99 pg=255 erase_cnt=10 (vpc/ipc reset)
[EXP] [ERASE] ch=1 lun=7 pl=0 blk=99 pg=255 erase_cnt=10 (vpc/ipc reset)
[EXP] [ERASE] ch=2 lun=0 pl=0 blk=99 pg=255 erase_cnt=10 (vpc/ipc reset)
[EXP] [ERASE] ch=2 lun=1 pl=0 blk=99 pg=255 erase_cnt=10 (vpc/ipc reset)
[EXP] [ERASE] ch=2 lun=2 pl=0 blk=99 pg=255 erase_cnt=10 (vpc/ipc reset)
[EXP] [ERASE] ch=2 lun=3 pl=0 blk=99 pg=255 erase_cnt=10 (vpc/ipc reset)
[EXP] [ERASE] ch=2 lun=4 pl=0 blk=99 pg=255 erase_cnt=10 (vpc/ipc reset)
[EXP] [ERASE] ch=2 lun=5 pl=0 blk=99 pg=255 erase_cnt=10 (vpc/ipc reset)
[EXP] [ERASE] ch=2 lun=6 pl=0 blk=99 pg=255 erase_cnt=10 (vpc/ipc reset)
[EXP] [ERASE] ch=2 lun=7 pl=0 blk=99 pg=255 erase_cnt=10 (vpc/ipc reset)
[EXP] [ERASE] ch=3 lun=0 pl=0 blk=99 pg=255 erase_cnt=10 (vpc/ipc reset)
[EXP] [ERASE] ch=3 lun=1 pl=0 blk=99 pg=255 erase_cnt=10 (vpc/ipc reset)
[EXP] [ERASE] ch=3 lun=2 pl=0 blk=99 pg=255 erase_cnt=10 (vpc/ipc reset)
[EXP] [ERASE] ch=3 lun=3 pl=0 blk=99 pg=255 erase_cnt=10 (vpc/ipc reset)
[EXP] [ERASE] ch=3 lun=4 pl=0 blk=99 pg=255 erase_cnt=10 (vpc/ipc reset)
[EXP] [ERASE] ch=3 lun=5 pl=0 blk=99 pg=255 erase_cnt=10 (vpc/ipc reset)
[EXP] [ERASE] ch=3 lun=6 pl=0 blk=99 pg=255 erase_cnt=10 (vpc/ipc reset)
[EXP] [ERASE] ch=3 lun=7 pl=0 blk=99 pg=255 erase_cnt=10 (vpc/ipc reset)
[EXP] [ERASE] ch=4 lun=0 pl=0 blk=99 pg=255 erase_cnt=10 (vpc/ipc reset)
[EXP] [ERASE] ch=4 lun=1 pl=0 blk=99 pg=255 erase_cnt=10 (vpc/ipc reset)
[EXP] [ERASE] ch=4 lun=2 pl=0 blk=99 pg=255 erase_cnt=10 (vpc/ipc reset)
[EXP] [ERASE] ch=4 lun=3 pl=0 blk=99 pg=255 erase_cnt=10 (vpc/ipc reset)
[EXP] [ERASE] ch=4 lun=4 pl=0 blk=99 pg=255 erase_cnt=10 (vpc/ipc reset)
[EXP] [ERASE] ch=4 lun=5 pl=0 blk=99 pg=255 erase_cnt=10 (vpc/ipc reset)
[EXP] [ERASE] ch=4 lun=6 pl=0 blk=99 pg=255 erase_cnt=10 (vpc/ipc reset)
[EXP] [ERASE] ch=4 lun=7 pl=0 blk=99 pg=255 erase_cnt=10 (vpc/ipc reset)
[EXP] [ERASE] ch=5 lun=0 pl=0 blk=99 pg=255 erase_cnt=10 (vpc/ipc reset)
[EXP] [ERASE] ch=5 lun=1 pl=0 blk=99 pg=255 erase_cnt=10 (vpc/ipc reset)
[EXP] [ERASE] ch=5 lun=2 pl=0 blk=99 pg=255 erase_cnt=10 (vpc/ipc reset)
[EXP] [ERASE] ch=5 lun=3 pl=0 blk=99 pg=255 erase_cnt=10 (vpc/ipc reset)
[EXP] [ERASE] ch=5 lun=4 pl=0 blk=99 pg=255 erase_cnt=10 (vpc/ipc reset)
[EXP] [ERASE] ch=5 lun=5 pl=0 blk=99 pg=255 erase_cnt=10 (vpc/ipc reset)
[EXP] [ERASE] ch=5 lun=6 pl=0 blk=99 pg=255 erase_cnt=10 (vpc/ipc reset)
[EXP] [ERASE] ch=5 lun=7 pl=0 blk=99 pg=255 erase_cnt=10 (vpc/ipc reset)
[EXP] [ERASE] ch=6 lun=0 pl=0 blk=99 pg=255 erase_cnt=10 (vpc/ipc reset)
[EXP] [ERASE] ch=6 lun=1 pl=0 blk=99 pg=255 erase_cnt=10 (vpc/ipc reset)
[EXP] [ERASE] ch=6 lun=2 pl=0 blk=99 pg=255 erase_cnt=10 (vpc/ipc reset)
[EXP] [ERASE] ch=6 lun=3 pl=0 blk=99 pg=255 erase_cnt=10 (vpc/ipc reset)
[EXP] [ERASE] ch=6 lun=4 pl=0 blk=99 pg=255 erase_cnt=10 (vpc/ipc reset)
[EXP] [ERASE] ch=6 lun=5 pl=0 blk=99 pg=255 erase_cnt=10 (vpc/ipc reset)
[EXP] [ERASE] ch=6 lun=6 pl=0 blk=99 pg=255 erase_cnt=10 (vpc/ipc reset)
[EXP] [ERASE] ch=6 lun=7 pl=0 blk=99 pg=255 erase_cnt=10 (vpc/ipc reset)
[EXP] [ERASE] ch=7 lun=0 pl=0 blk=99 pg=255 erase_cnt=10 (vpc/ipc reset)
[EXP] [ERASE] ch=7 lun=1 pl=0 blk=99 pg=255 erase_cnt=10 (vpc/ipc reset)
[EXP] [ERASE] ch=7 lun=2 pl=0 blk=99 pg=255 erase_cnt=10 (vpc/ipc reset)
[EXP] [ERASE] ch=7 lun=3 pl=0 blk=99 pg=255 erase_cnt=10 (vpc/ipc reset)
[EXP] [ERASE] ch=7 lun=4 pl=0 blk=99 pg=255 erase_cnt=10 (vpc/ipc reset)
[EXP] [ERASE] ch=7 lun=5 pl=0 blk=99 pg=255 erase_cnt=10 (vpc/ipc reset)
[EXP] [ERASE] ch=7 lun=6 pl=0 blk=99 pg=255 erase_cnt=10 (vpc/ipc reset)
[EXP] [ERASE] ch=7 lun=7 pl=0 blk=99 pg=255 erase_cnt=10 (vpc/ipc reset)
[EXP] [ERASE] ch=0 lun=0 pl=0 blk=97 pg=255 erase_cnt=12 (vpc/ipc reset)
[EXP] [ERASE] ch=0 lun=1 pl=0 blk=97 pg=255 erase_cnt=12 (vpc/ipc reset)
[EXP] [ERASE] ch=0 lun=2 pl=0 blk=97 pg=255 erase_cnt=12 (vpc/ipc reset)
[EXP] [ERASE] ch=0 lun=3 pl=0 blk=97 pg=255 erase_cnt=12 (vpc/ipc reset)
[EXP] [ERASE] ch=0 lun=4 pl=0 blk=97 pg=255 erase_cnt=12 (vpc/ipc reset)
[EXP] [ERASE] ch=0 lun=5 pl=0 blk=97 pg=255 erase_cnt=12 (vpc/ipc reset)
[EXP] [ERASE] ch=0 lun=6 pl=0 blk=97 pg=255 erase_cnt=12 (vpc/ipc reset)
[EXP] [ERASE] ch=0 lun=7 pl=0 blk=97 pg=255 erase_cnt=12 (vpc/ipc reset)
[EXP] [ERASE] ch=1 lun=0 pl=0 blk=97 pg=255 erase_cnt=12 (vpc/ipc reset)
[EXP] [ERASE] ch=1 lun=1 pl=0 blk=97 pg=255 erase_cnt=12 (vpc/ipc reset)
[EXP] [ERASE] ch=1 lun=2 pl=0 blk=97 pg=255 erase_cnt=12 (vpc/ipc reset)
[EXP] [ERASE] ch=1 lun=3 pl=0 blk=97 pg=255 erase_cnt=12 (vpc/ipc reset)
[EXP] [ERASE] ch=1 lun=4 pl=0 blk=97 pg=255 erase_cnt=12 (vpc/ipc reset)
[EXP] [ERASE] ch=1 lun=5 pl=0 blk=97 pg=255 erase_cnt=12 (vpc/ipc reset)
[EXP] [ERASE] ch=1 lun=6 pl=0 blk=97 pg=255 erase_cnt=12 (vpc/ipc reset)
[EXP] [ERASE] ch=1 lun=7 pl=0 blk=97 pg=255 erase_cnt=12 (vpc/ipc reset)
[EXP] [ERASE] ch=2 lun=0 pl=0 blk=97 pg=255 erase_cnt=12 (vpc/ipc reset)
[EXP] [ERASE] ch=2 lun=1 pl=0 blk=97 pg=255 erase_cnt=12 (vpc/ipc reset)
[EXP] [ERASE] ch=2 lun=2 pl=0 blk=97 pg=255 erase_cnt=12 (vpc/ipc reset)
[EXP] [ERASE] ch=2 lun=3 pl=0 blk=97 pg=255 erase_cnt=12 (vpc/ipc reset)
[EXP] [ERASE] ch=2 lun=4 pl=0 blk=97 pg=255 erase_cnt=12 (vpc/ipc reset)
[EXP] [ERASE] ch=2 lun=5 pl=0 blk=97 pg=255 erase_cnt=12 (vpc/ipc reset)
[EXP] [ERASE] ch=2 lun=6 pl=0 blk=97 pg=255 erase_cnt=12 (vpc/ipc reset)
[EXP] [ERASE] ch=2 lun=7 pl=0 blk=97 pg=255 erase_cnt=12 (vpc/ipc reset)
[EXP] [ERASE] ch=3 lun=0 pl=0 blk=97 pg=255 erase_cnt=12 (vpc/ipc reset)
[EXP] [ERASE] ch=3 lun=1 pl=0 blk=97 pg=255 erase_cnt=12 (vpc/ipc reset)
[EXP] [ERASE] ch=3 lun=2 pl=0 blk=97 pg=255 erase_cnt=12 (vpc/ipc reset)
[EXP] [ERASE] ch=3 lun=3 pl=0 blk=97 pg=255 erase_cnt=12 (vpc/ipc reset)
[EXP] [ERASE] ch=3 lun=4 pl=0 blk=97 pg=255 erase_cnt=12 (vpc/ipc reset)
[EXP] [ERASE] ch=3 lun=5 pl=0 blk=97 pg=255 erase_cnt=12 (vpc/ipc reset)
[EXP] [ERASE] ch=3 lun=6 pl=0 blk=97 pg=255 erase_cnt=12 (vpc/ipc reset)
[EXP] [ERASE] ch=3 lun=7 pl=0 blk=97 pg=255 erase_cnt=12 (vpc/ipc reset)
[EXP] [ERASE] ch=4 lun=0 pl=0 blk=97 pg=255 erase_cnt=12 (vpc/ipc reset)
[EXP] [ERASE] ch=4 lun=1 pl=0 blk=97 pg=255 erase_cnt=12 (vpc/ipc reset)
[EXP] [ERASE] ch=4 lun=2 pl=0 blk=97 pg=255 erase_cnt=12 (vpc/ipc reset)
[EXP] [ERASE] ch=4 lun=3 pl=0 blk=97 pg=255 erase_cnt=12 (vpc/ipc reset)
[EXP] [ERASE] ch=4 lun=4 pl=0 blk=97 pg=255 erase_cnt=12 (vpc/ipc reset)
[EXP] [ERASE] ch=4 lun=5 pl=0 blk=97 pg=255 erase_cnt=12 (vpc/ipc reset)
[EXP] [ERASE] ch=4 lun=6 pl=0 blk=97 pg=255 erase_cnt=12 (vpc/ipc reset)
[EXP] [ERASE] ch=4 lun=7 pl=0 blk=97 pg=255 erase_cnt=12 (vpc/ipc reset)
[EXP] [ERASE] ch=5 lun=0 pl=0 blk=97 pg=255 erase_cnt=12 (vpc/ipc reset)
[EXP] [ERASE] ch=5 lun=1 pl=0 blk=97 pg=255 erase_cnt=12 (vpc/ipc reset)
[EXP] [ERASE] ch=5 lun=2 pl=0 blk=97 pg=255 erase_cnt=12 (vpc/ipc reset)
[EXP] [ERASE] ch=5 lun=3 pl=0 blk=97 pg=255 erase_cnt=12 (vpc/ipc reset)
[EXP] [ERASE] ch=5 lun=4 pl=0 blk=97 pg=255 erase_cnt=12 (vpc/ipc reset)
[EXP] [ERASE] ch=5 lun=5 pl=0 blk=97 pg=255 erase_cnt=12 (vpc/ipc reset)
[EXP] [ERASE] ch=5 lun=6 pl=0 blk=97 pg=255 erase_cnt=12 (vpc/ipc reset)
[EXP] [ERASE] ch=5 lun=7 pl=0 blk=97 pg=255 erase_cnt=12 (vpc/ipc reset)
[EXP] [ERASE] ch=6 lun=0 pl=0 blk=97 pg=255 erase_cnt=12 (vpc/ipc reset)
[EXP] [ERASE] ch=6 lun=1 pl=0 blk=97 pg=255 erase_cnt=12 (vpc/ipc reset)
[EXP] [ERASE] ch=6 lun=2 pl=0 blk=97 pg=255 erase_cnt=12 (vpc/ipc reset)
[EXP] [ERASE] ch=6 lun=3 pl=0 blk=97 pg=255 erase_cnt=12 (vpc/ipc reset)
[EXP] [ERASE] ch=6 lun=4 pl=0 blk=97 pg=255 erase_cnt=12 (vpc/ipc reset)
[EXP] [ERASE] ch=6 lun=5 pl=0 blk=97 pg=255 erase_cnt=12 (vpc/ipc reset)
[EXP] [ERASE] ch=6 lun=6 pl=0 blk=97 pg=255 erase_cnt=12 (vpc/ipc reset)
[EXP] [ERASE] ch=6 lun=7 pl=0 blk=97 pg=255 erase_cnt=12 (vpc/ipc reset)
[EXP] [ERASE] ch=7 lun=0 pl=0 blk=97 pg=255 erase_cnt=12 (vpc/ipc reset)
[EXP] [ERASE] ch=7 lun=1 pl=0 blk=97 pg=255 erase_cnt=12 (vpc/ipc reset)
[EXP] [ERASE] ch=7 lun=2 pl=0 blk=97 pg=255 erase_cnt=12 (vpc/ipc reset)
[EXP] [ERASE] ch=7 lun=3 pl=0 blk=97 pg=255 erase_cnt=12 (vpc/ipc reset)
[EXP] [ERASE] ch=7 lun=4 pl=0 blk=97 pg=255 erase_cnt=12 (vpc/ipc reset)
[EXP] [ERASE] ch=7 lun=5 pl=0 blk=97 pg=255 erase_cnt=12 (vpc/ipc reset)
[EXP] [ERASE] ch=7 lun=6 pl=0 blk=97 pg=255 erase_cnt=12 (vpc/ipc reset)
[EXP] [ERASE] ch=7 lun=7 pl=0 blk=97 pg=255 erase_cnt=12 (vpc/ipc reset)
[EXP] [ERASE] ch=0 lun=0 pl=0 blk=55 pg=255 erase_cnt=9 (vpc/ipc reset)
[EXP] [ERASE] ch=0 lun=1 pl=0 blk=55 pg=255 erase_cnt=9 (vpc/ipc reset)
[EXP] [ERASE] ch=0 lun=2 pl=0 blk=55 pg=255 erase_cnt=9 (vpc/ipc reset)
[EXP] [ERASE] ch=0 lun=3 pl=0 blk=55 pg=255 erase_cnt=9 (vpc/ipc reset)
[EXP] [ERASE] ch=0 lun=4 pl=0 blk=55 pg=255 erase_cnt=9 (vpc/ipc reset)
[EXP] [ERASE] ch=0 lun=5 pl=0 blk=55 pg=255 erase_cnt=9 (vpc/ipc reset)
[EXP] [ERASE] ch=0 lun=6 pl=0 blk=55 pg=255 erase_cnt=9 (vpc/ipc reset)
[EXP] [ERASE] ch=0 lun=7 pl=0 blk=55 pg=255 erase_cnt=9 (vpc/ipc reset)
[EXP] [ERASE] ch=1 lun=0 pl=0 blk=55 pg=255 erase_cnt=9 (vpc/ipc reset)
[EXP] [ERASE] ch=1 lun=1 pl=0 blk=55 pg=255 erase_cnt=9 (vpc/ipc reset)
[EXP] [ERASE] ch=1 lun=2 pl=0 blk=55 pg=255 erase_cnt=9 (vpc/ipc reset)
[EXP] [ERASE] ch=1 lun=3 pl=0 blk=55 pg=255 erase_cnt=9 (vpc/ipc reset)
[EXP] [ERASE] ch=1 lun=4 pl=0 blk=55 pg=255 erase_cnt=9 (vpc/ipc reset)
[EXP] [ERASE] ch=1 lun=5 pl=0 blk=55 pg=255 erase_cnt=9 (vpc/ipc reset)
[EXP] [ERASE] ch=1 lun=6 pl=0 blk=55 pg=255 erase_cnt=9 (vpc/ipc reset)
[EXP] [ERASE] ch=1 lun=7 pl=0 blk=55 pg=255 erase_cnt=9 (vpc/ipc reset)
[EXP] [ERASE] ch=2 lun=0 pl=0 blk=55 pg=255 erase_cnt=9 (vpc/ipc reset)
[EXP] [ERASE] ch=2 lun=1 pl=0 blk=55 pg=255 erase_cnt=9 (vpc/ipc reset)
[EXP] [ERASE] ch=2 lun=2 pl=0 blk=55 pg=255 erase_cnt=9 (vpc/ipc reset)
[EXP] [ERASE] ch=2 lun=3 pl=0 blk=55 pg=255 erase_cnt=9 (vpc/ipc reset)
[EXP] [ERASE] ch=2 lun=4 pl=0 blk=55 pg=255 erase_cnt=9 (vpc/ipc reset)
[EXP] [ERASE] ch=2 lun=5 pl=0 blk=55 pg=255 erase_cnt=9 (vpc/ipc reset)
[EXP] [ERASE] ch=2 lun=6 pl=0 blk=55 pg=255 erase_cnt=9 (vpc/ipc reset)
[EXP] [ERASE] ch=2 lun=7 pl=0 blk=55 pg=255 erase_cnt=9 (vpc/ipc reset)
[EXP] [ERASE] ch=3 lun=0 pl=0 blk=55 pg=255 erase_cnt=9 (vpc/ipc reset)
[EXP] [ERASE] ch=3 lun=1 pl=0 blk=55 pg=255 erase_cnt=9 (vpc/ipc reset)
[EXP] [ERASE] ch=3 lun=2 pl=0 blk=55 pg=255 erase_cnt=9 (vpc/ipc reset)
[EXP] [ERASE] ch=3 lun=3 pl=0 blk=55 pg=255 erase_cnt=9 (vpc/ipc reset)
[EXP] [ERASE] ch=3 lun=4 pl=0 blk=55 pg=255 erase_cnt=9 (vpc/ipc reset)
[EXP] [ERASE] ch=3 lun=5 pl=0 blk=55 pg=255 erase_cnt=9 (vpc/ipc reset)
[EXP] [ERASE] ch=3 lun=6 pl=0 blk=55 pg=255 erase_cnt=9 (vpc/ipc reset)
[EXP] [ERASE] ch=3 lun=7 pl=0 blk=55 pg=255 erase_cnt=9 (vpc/ipc reset)
[EXP] [ERASE] ch=4 lun=0 pl=0 blk=55 pg=255 erase_cnt=9 (vpc/ipc reset)
[EXP] [ERASE] ch=4 lun=1 pl=0 blk=55 pg=255 erase_cnt=9 (vpc/ipc reset)
[EXP] [ERASE] ch=4 lun=2 pl=0 blk=55 pg=255 erase_cnt=9 (vpc/ipc reset)
[EXP] [ERASE] ch=4 lun=3 pl=0 blk=55 pg=255 erase_cnt=9 (vpc/ipc reset)
[EXP] [ERASE] ch=4 lun=4 pl=0 blk=55 pg=255 erase_cnt=9 (vpc/ipc reset)
[EXP] [ERASE] ch=4 lun=5 pl=0 blk=55 pg=255 erase_cnt=9 (vpc/ipc reset)
[EXP] [ERASE] ch=4 lun=6 pl=0 blk=55 pg=255 erase_cnt=9 (vpc/ipc reset)
[EXP] [ERASE] ch=4 lun=7 pl=0 blk=55 pg=255 erase_cnt=9 (vpc/ipc reset)
[EXP] [ERASE] ch=5 lun=0 pl=0 blk=55 pg=255 erase_cnt=9 (vpc/ipc reset)
[EXP] [ERASE] ch=5 lun=1 pl=0 blk=55 pg=255 erase_cnt=9 (vpc/ipc reset)
[EXP] [ERASE] ch=5 lun=2 pl=0 blk=55 pg=255 erase_cnt=9 (vpc/ipc reset)
[EXP] [ERASE] ch=5 lun=3 pl=0 blk=55 pg=255 erase_cnt=9 (vpc/ipc reset)
[EXP] [ERASE] ch=5 lun=4 pl=0 blk=55 pg=255 erase_cnt=9 (vpc/ipc reset)
[EXP] [ERASE] ch=5 lun=5 pl=0 blk=55 pg=255 erase_cnt=9 (vpc/ipc reset)
[EXP] [ERASE] ch=5 lun=6 pl=0 blk=55 pg=255 erase_cnt=9 (vpc/ipc reset)
[EXP] [ERASE] ch=5 lun=7 pl=0 blk=55 pg=255 erase_cnt=9 (vpc/ipc reset)
[EXP] [ERASE] ch=6 lun=0 pl=0 blk=55 pg=255 erase_cnt=9 (vpc/ipc reset)
[EXP] [ERASE] ch=6 lun=1 pl=0 blk=55 pg=255 erase_cnt=9 (vpc/ipc reset)
[EXP] [ERASE] ch=6 lun=2 pl=0 blk=55 pg=255 erase_cnt=9 (vpc/ipc reset)
[EXP] [ERASE] ch=6 lun=3 pl=0 blk=55 pg=255 erase_cnt=9 (vpc/ipc reset)
[EXP] [ERASE] ch=6 lun=4 pl=0 blk=55 pg=255 erase_cnt=9 (vpc/ipc reset)
[EXP] [ERASE] ch=6 lun=5 pl=0 blk=55 pg=255 erase_cnt=9 (vpc/ipc reset)
[EXP] [ERASE] ch=6 lun=6 pl=0 blk=55 pg=255 erase_cnt=9 (vpc/ipc reset)
[EXP] [ERASE] ch=6 lun=7 pl=0 blk=55 pg=255 erase_cnt=9 (vpc/ipc reset)
[EXP] [ERASE] ch=7 lun=0 pl=0 blk=55 pg=255 erase_cnt=9 (vpc/ipc reset)
[EXP] [ERASE] ch=7 lun=1 pl=0 blk=55 pg=255 erase_cnt=9 (vpc/ipc reset)
[EXP] [ERASE] ch=7 lun=2 pl=0 blk=55 pg=255 erase_cnt=9 (vpc/ipc reset)
[EXP] [ERASE] ch=7 lun=3 pl=0 blk=55 pg=255 erase_cnt=9 (vpc/ipc reset)
[EXP] [ERASE] ch=7 lun=4 pl=0 blk=55 pg=255 erase_cnt=9 (vpc/ipc reset)
[EXP] [ERASE] ch=7 lun=5 pl=0 blk=55 pg=255 erase_cnt=9 (vpc/ipc reset)
[EXP] [ERASE] ch=7 lun=6 pl=0 blk=55 pg=255 erase_cnt=9 (vpc/ipc reset)
[EXP] [ERASE] ch=7 lun=7 pl=0 blk=55 pg=255 erase_cnt=9 (vpc/ipc reset)
[EXP] [ERASE] ch=0 lun=0 pl=0 blk=22 pg=255 erase_cnt=8 (vpc/ipc reset)
[EXP] [ERASE] ch=0 lun=1 pl=0 blk=22 pg=255 erase_cnt=8 (vpc/ipc reset)
[EXP] [ERASE] ch=0 lun=2 pl=0 blk=22 pg=255 erase_cnt=8 (vpc/ipc reset)
[EXP] [ERASE] ch=0 lun=3 pl=0 blk=22 pg=255 erase_cnt=8 (vpc/ipc reset)
[EXP] [ERASE] ch=0 lun=4 pl=0 blk=22 pg=255 erase_cnt=8 (vpc/ipc reset)
[EXP] [ERASE] ch=0 lun=5 pl=0 blk=22 pg=255 erase_cnt=8 (vpc/ipc reset)
[EXP] [ERASE] ch=0 lun=6 pl=0 blk=22 pg=255 erase_cnt=8 (vpc/ipc reset)
[EXP] [ERASE] ch=0 lun=7 pl=0 blk=22 pg=255 erase_cnt=8 (vpc/ipc reset)
[EXP] [ERASE] ch=1 lun=0 pl=0 blk=22 pg=255 erase_cnt=8 (vpc/ipc reset)
[EXP] [ERASE] ch=1 lun=1 pl=0 blk=22 pg=255 erase_cnt=8 (vpc/ipc reset)
[EXP] [ERASE] ch=1 lun=2 pl=0 blk=22 pg=255 erase_cnt=8 (vpc/ipc reset)
[EXP] [ERASE] ch=1 lun=3 pl=0 blk=22 pg=255 erase_cnt=8 (vpc/ipc reset)
[EXP] [ERASE] ch=1 lun=4 pl=0 blk=22 pg=255 erase_cnt=8 (vpc/ipc reset)
[EXP] [ERASE] ch=1 lun=5 pl=0 blk=22 pg=255 erase_cnt=8 (vpc/ipc reset)
[EXP] [ERASE] ch=1 lun=6 pl=0 blk=22 pg=255 erase_cnt=8 (vpc/ipc reset)
[EXP] [ERASE] ch=1 lun=7 pl=0 blk=22 pg=255 erase_cnt=8 (vpc/ipc reset)
[EXP] [ERASE] ch=2 lun=0 pl=0 blk=22 pg=255 erase_cnt=8 (vpc/ipc reset)
[EXP] [ERASE] ch=2 lun=1 pl=0 blk=22 pg=255 erase_cnt=8 (vpc/ipc reset)
[EXP] [ERASE] ch=2 lun=2 pl=0 blk=22 pg=255 erase_cnt=8 (vpc/ipc reset)
[EXP] [ERASE] ch=2 lun=3 pl=0 blk=22 pg=255 erase_cnt=8 (vpc/ipc reset)
[EXP] [ERASE] ch=2 lun=4 pl=0 blk=22 pg=255 erase_cnt=8 (vpc/ipc reset)
[EXP] [ERASE] ch=2 lun=5 pl=0 blk=22 pg=255 erase_cnt=8 (vpc/ipc reset)
[EXP] [ERASE] ch=2 lun=6 pl=0 blk=22 pg=255 erase_cnt=8 (vpc/ipc reset)
[EXP] [ERASE] ch=2 lun=7 pl=0 blk=22 pg=255 erase_cnt=8 (vpc/ipc reset)
[EXP] [ERASE] ch=3 lun=0 pl=0 blk=22 pg=255 erase_cnt=8 (vpc/ipc reset)
[EXP] [ERASE] ch=3 lun=1 pl=0 blk=22 pg=255 erase_cnt=8 (vpc/ipc reset)
[EXP] [ERASE] ch=3 lun=2 pl=0 blk=22 pg=255 erase_cnt=8 (vpc/ipc reset)
[EXP] [ERASE] ch=3 lun=3 pl=0 blk=22 pg=255 erase_cnt=8 (vpc/ipc reset)
[EXP] [ERASE] ch=3 lun=4 pl=0 blk=22 pg=255 erase_cnt=8 (vpc/ipc reset)
[EXP] [ERASE] ch=3 lun=5 pl=0 blk=22 pg=255 erase_cnt=8 (vpc/ipc reset)
[EXP] [ERASE] ch=3 lun=6 pl=0 blk=22 pg=255 erase_cnt=8 (vpc/ipc reset)
[EXP] [ERASE] ch=3 lun=7 pl=0 blk=22 pg=255 erase_cnt=8 (vpc/ipc reset)
[EXP] [ERASE] ch=4 lun=0 pl=0 blk=22 pg=255 erase_cnt=8 (vpc/ipc reset)
[EXP] [ERASE] ch=4 lun=1 pl=0 blk=22 pg=255 erase_cnt=8 (vpc/ipc reset)
[EXP] [ERASE] ch=4 lun=2 pl=0 blk=22 pg=255 erase_cnt=8 (vpc/ipc reset)
[EXP] [GC_MOVE] lpn=0 ch=4 lun=3 pl=0 blk=22 pg=139 -> ch=4 lun=0 pl=0 blk=40 pg=41
[EXP] [ERASE_SURVIVE] lpn=0 count=17 source ch=4 lun=3 pl=0 blk=22 pg=139
[EXP] [ERASE] ch=4 lun=3 pl=0 blk=22 pg=255 erase_cnt=8 (vpc/ipc reset)
[EXP] [ERASE] ch=4 lun=4 pl=0 blk=22 pg=255 erase_cnt=8 (vpc/ipc reset)
[EXP] [ERASE] ch=4 lun=5 pl=0 blk=22 pg=255 erase_cnt=8 (vpc/ipc reset)
[EXP] [ERASE] ch=4 lun=6 pl=0 blk=22 pg=255 erase_cnt=8 (vpc/ipc reset)
[EXP] [ERASE] ch=4 lun=7 pl=0 blk=22 pg=255 erase_cnt=8 (vpc/ipc reset)
[EXP] [ERASE] ch=5 lun=0 pl=0 blk=22 pg=255 erase_cnt=8 (vpc/ipc reset)
[EXP] [ERASE] ch=5 lun=1 pl=0 blk=22 pg=255 erase_cnt=8 (vpc/ipc reset)
[EXP] [ERASE] ch=5 lun=2 pl=0 blk=22 pg=255 erase_cnt=8 (vpc/ipc reset)
[EXP] [ERASE] ch=5 lun=3 pl=0 blk=22 pg=255 erase_cnt=8 (vpc/ipc reset)
[EXP] [ERASE] ch=5 lun=4 pl=0 blk=22 pg=255 erase_cnt=8 (vpc/ipc reset)
[EXP] [ERASE] ch=5 lun=5 pl=0 blk=22 pg=255 erase_cnt=8 (vpc/ipc reset)
[EXP] [ERASE] ch=5 lun=6 pl=0 blk=22 pg=255 erase_cnt=8 (vpc/ipc reset)
[EXP] [ERASE] ch=5 lun=7 pl=0 blk=22 pg=255 erase_cnt=8 (vpc/ipc reset)
[EXP] [ERASE] ch=6 lun=0 pl=0 blk=22 pg=255 erase_cnt=8 (vpc/ipc reset)
[EXP] [ERASE] ch=6 lun=1 pl=0 blk=22 pg=255 erase_cnt=8 (vpc/ipc reset)
[EXP] [ERASE] ch=6 lun=2 pl=0 blk=22 pg=255 erase_cnt=8 (vpc/ipc reset)
[EXP] [ERASE] ch=6 lun=3 pl=0 blk=22 pg=255 erase_cnt=8 (vpc/ipc reset)
[EXP] [ERASE] ch=6 lun=4 pl=0 blk=22 pg=255 erase_cnt=8 (vpc/ipc reset)
[EXP] [ERASE] ch=6 lun=5 pl=0 blk=22 pg=255 erase_cnt=8 (vpc/ipc reset)
[EXP] [ERASE] ch=6 lun=6 pl=0 blk=22 pg=255 erase_cnt=8 (vpc/ipc reset)
[EXP] [ERASE] ch=6 lun=7 pl=0 blk=22 pg=255 erase_cnt=8 (vpc/ipc reset)
[EXP] [ERASE] ch=7 lun=0 pl=0 blk=22 pg=255 erase_cnt=8 (vpc/ipc reset)
[EXP] [ERASE] ch=7 lun=1 pl=0 blk=22 pg=255 erase_cnt=8 (vpc/ipc reset)
[EXP] [ERASE] ch=7 lun=2 pl=0 blk=22 pg=255 erase_cnt=8 (vpc/ipc reset)
[EXP] [ERASE] ch=7 lun=3 pl=0 blk=22 pg=255 erase_cnt=8 (vpc/ipc reset)
[EXP] [ERASE] ch=7 lun=4 pl=0 blk=22 pg=255 erase_cnt=8 (vpc/ipc reset)
[EXP] [ERASE] ch=7 lun=5 pl=0 blk=22 pg=255 erase_cnt=8 (vpc/ipc reset)
[EXP] [ERASE] ch=7 lun=6 pl=0 blk=22 pg=255 erase_cnt=8 (vpc/ipc reset)
[EXP] [ERASE] ch=7 lun=7 pl=0 blk=22 pg=255 erase_cnt=8 (vpc/ipc reset)
[EXP] [ERASE] ch=0 lun=0 pl=0 blk=49 pg=255 erase_cnt=9 (vpc/ipc reset)
[EXP] [ERASE] ch=0 lun=1 pl=0 blk=49 pg=255 erase_cnt=9 (vpc/ipc reset)
[EXP] [ERASE] ch=0 lun=2 pl=0 blk=49 pg=255 erase_cnt=9 (vpc/ipc reset)
[EXP] [ERASE] ch=0 lun=3 pl=0 blk=49 pg=255 erase_cnt=9 (vpc/ipc reset)
[EXP] [ERASE] ch=0 lun=4 pl=0 blk=49 pg=255 erase_cnt=9 (vpc/ipc reset)
[EXP] [ERASE] ch=0 lun=5 pl=0 blk=49 pg=255 erase_cnt=9 (vpc/ipc reset)
[EXP] [ERASE] ch=0 lun=6 pl=0 blk=49 pg=255 erase_cnt=9 (vpc/ipc reset)
[EXP] [ERASE] ch=0 lun=7 pl=0 blk=49 pg=255 erase_cnt=9 (vpc/ipc reset)
[EXP] [ERASE] ch=1 lun=0 pl=0 blk=49 pg=255 erase_cnt=9 (vpc/ipc reset)
[EXP] [ERASE] ch=1 lun=1 pl=0 blk=49 pg=255 erase_cnt=9 (vpc/ipc reset)
[EXP] [ERASE] ch=1 lun=2 pl=0 blk=49 pg=255 erase_cnt=9 (vpc/ipc reset)
[EXP] [ERASE] ch=1 lun=3 pl=0 blk=49 pg=255 erase_cnt=9 (vpc/ipc reset)
[EXP] [ERASE] ch=1 lun=4 pl=0 blk=49 pg=255 erase_cnt=9 (vpc/ipc reset)
[EXP] [ERASE] ch=1 lun=5 pl=0 blk=49 pg=255 erase_cnt=9 (vpc/ipc reset)
[EXP] [ERASE] ch=1 lun=6 pl=0 blk=49 pg=255 erase_cnt=9 (vpc/ipc reset)
[EXP] [ERASE] ch=1 lun=7 pl=0 blk=49 pg=255 erase_cnt=9 (vpc/ipc reset)
[EXP] [ERASE] ch=2 lun=0 pl=0 blk=49 pg=255 erase_cnt=9 (vpc/ipc reset)
[EXP] [ERASE] ch=2 lun=1 pl=0 blk=49 pg=255 erase_cnt=9 (vpc/ipc reset)
[EXP] [ERASE] ch=2 lun=2 pl=0 blk=49 pg=255 erase_cnt=9 (vpc/ipc reset)
[EXP] [ERASE] ch=2 lun=3 pl=0 blk=49 pg=255 erase_cnt=9 (vpc/ipc reset)
[EXP] [ERASE] ch=2 lun=4 pl=0 blk=49 pg=255 erase_cnt=9 (vpc/ipc reset)
[EXP] [ERASE] ch=2 lun=5 pl=0 blk=49 pg=255 erase_cnt=9 (vpc/ipc reset)
[EXP] [ERASE] ch=2 lun=6 pl=0 blk=49 pg=255 erase_cnt=9 (vpc/ipc reset)
[EXP] [ERASE] ch=2 lun=7 pl=0 blk=49 pg=255 erase_cnt=9 (vpc/ipc reset)
[EXP] [ERASE] ch=3 lun=0 pl=0 blk=49 pg=255 erase_cnt=9 (vpc/ipc reset)
[EXP] [ERASE] ch=3 lun=1 pl=0 blk=49 pg=255 erase_cnt=9 (vpc/ipc reset)
[EXP] [ERASE] ch=3 lun=2 pl=0 blk=49 pg=255 erase_cnt=9 (vpc/ipc reset)
[EXP] [ERASE] ch=3 lun=3 pl=0 blk=49 pg=255 erase_cnt=9 (vpc/ipc reset)
[EXP] [ERASE] ch=3 lun=4 pl=0 blk=49 pg=255 erase_cnt=9 (vpc/ipc reset)
[EXP] [ERASE] ch=3 lun=5 pl=0 blk=49 pg=255 erase_cnt=9 (vpc/ipc reset)
[EXP] [ERASE] ch=3 lun=6 pl=0 blk=49 pg=255 erase_cnt=9 (vpc/ipc reset)
[EXP] [ERASE] ch=3 lun=7 pl=0 blk=49 pg=255 erase_cnt=9 (vpc/ipc reset)
[EXP] [ERASE] ch=4 lun=0 pl=0 blk=49 pg=255 erase_cnt=9 (vpc/ipc reset)
[EXP] [ERASE] ch=4 lun=1 pl=0 blk=49 pg=255 erase_cnt=9 (vpc/ipc reset)
[EXP] [ERASE] ch=4 lun=2 pl=0 blk=49 pg=255 erase_cnt=9 (vpc/ipc reset)
[EXP] [ERASE] ch=4 lun=3 pl=0 blk=49 pg=255 erase_cnt=9 (vpc/ipc reset)
[EXP] [ERASE] ch=4 lun=4 pl=0 blk=49 pg=255 erase_cnt=9 (vpc/ipc reset)
[EXP] [ERASE] ch=4 lun=5 pl=0 blk=49 pg=255 erase_cnt=9 (vpc/ipc reset)
[EXP] [ERASE] ch=4 lun=6 pl=0 blk=49 pg=255 erase_cnt=9 (vpc/ipc reset)
[EXP] [ERASE] ch=4 lun=7 pl=0 blk=49 pg=255 erase_cnt=9 (vpc/ipc reset)
[EXP] [ERASE] ch=5 lun=0 pl=0 blk=49 pg=255 erase_cnt=9 (vpc/ipc reset)
[EXP] [ERASE] ch=5 lun=1 pl=0 blk=49 pg=255 erase_cnt=9 (vpc/ipc reset)
[EXP] [ERASE] ch=5 lun=2 pl=0 blk=49 pg=255 erase_cnt=9 (vpc/ipc reset)
[EXP] [ERASE] ch=5 lun=3 pl=0 blk=49 pg=255 erase_cnt=9 (vpc/ipc reset)
[EXP] [ERASE] ch=5 lun=4 pl=0 blk=49 pg=255 erase_cnt=9 (vpc/ipc reset)
[EXP] [ERASE] ch=5 lun=5 pl=0 blk=49 pg=255 erase_cnt=9 (vpc/ipc reset)
[EXP] [ERASE] ch=5 lun=6 pl=0 blk=49 pg=255 erase_cnt=9 (vpc/ipc reset)
[EXP] [ERASE] ch=5 lun=7 pl=0 blk=49 pg=255 erase_cnt=9 (vpc/ipc reset)
[EXP] [ERASE] ch=6 lun=0 pl=0 blk=49 pg=255 erase_cnt=9 (vpc/ipc reset)
[EXP] [ERASE] ch=6 lun=1 pl=0 blk=49 pg=255 erase_cnt=9 (vpc/ipc reset)
[EXP] [ERASE] ch=6 lun=2 pl=0 blk=49 pg=255 erase_cnt=9 (vpc/ipc reset)
[EXP] [ERASE] ch=6 lun=3 pl=0 blk=49 pg=255 erase_cnt=9 (vpc/ipc reset)
[EXP] [ERASE] ch=6 lun=4 pl=0 blk=49 pg=255 erase_cnt=9 (vpc/ipc reset)
[EXP] [ERASE] ch=6 lun=5 pl=0 blk=49 pg=255 erase_cnt=9 (vpc/ipc reset)
[EXP] [ERASE] ch=6 lun=6 pl=0 blk=49 pg=255 erase_cnt=9 (vpc/ipc reset)
[EXP] [ERASE] ch=6 lun=7 pl=0 blk=49 pg=255 erase_cnt=9 (vpc/ipc reset)
[EXP] [ERASE] ch=7 lun=0 pl=0 blk=49 pg=255 erase_cnt=9 (vpc/ipc reset)
[EXP] [ERASE] ch=7 lun=1 pl=0 blk=49 pg=255 erase_cnt=9 (vpc/ipc reset)
[EXP] [ERASE] ch=7 lun=2 pl=0 blk=49 pg=255 erase_cnt=9 (vpc/ipc reset)
[EXP] [ERASE] ch=7 lun=3 pl=0 blk=49 pg=255 erase_cnt=9 (vpc/ipc reset)
[EXP] [ERASE] ch=7 lun=4 pl=0 blk=49 pg=255 erase_cnt=9 (vpc/ipc reset)
[EXP] [ERASE] ch=7 lun=5 pl=0 blk=49 pg=255 erase_cnt=9 (vpc/ipc reset)
[EXP] [ERASE] ch=7 lun=6 pl=0 blk=49 pg=255 erase_cnt=9 (vpc/ipc reset)
[EXP] [ERASE] ch=7 lun=7 pl=0 blk=49 pg=255 erase_cnt=9 (vpc/ipc reset)
[EXP] [INVALIDATE:overwrite] lpn=0 old ch=4 lun=0 pl=0 blk=40 pg=41
[EXP] [CLASSIFY] lpn=0 state=COLD reason=SLOW_REWRITE interval=1234197 survival_before=17 R=1
[EXP] [WRITE] lpn=0 -> ch=6 lun=7 pl=0 blk=24 pg=150 (secret)
[FEMU] FTL-Log: BBSSD-STATS version=V3 hot_rewrite_window=1024 hot_boundary_window=4096 erase_survival_threshold=1 host_page_writes=1234198 nand_page_writes=8053971 gc_page_writes=6819773 block_erases=31168 waf=6.525672 gc_count=487 average_gc_copy=14003.640657 host_hot_writes=206208 host_cold_writes=1027990 hot_write_ratio=0.167079 host_cold_first_writes=0 host_hot_fast_writes=133848 host_hot_boundary_writes=72360 host_cold_survival_writes=1144 host_cold_slow_writes=1026846 boundary_survival_zero=72360 boundary_survival_one=1144 boundary_survival_two=0 boundary_survival_three_plus=0 gc_hot_writes=39316 gc_cold_writes=6780457 cold_to_hot_count=84908 hot_to_cold_count=81576 hot_pool_empty_count=0 cold_pool_empty_count=6 borrow_count=6 emergency_gc_count=0 counter_invariant=PASS
[FEMU] Log: vSSD0,Reset tt_late_ios/tt_ios,117775/308877
         Stopping [0;1;39mSession 11 of user femu[0m.
[[0;32m  OK  [0m] Removed slice [0;1;39msystem-modprobe.slice[0m.
[[0;32m  OK  [0m] Stopped target [0;1;39mGraphical Interface[0m.
[[0;32m  OK  [0m] Stopped target [0;1;39mMulti-User System[0m.
[[0;32m  OK  [0m] Stopped target [0;1;39mLogin Prompts[0m.
[[0;32m  OK  [0m] Stopped target [0;1;39mNetwork is Online[0m.
[[0;32m  OK  [0m] Stopped target [0;1;39mHost and Network Name Lookups[0m.
[[0;32m  OK  [0m] Stopped target [0;1;39mTimers[0m.
[[0;32m  OK  [0m] Stopped [0;1;39mDaily apt upgrade and clean activities[0m.
[[0;32m  OK  [0m] Stopped [0;1;39mDaily apt download activities[0m.
[[0;32m  OK  [0m] Stopped [0;1;39mPeriodic ext4 Onli…ata Check for All Filesystems[0m.
[[0;32m  OK  [0m] Stopped [0;1;39mDiscard unused blocks once a week[0m.
[[0;32m  OK  [0m] Stopped [0;1;39mRefresh fwupd metadata regularly[0m.
[[0;32m  OK  [0m] Stopped [0;1;39mDaily rotation of log files[0m.
[[0;32m  OK  [0m] Stopped [0;1;39mDaily man-db regeneration[0m.
[[0;32m  OK  [0m] Stopped [0;1;39mMessage of the Day[0m.
[[0;32m  OK  [0m] Stopped [0;1;39mDaily Cleanup of Temporary Directories[0m.
[[0;32m  OK  [0m] Stopped target [0;1;39mSystem Time Synchronized[0m.
[[0;32m  OK  [0m] Stopped target [0;1;39mSystem Time Set[0m.
[[0;32m  OK  [0m] Closed [0;1;39mLVM2 poll daemon socket[0m.
[[0;32m  OK  [0m] Closed [0;1;39mLoad/Save RF Kill Switch Status /dev/rfkill Watch[0m.
         Stopping [0;1;39mAccounts Service[0m...
         Stopping [0;1;39mLSB: automatic crash report generation[0m...
         Stopping [0;         Stopping [0;1;39mSerial Getty on ttyS0[0m...
[[0;32m  OK  [0m] Stopped [0;1;39mWait until snapd is fully seeded[0m.
         Stopping [0;1;39mSnap Daemon[0m...
         Stopping [0;1;39mOpenBSD Secure Shell server[0m...
[[0;32m  OK  [0m] Stopped [0;1;39mWait for Network to be Configured[0m.
         Stopping [0;1;39mLoad/Save Random Seed[0m...
         Stopping [0;1;39mUnattended Upgrades Shutdown[0m...
[[0;32m  OK  [0m] Stopped [0;1;39mAccounts Service[0m.
[[0;32m  OK  [0m] Stopped [0;1;39mirqbalance daemon[0m.
[[0;32m  OK  [0m] Stopped [0;1;39mDispatcher daemon for systemd-networkd[0m.
[[0;32m  OK  [0m] Stopped [0;1;39mRegular background program processing daemon[0m.
[[0;32m  OK  [0m] Stopped [0;1;39mSystem Logging Service[0m.
[[0;32m  OK  [0m] Stopped [0;1;39mSnap Daemon[0m.
[[0;32m  OK  [0m] Stopped [0;1;39mDeferred execution scheduler[0m.
[[0;32m  OK  [0m] Stopped [0;1;39mOpenBSD Secure Shell server[0m.
[[0;32m  OK  [0m] Stopped [0;1;39mAuthorization Manager[0m.
[[0;32m  OK  [0m] Stopped [0;1;39mUnattended Upgrades Shutdown[0m.
[[0;32m  OK  [0m] Stopped [0;1;39mSerial Getty on ttyS0[0m.
[[0;32m  OK  [0m] Stopped [0;1;39mGetty on tty1[0m.
[[0;32m  OK  [0m] Stopped [0;1;39mAvailability of block devices[0m.
[[0;32m  OK  [0m] Stopped [0;1;39mLoad/Save Random Seed[0m.
[[0;32m  OK  [0m] Stopped [0;1;39mSession 11 of user femu[0m.
[[0;32m  OK  [0m] Removed slice [0;1;39msystem-getty.slice[0m.
[[0;32m  OK  [0m] Removed slice [0;1;39msystem-serial\x2dgetty.slice[0m.
         Stopping [0;1;39mLogin Service[0m...
         Stopping [0;1;39mUser Manager for UID 1000[0m...
[[0;32m  OK  [0m] Stopped [0;1;39mLSB: automatic crash report generation[0m.
[[0;32m  OK  [0m] Stopped [0;1;39mLSB: Record successful boot for GRUB[0m.
[[0;32m  OK  [0m] Stopped [0;1;39mUser Manager for UID 1000[0m.
         Stopping [0;1;39mUser Runtime Directory /run/user/1000[0m...
[[0;32m  OK  [0m] Unmounted [0;1;39m/run/user/1000[0m.
[[0;32m  OK  [0m] Stopped [0;1;39mUser Runtime Directory /run/user/1000[0m.
[[0;32m  OK  [0m] Removed slice [0;1;39mUser Slice of UID 1000[0m.
         Stopping [0;1;39mD-Bus System Message Bus[0m...
         Stopping [0;1;39mPermit User Sessions[0m...
[[0;32m  OK  [0m] Stopped [0;1;39mD-Bus System Message Bus[0m.
[[0;32m  OK  [0m] Stopped [0;1;39mPermit User Sessions[0m.
[[0;32m  OK  [0m] Stopped target [0;1;39mNetwork[0m.
[[0;32m  OK  [0m] Stopped target [0;1;39mRemote File Systems[0m.
[[0;32m  OK  [0m] Stopped target [0;1;39mRemote File Systems (Pre)[0m.
         Stopping [0;1;39mNetwork Name Resolution[0m...
[[0;32m  OK  [0m] Stopped [0;1;39mNetwork Name Resolution[0m.
         Stopping [0;1;39mNetwork Service[0m...
[[0;32m  OK  [0m] Stopped [0;1;39mNetwork Service[0m.
[[0;32m  OK  [0m] Stopped [0;1;39mLogin Service[0m.
[[0;32m  OK  [0m] Stopped target [0;1;39mBasic System[0m.
[[0;32m  OK  [0m] Stopped target [0;1;39mUser and Group Name Lookups[0m.
[[0;32m  OK  [0m] Stopped target [0;1;39mPaths[0m.
[[0;32m  OK  [0m] Stopped target [0;1;39mSlices[0m.
[[0;32m  OK  [0m] Removed slice [0;1;39mUser and Session Slice[0m.
[[0;32m  OK  [0m] Stopped target [0;1;39mSockets[0m.
[[0;32m  OK  [0m] Closed [0;1;39mD-Bus System Message Bus Socket[0m.
[[0;32m  OK  [0m] Closed [0;1;39mOpen-iSCSI iscsid Socket[0m.
[[0;32m  OK  [0m] Closed [0;1;39mSocket unix for snap application lxd.daemon[0m.
[[0;32m  OK  [0m] Closed [0;1;39mSocket activation for snappy daemon[0m.
[[0;32m  OK  [0m] Closed [0;1;39mSyslog Socket[0m.
[[0;32m  OK  [0m] Closed [0;1;39mUUID daemon activation socket[0m.
[[0;32m  OK  [0m] Stopped target [0;1;39mSystem Initialization[0m.
[[0;32m  OK  [0m] Stopped target [0;1;39mLocal Encrypted Volumes[0m.
[[0;32m  OK  [0m] Stopped [0;1;39mDispatch Password …ts to Console Directory Watch[0m.
[[0;32m  OK  [0m] Stopped [0;1;39mForward Password R…uests to Wall Directory Watch[0m.
[[0;32m  OK  [0m] Stopped [0;1;39mApply Kernel Variables[0m.
[[0;32m  OK  [0m] Stopped [0;1;39mLoad Kernel Modules[0m.
         Stopping [0;1;39mNetwork Time Synchronization[0m...
         Stopping [0;1;39mUpdate UTMP about System Boot/Shutdown[0m...
[[0;32m  OK  [0m] Stopped [0;1;39mUpdate UTMP about System Boot/Shutdown[0m.
[[0;32m  OK  [0m] Stopped [0;1;39mNetwork Time Synchronization[0m.
[[0;32m  OK  [0m] Stopped [0;1;39mCreate Volatile Files and Directories[0m.
[[0;32m  OK  [0m] Stopped [0;1;39mCreate final runtime dir for shutdown pivot root[0m.
[[0;32m  OK  [0m] Stopped target [0;1;39mLocal File Systems[0m.
         Unmounting [0;1;39m/run/snapd/ns/lxd.mnt[0m...
         Unmounting [0;1;39mMount unit for core18, revision 1880[0m...
         Unmounting [0;1;39mMount unit for lxd, revision 16099[0m...
         Unmounting [0;1;39mMount unit for snapd, revision 8542[0m...
[[0;32m  OK  [0m] Unmounted [0;1;39m/run/snapd/ns/lxd.mnt[0m.
         Unmounting [0;1;39m/run/snapd/ns[0m...
[[0;32m  OK  [0m] Unmounted [0;1;39m/run/snapd/ns[0m.
[[0;32m  OK  [0m] Unmounted [0;1;39mMount unit for core18, revision 1880[0m.
[[0;32m  OK  [0m] Stopped target [0;1;39mSwap[0m.
         Deactivating swap [0;1;39m/swap.img[0m...
[[0;32m  OK  [0m] Deactivated swap [0;1;39m/swap.img[0m.
[[0;32m  OK  [0m] Unmounted [0;1;39mMount unit for lxd, revision 16099[0m.
[[0;32m  OK  [0m] Unmounted [0;1;39mMount unit for snapd, revision 8542[0m.
[[0;32m  OK  [0m] Stopped target [0;1;39mLocal File Systems (Pre)[0m.
[[0;32m  OK  [0m] Reached target [0;1;39mUnmount All Filesystems[0m.
         Stopping [0;1;39mMonitoring of LVM…meventd or progress polling[0m...
         Stopping [0;1;39mDevice-Mapper Multipath Device Controller[0m...
[[0;32m  OK  [0m] Stopped [0;1;39mCreate Static Device Nodes in /dev[0m.
[[0;32m  OK  [0m] Stopped [0;1;39mCreate System Users[0m.
[[0;32m  OK  [0m] Stopped [0;1;39mRemount Root and Kernel File Systems[0m.
[[0;32m  OK  [0m] Stopped [0;1;39mDevice-Mapper Multipath Device Controller[0m.
[[0;32m  OK  [0m] Stopped [0;1;39mMonitoring of LVM2… dmeventd or progress polling[0m.
[[0;32m  OK  [0m] Reached target [0;1;39mShutdown[0m.
[[0;32m  OK  [0m] Reached target [0;1;39mFinal Step[0m.
[[0;32m  OK  [0m] Finished [0;1;39mPower-Off[0m.
[[0;32m  OK  [0m] Reached target [0;1;39mPower-Off[0m.
[  141.969533] reboot: Power down
