[FEMU] FTL-Log: LPN metadata: entries=2097152 entry_size=40 total=80 MiB T=1024 A=3 C=2 D=65536 decay=on E=4000000
[FEMU] FTL-Log: Write pointers: hot_line=64 cold_line=0 free=126 hot_free=63 cold_free=63
c[?7l[2J[0mSeaBIOS (version rel-1.17.0-0-gb52ca86e094d-prebuilt.qemu.org)


iPXE (http://ipxe.org) 00:03.0 CA00 PCI2.10 PnP PMM+BEFD1D20+BEF31D20 CA00
Press Ctrl-B to configure iPXE (PCI 00:03.0)...                                                                               


Booting from Hard Disk...
[H[J[1;1H[?25l[m[H[J[1;1H[2;30HGNU GRUB  version 2.04

[m[4;2H+----------------------------------------------------------------------------+[5;2H|[5;79H|[6;2H|[6;79H|[7;2H|[7;79H|[8;2H|[8;79H|[9;2H|[9;79H|[10;2H|[10;79H|[11;2H|[11;79H|[12;2H|[12;79H|[13;2H|[13;79H|[14;2H|[14;79H|[15;2H|[15;79H|[16;2H|[16;79H|[17;2H+----------------------------------------------------------------------------+[m[18;2H[19;2H[m     Use the ^ and v keys to select which entry is highlighted.          
      Press enter to boot the selected OS, `e' to edit the commands       
      before booting or `c' for a command-line.                           [5;80H [7m[5;3H*Ubuntu, with Linux 5.4.0-64-generic                                        [m[5;78H[m[m[6;3H                                                                            [m[6;78H[m[m[7;3H                                                                            [m[7;78H[m[m[8;3H                                                                            [m[8;78H[m[m[9;3H                                                                            [m[9;78H[m[m[10;3H                                                                            [m[10;78H[m[m[11;3H                                                                            [m[11;78H[m[m[12;3H                                                                            [m[12;78H[m[m[13;3H                                                                            [m[13;78H[m[m[14;3H                                                                            [m[14;78H[m[m[15;3H                                                                            [m[15;78H[m[m[16;3H                                                                            [m[16;78H[m[16;80H [5;78H[22;1H   The highlighted entry will be executed automatically in 3s.                 [5;78H[22;1H   The highlighted entry will be executed automatically in 2s.                 [5;78H[22;1H   The highlighted entry will be executed automatically in 1s.                 [5;78H[22;1H   The highlighted entry will be executed automatically in 0s.                 [5;78H[?25h[H[J[1;1H[H[J[1;1HLoading Linux 5.4.0-64-generic ...
Loading initial ramdisk ...
[    0.000000] Linux version 5.4.0-64-generic (buildd@lcy01-amd64-021) (gcc version 9.3.0 (Ubuntu 9.3.0-17ubuntu1~20.04)) #72-Ubuntu SMP Fri Jan 15 10:27:54 UTC 2021 (Ubuntu 5.4.0-64.72-generic 5.4.78)
[    0.000000] Command line: BOOT_IMAGE=/boot/vmlinuz-5.4.0-64-generic root=UUID=66add23f-3d34-46f1-a540-ebfdd268827e ro ip=dhcp console=ttyS0,115200 console=tty console=ttyS0 text
[    0.000000] KERNEL supported cpus:
[    0.000000]   Intel GenuineIntel
[    0.000000]   AMD AuthenticAMD
[    0.000000]   Hygon HygonGenuine
[    0.000000]   Centaur CentaurHauls
[    0.000000]   zhaoxin   Shanghai  
[    0.000000] x86/fpu: Supporting XSAVE feature 0x001: 'x87 floating point registers'
[    0.000000] x86/fpu: Supporting XSAVE feature 0x002: 'SSE registers'
[    0.000000] x86/fpu: Supporting XSAVE feature 0x004: 'AVX registers'
[    0.000000] x86/fpu: xstate_offset[2]:  576, xstate_sizes[2]:  256
[    0.000000] x86/fpu: Enabled xstate features 0x7, context size is 832 bytes, using 'compacted' format.
[    0.000000] BIOS-provided physical RAM map:
[    0.000000] BIOS-e820: [mem 0x0000000000000000-0x000000000009fbff] usable
[    0.000000] BIOS-e820: [mem 0x000000000009fc00-0x000000000009ffff] reserved
[    0.000000] BIOS-e820: [mem 0x00000000000f0000-0x00000000000fffff] reserved
[    0.000000] BIOS-e820: [mem 0x0000000000100000-0x00000000bffdcfff] usable
[    0.000000] BIOS-e820: [mem 0x00000000bffdd000-0x00000000bfffffff] reserved
[    0.000000] BIOS-e820: [mem 0x00000000feffc000-0x00000000feffffff] reserved
[    0.000000] BIOS-e820: [mem 0x00000000fffc0000-0x00000000ffffffff] reserved
[    0.000000] BIOS-e820: [mem 0x0000000100000000-0x000000013fffffff] usable
[    0.000000] NX (Execute Disable) protection: active
[    0.000000] SMBIOS 2.8 present.
[    0.000000] DMI: QEMU Standard PC (i440FX + PIIX, 1996), BIOS rel-1.17.0-0-gb52ca86e094d-prebuilt.qemu.org 04/01/2014
[    0.000000] Hypervisor detected: KVM
[    0.000000] kvm-clock: Using msrs 4b564d01 and 4b564d00
[    0.000000] kvm-clock: cpu 0, msr 136001001, primary cpu clock
[    0.000000] kvm-clock: using sched offset of 10697707917 cycles
[    0.000003] clocksource: kvm-clock: mask: 0xffffffffffffffff max_cycles: 0x1cd42e4dffb, max_idle_ns: 881590591483 ns
[    0.000005] tsc: Detected 2995.202 MHz processor
[    0.002333] last_pfn = 0x140000 max_arch_pfn = 0x400000000
[    0.002554] x86/PAT: Configuration [0-7]: WB  WC  UC- UC  WB  WP  UC- WT  
[    0.002586] last_pfn = 0xbffdd max_arch_pfn = 0x400000000
[    0.010550] found SMP MP-table at [mem 0x000f54b0-0x000f54bf]
[    0.010751] check: Scanning 1 areas for low memory corruption
[    0.011270] Using GB pages for direct mapping
[    0.011661] RAMDISK: [mem 0x2d173000-0x328b0fff]
[    0.011762] ACPI: Early table checksum verification disabled
[    0.011807] ACPI: RSDP 0x00000000000F52B0 000014 (v00 BOCHS )
[    0.011824] ACPI: RSDT 0x00000000BFFE2458 000034 (v01 BOCHS  BXPC     00000001 BXPC 00000001)
[    0.011831] ACPI: FACP 0x00000000BFFE22F4 000074 (v01 BOCHS  BXPC     00000001 BXPC 00000001)
[    0.011837] ACPI: DSDT 0x00000000BFFE0040 0022B4 (v01 BOCHS  BXPC     00000001 BXPC 00000001)
[    0.011840] ACPI: FACS 0x00000000BFFE0000 000040
[    0.011843] ACPI: APIC 0x00000000BFFE2368 000090 (v03 BOCHS  BXPC     00000001 BXPC 00000001)
[    0.011845] ACPI: HPET 0x00000000BFFE23F8 000038 (v01 BOCHS  BXPC     00000001 BXPC 00000001)
[    0.011848] ACPI: WAET 0x00000000BFFE2430 000028 (v01 BOCHS  BXPC     00000001 BXPC 00000001)
[    0.012744] No NUMA configuration found
[    0.012746] Faking a node at [mem 0x0000000000000000-0x000000013fffffff]
[    0.012753] NODE_DATA(0) allocated [mem 0x13ffd5000-0x13fffffff]
[    0.013756] Zone ranges:
[    0.013759]   DMA      [mem 0x0000000000001000-0x0000000000ffffff]
[    0.013760]   DMA32    [mem 0x0000000001000000-0x00000000ffffffff]
[    0.013761]   Normal   [mem 0x0000000100000000-0x000000013fffffff]
[    0.013762]   Device   empty
[    0.013763] Movable zone start for each node
[    0.013765] Early memory node ranges
[    0.013766]   node   0: [mem 0x0000000000001000-0x000000000009efff]
[    0.013767]   node   0: [mem 0x0000000000100000-0x00000000bffdcfff]
[    0.013768]   node   0: [mem 0x0000000100000000-0x000000013fffffff]
[    0.014036] Zeroed struct page in unavailable ranges: 133 pages
[    0.014037] Initmem setup node 0 [mem 0x0000000000001000-0x000000013fffffff]
[    0.228942] ACPI: PM-Timer IO Port: 0x608
[    0.229029] ACPI: LAPIC_NMI (acpi_id[0xff] dfl dfl lint[0x1])
[    0.229201] IOAPIC[0]: apic_id 0, version 17, address 0xfec00000, GSI 0-23
[    0.229204] ACPI: INT_SRC_OVR (bus 0 bus_irq 0 global_irq 2 dfl dfl)
[    0.229206] ACPI: INT_SRC_OVR (bus 0 bus_irq 5 global_irq 5 high level)
[    0.229207] ACPI: INT_SRC_OVR (bus 0 bus_irq 9 global_irq 9 high level)
[    0.229297] ACPI: INT_SRC_OVR (bus 0 bus_irq 10 global_irq 10 high level)
[    0.229298] ACPI: INT_SRC_OVR (bus 0 bus_irq 11 global_irq 11 high level)
[    0.229304] Using ACPI (MADT) for SMP configuration information
[    0.229306] ACPI: HPET id: 0x8086a201 base: 0xfed00000
[    0.229342] TSC deadline timer available
[    0.229354] smpboot: Allowing 4 CPUs, 0 hotplug CPUs
[    0.229413] KVM setup pv sched yield
[    0.229433] PM: Registered nosave memory: [mem 0x00000000-0x00000fff]
[    0.229434] PM: Registered nosave memory: [mem 0x0009f000-0x0009ffff]
[    0.229435] PM: Registered nosave memory: [mem 0x000a0000-0x000effff]
[    0.229435] PM: Registered nosave memory: [mem 0x000f0000-0x000fffff]
[    0.229436] PM: Registered nosave memory: [mem 0xbffdd000-0xbfffffff]
[    0.229437] PM: Registered nosave memory: [mem 0xc0000000-0xfeffbfff]
[    0.229437] PM: Registered nosave memory: [mem 0xfeffc000-0xfeffffff]
[    0.229438] PM: Registered nosave memory: [mem 0xff000000-0xfffbffff]
[    0.229438] PM: Registered nosave memory: [mem 0xfffc0000-0xffffffff]
[    0.229441] [mem 0xc0000000-0xfeffbfff] available for PCI devices
[    0.229442] Booting paravirtualized kernel on KVM
[    0.229446] clocksource: refined-jiffies: mask: 0xffffffff max_cycles: 0xffffffff, max_idle_ns: 7645519600211568 ns
[    0.229451] setup_percpu: NR_CPUS:8192 nr_cpumask_bits:4 nr_cpu_ids:4 nr_node_ids:1
[    0.234384] percpu: Embedded 55 pages/cpu s188416 r8192 d28672 u524288
[    0.234465] KVM setup async PF for cpu 0
[    0.234485] kvm-stealtime: cpu 0, msr 13ba2d040
[    0.234501] PV qspinlock hash table entries: 256 (order: 0, 4096 bytes, linear)
[    0.234531] Built 1 zonelists, mobility grouping on.  Total pages: 1032038
[    0.234533] Policy zone: Normal
[    0.234535] Kernel command line: BOOT_IMAGE=/boot/vmlinuz-5.4.0-64-generic root=UUID=66add23f-3d34-46f1-a540-ebfdd268827e ro ip=dhcp console=ttyS0,115200 console=tty console=ttyS0 text
[    0.244382] Dentry cache hash table entries: 524288 (order: 10, 4194304 bytes, linear)
[    0.249405] Inode-cache hash table entries: 262144 (order: 9, 2097152 bytes, linear)
[    0.249559] mem auto-init: stack:off, heap alloc:on, heap free:off
[    0.347927] Memory: 3932824K/4193772K available (14339K kernel code, 2399K rwdata, 4960K rodata, 2724K init, 4980K bss, 260948K reserved, 0K cma-reserved)
[    0.347968] random: get_random_u64 called from kmem_cache_open+0x2d/0x410 with crng_init=0
[    0.348550] SLUB: HWalign=64, Order=0-3, MinObjects=0, CPUs=4, Nodes=1
[    0.348626] ftrace: allocating 44555 entries in 175 pages
[    0.373354] rcu: Hierarchical RCU implementation.
[    0.373367] rcu: 	RCU restricting CPUs from NR_CPUS=8192 to nr_cpu_ids=4.
[    0.373368] 	Tasks RCU enabled.
[    0.373369] rcu: RCU calculated value of scheduler-enlistment delay is 25 jiffies.
[    0.373370] rcu: Adjusting geometry for rcu_fanout_leaf=16, nr_cpu_ids=4
[    0.375728] NR_IRQS: 524544, nr_irqs: 456, preallocated irqs: 16
[    0.376097] random: crng done (trusting CPU's manufacturer)
[    0.411946] Console: colour VGA+ 80x25
[    0.494989] printk: console [tty0] enabled
[    0.820155] printk: console [ttyS0] enabled
[    0.823563] ACPI: Core revision 20190816
[    0.832478] clocksource: hpet: mask: 0xffffffff max_cycles: 0xffffffff, max_idle_ns: 19112604467 ns
[    0.838110] APIC: Switch to symmetric I/O mode setup
[    0.846202] x2apic enabled
[    0.849419] Switched APIC routing to physical x2apic.
[    0.852361] KVM setup pv IPIs
[    0.861539] ..TIMER: vector=0x30 apic1=0 pin1=2 apic2=-1 pin2=-1
[    0.870497] clocksource: tsc-early: mask: 0xffffffffffffffff max_cycles: 0x2b2c909a7c7, max_idle_ns: 440795208498 ns
[    0.876242] Calibrating delay loop (skipped) preset value.. 5990.40 BogoMIPS (lpj=11980808)
[    0.880248] pid_max: default: 32768 minimum: 301
[    0.884346] LSM: Security Framework initializing
[    0.888273] Yama: becoming mindful.
[    0.891940] AppArmor: AppArmor initialized
[    0.892985] Mount-cache hash table entries: 8192 (order: 4, 65536 bytes, linear)
[    0.896402] Mountpoint-cache hash table entries: 8192 (order: 4, 65536 bytes, linear)
[    0.900453] *** VALIDATE tmpfs ***
[    0.904990] *** VALIDATE proc ***
[    0.908402] *** VALIDATE cgroup1 ***
[    0.912250] *** VALIDATE cgroup2 ***
[    0.915500] x86/cpu: User Mode Instruction Prevention (UMIP) activated
[    0.921184] Last level iTLB entries: 4KB 0, 2MB 0, 4MB 0
[    0.924246] Last level dTLB entries: 4KB 0, 2MB 0, 4MB 0, 1GB 0
[    0.928267] Spectre V1 : Mitigation: usercopy/swapgs barriers and __user pointer sanitization
[    0.932258] Spectre V2 : Mitigation: Enhanced IBRS
[    0.936244] Spectre V2 : Spectre v2 / SpectreRSB mitigation: Filling RSB on context switch
[    0.940254] Spectre V2 : mitigation: Enabling conditional Indirect Branch Prediction Barrier
[    0.944249] Speculative Store Bypass: Mitigation: Speculative Store Bypass disabled via prctl and seccomp
[    0.948807] Freeing SMP alternatives memory: 40K
[    0.960237] smpboot: CPU0: Intel(R) Core(TM) Ultra 5 125H (family: 0x6, model: 0xaa, stepping: 0x4)
[    0.964451] Performance Events: unsupported p6 CPU model 170 no PMU driver, software events only.
[    0.968465] rcu: Hierarchical SRCU implementation.
[    0.971767] NMI watchdog: Perf NMI watchdog permanently disabled
[    0.972659] smp: Bringing up secondary CPUs ...
[    0.977341] x86: Booting SMP configuration:
[    0.980266] .... node  #0, CPUs:      #1
[    0.480228] kvm-clock: cpu 1, msr 136001041, secondary cpu clock
[    0.984921] KVM setup async PF for cpu 1
[    0.988237] kvm-stealtime: cpu 1, msr 13baad040
[    0.997167]  #2
[    0.480228] kvm-clock: cpu 2, msr 136001081, secondary cpu clock
[    1.002642] KVM setup async PF for cpu 2
[    1.004237] kvm-stealtime: cpu 2, msr 13bb2d040
[    1.013729]  #3
[    0.480228] kvm-clock: cpu 3, msr 1360010c1, secondary cpu clock
[    1.018656] KVM setup async PF for cpu 3
[    1.020237] kvm-stealtime: cpu 3, msr 13bbad040
[    1.036826] smp: Brought up 1 node, 4 CPUs
[    1.039288] smpboot: Max logical packages: 1
[    1.040255] smpboot: Total of 4 processors activated (23961.61 BogoMIPS)
[    1.056742] devtmpfs: initialized
[    1.059013] x86/mm: Memory block size: 128MB
[    1.073270] clocksource: jiffies: mask: 0xffffffff max_cycles: 0xffffffff, max_idle_ns: 7645041785100000 ns
[    1.084529] futex hash table entries: 1024 (order: 4, 65536 bytes, linear)
[    1.093072] pinctrl core: initialized pinctrl subsystem
[    1.102280] PM: RTC time: 18:06:30, date: 2026-08-22
[    1.110669] NET: Registered protocol family 16
[    1.116766] audit: initializing netlink subsys (disabled)
[    1.124654] audit: type=2000 audit(1787421991.192:1): state=initialized audit_enabled=0 res=1
[    1.124797] EISA bus registered
[    1.140542] cpuidle: using governor ladder
[    1.144533] cpuidle: using governor menu
[    1.149741] KVM setup pv remote TLB flush
[    1.152730] ACPI: bus type PCI registered
[    1.160294] acpiphp: ACPI Hot Plug PCI Controller Driver version: 0.5
[    1.165543] PCI: Using configuration type 1 for base access
[    1.176826] HugeTLB registered 1.00 GiB page size, pre-allocated 0 pages
[    1.184404] HugeTLB registered 2.00 MiB page size, pre-allocated 0 pages
[    1.225084] ACPI: Added _OSI(Module Device)
[    1.228278] ACPI: Added _OSI(Processor Device)
[    1.236285] ACPI: Added _OSI(3.0 _SCP Extensions)
[    1.240257] ACPI: Added _OSI(Processor Aggregator Device)
[    1.244271] ACPI: Added _OSI(Linux-Dell-Video)
[    1.248358] ACPI: Added _OSI(Linux-Lenovo-NV-HDMI-Audio)
[    1.252260] ACPI: Added _OSI(Linux-HPI-Hybrid-Graphics)
[    1.258527] ACPI: 1 ACPI AML tables successfully acquired and loaded
[    1.276562] ACPI: Interpreter enabled
[    1.280300] ACPI: (supports S0 S3 S4 S5)
[    1.284262] ACPI: Using IOAPIC for interrupt routing
[    1.288423] PCI: Using host bridge windows from ACPI; if necessary, use "pci=nocrs" and report a bug
[    1.301378] ACPI: Enabled 2 GPEs in block 00 to 0F
[    1.308839] ACPI: PCI Root Bridge [PCI0] (domain 0000 [bus 00-ff])
[    1.316584] acpi PNP0A03:00: _OSC: OS supports [ASPM ClockPM Segments MSI HPX-Type3]
[    1.324358] acpi PNP0A03:00: fail to add MMCONFIG information, can't access extended PCI configuration space under this bridge.
[    1.333193] acpiphp: Slot [3] registered
[    1.340410] acpiphp: Slot [4] registered
[    1.343779] acpiphp: Slot [5] registered
[    1.348347] acpiphp: Slot [6] registered
[    1.356954] acpiphp: Slot [7] registered
[    1.360437] acpiphp: Slot [8] registered
[    1.364909] acpiphp: Slot [9] registered
[    1.369114] acpiphp: Slot [10] registered
[    1.372343] acpiphp: Slot [11] registered
[    1.376805] acpiphp: Slot [12] registered
[    1.380809] acpiphp: Slot [13] registered
[    1.384454] acpiphp: Slot [14] registered
[    1.388914] acpiphp: Slot [15] registered
[    1.392335] acpiphp: Slot [16] registered
[    1.395637] acpiphp: Slot [17] registered
[    1.400362] acpiphp: Slot [18] registered
[    1.409457] acpiphp: Slot [19] registered
[    1.413012] acpiphp: Slot [20] registered
[    1.420347] acpiphp: Slot [21] registered
[    1.424364] acpiphp: Slot [22] registered
[    1.428356] acpiphp: Slot [23] registered
[    1.432918] acpiphp: Slot [24] registered
[    1.436334] acpiphp: Slot [25] registered
[    1.445128] acpiphp: Slot [26] registered
[    1.449021] acpiphp: Slot [27] registered
[    1.452978] acpiphp: Slot [28] registered
[    1.465618] acpiphp: Slot [29] registered
[    1.468945] acpiphp: Slot [30] registered
[    1.476358] acpiphp: Slot [31] registered
[    1.480329] PCI host bridge to bus 0000:00
[    1.483745] pci_bus 0000:00: root bus resource [io  0x0000-0x0cf7 window]
[    1.492366] pci_bus 0000:00: root bus resource [io  0x0d00-0xffff window]
[    1.496261] pci_bus 0000:00: root bus resource [mem 0x000a0000-0x000bffff window]
[    1.504402] pci_bus 0000:00: root bus resource [mem 0xc0000000-0xfebfffff window]
[    1.512395] pci_bus 0000:00: root bus resource [mem 0xe0000000000-0xe007fffffff window]
[    1.520276] pci_bus 0000:00: root bus resource [bus 00-ff]
[    1.528662] pci 0000:00:00.0: [8086:1237] type 00 class 0x060000
[    1.540658] pci 0000:00:01.0: [8086:7000] type 00 class 0x060100
[    1.552902] pci 0000:00:01.1: [8086:7010] type 00 class 0x010180
[    1.571317] pci 0000:00:01.1: reg 0x20: [io  0xc060-0xc06f]
[    1.581917] pci 0000:00:01.1: legacy IDE quirk: reg 0x10: [io  0x01f0-0x01f7]
[    1.588312] pci 0000:00:01.1: legacy IDE quirk: reg 0x14: [io  0x03f6]
[    1.600311] pci 0000:00:01.1: legacy IDE quirk: reg 0x18: [io  0x0170-0x0177]
[    1.604259] pci 0000:00:01.1: legacy IDE quirk: reg 0x1c: [io  0x0376]
[    1.609852] pci 0000:00:01.3: [8086:7113] type 00 class 0x068000
[    1.622515] pci 0000:00:01.3: quirk: [io  0x0600-0x063f] claimed by PIIX4 ACPI
[    1.636571] pci 0000:00:01.3: quirk: [io  0x0700-0x070f] claimed by PIIX4 SMB
[    1.648659] pci 0000:00:01.3: quirk_piix4_acpi+0x0/0x170 took 23437 usecs
[    1.660810] pci 0000:00:02.0: [1234:1111] type 00 class 0x030000
[    1.679086] pci 0000:00:02.0: reg 0x10: [mem 0xfd000000-0xfdffffff pref]
[    1.700662] pci 0000:00:02.0: reg 0x18: [mem 0xfebd0000-0xfebd0fff]
[    1.734671] pci 0000:00:02.0: reg 0x30: [mem 0xfebc0000-0xfebcffff pref]
[    1.761376] pci 0000:00:03.0: [1af4:1000] type 00 class 0x020000
[    1.766478] pci 0000:00:03.0: reg 0x10: [io  0xc040-0xc05f]
[    1.782017] pci 0000:00:03.0: reg 0x14: [mem 0xfebd1000-0xfebd1fff]
[    1.796313] pci 0000:00:03.0: reg 0x20: [mem 0xe0040000000-0xe0040003fff 64bit pref]
[    1.805755] pci 0000:00:03.0: reg 0x30: [mem 0xfeb80000-0xfebbffff pref]
[    1.818496] pci 0000:00:04.0: [1af4:1004] type 00 class 0x010000
[    1.829271] pci 0000:00:04.0: reg 0x10: [io  0xc000-0xc03f]
[    1.845711] pci 0000:00:04.0: reg 0x14: [mem 0xfebd2000-0xfebd2fff]
[    1.881751] pci 0000:00:04.0: reg 0x20: [mem 0xe0040004000-0xe0040007fff 64bit pref]
[    1.900237] pci 0000:00:05.0: [1d1d:1f1f] type 00 class 0x010802
[    1.909599] pci 0000:00:05.0: reg 0x10: [mem 0xe0000000000-0xe0000001fff 64bit]
[    1.924048] pci 0000:00:05.0: reg 0x20: [mem 0xfebd3000-0xfebd3fff]
[    1.936758] pci 0000:00:05.0: enabling Extended Tags
[    2.023234] ACPI: PCI Interrupt Link [LNKA] (IRQs 5 *10 11)
[    2.032891] ACPI: PCI Interrupt Link [LNKB] (IRQs 5 *10 11)
[    2.036761] ACPI: PCI Interrupt Link [LNKC] (IRQs 5 10 *11)
[    2.044639] ACPI: PCI Interrupt Link [LNKD] (IRQs 5 10 *11)
[    2.052471] ACPI: PCI Interrupt Link [LNKS] (IRQs *9)
[    2.060902] iommu: Default domain type: Translated 
[    2.070892] SCSI subsystem initialized
[    2.076773] pci 0000:00:02.0: vgaarb: setting as boot VGA device
[    2.080237] pci 0000:00:02.0: vgaarb: VGA device added: decodes=io+mem,owns=io+mem,locks=none
[    2.092264] pci 0000:00:02.0: vgaarb: bridge control possible
[    2.100259] vgaarb: loaded
[    2.104487] ACPI: bus type USB registered
[    2.108468] usbcore: registered new interface driver usbfs
[    2.112351] usbcore: registered new interface driver hub
[    2.116449] usbcore: registered new device driver usb
[    2.124715] pps_core: LinuxPPS API ver. 1 registered
[    2.132261] pps_core: Software ver. 5.3.6 - Copyright 2005-2007 Rodolfo Giometti <giometti@linux.it>
[    2.148428] PTP clock support registered
[    2.152832] EDAC MC: Ver: 3.0.0
[    2.157566] PCI: Using ACPI for IRQ routing
[    2.166484] NetLabel: Initializing
[    2.168253] NetLabel:  domain hash size = 128
[    2.176257] NetLabel:  protocols = UNLABELED CIPSOv4 CALIPSO
[    2.184379] NetLabel:  unlabeled traffic allowed by default
[    2.196237] hpet0: at MMIO 0xfed00000, IRQs 2, 8, 0
[    2.200259] hpet0: 3 comparators, 64-bit 100.000000 MHz counter
[    2.212279] clocksource: Switched to clocksource kvm-clock
[    2.339368] *** VALIDATE bpf ***
[    2.343799] VFS: Disk quotas dquot_6.6.0
[    2.348412] VFS: Dquot-cache hash table entries: 512 (order 0, 4096 bytes)
[    2.359299] *** VALIDATE ramfs ***
[    2.363111] *** VALIDATE hugetlbfs ***
[    2.370135] AppArmor: AppArmor Filesystem Enabled
[    2.380327] pnp: PnP ACPI init
[    2.384869] pnp: PnP ACPI: found 6 devices
[    2.411413] thermal_sys: Registered thermal governor 'fair_share'
[    2.411415] thermal_sys: Registered thermal governor 'bang_bang'
[    2.418676] thermal_sys: Registered thermal governor 'step_wise'
[    2.432023] thermal_sys: Registered thermal governor 'user_space'
[    2.437378] thermal_sys: Registered thermal governor 'power_allocator'
[    2.448520] clocksource: acpi_pm: mask: 0xffffff max_cycles: 0xffffff, max_idle_ns: 2085701024 ns
[    2.470448] pci_bus 0000:00: resource 4 [io  0x0000-0x0cf7 window]
[    2.475063] pci_bus 0000:00: resource 5 [io  0x0d00-0xffff window]
[    2.482188] pci_bus 0000:00: resource 6 [mem 0x000a0000-0x000bffff window]
[    2.494398] pci_bus 0000:00: resource 7 [mem 0xc0000000-0xfebfffff window]
[    2.505690] pci_bus 0000:00: resource 8 [mem 0xe0000000000-0xe007fffffff window]
[    2.515472] NET: Registered protocol family 2
[    2.527836] tcp_listen_portaddr_hash hash table entries: 2048 (order: 3, 32768 bytes, linear)
[    2.541650] TCP established hash table entries: 32768 (order: 6, 262144 bytes, linear)
[    2.554202] TCP bind hash table entries: 32768 (order: 7, 524288 bytes, linear)
[    2.565746] TCP: Hash tables configured (established 32768 bind 32768)
[    2.573133] UDP hash table entries: 2048 (order: 4, 65536 bytes, linear)
[    2.581517] UDP-Lite hash table entries: 2048 (order: 4, 65536 bytes, linear)
[    2.589938] NET: Registered protocol family 1
[    2.598960] NET: Registered protocol family 44
[    2.605823] pci 0000:00:01.0: PIIX3: Enabling Passive Release
[    2.611328] pci 0000:00:00.0: Limiting direct PCI/PCI transfers
[    2.620868] pci 0000:00:01.0: Activating ISA DMA hang workarounds
[    2.627186] pci 0000:00:02.0: Video device with shadowed ROM at [mem 0x000c0000-0x000dffff]
[    2.638328] pci 0000:00:02.0: pci_fixup_video+0x0/0xe0 took 10833 usecs
[    2.644890] PCI: CLS 0 bytes, default 64
[    2.652572] Trying to unpack rootfs image as initramfs...
[    5.071916] Freeing initrd memory: 89336K
[    5.114466] PCI-DMA: Using software bounce buffering for IO (SWIOTLB)
[    5.132475] software IO TLB: mapped [mem 0xbbfdd000-0xbffdd000] (64MB)
[    5.144558] clocksource: tsc: mask: 0xffffffffffffffff max_cycles: 0x2b2c909a7c7, max_idle_ns: 440795208498 ns
[    5.166831] check: Scanning for low memory corruption every 60 seconds
[    5.208173] Initialise system trusted keyrings
[    5.226562] Key type blacklist registered
[    5.242040] workingset: timestamp_bits=36 max_order=20 bucket_order=0
[    5.266729] zbud: loaded
[    5.378160] squashfs: version 4.0 (2009/01/31) Phillip Lougher
[    5.408558] fuse: init (API version 7.31)
[    5.427144] *** VALIDATE fuse ***
[    5.440025] *** VALIDATE fuse ***
[    5.448754] Platform Keyring initialized
[    5.476058] Key type asymmetric registered
[    5.488169] Asymmetric key parser 'x509' registered
[    5.502352] Block layer SCSI generic (bsg) driver version 0.4 loaded (major 244)
[    5.514173] io scheduler mq-deadline registered
[    5.528420] shpchp: Standard Hot Plug PCI Controller Driver version: 0.4
[    5.541985] input: Power Button as /devices/LNXSYSTM:00/LNXPWRBN:00/input/input0
[    5.549442] ACPI: Power Button [PWRF]
[    5.566632] PCI Interrupt Link [LNKC] enabled at IRQ 11
[    5.698469] PCI Interrupt Link [LNKD] enabled at IRQ 10
[    5.857366] Serial: 8250/16550 driver, 32 ports, IRQ sharing enabled
[    5.928683] 00:04: ttyS0 at I/O 0x3f8 (irq = 4, base_baud = 115200) is a 16550A
[    5.966262] Linux agpgart interface v0.103
[    5.990429] loop: module loaded
[    6.004019] scsi host0: ata_piix
[    6.016138] scsi host1: ata_piix
[    6.025685] ata1: PATA max MWDMA2 cmd 0x1f0 ctl 0x3f6 bmdma 0xc060 irq 14
[    6.033256] ata2: PATA max MWDMA2 cmd 0x170 ctl 0x376 bmdma 0xc068 irq 15
[    6.046763] libphy: Fixed MDIO Bus: probed
[    6.058146] tun: Universal TUN/TAP device driver, 1.6
[    6.066418] PPP generic driver version 2.4.2
[    6.079935] VFIO - User Level meta-driver version: 0.3
[    6.088048] ehci_hcd: USB 2.0 'Enhanced' Host Controller (EHCI) Driver
[    6.101938] ehci-pci: EHCI PCI platform driver
[    6.107571] ehci-platform: EHCI generic platform driver
[    6.120828] ohci_hcd: USB 1.1 'Open' Host Controller (OHCI) Driver
[    6.128403] ohci-pci: OHCI PCI platform driver
[    6.144008] ohci-platform: OHCI generic platform driver
[    6.160425] uhci_hcd: USB Universal Host Controller Interface driver
[    6.172418] i8042: PNP: PS/2 Controller [PNP0303:KBD,PNP0f13:MOU] at 0x60,0x64 irq 1,12
[    6.189717] serio: i8042 KBD port at 0x60,0x64 irq 1
[    6.197976] serio: i8042 AUX port at 0x60,0x64 irq 12
[    6.209394] mousedev: PS/2 mouse device common for all mice
[    6.232238] rtc_cmos 00:05: RTC can wake from S4
[    6.235349] input: AT Translated Set 2 keyboard as /devices/platform/i8042/serio0/input/input1
[    6.250701] rtc_cmos 00:05: registered as rtc0
[    6.265476] rtc_cmos 00:05: alarms up to one day, y3k, 242 bytes nvram, hpet irqs
[    6.276645] i2c /dev entries driver
[    6.280988] device-mapper: uevent: version 1.0.3
[    6.300143] device-mapper: ioctl: 4.41.0-ioctl (2019-09-16) initialised: dm-devel@redhat.com
[    6.321451] platform eisa.0: Probing EISA bus 0
[    6.329086] platform eisa.0: EISA: Cannot allocate resource for mainboard
[    6.336291] platform eisa.0: Cannot allocate resource for EISA slot 1
[    6.343543] platform eisa.0: Cannot allocate resource for EISA slot 2
[    6.352819] platform eisa.0: Cannot allocate resource for EISA slot 3
[    6.360231] platform eisa.0: Cannot allocate resource for EISA slot 4
[    6.369253] platform eisa.0: Cannot allocate resource for EISA slot 5
[    6.374881] platform eisa.0: Cannot allocate resource for EISA slot 6
[    6.381927] platform eisa.0: Cannot allocate resource for EISA slot 7
[    6.392910] platform eisa.0: Cannot allocate resource for EISA slot 8
[    6.398671] platform eisa.0: EISA: Detected 0 cards
[    6.403939] intel_pstate: CPU model not supported
[    6.411345] ledtrig-cpu: registered to indicate activity on CPUs
[    6.419106] drop_monitor: Initializing network drop monitor service
[    6.427328] NET: Registered protocol family 10
[    6.469058] Segment Routing with IPv6
[    6.473352] NET: Registered protocol family 17
[    6.482287] Key type dns_resolver registered
[    6.491060] RAS: Correctable Errors collector initialized.
[    6.497523] IPI shorthand broadcast: enabled
[    6.506110] sched_clock: Marking stable (6029144662, 476228564)->(6674671762, -169298536)
[    6.524862] registered taskstats version 1
[    6.529426] Loading compiled-in X.509 certificates
[    6.542558] Loaded X.509 cert 'Build time autogenerated kernel key: 7f1af841edfbf04e4b72462ffb6202c30b2da0bb'
[    6.552974] zswap: loaded using pool lzo/zbud
[    6.563928] Key type ._fscrypt registered
[    6.569590] Key type .fscrypt registered
[    6.605066] Key type big_key registered
[    6.623379] Key type encrypted registered
[    6.627936] AppArmor: AppArmor sha1 policy hashing enabled
[    6.639986] ima: No TPM chip found, activating TPM-bypass!
[    6.645083] ima: Allocated hash algorithm: sha1
[    6.651511] ima: No architecture policies found
[    6.657783] evm: Initialising EVM extended attributes:
[    6.663346] evm: security.selinux
[    6.668534] evm: security.SMACK64
[    6.674646] evm: security.SMACK64EXEC
[    6.678295] evm: security.SMACK64TRANSMUTE
[    6.684600] evm: security.SMACK64MMAP
[    6.692728] evm: security.apparmor
[    6.695926] evm: security.ima
[    6.700450] evm: security.capability
[    6.711212] evm: HMAC attrs: 0x1
[    6.724030] PM:   Magic number: 6:640:140
[    6.728448] acpi device:11: hash matches
[    6.735441] rtc_cmos 00:05: setting system clock to 2026-08-22T18:06:36 UTC (1787421996)
[    6.768183] Freeing unused decrypted memory: 2040K
[    6.797367] Freeing unused kernel image memory: 2724K
[    6.813868] Write protecting the kernel read-only data: 22528k
[    6.833588] Freeing unused kernel image memory: 2008K
[    6.842805] Freeing unused kernel image memory: 1184K
[    6.869590] x86/mm: Checked W+X mappings: passed, no W+X pages found.
[    6.875168] Run /init as init process
Loading, please wait...
Starting version 245.4-4ubuntu3.2
[    7.074543] Floppy drive(s): fd0 is 2.88M AMI BIOS
[    7.076055] piix4_smbus 0000:00:01.3: SMBus Host Controller at 0x700, revision 0
[    7.123798] FDC 0 is a S82078B
[    7.142697] input: VirtualPS/2 VMware VMMouse as /devices/platform/i8042/serio1/input/input4
[    7.145791] cryptd: max_cpu_qlen set to 1000
[    7.161771] input: VirtualPS/2 VMware VMMouse as /devices/platform/i8042/serio1/input/input3
[    7.190442] nvme nvme0: pci function 0000:00:05.0
[    7.196776] scsi host2: Virtio SCSI HBA
[    7.200335] PCI Interrupt Link [LNKA] enabled at IRQ 10
[    7.256166] nvme nvme0: 4/0/0 default/read/poll queues
[    7.283422] AVX2 version of gcm_enc/dec engaged.
[    7.314406] AES CTR mode by8 optimization enabled
[    7.337548] virtio_net virtio0 ens3: renamed from eth0
[    7.360079] scsi 2:0:0:0: Direct-Access     QEMU     QEMU HARDDISK    2.5+ PQ: 0 ANSI: 5
[    7.443063] bochs-drm 0000:00:02.0: remove_conflicting_pci_framebuffers: bar 0: 0xfd000000 -> 0xfdffffff
[    7.463628] bochs-drm 0000:00:02.0: remove_conflicting_pci_framebuffers: bar 2: 0xfebd0000 -> 0xfebd0fff
[    7.479244] bochs-drm 0000:00:02.0: vgaarb: deactivate vga console
[    7.534725] Console: switching to colour dummy device 80x25
[    7.550272] [drm] Found bochs VGA, ID 0xb0c5.
[    7.553823] [drm] Framebuffer size 16384 kB @ 0xfd000000, mmio @ 0xfebd0000.
[    7.570777] [TTM] Zone  kernel: Available graphics memory: 2015078 KiB
[    7.576227] [TTM] Initializing pool allocator
[    7.589775] [TTM] Initializing DMA pool allocator
[    7.607608] [drm] Found EDID data blob.
[    7.614179] [drm] Initialized bochs-drm 1.0.0 20130925 for 0000:00:02.0 on minor 0
[    7.762916] fbcon: bochs-drmdrmfb (fb0) is primary device
[    7.841736] Console: switching to colour frame buffer device 160x50
[    7.877113] bochs-drm 0000:00:02.0: fb0: bochs-drmdrmfb frame buffer device
[    8.111589] sd 2:0:0:0: Attached scsi generic sg0 type 0
[    8.118729] sd 2:0:0:0: Power-on or device reset occurred
[    8.217226] sd 2:0:0:0: [sda] 167772160 512-byte logical blocks: (85.9 GB/80.0 GiB)
[    8.242536] sd 2:0:0:0: [sda] Write Protect is off
[    8.268004] sd 2:0:0:0: [sda] Write cache: enabled, read cache: enabled, supports DPO and FUA
[    8.350517]  sda: sda1 sda2
[    8.365013] sd 2:0:0:0: [sda] Attached SCSI disk
Begin: Loading essential drivers ... [    9.255391] raid6: avx2x4   gen()  1900 MB/s
[    9.320571] raid6: avx2x4   xor()  2535 MB/s
[    9.376412] raid6: avx2x2   gen()  8772 MB/s
[    9.424755] raid6: avx2x2   xor()  4571 MB/s
[    9.488733] raid6: avx2x1   gen()  7901 MB/s
[    9.544698] raid6: avx2x1   xor()  3475 MB/s
[    9.604849] raid6: sse2x4   gen()  5430 MB/s
[    9.667066] raid6: sse2x4   xor()  1839 MB/s
[    9.732030] raid6: sse2x2   gen()  1986 MB/s
[    9.788574] raid6: sse2x2   xor()  2273 MB/s
[    9.844441] raid6: sse2x1   gen()  3383 MB/s
[    9.896482] raid6: sse2x1   xor()  3651 MB/s
[    9.904833] raid6: using algorithm avx2x2 gen() 8772 MB/s
[    9.909226] raid6: .... xor() 4571 MB/s, rmw enabled
[    9.922483] raid6: using avx2x2 recovery algorithm
[    9.939501] xor: automatically using best checksumming function   avx       
[    9.966593] async_tx: api initialized (async)
done.
Begin: Running /scripts/init-premount ... done.
Begin: Mounting root file system ... Begin: Running /scripts/local-top ... done.
Begin: Running /scripts/local-premount ... [   10.185349] Btrfs loaded, crc32c=crc32c-intel
Scanning for Btrfs filesystems
[   10.268897] blk_update_request: I/O error, dev fd0, sector 0 op 0x0:(READ) flags 0x0 phys_seg 1 prio class 0
[   10.278887] floppy: error 10 while reading block 0
done.
Warning: fsck not present, so skipping root file system
[   10.421856] EXT4-fs (sda2): mounted filesystem with ordered data mode. Opts: (null)
done.
Begin: Running /scripts/local-bottom ... done.
Begin: Running /scripts/init-bottom ... Internet Systems Consortium DHCP Client 4.4.1
Copyright 2004-2018 Internet Systems Consortium.
All rights reserved.
For info, please visit https://www.isc.org/software/dhcp/

Listening on LPF/ens3/52:54:00:12:34:56
Sending on   LPF/ens3/52:54:00:12:34:56
Sending on   Socket/fallback
DHCPDISCOVER on ens3 to 255.255.255.255 port 67 interval 3 (xid=0xccca536d)
DHCPOFFER of 10.0.2.15 from 10.0.2.2
DHCPREQUEST for 10.0.2.15 on ens3 to 255.255.255.255 port 67 (xid=0x6d53cacc)
DHCPACK of 10.0.2.15 from 10.0.2.2 (xid=0xccca536d)
bound to 10.0.2.15 -- renewal in 33510 seconds.
done.
[   11.620564] systemd[1]: Inserted module 'autofs4'
[   11.666385] systemd[1]: systemd 245.4-4ubuntu3.2 running in system mode. (+PAM +AUDIT +SELINUX +IMA +APPARMOR +SMACK +SYSVINIT +UTMP +LIBCRYPTSETUP +GCRYPT +GNUTLS +ACL +XZ +LZ4 +SECCOMP +BLKID +ELFUTILS +KMOD +IDN2 -IDN +PCRE2 default-hierarchy=hybrid)
[   11.693262] systemd[1]: Detected virtualization kvm.
[   11.700996] systemd[1]: Detected architecture x86-64.

Welcome to [1mUbuntu 20.04.1 LTS[0m!

[   11.760386] systemd[1]: Set hostname to <fvm>.
[   12.042414] systemd[1]: /lib/systemd/system/dbus.socket:5: ListenStream= references a path below legacy directory /var/run/, updating /var/run/dbus/system_bus_socket → /run/dbus/system_bus_socket; please update the unit file accordingly.
[   12.250764] systemd[1]: Created slice system-modprobe.slice.
[[0;32m  OK  [0m] Created slice [0;1;39msystem-modprobe.slice[0m.
[   12.261136] systemd[1]: Created slice system-serial\x2dgetty.slice.
[[0;32m  OK  [0m] Created slice [0;1;39msystem-serial\x2dgetty.slice[0m.
[   12.280219] systemd[1]: Created slice User and Session Slice.
[[0;32m  OK  [0m] Created slice [0;1;39mUser and Session Slice[0m.
[   12.295220] systemd[1]: Started Forward Password Requests to Wall Directory Watch.
[[0;32m  OK  [0m] Started [0;1;39mForward Password R…uests to Wall Directory Watch[0m.
[   12.309960] systemd[1]: Set up automount Arbitrary Executable File Formats File System Automount Point.
[[0;32m  OK  [0m] Set up automount [0;1;39mArbitrary…s File System Automount Point[0m.
[   12.338081] systemd[1]: Reached target User and Group Name Lookups.
[[0;32m  OK  [0m] Reached target [0;1;39mUser and Group Name Lookups[0m.
[   12.373053] systemd[1]: Reached target Slices.
[[0;32m  OK  [0m] Reached target [0;1;39mSlices[0m.
[   12.384077] systemd[1]: Listening on Device-mapper event daemon FIFOs.
[[0;32m  OK  [0m] Listening on [0;1;39mDevice-mapper event daemon FIFOs[0m.
[   12.399614] systemd[1]: Listening on LVM2 poll daemon socket.
[[0;32m  OK  [0m] Listening on [0;1;39mLVM2 poll daemon socket[0m.
[   12.419382] systemd[1]: Listening on multipathd control socket.
[[0;32m  OK  [0m] Listening on [0;1;39mmultipathd control socket[0m.
[   12.434524] systemd[1]: Listening on Syslog Socket.
[[0;32m  OK  [0m] Listening on [0;1;39mSyslog Socket[0m.
[   12.444125] systemd[1]: Listening on initctl Compatibility Named Pipe.
[[0;32m  OK  [0m] Listening on [0;1;39minitctl Compatibility Named Pipe[0m.
[   12.467559] systemd[1]: Listening on Journal Audit Socket.
[[0;32m  OK  [0m] Listening on [0;1;39mJournal Audit Socket[0m.
[   12.497832] systemd[1]: Listening on Journal Socket (/dev/log).
[[0;32m  OK  [0m] Listening on [0;1;39mJournal Socket (/dev/log)[0m.
[   12.523115] systemd[1]: Listening on Journal Socket.
[[0;32m  OK  [0m] Listening on [0;1;39mJournal Socket[0m.
[   12.543145] systemd[1]: Listening on Network Service Netlink Socket.
[[0;32m  OK  [0m] Listening on [0;1;39mNetwork Service Netlink Socket[0m.
[   12.560914] systemd[1]: Listening on udev Control Socket.
[[0;32m  OK  [0m] Listening on [0;1;39mudev Control Socket[0m.
[   12.572300] systemd[1]: Listening on udev Kernel Socket.
[[0;32m  OK  [0m] Listening on [0;1;39mudev Kernel Socket[0m.
[   12.594394] systemd[1]: Mounting Huge Pages File System...
         Mounting [0;1;39mHuge Pages File System[0m...
[   12.612390] systemd[1]: Mounting POSIX Message Queue File System...
         Mounting [0;1;39mPOSIX Message Queue File System[0m...
[   12.620882] systemd[1]: Mounting Kernel Debug File System...
         Mounting [0;1;39mKernel Debug File System[0m...
[   12.641743] systemd[1]: Mounting Kernel Trace File System...
         Mounting [0;1;39mKernel Trace File System[0m...
[   12.700697] systemd[1]: Starting Journal Service...
         Starting [0;1;39mJournal Service[0m...
[   12.728021] systemd[1]: Starting Set the console keyboard layout...
         Starting [0;1;39mSet the console keyboard layout[0m...
[   12.756388] systemd[1]: Starting Create list of static device nodes for the current kernel...
         Starting [0;1;39mCreate list of st…odes for the current kernel[0m...
[   12.787560] systemd[1]: Starting Monitoring of LVM2 mirrors, snapshots etc. using dmeventd or progress polling...
         Starting [0;1;39mMonitoring of LVM…meventd or progress polling[0m...
[   12.815022] systemd[1]: Condition check resulted in Load Kernel Module drm being skipped.
[   12.835367] systemd[1]: Condition check resulted in Set Up Additional Binary Formats being skipped.
[   12.848636] systemd[1]: Starting Load Kernel Modules...
         Starting [0;1;39mLoad Kernel Modules[0m...
[   12.881211] systemd[1]: Starting Remount Root and Kernel File Systems...
         Starting [0;1;39mRemount Root and Kernel File Systems[0m...
[   12.909008] systemd[1]: Starting udev Coldplug all Devices...
         Starting [0;1;39mudev Coldplug [   12.932116] EXT4-fs (sda2): re-mounted. Opts: (null)
all Devices[0m...
[   12.953132] systemd[1]: Starting Uncomplicated firewall...
         Starting [0;1;39mUncomplicated firewall[0m...
[   12.984628] systemd[1]: Mounted Huge Pages File System.
[[0;32m  OK  [0m] Mounted [0;1;39mHuge Pages File System[0m.
[   12.999749] systemd[1]: Started Journal Service.
[[0;32m  OK  [0m] Started [0;1;39mJournal Service[0m.
[[0;32m  OK  [0m] Mounted [0;1;39mPOSIX Message Queue File System[0m.
[[0;32m  OK  [0m] Mounted [0;1;39mKernel Debug File System[0m.
[[0;32m  OK  [0m] Mounted [0;1;39mKernel Trace File System[0m.
[[0;32m  OK  [0m] Finished [0;1;39mSet the console keyboard layout[0m.
[[0;32m  OK  [0m] Finished [0;1;39mCreate list of st… nodes for the current kernel[0m.
[[0;32m  OK  [0m] Finished [0;1;39mMonitoring of LVM… dmeventd or progress polling[0m.
[[0;32m  OK  [0m] Finished [0;1;39mLoad Kernel Modules[0m.
[[0;32m  OK  [0m] Finished [0;1;39mRemount Root and Kernel File Systems[0m.
[[0;32m  OK  [0m] Finished [0;1;39mUncomplicated firewall[0m.
         Activating swap [0;1;39m/swap.img[0m...
         Mounting [0;1;39mFUSE Control File System[0m...
         Mounting [0;1;39mKernel Configuration File System[0m...
         Starting [0;1;39mFlush Journal to Persistent Storage[0m...
         Starting [0;1;39mLoad/Save Random Seed[0m...
[   13.198753] systemd-journald[372]: Received client request to flush runtime journal.
         Starting [0;1;39mApply Kernel Variables[0m...
         Starting [0;1;39mCreate System Users[0m...
[[0;32m  OK  [0m] Finished [0;1;39mudev Coldplug all Devices[0m.
[[0;32m  OK  [0m] Mounted [0;1;39mFUSE Control File System[0m.
[[0;32m  OK  [0m] Mounted [0;1;39mKernel Configuration File System[0m.
[[0;32m  OK  [0m] Finished [0;1;39mLoad/Save Random Seed[0m.
         Starting [0;1;39mudev Wait for Complete Device Initialization[0m...
[[0;32m  OK  [0m] Finished [0;1;39mApply Kernel Variables[0m.
[[0;32m  OK  [0m] Finished [0;1;39mCreate System Users[0m.
         Starting [0;1;39mCreate Static Device Nodes in /dev[0m...
[[0;32m  OK  [0m] Activated swap [0;1;39m/swap.img[0m.
[[0;32m  OK  [0m] Reached target [0;1;39mSwap[0m.
[[0;32m  OK  [0m] Finished [0;1;39mCreate Static Device Nodes in /dev[0m.
         Starting [0;1;39mudev Kernel Device Manager[0m...
[[0;32m  OK  [0m] Finished [0;1;39mFlush Journal to Persistent Storage[0m.
[[0;32m  OK  [0m] Started [0;1;39mudev Kernel Device Manager[0m.
[[0;32m  OK  [0m] Started [0;1;39mDispatch Password …ts to Console Directory Watch[0m.
[[0;32m  OK  [0m] Reached target [0;1;39mLocal Encrypted Volumes[0m.
         Starting [0;1;39mNetwork Service[0m...
[[0;32m  OK  [0m] Started [0;1;39mNetwork Service[0m.
         Starting [0;1;39mWait for Network to be Configured[0m...
[[0;32m  OK  [0m] Finished [0;1;39mWait for Network to be Configured[0m.
[[0;32m  OK  [0m] Found device [0;1;39m/dev/ttyS0[0m.
[[0;32m  OK  [0m] Listening on [0;1;39mLoad/Save RF …itch Status /dev/rfkill Watch[0m.
[[0;32m  OK  [0m] Finished [0;1;39mudev Wait for Complete Device Initialization[0m.
         Starting [0;1;39mDevice-Mapper Multipath Device Controller[0m...
[[0;32m  OK  [0m] Started [0;1;39mDevice-Mapper Multipath Device Controller[0m.
[[0;32m  OK  [0m] Reached target [0;1;39mLocal File Systems (Pre)[0m.
         Mounting [0;1;39mMount unit for core18, revision 1880[0m...
         Mounting [0;1;39mMount unit for lxd, revision 16099[0m...
         Mounting [0;1;39mMount unit for snapd, revision 8542[0m...
[[0;32m  OK  [0m] Mounted [0;1;39mMount unit for lxd, revision 16099[0m.
[[0;32m  OK  [0m] Mounted [0;1;39mMount unit for core18, revision 1880[0m.
[[0;32m  OK  [0m] Mounted [0;1;39mMount unit for snapd, revision 8542[0m.
[[0;32m  OK  [0m] Reached target [0;1;39mLocal File Systems[0m.
         Starting [0;1;39mLoad AppArmor profiles[0m...
         Starting [0;1;39mSet console font and keymap[0m...
         Starting [0;1;39mCreate final runt…dir for shutdown pivot root[0m...
         Starting [0;1;39mTell Plymouth To Write Out Runtime Data[0m...
         Starting [0;1;39mCreate Volatile Files and Directories[0m...
[[0;32m  OK  [0m] Finished [0;1;39mSet console font and keymap[0m.
[[0;32m  OK  [0m] Finished [0;1;39mCreate final runt…e dir for shutdown pivot root[0m.
[[0;32m  OK  [0m] Finished [0;1;39mTell Plymouth To Write Out Runtime Data[0m.
[[0;32m  OK  [0m] Finished [0;1;39mCreate Volatile Files and Directories[0m.
         Starting [0;1;39mNetwork Name Resolution[0m...
         Starting [0;1;39mNetwork Time Synchronization[0m...
         Starting [0;1;39mUpdate UTMP about System Boot/Shutdown[0m...
[[0;32m  OK  [0m] Finished [0;1;39mLoad AppArmor profiles[0m.
         Starting [0;1;39mLoad AppArmor pro…managed internally by snapd[0m...
[[0;32m  OK  [0m] Finished [0;1;39mUpdate UTMP about System Boot/Shutdown[0m.
[[0;32m  OK  [0m] Started [0;1;39mNetwork Time Synchronization[0m.
[[0;32m  OK  [0m] Reached target [0;1;39mSystem Time Set[0m.
[[0;32m  OK  [0m] Reached target [0;1;39mSystem Time Synchronized[0m.
[[0;32m  OK  [0m] Finished [0;1;39mLoad AppArmor pro…s managed internally by snapd[0m.
[[0;32m  OK  [0m] Reached target [0;1;39mSystem Initialization[0m.
[[0;32m  OK  [0m] Started [0;1;39mDaily apt download activities[0m.
[[0;32m  OK  [0m] Started [0;1;39mDaily apt upgrade and clean activities[0m.
[[0;32m  OK  [0m] Started [0;1;39mPeriodic ext4 Onli…ata Check for All Filesystems[0m.
[[0;32m  OK  [0m] Started [0;1;39mDiscard unused blocks once a week[0m.
[[0;32m  OK  [0m] Started [0;1;39mRefresh fwupd metadata regularly[0m.
[[0;32m  OK  [0m] Started [0;1;39mDaily rotation of log files[0m.
[[0;32m  OK  [0m] Started [0;1;39mDaily man-db regeneration[0m.
[[0;32m  OK  [0m] Started [0;1;39mMessage of the Day[0m.
[[0;32m  OK  [0m] Started [0;1;39mDaily Cleanup of Temporary Directories[0m.
[[0;32m  OK  [0m] Reached target [0;1;39mPaths[0m.
[[0;32m  OK  [0m] Reached target [0;1;39mTimers[0m.
[[0;32m  OK  [0m] Listening on [0;1;39mD-Bus System Message Bus Socket[0m.
[[0;32m  OK  [0m] Listening on [0;1;39mOpen-iSCSI iscsid Socket[0m.
[[0;32m  OK  [0m] Listening on [0;1;39mSocket unix for snap application lxd.daemon[0m.
         Starting [0;1;39mSocket activation for snappy daemon[0m.
[[0;32m  OK  [0m] Listening on [0;1;39mUUID daemon activation socket[0m.
[[0;32m  OK  [0m] Started [0;1;39mNetwork Name Resolution[0m.
[[0;32m  OK  [0m] Listening on [0;1;39mSocket activation for snappy daemon[0m.
[[0;32m  OK  [0m] Reached target [0;1;39mNetwork[0m.
[[0;32m  OK  [0m] Reached target [0;1;39mNetwork is Online[0m.
[[0;32m  OK  [0m] Reached target [0;1;39mHost and Network Name Lookups[0m.
[[0;32m  OK  [0m] Reached target [0;1;39mSockets[0m.
[[0;32m  OK  [0m] Reached target [0;1;39mBasic System[0m.
         Starting [0;1;39mAccounts Service[0m...
[[0;32m  OK  [0m] Started [0;1;39mD-Bus System Message Bus[0m.
[[0;32m  OK  [0m] Started [0;1;39mSave initial kernel messages after boot[0m.
         Starting [0;1;39mRemove Stale Onli…t4 Metadata Check Snapshots[0m...
         Starting [0;1;39mLSB: Record successful boot for GRUB[0m...
         Starting [0;1;39mGRUB failed boot detection[0m...
[[0;32m  OK  [0m] Started [0;1;39mirqbalance daemon[0m.
         Starting [0;1;39mDispatcher daemon for systemd-networkd[0m...
[[0;32m  OK  [0m] Reached target [0;1;39mRemote File Systems (Pre)[0m.
[[0;32m  OK  [0m] Reached target [0;1;39mRemote File Systems[0m.
         Starting [0;1;39mLSB: automatic crash report generation[0m...
         Starting [0;1;39mDeferred execution scheduler[0m...
         Starting [0;1;39mAvailability of block devices[0m...
[[0;32m  OK  [0m] Started [0;1;39mRegular background program processing daemon[0m.
         Starting [0;1;39mSystem Logging Service[0m...
         Starting [0;1;39mService for snap application lxd.activate[0m...
         Starting [0;1;39mSnap Daemon[0m...
         Starting [0;1;39mOpenBSD Secure Shell server[0m...
         Starting [0;1;39mLogin Service[0m...
         Starting [0;1;39mPermit User Sessions[0m...
         Starting [0;1;39mThermal Daemon Service[0m...
[[0;32m  OK  [0m] Finished [0;1;39mRemove Stale Onli…ext4 Metadata Check Snapshots[0m.
[[0;32m  OK  [0m] Started [0;1;39mDeferred execution scheduler[0m.
[[0;32m  OK  [0m] Finished [0;1;39mAvailability of block devices[0m.
[[0;32m  OK  [0m] Finished [0;1;39mPermit User Sessions[0m.
[[0;32m  OK  [0m] Finished [0;1;39mGRUB failed boot detection[0m.
[[0;32m  OK  [0m] Started [0;1;39mSystem Logging Service[0m.
[[0;32m  OK  [0m] Started [0;1;39mOpenBSD Secure Shell server[0m.
         Starting [0;1;39mHold until boot process finishes up[0m...
         Starting [0;1;39mTerminate Plymouth Boot Screen[0m...
[[0;32m  OK  [0m] Finished [0;1;39mHold until boot process finishes up[0m.
[[0;32m  OK  [0m] Finished [0;1;39mTerminate Plymouth Boot Screen[0m.
[[0;32m  OK  [0m] Started [0;1;39mLSB: Record successful boot for GRUB[0m.
[[0;32m  OK  [0m] Started [0;1;39mSerial Getty on ttyS0[0m.
         Starting [0;1;39mSet console scheme[0m...
[[0;32m  OK  [0m] Started [0;1;39mLSB: automatic crash report generation[0m.
[[0;32m  OK  [0m] Finished [0;1;39mSet console scheme[0m.
[[0;32m  OK  [0m] Created slice [0;1;39msystem-getty.slice[0m.
[[0;32m  OK  [0m] Started [0;1;39mGetty on tty1[0m.
[[0;32m  OK  [0m] Reached target [0;1;39mLogin Prompts[0m.
[[0;32m  OK  [0m] Started [0;1;39mLogin Service[0m.
[[0;32m  OK  [0m] Started [0;1;39mThermal Daemon Service[0m.
[[0;32m  OK  [0m] Started [0;1;39mUnattended Upgrades Shutdown[0m.
[[0;32m  OK  [0m] Started [0;1;39mDispatcher daemon for systemd-networkd[0m.
         Starting [0;1;39mAuthorization Manager[0m...
[[0;32m  OK  [0m] Started [0;1;39mAuthorization Manager[0m.
[[0;32m  OK  [0m] Started [0;1;39mAccounts Service[0m.

Ubuntu 20.04.1 LTS fvm ttyS0

fvm login: [EXP] [CLASSIFY] lpn=0 state=COLD access=1 short=0 interval=1572864 seq=1572865 decay_epoch=24
[EXP] [WRITE] lpn=0 -> ch=0 lun=0 pl=0 blk=97 pg=0 (secret)
[EXP] [INVALIDATE:overwrite] lpn=0 old ch=0 lun=0 pl=0 blk=97 pg=0
[EXP] [CLASSIFY] lpn=0 state=COLD access=2 short=1 interval=1 seq=1572866 decay_epoch=24
[EXP] [WRITE] lpn=0 -> ch=1 lun=0 pl=0 blk=97 pg=0 (secret)
[EXP] [INVALIDATE:overwrite] lpn=0 old ch=1 lun=0 pl=0 blk=97 pg=0
[EXP] [CLASSIFY] lpn=0 state=HOT access=3 short=2 interval=1 seq=1572867 decay_epoch=24
[EXP] [WRITE] lpn=0 -> ch=0 lun=0 pl=0 blk=64 pg=0 (secret)
[EXP] [INVALIDATE:trim] lpn=0 old ch=0 lun=0 pl=0 blk=64 pg=0
[SCAN:after_trim] 'V25C' NOT present in backend
[EXP] [CLASSIFY] lpn=0 state=COLD access=1 short=0 interval=0 seq=1572868 decay_epoch=24
[EXP] [WRITE] lpn=0 -> ch=2 lun=0 pl=0 blk=97 pg=0 (secret)
[EXP] [INVALIDATE:overwrite] lpn=0 old ch=2 lun=0 pl=0 blk=97 pg=0
[EXP] [CLASSIFY] lpn=0 state=COLD access=2 short=1 interval=1 seq=1572869 decay_epoch=24
[EXP] [WRITE] lpn=0 -> ch=3 lun=0 pl=0 blk=97 pg=0 (secret)
[FEMU] FTL-Log: BBSSD-STATS version=V2.5 hot_rewrite_window=1024 hot_access_threshold=3 hot_confirmation_threshold=2 hot_decay_window=65536 hot_decay_enabled=on hot_idle_expiration_window=4000000 host_page_writes=1572869 nand_page_writes=1572869 gc_page_writes=0 block_erases=0 waf=1.000000 gc_count=0 average_gc_copy=N/A host_hot_writes=1 host_cold_writes=1572868 hot_write_ratio=0.000001 gc_hot_writes=0 gc_cold_writes=0 stale_hot_gc_candidates_gt_t=0 stale_hot_gc_candidates_gt_2t=0 stale_hot_gc_candidates_gt_4t=0 stale_hot_gc_candidates_gt_8t=0 stale_hot_gc_demotions=0 cold_to_hot_count=1 hot_to_cold_count=0 hot_pool_empty_count=0 cold_pool_empty_count=33 borrow_count=33 emergency_gc_count=0 decay_application_count=1 counter_invariant=PASS
[FEMU] Log: vSSD0,Reset tt_late_ios/tt_ios,6445/6748
[EXP] [ERASE] ch=0 lun=0 pl=0 blk=97 pg=255 erase_cnt=1 (vpc/ipc reset)
[EXP] [ERASE] ch=0 lun=1 pl=0 blk=97 pg=255 erase_cnt=1 (vpc/ipc reset)
[EXP] [ERASE] ch=0 lun=2 pl=0 blk=97 pg=255 erase_cnt=1 (vpc/ipc reset)
[EXP] [ERASE] ch=0 lun=3 pl=0 blk=97 pg=255 erase_cnt=1 (vpc/ipc reset)
[EXP] [ERASE] ch=0 lun=4 pl=0 blk=97 pg=255 erase_cnt=1 (vpc/ipc reset)
[EXP] [ERASE] ch=0 lun=5 pl=0 blk=97 pg=255 erase_cnt=1 (vpc/ipc reset)
[EXP] [ERASE] ch=0 lun=6 pl=0 blk=97 pg=255 erase_cnt=1 (vpc/ipc reset)
[EXP] [ERASE] ch=0 lun=7 pl=0 blk=97 pg=255 erase_cnt=1 (vpc/ipc reset)
[EXP] [ERASE] ch=1 lun=0 pl=0 blk=97 pg=255 erase_cnt=1 (vpc/ipc reset)
[EXP] [ERASE] ch=1 lun=1 pl=0 blk=97 pg=255 erase_cnt=1 (vpc/ipc reset)
[EXP] [ERASE] ch=1 lun=2 pl=0 blk=97 pg=255 erase_cnt=1 (vpc/ipc reset)
[EXP] [ERASE] ch=1 lun=3 pl=0 blk=97 pg=255 erase_cnt=1 (vpc/ipc reset)
[EXP] [ERASE] ch=1 lun=4 pl=0 blk=97 pg=255 erase_cnt=1 (vpc/ipc reset)
[EXP] [ERASE] ch=1 lun=5 pl=0 blk=97 pg=255 erase_cnt=1 (vpc/ipc reset)
[EXP] [ERASE] ch=1 lun=6 pl=0 blk=97 pg=255 erase_cnt=1 (vpc/ipc reset)
[EXP] [ERASE] ch=1 lun=7 pl=0 blk=97 pg=255 erase_cnt=1 (vpc/ipc reset)
[EXP] [ERASE] ch=2 lun=0 pl=0 blk=97 pg=255 erase_cnt=1 (vpc/ipc reset)
[EXP] [ERASE] ch=2 lun=1 pl=0 blk=97 pg=255 erase_cnt=1 (vpc/ipc reset)
[EXP] [ERASE] ch=2 lun=2 pl=0 blk=97 pg=255 erase_cnt=1 (vpc/ipc reset)
[EXP] [ERASE] ch=2 lun=3 pl=0 blk=97 pg=255 erase_cnt=1 (vpc/ipc reset)
[EXP] [ERASE] ch=2 lun=4 pl=0 blk=97 pg=255 erase_cnt=1 (vpc/ipc reset)
[EXP] [ERASE] ch=2 lun=5 pl=0 blk=97 pg=255 erase_cnt=1 (vpc/ipc reset)
[EXP] [ERASE] ch=2 lun=6 pl=0 blk=97 pg=255 erase_cnt=1 (vpc/ipc reset)
[EXP] [ERASE] ch=2 lun=7 pl=0 blk=97 pg=255 erase_cnt=1 (vpc/ipc reset)
[EXP] [GC_MOVE] lpn=0 historical=COLD effective=COLD idle_age=0 expired=no access=2 short=1 last_seq=1572869 decay_epoch=24 ch=3 lun=0 pl=0 blk=97 pg=0 -> ch=7 lun=7 pl=0 blk=98 pg=78
[EXP] [ERASE] ch=3 lun=0 pl=0 blk=97 pg=255 erase_cnt=1 (vpc/ipc reset)
[EXP] [ERASE] ch=3 lun=1 pl=0 blk=97 pg=255 erase_cnt=1 (vpc/ipc reset)
[EXP] [ERASE] ch=3 lun=2 pl=0 blk=97 pg=255 erase_cnt=1 (vpc/ipc reset)
[EXP] [ERASE] ch=3 lun=3 pl=0 blk=97 pg=255 erase_cnt=1 (vpc/ipc reset)
[EXP] [ERASE] ch=3 lun=4 pl=0 blk=97 pg=255 erase_cnt=1 (vpc/ipc reset)
[EXP] [ERASE] ch=3 lun=5 pl=0 blk=97 pg=255 erase_cnt=1 (vpc/ipc reset)
[EXP] [ERASE] ch=3 lun=6 pl=0 blk=97 pg=255 erase_cnt=1 (vpc/ipc reset)
[EXP] [ERASE] ch=3 lun=7 pl=0 blk=97 pg=255 erase_cnt=1 (vpc/ipc reset)
[EXP] [ERASE] ch=4 lun=0 pl=0 blk=97 pg=255 erase_cnt=1 (vpc/ipc reset)
[EXP] [ERASE] ch=4 lun=1 pl=0 blk=97 pg=255 erase_cnt=1 (vpc/ipc reset)
[EXP] [ERASE] ch=4 lun=2 pl=0 blk=97 pg=255 erase_cnt=1 (vpc/ipc reset)
[EXP] [ERASE] ch=4 lun=3 pl=0 blk=97 pg=255 erase_cnt=1 (vpc/ipc reset)
[EXP] [ERASE] ch=4 lun=4 pl=0 blk=97 pg=255 erase_cnt=1 (vpc/ipc reset)
[EXP] [ERASE] ch=4 lun=5 pl=0 blk=97 pg=255 erase_cnt=1 (vpc/ipc reset)
[EXP] [ERASE] ch=4 lun=6 pl=0 blk=97 pg=255 erase_cnt=1 (vpc/ipc reset)
[EXP] [ERASE] ch=4 lun=7 pl=0 blk=97 pg=255 erase_cnt=1 (vpc/ipc reset)
[EXP] [ERASE] ch=5 lun=0 pl=0 blk=97 pg=255 erase_cnt=1 (vpc/ipc reset)
[EXP] [ERASE] ch=5 lun=1 pl=0 blk=97 pg=255 erase_cnt=1 (vpc/ipc reset)
[EXP] [ERASE] ch=5 lun=2 pl=0 blk=97 pg=255 erase_cnt=1 (vpc/ipc reset)
[EXP] [ERASE] ch=5 lun=3 pl=0 blk=97 pg=255 erase_cnt=1 (vpc/ipc reset)
[EXP] [ERASE] ch=5 lun=4 pl=0 blk=97 pg=255 erase_cnt=1 (vpc/ipc reset)
[EXP] [ERASE] ch=5 lun=5 pl=0 blk=97 pg=255 erase_cnt=1 (vpc/ipc reset)
[EXP] [ERASE] ch=5 lun=6 pl=0 blk=97 pg=255 erase_cnt=1 (vpc/ipc reset)
[EXP] [ERASE] ch=5 lun=7 pl=0 blk=97 pg=255 erase_cnt=1 (vpc/ipc reset)
[EXP] [ERASE] ch=6 lun=0 pl=0 blk=97 pg=255 erase_cnt=1 (vpc/ipc reset)
[EXP] [ERASE] ch=6 lun=1 pl=0 blk=97 pg=255 erase_cnt=1 (vpc/ipc reset)
[EXP] [ERASE] ch=6 lun=2 pl=0 blk=97 pg=255 erase_cnt=1 (vpc/ipc reset)
[EXP] [ERASE] ch=6 lun=3 pl=0 blk=97 pg=255 erase_cnt=1 (vpc/ipc reset)
[EXP] [ERASE] ch=6 lun=4 pl=0 blk=97 pg=255 erase_cnt=1 (vpc/ipc reset)
[EXP] [ERASE] ch=6 lun=5 pl=0 blk=97 pg=255 erase_cnt=1 (vpc/ipc reset)
[EXP] [ERASE] ch=6 lun=6 pl=0 blk=97 pg=255 erase_cnt=1 (vpc/ipc reset)
[EXP] [ERASE] ch=6 lun=7 pl=0 blk=97 pg=255 erase_cnt=1 (vpc/ipc reset)
[EXP] [ERASE] ch=7 lun=0 pl=0 blk=97 pg=255 erase_cnt=1 (vpc/ipc reset)
[EXP] [ERASE] ch=7 lun=1 pl=0 blk=97 pg=255 erase_cnt=1 (vpc/ipc reset)
[EXP] [ERASE] ch=7 lun=2 pl=0 blk=97 pg=255 erase_cnt=1 (vpc/ipc reset)
[EXP] [ERASE] ch=7 lun=3 pl=0 blk=97 pg=255 erase_cnt=1 (vpc/ipc reset)
[EXP] [ERASE] ch=7 lun=4 pl=0 blk=97 pg=255 erase_cnt=1 (vpc/ipc reset)
[EXP] [ERASE] ch=7 lun=5 pl=0 blk=97 pg=255 erase_cnt=1 (vpc/ipc reset)
[EXP] [ERASE] ch=7 lun=6 pl=0 blk=97 pg=255 erase_cnt=1 (vpc/ipc reset)
[EXP] [ERASE] ch=7 lun=7 pl=0 blk=97 pg=255 erase_cnt=1 (vpc/ipc reset)
[EXP] [ERASE] ch=0 lun=0 pl=0 blk=98 pg=255 erase_cnt=1 (vpc/ipc reset)
[EXP] [ERASE] ch=0 lun=1 pl=0 blk=98 pg=255 erase_cnt=1 (vpc/ipc reset)
[EXP] [ERASE] ch=0 lun=2 pl=0 blk=98 pg=255 erase_cnt=1 (vpc/ipc reset)
[EXP] [ERASE] ch=0 lun=3 pl=0 blk=98 pg=255 erase_cnt=1 (vpc/ipc reset)
[EXP] [ERASE] ch=0 lun=4 pl=0 blk=98 pg=255 erase_cnt=1 (vpc/ipc reset)
[EXP] [ERASE] ch=0 lun=5 pl=0 blk=98 pg=255 erase_cnt=1 (vpc/ipc reset)
[EXP] [ERASE] ch=0 lun=6 pl=0 blk=98 pg=255 erase_cnt=1 (vpc/ipc reset)
[EXP] [ERASE] ch=0 lun=7 pl=0 blk=98 pg=255 erase_cnt=1 (vpc/ipc reset)
[EXP] [ERASE] ch=1 lun=0 pl=0 blk=98 pg=255 erase_cnt=1 (vpc/ipc reset)
[EXP] [ERASE] ch=1 lun=1 pl=0 blk=98 pg=255 erase_cnt=1 (vpc/ipc reset)
[EXP] [ERASE] ch=1 lun=2 pl=0 blk=98 pg=255 erase_cnt=1 (vpc/ipc reset)
[EXP] [ERASE] ch=1 lun=3 pl=0 blk=98 pg=255 erase_cnt=1 (vpc/ipc reset)
[EXP] [ERASE] ch=1 lun=4 pl=0 blk=98 pg=255 erase_cnt=1 (vpc/ipc reset)
[EXP] [ERASE] ch=1 lun=5 pl=0 blk=98 pg=255 erase_cnt=1 (vpc/ipc reset)
[EXP] [ERASE] ch=1 lun=6 pl=0 blk=98 pg=255 erase_cnt=1 (vpc/ipc reset)
[EXP] [ERASE] ch=1 lun=7 pl=0 blk=98 pg=255 erase_cnt=1 (vpc/ipc reset)
[EXP] [ERASE] ch=2 lun=0 pl=0 blk=98 pg=255 erase_cnt=1 (vpc/ipc reset)
[EXP] [ERASE] ch=2 lun=1 pl=0 blk=98 pg=255 erase_cnt=1 (vpc/ipc reset)
[EXP] [ERASE] ch=2 lun=2 pl=0 blk=98 pg=255 erase_cnt=1 (vpc/ipc reset)
[EXP] [ERASE] ch=2 lun=3 pl=0 blk=98 pg=255 erase_cnt=1 (vpc/ipc reset)
[EXP] [ERASE] ch=2 lun=4 pl=0 blk=98 pg=255 erase_cnt=1 (vpc/ipc reset)
[EXP] [ERASE] ch=2 lun=5 pl=0 blk=98 pg=255 erase_cnt=1 (vpc/ipc reset)
[EXP] [ERASE] ch=2 lun=6 pl=0 blk=98 pg=255 erase_cnt=1 (vpc/ipc reset)
[EXP] [ERASE] ch=2 lun=7 pl=0 blk=98 pg=255 erase_cnt=1 (vpc/ipc reset)
[EXP] [ERASE] ch=3 lun=0 pl=0 blk=98 pg=255 erase_cnt=1 (vpc/ipc reset)
[EXP] [ERASE] ch=3 lun=1 pl=0 blk=98 pg=255 erase_cnt=1 (vpc/ipc reset)
[EXP] [ERASE] ch=3 lun=2 pl=0 blk=98 pg=255 erase_cnt=1 (vpc/ipc reset)
[EXP] [ERASE] ch=3 lun=3 pl=0 blk=98 pg=255 erase_cnt=1 (vpc/ipc reset)
[EXP] [ERASE] ch=3 lun=4 pl=0 blk=98 pg=255 erase_cnt=1 (vpc/ipc reset)
[EXP] [ERASE] ch=3 lun=5 pl=0 blk=98 pg=255 erase_cnt=1 (vpc/ipc reset)
[EXP] [ERASE] ch=3 lun=6 pl=0 blk=98 pg=255 erase_cnt=1 (vpc/ipc reset)
[EXP] [ERASE] ch=3 lun=7 pl=0 blk=98 pg=255 erase_cnt=1 (vpc/ipc reset)
[EXP] [ERASE] ch=4 lun=0 pl=0 blk=98 pg=255 erase_cnt=1 (vpc/ipc reset)
[EXP] [ERASE] ch=4 lun=1 pl=0 blk=98 pg=255 erase_cnt=1 (vpc/ipc reset)
[EXP] [ERASE] ch=4 lun=2 pl=0 blk=98 pg=255 erase_cnt=1 (vpc/ipc reset)
[EXP] [ERASE] ch=4 lun=3 pl=0 blk=98 pg=255 erase_cnt=1 (vpc/ipc reset)
[EXP] [ERASE] ch=4 lun=4 pl=0 blk=98 pg=255 erase_cnt=1 (vpc/ipc reset)
[EXP] [ERASE] ch=4 lun=5 pl=0 blk=98 pg=255 erase_cnt=1 (vpc/ipc reset)
[EXP] [ERASE] ch=4 lun=6 pl=0 blk=98 pg=255 erase_cnt=1 (vpc/ipc reset)
[EXP] [ERASE] ch=4 lun=7 pl=0 blk=98 pg=255 erase_cnt=1 (vpc/ipc reset)
[EXP] [ERASE] ch=5 lun=0 pl=0 blk=98 pg=255 erase_cnt=1 (vpc/ipc reset)
[EXP] [ERASE] ch=5 lun=1 pl=0 blk=98 pg=255 erase_cnt=1 (vpc/ipc reset)
[EXP] [ERASE] ch=5 lun=2 pl=0 blk=98 pg=255 erase_cnt=1 (vpc/ipc reset)
[EXP] [ERASE] ch=5 lun=3 pl=0 blk=98 pg=255 erase_cnt=1 (vpc/ipc reset)
[EXP] [ERASE] ch=5 lun=4 pl=0 blk=98 pg=255 erase_cnt=1 (vpc/ipc reset)
[EXP] [ERASE] ch=5 lun=5 pl=0 blk=98 pg=255 erase_cnt=1 (vpc/ipc reset)
[EXP] [ERASE] ch=5 lun=6 pl=0 blk=98 pg=255 erase_cnt=1 (vpc/ipc reset)
[EXP] [ERASE] ch=5 lun=7 pl=0 blk=98 pg=255 erase_cnt=1 (vpc/ipc reset)
[EXP] [ERASE] ch=6 lun=0 pl=0 blk=98 pg=255 erase_cnt=1 (vpc/ipc reset)
[EXP] [ERASE] ch=6 lun=1 pl=0 blk=98 pg=255 erase_cnt=1 (vpc/ipc reset)
[EXP] [ERASE] ch=6 lun=2 pl=0 blk=98 pg=255 erase_cnt=1 (vpc/ipc reset)
[EXP] [ERASE] ch=6 lun=3 pl=0 blk=98 pg=255 erase_cnt=1 (vpc/ipc reset)
[EXP] [ERASE] ch=6 lun=4 pl=0 blk=98 pg=255 erase_cnt=1 (vpc/ipc reset)
[EXP] [ERASE] ch=6 lun=5 pl=0 blk=98 pg=255 erase_cnt=1 (vpc/ipc reset)
[EXP] [ERASE] ch=6 lun=6 pl=0 blk=98 pg=255 erase_cnt=1 (vpc/ipc reset)
[EXP] [ERASE] ch=6 lun=7 pl=0 blk=98 pg=255 erase_cnt=1 (vpc/ipc reset)
[EXP] [ERASE] ch=7 lun=0 pl=0 blk=98 pg=255 erase_cnt=1 (vpc/ipc reset)
[EXP] [ERASE] ch=7 lun=1 pl=0 blk=98 pg=255 erase_cnt=1 (vpc/ipc reset)
[EXP] [ERASE] ch=7 lun=2 pl=0 blk=98 pg=255 erase_cnt=1 (vpc/ipc reset)
[EXP] [ERASE] ch=7 lun=3 pl=0 blk=98 pg=255 erase_cnt=1 (vpc/ipc reset)
[EXP] [ERASE] ch=7 lun=4 pl=0 blk=98 pg=255 erase_cnt=1 (vpc/ipc reset)
[EXP] [ERASE] ch=7 lun=5 pl=0 blk=98 pg=255 erase_cnt=1 (vpc/ipc reset)
[EXP] [ERASE] ch=7 lun=6 pl=0 blk=98 pg=255 erase_cnt=1 (vpc/ipc reset)
[EXP] [GC_MOVE] lpn=0 historical=COLD effective=COLD idle_age=0 expired=no access=2 short=1 last_seq=1572869 decay_epoch=24 ch=7 lun=7 pl=0 blk=98 pg=78 -> ch=2 lun=0 pl=0 blk=99 pg=148
[EXP] [ERASE] ch=7 lun=7 pl=0 blk=98 pg=255 erase_cnt=1 (vpc/ipc reset)
[EXP] [ERASE] ch=0 lun=0 pl=0 blk=97 pg=255 erase_cnt=2 (vpc/ipc reset)
[EXP] [ERASE] ch=0 lun=1 pl=0 blk=97 pg=255 erase_cnt=2 (vpc/ipc reset)
[EXP] [ERASE] ch=0 lun=2 pl=0 blk=97 pg=255 erase_cnt=2 (vpc/ipc reset)
[EXP] [ERASE] ch=0 lun=3 pl=0 blk=97 pg=255 erase_cnt=2 (vpc/ipc reset)
[EXP] [ERASE] ch=0 lun=4 pl=0 blk=97 pg=255 erase_cnt=2 (vpc/ipc reset)
[EXP] [ERASE] ch=0 lun=5 pl=0 blk=97 pg=255 erase_cnt=2 (vpc/ipc reset)
[EXP] [ERASE] ch=0 lun=6 pl=0 blk=97 pg=255 erase_cnt=2 (vpc/ipc reset)
[EXP] [ERASE] ch=0 lun=7 pl=0 blk=97 pg=255 erase_cnt=2 (vpc/ipc reset)
[EXP] [ERASE] ch=1 lun=0 pl=0 blk=97 pg=255 erase_cnt=2 (vpc/ipc reset)
[EXP] [ERASE] ch=1 lun=1 pl=0 blk=97 pg=255 erase_cnt=2 (vpc/ipc reset)
[EXP] [ERASE] ch=1 lun=2 pl=0 blk=97 pg=255 erase_cnt=2 (vpc/ipc reset)
[EXP] [ERASE] ch=1 lun=3 pl=0 blk=97 pg=255 erase_cnt=2 (vpc/ipc reset)
[EXP] [ERASE] ch=1 lun=4 pl=0 blk=97 pg=255 erase_cnt=2 (vpc/ipc reset)
[EXP] [ERASE] ch=1 lun=5 pl=0 blk=97 pg=255 erase_cnt=2 (vpc/ipc reset)
[EXP] [ERASE] ch=1 lun=6 pl=0 blk=97 pg=255 erase_cnt=2 (vpc/ipc reset)
[EXP] [ERASE] ch=1 lun=7 pl=0 blk=97 pg=255 erase_cnt=2 (vpc/ipc reset)
[EXP] [ERASE] ch=2 lun=0 pl=0 blk=97 pg=255 erase_cnt=2 (vpc/ipc reset)
[EXP] [ERASE] ch=2 lun=1 pl=0 blk=97 pg=255 erase_cnt=2 (vpc/ipc reset)
[EXP] [ERASE] ch=2 lun=2 pl=0 blk=97 pg=255 erase_cnt=2 (vpc/ipc reset)
[EXP] [ERASE] ch=2 lun=3 pl=0 blk=97 pg=255 erase_cnt=2 (vpc/ipc reset)
[EXP] [ERASE] ch=2 lun=4 pl=0 blk=97 pg=255 erase_cnt=2 (vpc/ipc reset)
[EXP] [ERASE] ch=2 lun=5 pl=0 blk=97 pg=255 erase_cnt=2 (vpc/ipc reset)
[EXP] [ERASE] ch=2 lun=6 pl=0 blk=97 pg=255 erase_cnt=2 (vpc/ipc reset)
[EXP] [ERASE] ch=2 lun=7 pl=0 blk=97 pg=255 erase_cnt=2 (vpc/ipc reset)
[EXP] [ERASE] ch=3 lun=0 pl=0 blk=97 pg=255 erase_cnt=2 (vpc/ipc reset)
[EXP] [ERASE] ch=3 lun=1 pl=0 blk=97 pg=255 erase_cnt=2 (vpc/ipc reset)
[EXP] [ERASE] ch=3 lun=2 pl=0 blk=97 pg=255 erase_cnt=2 (vpc/ipc reset)
[EXP] [ERASE] ch=3 lun=3 pl=0 blk=97 pg=255 erase_cnt=2 (vpc/ipc reset)
[EXP] [ERASE] ch=3 lun=4 pl=0 blk=97 pg=255 erase_cnt=2 (vpc/ipc reset)
[EXP] [ERASE] ch=3 lun=5 pl=0 blk=97 pg=255 erase_cnt=2 (vpc/ipc reset)
[EXP] [ERASE] ch=3 lun=6 pl=0 blk=97 pg=255 erase_cnt=2 (vpc/ipc reset)
[EXP] [ERASE] ch=3 lun=7 pl=0 blk=97 pg=255 erase_cnt=2 (vpc/ipc reset)
[EXP] [ERASE] ch=4 lun=0 pl=0 blk=97 pg=255 erase_cnt=2 (vpc/ipc reset)
[EXP] [ERASE] ch=4 lun=1 pl=0 blk=97 pg=255 erase_cnt=2 (vpc/ipc reset)
[EXP] [ERASE] ch=4 lun=2 pl=0 blk=97 pg=255 erase_cnt=2 (vpc/ipc reset)
[EXP] [ERASE] ch=4 lun=3 pl=0 blk=97 pg=255 erase_cnt=2 (vpc/ipc reset)
[EXP] [ERASE] ch=4 lun=4 pl=0 blk=97 pg=255 erase_cnt=2 (vpc/ipc reset)
[EXP] [ERASE] ch=4 lun=5 pl=0 blk=97 pg=255 erase_cnt=2 (vpc/ipc reset)
[EXP] [ERASE] ch=4 lun=6 pl=0 blk=97 pg=255 erase_cnt=2 (vpc/ipc reset)
[EXP] [ERASE] ch=4 lun=7 pl=0 blk=97 pg=255 erase_cnt=2 (vpc/ipc reset)
[EXP] [ERASE] ch=5 lun=0 pl=0 blk=97 pg=255 erase_cnt=2 (vpc/ipc reset)
[EXP] [ERASE] ch=5 lun=1 pl=0 blk=97 pg=255 erase_cnt=2 (vpc/ipc reset)
[EXP] [ERASE] ch=5 lun=2 pl=0 blk=97 pg=255 erase_cnt=2 (vpc/ipc reset)
[EXP] [ERASE] ch=5 lun=3 pl=0 blk=97 pg=255 erase_cnt=2 (vpc/ipc reset)
[EXP] [ERASE] ch=5 lun=4 pl=0 blk=97 pg=255 erase_cnt=2 (vpc/ipc reset)
[EXP] [ERASE] ch=5 lun=5 pl=0 blk=97 pg=255 erase_cnt=2 (vpc/ipc reset)
[EXP] [ERASE] ch=5 lun=6 pl=0 blk=97 pg=255 erase_cnt=2 (vpc/ipc reset)
[EXP] [ERASE] ch=5 lun=7 pl=0 blk=97 pg=255 erase_cnt=2 (vpc/ipc reset)
[EXP] [ERASE] ch=6 lun=0 pl=0 blk=97 pg=255 erase_cnt=2 (vpc/ipc reset)
[EXP] [ERASE] ch=6 lun=1 pl=0 blk=97 pg=255 erase_cnt=2 (vpc/ipc reset)
[EXP] [ERASE] ch=6 lun=2 pl=0 blk=97 pg=255 erase_cnt=2 (vpc/ipc reset)
[EXP] [ERASE] ch=6 lun=3 pl=0 blk=97 pg=255 erase_cnt=2 (vpc/ipc reset)
[EXP] [ERASE] ch=6 lun=4 pl=0 blk=97 pg=255 erase_cnt=2 (vpc/ipc reset)
[EXP] [ERASE] ch=6 lun=5 pl=0 blk=97 pg=255 erase_cnt=2 (vpc/ipc reset)
[EXP] [ERASE] ch=6 lun=6 pl=0 blk=97 pg=255 erase_cnt=2 (vpc/ipc reset)
[EXP] [ERASE] ch=6 lun=7 pl=0 blk=97 pg=255 erase_cnt=2 (vpc/ipc reset)
[EXP] [ERASE] ch=7 lun=0 pl=0 blk=97 pg=255 erase_cnt=2 (vpc/ipc reset)
[EXP] [ERASE] ch=7 lun=1 pl=0 blk=97 pg=255 erase_cnt=2 (vpc/ipc reset)
[EXP] [ERASE] ch=7 lun=2 pl=0 blk=97 pg=255 erase_cnt=2 (vpc/ipc reset)
[EXP] [ERASE] ch=7 lun=3 pl=0 blk=97 pg=255 erase_cnt=2 (vpc/ipc reset)
[EXP] [ERASE] ch=7 lun=4 pl=0 blk=97 pg=255 erase_cnt=2 (vpc/ipc reset)
[EXP] [ERASE] ch=7 lun=5 pl=0 blk=97 pg=255 erase_cnt=2 (vpc/ipc reset)
[EXP] [ERASE] ch=7 lun=6 pl=0 blk=97 pg=255 erase_cnt=2 (vpc/ipc reset)
[EXP] [ERASE] ch=7 lun=7 pl=0 blk=97 pg=255 erase_cnt=2 (vpc/ipc reset)
[EXP] [ERASE] ch=0 lun=0 pl=0 blk=98 pg=255 erase_cnt=2 (vpc/ipc reset)
[EXP] [ERASE] ch=0 lun=1 pl=0 blk=98 pg=255 erase_cnt=2 (vpc/ipc reset)
[EXP] [ERASE] ch=0 lun=2 pl=0 blk=98 pg=255 erase_cnt=2 (vpc/ipc reset)
[EXP] [ERASE] ch=0 lun=3 pl=0 blk=98 pg=255 erase_cnt=2 (vpc/ipc reset)
[EXP] [ERASE] ch=0 lun=4 pl=0 blk=98 pg=255 erase_cnt=2 (vpc/ipc reset)
[EXP] [ERASE] ch=0 lun=5 pl=0 blk=98 pg=255 erase_cnt=2 (vpc/ipc reset)
[EXP] [ERASE] ch=0 lun=6 pl=0 blk=98 pg=255 erase_cnt=2 (vpc/ipc reset)
[EXP] [ERASE] ch=0 lun=7 pl=0 blk=98 pg=255 erase_cnt=2 (vpc/ipc reset)
[EXP] [ERASE] ch=1 lun=0 pl=0 blk=98 pg=255 erase_cnt=2 (vpc/ipc reset)
[EXP] [ERASE] ch=1 lun=1 pl=0 blk=98 pg=255 erase_cnt=2 (vpc/ipc reset)
[EXP] [ERASE] ch=1 lun=2 pl=0 blk=98 pg=255 erase_cnt=2 (vpc/ipc reset)
[EXP] [ERASE] ch=1 lun=3 pl=0 blk=98 pg=255 erase_cnt=2 (vpc/ipc reset)
[EXP] [ERASE] ch=1 lun=4 pl=0 blk=98 pg=255 erase_cnt=2 (vpc/ipc reset)
[EXP] [ERASE] ch=1 lun=5 pl=0 blk=98 pg=255 erase_cnt=2 (vpc/ipc reset)
[EXP] [ERASE] ch=1 lun=6 pl=0 blk=98 pg=255 erase_cnt=2 (vpc/ipc reset)
[EXP] [ERASE] ch=1 lun=7 pl=0 blk=98 pg=255 erase_cnt=2 (vpc/ipc reset)
[EXP] [ERASE] ch=2 lun=0 pl=0 blk=98 pg=255 erase_cnt=2 (vpc/ipc reset)
[EXP] [ERASE] ch=2 lun=1 pl=0 blk=98 pg=255 erase_cnt=2 (vpc/ipc reset)
[EXP] [ERASE] ch=2 lun=2 pl=0 blk=98 pg=255 erase_cnt=2 (vpc/ipc reset)
[EXP] [ERASE] ch=2 lun=3 pl=0 blk=98 pg=255 erase_cnt=2 (vpc/ipc reset)
[EXP] [ERASE] ch=2 lun=4 pl=0 blk=98 pg=255 erase_cnt=2 (vpc/ipc reset)
[EXP] [ERASE] ch=2 lun=5 pl=0 blk=98 pg=255 erase_cnt=2 (vpc/ipc reset)
[EXP] [ERASE] ch=2 lun=6 pl=0 blk=98 pg=255 erase_cnt=2 (vpc/ipc reset)
[EXP] [ERASE] ch=2 lun=7 pl=0 blk=98 pg=255 erase_cnt=2 (vpc/ipc reset)
[EXP] [ERASE] ch=3 lun=0 pl=0 blk=98 pg=255 erase_cnt=2 (vpc/ipc reset)
[EXP] [ERASE] ch=3 lun=1 pl=0 blk=98 pg=255 erase_cnt=2 (vpc/ipc reset)
[EXP] [ERASE] ch=3 lun=2 pl=0 blk=98 pg=255 erase_cnt=2 (vpc/ipc reset)
[EXP] [ERASE] ch=3 lun=3 pl=0 blk=98 pg=255 erase_cnt=2 (vpc/ipc reset)
[EXP] [ERASE] ch=3 lun=4 pl=0 blk=98 pg=255 erase_cnt=2 (vpc/ipc reset)
[EXP] [ERASE] ch=3 lun=5 pl=0 blk=98 pg=255 erase_cnt=2 (vpc/ipc reset)
[EXP] [ERASE] ch=3 lun=6 pl=0 blk=98 pg=255 erase_cnt=2 (vpc/ipc reset)
[EXP] [ERASE] ch=3 lun=7 pl=0 blk=98 pg=255 erase_cnt=2 (vpc/ipc reset)
[EXP] [ERASE] ch=4 lun=0 pl=0 blk=98 pg=255 erase_cnt=2 (vpc/ipc reset)
[EXP] [ERASE] ch=4 lun=1 pl=0 blk=98 pg=255 erase_cnt=2 (vpc/ipc reset)
[EXP] [ERASE] ch=4 lun=2 pl=0 blk=98 pg=255 erase_cnt=2 (vpc/ipc reset)
[EXP] [ERASE] ch=4 lun=3 pl=0 blk=98 pg=255 erase_cnt=2 (vpc/ipc reset)
[EXP] [ERASE] ch=4 lun=4 pl=0 blk=98 pg=255 erase_cnt=2 (vpc/ipc reset)
[EXP] [ERASE] ch=4 lun=5 pl=0 blk=98 pg=255 erase_cnt=2 (vpc/ipc reset)
[EXP] [ERASE] ch=4 lun=6 pl=0 blk=98 pg=255 erase_cnt=2 (vpc/ipc reset)
[EXP] [ERASE] ch=4 lun=7 pl=0 blk=98 pg=255 erase_cnt=2 (vpc/ipc reset)
[EXP] [ERASE] ch=5 lun=0 pl=0 blk=98 pg=255 erase_cnt=2 (vpc/ipc reset)
[EXP] [ERASE] ch=5 lun=1 pl=0 blk=98 pg=255 erase_cnt=2 (vpc/ipc reset)
[EXP] [ERASE] ch=5 lun=2 pl=0 blk=98 pg=255 erase_cnt=2 (vpc/ipc reset)
[EXP] [ERASE] ch=5 lun=3 pl=0 blk=98 pg=255 erase_cnt=2 (vpc/ipc reset)
[EXP] [ERASE] ch=5 lun=4 pl=0 blk=98 pg=255 erase_cnt=2 (vpc/ipc reset)
[EXP] [ERASE] ch=5 lun=5 pl=0 blk=98 pg=255 erase_cnt=2 (vpc/ipc reset)
[EXP] [ERASE] ch=5 lun=6 pl=0 blk=98 pg=255 erase_cnt=2 (vpc/ipc reset)
[EXP] [ERASE] ch=5 lun=7 pl=0 blk=98 pg=255 erase_cnt=2 (vpc/ipc reset)
[EXP] [ERASE] ch=6 lun=0 pl=0 blk=98 pg=255 erase_cnt=2 (vpc/ipc reset)
[EXP] [ERASE] ch=6 lun=1 pl=0 blk=98 pg=255 erase_cnt=2 (vpc/ipc reset)
[EXP] [ERASE] ch=6 lun=2 pl=0 blk=98 pg=255 erase_cnt=2 (vpc/ipc reset)
[EXP] [ERASE] ch=6 lun=3 pl=0 blk=98 pg=255 erase_cnt=2 (vpc/ipc reset)
[EXP] [ERASE] ch=6 lun=4 pl=0 blk=98 pg=255 erase_cnt=2 (vpc/ipc reset)
[EXP] [ERASE] ch=6 lun=5 pl=0 blk=98 pg=255 erase_cnt=2 (vpc/ipc reset)
[EXP] [ERASE] ch=6 lun=6 pl=0 blk=98 pg=255 erase_cnt=2 (vpc/ipc reset)
[EXP] [ERASE] ch=6 lun=7 pl=0 blk=98 pg=255 erase_cnt=2 (vpc/ipc reset)
[EXP] [ERASE] ch=7 lun=0 pl=0 blk=98 pg=255 erase_cnt=2 (vpc/ipc reset)
[EXP] [ERASE] ch=7 lun=1 pl=0 blk=98 pg=255 erase_cnt=2 (vpc/ipc reset)
[EXP] [ERASE] ch=7 lun=2 pl=0 blk=98 pg=255 erase_cnt=2 (vpc/ipc reset)
[EXP] [ERASE] ch=7 lun=3 pl=0 blk=98 pg=255 erase_cnt=2 (vpc/ipc reset)
[EXP] [ERASE] ch=7 lun=4 pl=0 blk=98 pg=255 erase_cnt=2 (vpc/ipc reset)
[EXP] [ERASE] ch=7 lun=5 pl=0 blk=98 pg=255 erase_cnt=2 (vpc/ipc reset)
[EXP] [ERASE] ch=7 lun=6 pl=0 blk=98 pg=255 erase_cnt=2 (vpc/ipc reset)
[EXP] [ERASE] ch=7 lun=7 pl=0 blk=98 pg=255 erase_cnt=2 (vpc/ipc reset)
[EXP] [ERASE] ch=0 lun=0 pl=0 blk=99 pg=255 erase_cnt=1 (vpc/ipc reset)
[EXP] [ERASE] ch=0 lun=1 pl=0 blk=99 pg=255 erase_cnt=1 (vpc/ipc reset)
[EXP] [ERASE] ch=0 lun=2 pl=0 blk=99 pg=255 erase_cnt=1 (vpc/ipc reset)
[EXP] [ERASE] ch=0 lun=3 pl=0 blk=99 pg=255 erase_cnt=1 (vpc/ipc reset)
[EXP] [ERASE] ch=0 lun=4 pl=0 blk=99 pg=255 erase_cnt=1 (vpc/ipc reset)
[EXP] [ERASE] ch=0 lun=5 pl=0 blk=99 pg=255 erase_cnt=1 (vpc/ipc reset)
[EXP] [ERASE] ch=0 lun=6 pl=0 blk=99 pg=255 erase_cnt=1 (vpc/ipc reset)
[EXP] [ERASE] ch=0 lun=7 pl=0 blk=99 pg=255 erase_cnt=1 (vpc/ipc reset)
[EXP] [ERASE] ch=1 lun=0 pl=0 blk=99 pg=255 erase_cnt=1 (vpc/ipc reset)
[EXP] [ERASE] ch=1 lun=1 pl=0 blk=99 pg=255 erase_cnt=1 (vpc/ipc reset)
[EXP] [ERASE] ch=1 lun=2 pl=0 blk=99 pg=255 erase_cnt=1 (vpc/ipc reset)
[EXP] [ERASE] ch=1 lun=3 pl=0 blk=99 pg=255 erase_cnt=1 (vpc/ipc reset)
[EXP] [ERASE] ch=1 lun=4 pl=0 blk=99 pg=255 erase_cnt=1 (vpc/ipc reset)
[EXP] [ERASE] ch=1 lun=5 pl=0 blk=99 pg=255 erase_cnt=1 (vpc/ipc reset)
[EXP] [ERASE] ch=1 lun=6 pl=0 blk=99 pg=255 erase_cnt=1 (vpc/ipc reset)
[EXP] [ERASE] ch=1 lun=7 pl=0 blk=99 pg=255 erase_cnt=1 (vpc/ipc reset)
[EXP] [GC_MOVE] lpn=0 historical=COLD effective=COLD idle_age=0 expired=no access=2 short=1 last_seq=1572869 decay_epoch=24 ch=2 lun=0 pl=0 blk=99 pg=148 -> ch=2 lun=2 pl=0 blk=100 pg=206
[EXP] [ERASE] ch=2 lun=0 pl=0 blk=99 pg=255 erase_cnt=1 (vpc/ipc reset)
[EXP] [ERASE] ch=2 lun=1 pl=0 blk=99 pg=255 erase_cnt=1 (vpc/ipc reset)
[EXP] [ERASE] ch=2 lun=2 pl=0 blk=99 pg=255 erase_cnt=1 (vpc/ipc reset)
[EXP] [ERASE] ch=2 lun=3 pl=0 blk=99 pg=255 erase_cnt=1 (vpc/ipc reset)
[EXP] [ERASE] ch=2 lun=4 pl=0 blk=99 pg=255 erase_cnt=1 (vpc/ipc reset)
[EXP] [ERASE] ch=2 lun=5 pl=0 blk=99 pg=255 erase_cnt=1 (vpc/ipc reset)
[EXP] [ERASE] ch=2 lun=6 pl=0 blk=99 pg=255 erase_cnt=1 (vpc/ipc reset)
[EXP] [ERASE] ch=2 lun=7 pl=0 blk=99 pg=255 erase_cnt=1 (vpc/ipc reset)
[EXP] [ERASE] ch=3 lun=0 pl=0 blk=99 pg=255 erase_cnt=1 (vpc/ipc reset)
[EXP] [ERASE] ch=3 lun=1 pl=0 blk=99 pg=255 erase_cnt=1 (vpc/ipc reset)
[EXP] [ERASE] ch=3 lun=2 pl=0 blk=99 pg=255 erase_cnt=1 (vpc/ipc reset)
[EXP] [ERASE] ch=3 lun=3 pl=0 blk=99 pg=255 erase_cnt=1 (vpc/ipc reset)
[EXP] [ERASE] ch=3 lun=4 pl=0 blk=99 pg=255 erase_cnt=1 (vpc/ipc reset)
[EXP] [ERASE] ch=3 lun=5 pl=0 blk=99 pg=255 erase_cnt=1 (vpc/ipc reset)
[EXP] [ERASE] ch=3 lun=6 pl=0 blk=99 pg=255 erase_cnt=1 (vpc/ipc reset)
[EXP] [ERASE] ch=3 lun=7 pl=0 blk=99 pg=255 erase_cnt=1 (vpc/ipc reset)
[EXP] [ERASE] ch=4 lun=0 pl=0 blk=99 pg=255 erase_cnt=1 (vpc/ipc reset)
[EXP] [ERASE] ch=4 lun=1 pl=0 blk=99 pg=255 erase_cnt=1 (vpc/ipc reset)
[EXP] [ERASE] ch=4 lun=2 pl=0 blk=99 pg=255 erase_cnt=1 (vpc/ipc reset)
[EXP] [ERASE] ch=4 lun=3 pl=0 blk=99 pg=255 erase_cnt=1 (vpc/ipc reset)
[EXP] [ERASE] ch=4 lun=4 pl=0 blk=99 pg=255 erase_cnt=1 (vpc/ipc reset)
[EXP] [ERASE] ch=4 lun=5 pl=0 blk=99 pg=255 erase_cnt=1 (vpc/ipc reset)
[EXP] [ERASE] ch=4 lun=6 pl=0 blk=99 pg=255 erase_cnt=1 (vpc/ipc reset)
[EXP] [ERASE] ch=4 lun=7 pl=0 blk=99 pg=255 erase_cnt=1 (vpc/ipc reset)
[EXP] [ERASE] ch=5 lun=0 pl=0 blk=99 pg=255 erase_cnt=1 (vpc/ipc reset)
[EXP] [ERASE] ch=5 lun=1 pl=0 blk=99 pg=255 erase_cnt=1 (vpc/ipc reset)
[EXP] [ERASE] ch=5 lun=2 pl=0 blk=99 pg=255 erase_cnt=1 (vpc/ipc reset)
[EXP] [ERASE] ch=5 lun=3 pl=0 blk=99 pg=255 erase_cnt=1 (vpc/ipc reset)
[EXP] [ERASE] ch=5 lun=4 pl=0 blk=99 pg=255 erase_cnt=1 (vpc/ipc reset)
[EXP] [ERASE] ch=5 lun=5 pl=0 blk=99 pg=255 erase_cnt=1 (vpc/ipc reset)
[EXP] [ERASE] ch=5 lun=6 pl=0 blk=99 pg=255 erase_cnt=1 (vpc/ipc reset)
[EXP] [ERASE] ch=5 lun=7 pl=0 blk=99 pg=255 erase_cnt=1 (vpc/ipc reset)
[EXP] [ERASE] ch=6 lun=0 pl=0 blk=99 pg=255 erase_cnt=1 (vpc/ipc reset)
[EXP] [ERASE] ch=6 lun=1 pl=0 blk=99 pg=255 erase_cnt=1 (vpc/ipc reset)
[EXP] [ERASE] ch=6 lun=2 pl=0 blk=99 pg=255 erase_cnt=1 (vpc/ipc reset)
[EXP] [ERASE] ch=6 lun=3 pl=0 blk=99 pg=255 erase_cnt=1 (vpc/ipc reset)
[EXP] [ERASE] ch=6 lun=4 pl=0 blk=99 pg=255 erase_cnt=1 (vpc/ipc reset)
[EXP] [ERASE] ch=6 lun=5 pl=0 blk=99 pg=255 erase_cnt=1 (vpc/ipc reset)
[EXP] [ERASE] ch=6 lun=6 pl=0 blk=99 pg=255 erase_cnt=1 (vpc/ipc reset)
[EXP] [ERASE] ch=6 lun=7 pl=0 blk=99 pg=255 erase_cnt=1 (vpc/ipc reset)
[EXP] [ERASE] ch=7 lun=0 pl=0 blk=99 pg=255 erase_cnt=1 (vpc/ipc reset)
[EXP] [ERASE] ch=7 lun=1 pl=0 blk=99 pg=255 erase_cnt=1 (vpc/ipc reset)
[EXP] [ERASE] ch=7 lun=2 pl=0 blk=99 pg=255 erase_cnt=1 (vpc/ipc reset)
[EXP] [ERASE] ch=7 lun=3 pl=0 blk=99 pg=255 erase_cnt=1 (vpc/ipc reset)
[EXP] [ERASE] ch=7 lun=4 pl=0 blk=99 pg=255 erase_cnt=1 (vpc/ipc reset)
[EXP] [ERASE] ch=7 lun=5 pl=0 blk=99 pg=255 erase_cnt=1 (vpc/ipc reset)
[EXP] [ERASE] ch=7 lun=6 pl=0 blk=99 pg=255 erase_cnt=1 (vpc/ipc reset)
[EXP] [ERASE] ch=7 lun=7 pl=0 blk=99 pg=255 erase_cnt=1 (vpc/ipc reset)
[EXP] [ERASE] ch=0 lun=0 pl=0 blk=97 pg=255 erase_cnt=3 (vpc/ipc reset)
[EXP] [ERASE] ch=0 lun=1 pl=0 blk=97 pg=255 erase_cnt=3 (vpc/ipc reset)
[EXP] [ERASE] ch=0 lun=2 pl=0 blk=97 pg=255 erase_cnt=3 (vpc/ipc reset)
[EXP] [ERASE] ch=0 lun=3 pl=0 blk=97 pg=255 erase_cnt=3 (vpc/ipc reset)
[EXP] [ERASE] ch=0 lun=4 pl=0 blk=97 pg=255 erase_cnt=3 (vpc/ipc reset)
[EXP] [ERASE] ch=0 lun=5 pl=0 blk=97 pg=255 erase_cnt=3 (vpc/ipc reset)
[EXP] [ERASE] ch=0 lun=6 pl=0 blk=97 pg=255 erase_cnt=3 (vpc/ipc reset)
[EXP] [ERASE] ch=0 lun=7 pl=0 blk=97 pg=255 erase_cnt=3 (vpc/ipc reset)
[EXP] [ERASE] ch=1 lun=0 pl=0 blk=97 pg=255 erase_cnt=3 (vpc/ipc reset)
[EXP] [ERASE] ch=1 lun=1 pl=0 blk=97 pg=255 erase_cnt=3 (vpc/ipc reset)
[EXP] [ERASE] ch=1 lun=2 pl=0 blk=97 pg=255 erase_cnt=3 (vpc/ipc reset)
[EXP] [ERASE] ch=1 lun=3 pl=0 blk=97 pg=255 erase_cnt=3 (vpc/ipc reset)
[EXP] [ERASE] ch=1 lun=4 pl=0 blk=97 pg=255 erase_cnt=3 (vpc/ipc reset)
[EXP] [ERASE] ch=1 lun=5 pl=0 blk=97 pg=255 erase_cnt=3 (vpc/ipc reset)
[EXP] [ERASE] ch=1 lun=6 pl=0 blk=97 pg=255 erase_cnt=3 (vpc/ipc reset)
[EXP] [ERASE] ch=1 lun=7 pl=0 blk=97 pg=255 erase_cnt=3 (vpc/ipc reset)
[EXP] [ERASE] ch=2 lun=0 pl=0 blk=97 pg=255 erase_cnt=3 (vpc/ipc reset)
[EXP] [ERASE] ch=2 lun=1 pl=0 blk=97 pg=255 erase_cnt=3 (vpc/ipc reset)
[EXP] [ERASE] ch=2 lun=2 pl=0 blk=97 pg=255 erase_cnt=3 (vpc/ipc reset)
[EXP] [ERASE] ch=2 lun=3 pl=0 blk=97 pg=255 erase_cnt=3 (vpc/ipc reset)
[EXP] [ERASE] ch=2 lun=4 pl=0 blk=97 pg=255 erase_cnt=3 (vpc/ipc reset)
[EXP] [ERASE] ch=2 lun=5 pl=0 blk=97 pg=255 erase_cnt=3 (vpc/ipc reset)
[EXP] [ERASE] ch=2 lun=6 pl=0 blk=97 pg=255 erase_cnt=3 (vpc/ipc reset)
[EXP] [ERASE] ch=2 lun=7 pl=0 blk=97 pg=255 erase_cnt=3 (vpc/ipc reset)
[EXP] [ERASE] ch=3 lun=0 pl=0 blk=97 pg=255 erase_cnt=3 (vpc/ipc reset)
[EXP] [ERASE] ch=3 lun=1 pl=0 blk=97 pg=255 erase_cnt=3 (vpc/ipc reset)
[EXP] [ERASE] ch=3 lun=2 pl=0 blk=97 pg=255 erase_cnt=3 (vpc/ipc reset)
[EXP] [ERASE] ch=3 lun=3 pl=0 blk=97 pg=255 erase_cnt=3 (vpc/ipc reset)
[EXP] [ERASE] ch=3 lun=4 pl=0 blk=97 pg=255 erase_cnt=3 (vpc/ipc reset)
[EXP] [ERASE] ch=3 lun=5 pl=0 blk=97 pg=255 erase_cnt=3 (vpc/ipc reset)
[EXP] [ERASE] ch=3 lun=6 pl=0 blk=97 pg=255 erase_cnt=3 (vpc/ipc reset)
[EXP] [ERASE] ch=3 lun=7 pl=0 blk=97 pg=255 erase_cnt=3 (vpc/ipc reset)
[EXP] [ERASE] ch=4 lun=0 pl=0 blk=97 pg=255 erase_cnt=3 (vpc/ipc reset)
[EXP] [ERASE] ch=4 lun=1 pl=0 blk=97 pg=255 erase_cnt=3 (vpc/ipc reset)
[EXP] [ERASE] ch=4 lun=2 pl=0 blk=97 pg=255 erase_cnt=3 (vpc/ipc reset)
[EXP] [ERASE] ch=4 lun=3 pl=0 blk=97 pg=255 erase_cnt=3 (vpc/ipc reset)
[EXP] [ERASE] ch=4 lun=4 pl=0 blk=97 pg=255 erase_cnt=3 (vpc/ipc reset)
[EXP] [ERASE] ch=4 lun=5 pl=0 blk=97 pg=255 erase_cnt=3 (vpc/ipc reset)
[EXP] [ERASE] ch=4 lun=6 pl=0 blk=97 pg=255 erase_cnt=3 (vpc/ipc reset)
[EXP] [ERASE] ch=4 lun=7 pl=0 blk=97 pg=255 erase_cnt=3 (vpc/ipc reset)
[EXP] [ERASE] ch=5 lun=0 pl=0 blk=97 pg=255 erase_cnt=3 (vpc/ipc reset)
[EXP] [ERASE] ch=5 lun=1 pl=0 blk=97 pg=255 erase_cnt=3 (vpc/ipc reset)
[EXP] [ERASE] ch=5 lun=2 pl=0 blk=97 pg=255 erase_cnt=3 (vpc/ipc reset)
[EXP] [ERASE] ch=5 lun=3 pl=0 blk=97 pg=255 erase_cnt=3 (vpc/ipc reset)
[EXP] [ERASE] ch=5 lun=4 pl=0 blk=97 pg=255 erase_cnt=3 (vpc/ipc reset)
[EXP] [ERASE] ch=5 lun=5 pl=0 blk=97 pg=255 erase_cnt=3 (vpc/ipc reset)
[EXP] [ERASE] ch=5 lun=6 pl=0 blk=97 pg=255 erase_cnt=3 (vpc/ipc reset)
[EXP] [ERASE] ch=5 lun=7 pl=0 blk=97 pg=255 erase_cnt=3 (vpc/ipc reset)
[EXP] [ERASE] ch=6 lun=0 pl=0 blk=97 pg=255 erase_cnt=3 (vpc/ipc reset)
[EXP] [ERASE] ch=6 lun=1 pl=0 blk=97 pg=255 erase_cnt=3 (vpc/ipc reset)
[EXP] [ERASE] ch=6 lun=2 pl=0 blk=97 pg=255 erase_cnt=3 (vpc/ipc reset)
[EXP] [ERASE] ch=6 lun=3 pl=0 blk=97 pg=255 erase_cnt=3 (vpc/ipc reset)
[EXP] [ERASE] ch=6 lun=4 pl=0 blk=97 pg=255 erase_cnt=3 (vpc/ipc reset)
[EXP] [ERASE] ch=6 lun=5 pl=0 blk=97 pg=255 erase_cnt=3 (vpc/ipc reset)
[EXP] [ERASE] ch=6 lun=6 pl=0 blk=97 pg=255 erase_cnt=3 (vpc/ipc reset)
[EXP] [ERASE] ch=6 lun=7 pl=0 blk=97 pg=255 erase_cnt=3 (vpc/ipc reset)
[EXP] [ERASE] ch=7 lun=0 pl=0 blk=97 pg=255 erase_cnt=3 (vpc/ipc reset)
[EXP] [ERASE] ch=7 lun=1 pl=0 blk=97 pg=255 erase_cnt=3 (vpc/ipc reset)
[EXP] [ERASE] ch=7 lun=2 pl=0 blk=97 pg=255 erase_cnt=3 (vpc/ipc reset)
[EXP] [ERASE] ch=7 lun=3 pl=0 blk=97 pg=255 erase_cnt=3 (vpc/ipc reset)
[EXP] [ERASE] ch=7 lun=4 pl=0 blk=97 pg=255 erase_cnt=3 (vpc/ipc reset)
[EXP] [ERASE] ch=7 lun=5 pl=0 blk=97 pg=255 erase_cnt=3 (vpc/ipc reset)
[EXP] [ERASE] ch=7 lun=6 pl=0 blk=97 pg=255 erase_cnt=3 (vpc/ipc reset)
[EXP] [ERASE] ch=7 lun=7 pl=0 blk=97 pg=255 erase_cnt=3 (vpc/ipc reset)
[EXP] [ERASE] ch=0 lun=0 pl=0 blk=98 pg=255 erase_cnt=3 (vpc/ipc reset)
[EXP] [ERASE] ch=0 lun=1 pl=0 blk=98 pg=255 erase_cnt=3 (vpc/ipc reset)
[EXP] [ERASE] ch=0 lun=2 pl=0 blk=98 pg=255 erase_cnt=3 (vpc/ipc reset)
[EXP] [ERASE] ch=0 lun=3 pl=0 blk=98 pg=255 erase_cnt=3 (vpc/ipc reset)
[EXP] [ERASE] ch=0 lun=4 pl=0 blk=98 pg=255 erase_cnt=3 (vpc/ipc reset)
[EXP] [ERASE] ch=0 lun=5 pl=0 blk=98 pg=255 erase_cnt=3 (vpc/ipc reset)
[EXP] [ERASE] ch=0 lun=6 pl=0 blk=98 pg=255 erase_cnt=3 (vpc/ipc reset)
[EXP] [ERASE] ch=0 lun=7 pl=0 blk=98 pg=255 erase_cnt=3 (vpc/ipc reset)
[EXP] [ERASE] ch=1 lun=0 pl=0 blk=98 pg=255 erase_cnt=3 (vpc/ipc reset)
[EXP] [ERASE] ch=1 lun=1 pl=0 blk=98 pg=255 erase_cnt=3 (vpc/ipc reset)
[EXP] [ERASE] ch=1 lun=2 pl=0 blk=98 pg=255 erase_cnt=3 (vpc/ipc reset)
[EXP] [ERASE] ch=1 lun=3 pl=0 blk=98 pg=255 erase_cnt=3 (vpc/ipc reset)
[EXP] [ERASE] ch=1 lun=4 pl=0 blk=98 pg=255 erase_cnt=3 (vpc/ipc reset)
[EXP] [ERASE] ch=1 lun=5 pl=0 blk=98 pg=255 erase_cnt=3 (vpc/ipc reset)
[EXP] [ERASE] ch=1 lun=6 pl=0 blk=98 pg=255 erase_cnt=3 (vpc/ipc reset)
[EXP] [ERASE] ch=1 lun=7 pl=0 blk=98 pg=255 erase_cnt=3 (vpc/ipc reset)
[EXP] [ERASE] ch=2 lun=0 pl=0 blk=98 pg=255 erase_cnt=3 (vpc/ipc reset)
[EXP] [ERASE] ch=2 lun=1 pl=0 blk=98 pg=255 erase_cnt=3 (vpc/ipc reset)
[EXP] [ERASE] ch=2 lun=2 pl=0 blk=98 pg=255 erase_cnt=3 (vpc/ipc reset)
[EXP] [ERASE] ch=2 lun=3 pl=0 blk=98 pg=255 erase_cnt=3 (vpc/ipc reset)
[EXP] [ERASE] ch=2 lun=4 pl=0 blk=98 pg=255 erase_cnt=3 (vpc/ipc reset)
[EXP] [ERASE] ch=2 lun=5 pl=0 blk=98 pg=255 erase_cnt=3 (vpc/ipc reset)
[EXP] [ERASE] ch=2 lun=6 pl=0 blk=98 pg=255 erase_cnt=3 (vpc/ipc reset)
[EXP] [ERASE] ch=2 lun=7 pl=0 blk=98 pg=255 erase_cnt=3 (vpc/ipc reset)
[EXP] [ERASE] ch=3 lun=0 pl=0 blk=98 pg=255 erase_cnt=3 (vpc/ipc reset)
[EXP] [ERASE] ch=3 lun=1 pl=0 blk=98 pg=255 erase_cnt=3 (vpc/ipc reset)
[EXP] [ERASE] ch=3 lun=2 pl=0 blk=98 pg=255 erase_cnt=3 (vpc/ipc reset)
[EXP] [ERASE] ch=3 lun=3 pl=0 blk=98 pg=255 erase_cnt=3 (vpc/ipc reset)
[EXP] [ERASE] ch=3 lun=4 pl=0 blk=98 pg=255 erase_cnt=3 (vpc/ipc reset)
[EXP] [ERASE] ch=3 lun=5 pl=0 blk=98 pg=255 erase_cnt=3 (vpc/ipc reset)
[EXP] [ERASE] ch=3 lun=6 pl=0 blk=98 pg=255 erase_cnt=3 (vpc/ipc reset)
[EXP] [ERASE] ch=3 lun=7 pl=0 blk=98 pg=255 erase_cnt=3 (vpc/ipc reset)
[EXP] [ERASE] ch=4 lun=0 pl=0 blk=98 pg=255 erase_cnt=3 (vpc/ipc reset)
[EXP] [ERASE] ch=4 lun=1 pl=0 blk=98 pg=255 erase_cnt=3 (vpc/ipc reset)
[EXP] [ERASE] ch=4 lun=2 pl=0 blk=98 pg=255 erase_cnt=3 (vpc/ipc reset)
[EXP] [ERASE] ch=4 lun=3 pl=0 blk=98 pg=255 erase_cnt=3 (vpc/ipc reset)
[EXP] [ERASE] ch=4 lun=4 pl=0 blk=98 pg=255 erase_cnt=3 (vpc/ipc reset)
[EXP] [ERASE] ch=4 lun=5 pl=0 blk=98 pg=255 erase_cnt=3 (vpc/ipc reset)
[EXP] [ERASE] ch=4 lun=6 pl=0 blk=98 pg=255 erase_cnt=3 (vpc/ipc reset)
[EXP] [ERASE] ch=4 lun=7 pl=0 blk=98 pg=255 erase_cnt=3 (vpc/ipc reset)
[EXP] [ERASE] ch=5 lun=0 pl=0 blk=98 pg=255 erase_cnt=3 (vpc/ipc reset)
[EXP] [ERASE] ch=5 lun=1 pl=0 blk=98 pg=255 erase_cnt=3 (vpc/ipc reset)
[EXP] [ERASE] ch=5 lun=2 pl=0 blk=98 pg=255 erase_cnt=3 (vpc/ipc reset)
[EXP] [ERASE] ch=5 lun=3 pl=0 blk=98 pg=255 erase_cnt=3 (vpc/ipc reset)
[EXP] [ERASE] ch=5 lun=4 pl=0 blk=98 pg=255 erase_cnt=3 (vpc/ipc reset)
[EXP] [ERASE] ch=5 lun=5 pl=0 blk=98 pg=255 erase_cnt=3 (vpc/ipc reset)
[EXP] [ERASE] ch=5 lun=6 pl=0 blk=98 pg=255 erase_cnt=3 (vpc/ipc reset)
[EXP] [ERASE] ch=5 lun=7 pl=0 blk=98 pg=255 erase_cnt=3 (vpc/ipc reset)
[EXP] [ERASE] ch=6 lun=0 pl=0 blk=98 pg=255 erase_cnt=3 (vpc/ipc reset)
[EXP] [ERASE] ch=6 lun=1 pl=0 blk=98 pg=255 erase_cnt=3 (vpc/ipc reset)
[EXP] [ERASE] ch=6 lun=2 pl=0 blk=98 pg=255 erase_cnt=3 (vpc/ipc reset)
[EXP] [ERASE] ch=6 lun=3 pl=0 blk=98 pg=255 erase_cnt=3 (vpc/ipc reset)
[EXP] [ERASE] ch=6 lun=4 pl=0 blk=98 pg=255 erase_cnt=3 (vpc/ipc reset)
[EXP] [ERASE] ch=6 lun=5 pl=0 blk=98 pg=255 erase_cnt=3 (vpc/ipc reset)
[EXP] [ERASE] ch=6 lun=6 pl=0 blk=98 pg=255 erase_cnt=3 (vpc/ipc reset)
[EXP] [ERASE] ch=6 lun=7 pl=0 blk=98 pg=255 erase_cnt=3 (vpc/ipc reset)
[EXP] [ERASE] ch=7 lun=0 pl=0 blk=98 pg=255 erase_cnt=3 (vpc/ipc reset)
[EXP] [ERASE] ch=7 lun=1 pl=0 blk=98 pg=255 erase_cnt=3 (vpc/ipc reset)
[EXP] [ERASE] ch=7 lun=2 pl=0 blk=98 pg=255 erase_cnt=3 (vpc/ipc reset)
[EXP] [ERASE] ch=7 lun=3 pl=0 blk=98 pg=255 erase_cnt=3 (vpc/ipc reset)
[EXP] [ERASE] ch=7 lun=4 pl=0 blk=98 pg=255 erase_cnt=3 (vpc/ipc reset)
[EXP] [ERASE] ch=7 lun=5 pl=0 blk=98 pg=255 erase_cnt=3 (vpc/ipc reset)
[EXP] [ERASE] ch=7 lun=6 pl=0 blk=98 pg=255 erase_cnt=3 (vpc/ipc reset)
[EXP] [ERASE] ch=7 lun=7 pl=0 blk=98 pg=255 erase_cnt=3 (vpc/ipc reset)
[EXP] [ERASE] ch=0 lun=0 pl=0 blk=99 pg=255 erase_cnt=2 (vpc/ipc reset)
[EXP] [ERASE] ch=0 lun=1 pl=0 blk=99 pg=255 erase_cnt=2 (vpc/ipc reset)
[EXP] [ERASE] ch=0 lun=2 pl=0 blk=99 pg=255 erase_cnt=2 (vpc/ipc reset)
[EXP] [ERASE] ch=0 lun=3 pl=0 blk=99 pg=255 erase_cnt=2 (vpc/ipc reset)
[EXP] [ERASE] ch=0 lun=4 pl=0 blk=99 pg=255 erase_cnt=2 (vpc/ipc reset)
[EXP] [ERASE] ch=0 lun=5 pl=0 blk=99 pg=255 erase_cnt=2 (vpc/ipc reset)
[EXP] [ERASE] ch=0 lun=6 pl=0 blk=99 pg=255 erase_cnt=2 (vpc/ipc reset)
[EXP] [ERASE] ch=0 lun=7 pl=0 blk=99 pg=255 erase_cnt=2 (vpc/ipc reset)
[EXP] [ERASE] ch=1 lun=0 pl=0 blk=99 pg=255 erase_cnt=2 (vpc/ipc reset)
[EXP] [ERASE] ch=1 lun=1 pl=0 blk=99 pg=255 erase_cnt=2 (vpc/ipc reset)
[EXP] [ERASE] ch=1 lun=2 pl=0 blk=99 pg=255 erase_cnt=2 (vpc/ipc reset)
[EXP] [ERASE] ch=1 lun=3 pl=0 blk=99 pg=255 erase_cnt=2 (vpc/ipc reset)
[EXP] [ERASE] ch=1 lun=4 pl=0 blk=99 pg=255 erase_cnt=2 (vpc/ipc reset)
[EXP] [ERASE] ch=1 lun=5 pl=0 blk=99 pg=255 erase_cnt=2 (vpc/ipc reset)
[EXP] [ERASE] ch=1 lun=6 pl=0 blk=99 pg=255 erase_cnt=2 (vpc/ipc reset)
[EXP] [ERASE] ch=1 lun=7 pl=0 blk=99 pg=255 erase_cnt=2 (vpc/ipc reset)
[EXP] [ERASE] ch=2 lun=0 pl=0 blk=99 pg=255 erase_cnt=2 (vpc/ipc reset)
[EXP] [ERASE] ch=2 lun=1 pl=0 blk=99 pg=255 erase_cnt=2 (vpc/ipc reset)
[EXP] [ERASE] ch=2 lun=2 pl=0 blk=99 pg=255 erase_cnt=2 (vpc/ipc reset)
[EXP] [ERASE] ch=2 lun=3 pl=0 blk=99 pg=255 erase_cnt=2 (vpc/ipc reset)
[EXP] [ERASE] ch=2 lun=4 pl=0 blk=99 pg=255 erase_cnt=2 (vpc/ipc reset)
[EXP] [ERASE] ch=2 lun=5 pl=0 blk=99 pg=255 erase_cnt=2 (vpc/ipc reset)
[EXP] [ERASE] ch=2 lun=6 pl=0 blk=99 pg=255 erase_cnt=2 (vpc/ipc reset)
[EXP] [ERASE] ch=2 lun=7 pl=0 blk=99 pg=255 erase_cnt=2 (vpc/ipc reset)
[EXP] [ERASE] ch=3 lun=0 pl=0 blk=99 pg=255 erase_cnt=2 (vpc/ipc reset)
[EXP] [ERASE] ch=3 lun=1 pl=0 blk=99 pg=255 erase_cnt=2 (vpc/ipc reset)
[EXP] [ERASE] ch=3 lun=2 pl=0 blk=99 pg=255 erase_cnt=2 (vpc/ipc reset)
[EXP] [ERASE] ch=3 lun=3 pl=0 blk=99 pg=255 erase_cnt=2 (vpc/ipc reset)
[EXP] [ERASE] ch=3 lun=4 pl=0 blk=99 pg=255 erase_cnt=2 (vpc/ipc reset)
[EXP] [ERASE] ch=3 lun=5 pl=0 blk=99 pg=255 erase_cnt=2 (vpc/ipc reset)
[EXP] [ERASE] ch=3 lun=6 pl=0 blk=99 pg=255 erase_cnt=2 (vpc/ipc reset)
[EXP] [ERASE] ch=3 lun=7 pl=0 blk=99 pg=255 erase_cnt=2 (vpc/ipc reset)
[EXP] [ERASE] ch=4 lun=0 pl=0 blk=99 pg=255 erase_cnt=2 (vpc/ipc reset)
[EXP] [ERASE] ch=4 lun=1 pl=0 blk=99 pg=255 erase_cnt=2 (vpc/ipc reset)
[EXP] [ERASE] ch=4 lun=2 pl=0 blk=99 pg=255 erase_cnt=2 (vpc/ipc reset)
[EXP] [ERASE] ch=4 lun=3 pl=0 blk=99 pg=255 erase_cnt=2 (vpc/ipc reset)
[EXP] [ERASE] ch=4 lun=4 pl=0 blk=99 pg=255 erase_cnt=2 (vpc/ipc reset)
[EXP] [ERASE] ch=4 lun=5 pl=0 blk=99 pg=255 erase_cnt=2 (vpc/ipc reset)
[EXP] [ERASE] ch=4 lun=6 pl=0 blk=99 pg=255 erase_cnt=2 (vpc/ipc reset)
[EXP] [ERASE] ch=4 lun=7 pl=0 blk=99 pg=255 erase_cnt=2 (vpc/ipc reset)
[EXP] [ERASE] ch=5 lun=0 pl=0 blk=99 pg=255 erase_cnt=2 (vpc/ipc reset)
[EXP] [ERASE] ch=5 lun=1 pl=0 blk=99 pg=255 erase_cnt=2 (vpc/ipc reset)
[EXP] [ERASE] ch=5 lun=2 pl=0 blk=99 pg=255 erase_cnt=2 (vpc/ipc reset)
[EXP] [ERASE] ch=5 lun=3 pl=0 blk=99 pg=255 erase_cnt=2 (vpc/ipc reset)
[EXP] [ERASE] ch=5 lun=4 pl=0 blk=99 pg=255 erase_cnt=2 (vpc/ipc reset)
[EXP] [ERASE] ch=5 lun=5 pl=0 blk=99 pg=255 erase_cnt=2 (vpc/ipc reset)
[EXP] [ERASE] ch=5 lun=6 pl=0 blk=99 pg=255 erase_cnt=2 (vpc/ipc reset)
[EXP] [ERASE] ch=5 lun=7 pl=0 blk=99 pg=255 erase_cnt=2 (vpc/ipc reset)
[EXP] [ERASE] ch=6 lun=0 pl=0 blk=99 pg=255 erase_cnt=2 (vpc/ipc reset)
[EXP] [ERASE] ch=6 lun=1 pl=0 blk=99 pg=255 erase_cnt=2 (vpc/ipc reset)
[EXP] [ERASE] ch=6 lun=2 pl=0 blk=99 pg=255 erase_cnt=2 (vpc/ipc reset)
[EXP] [ERASE] ch=6 lun=3 pl=0 blk=99 pg=255 erase_cnt=2 (vpc/ipc reset)
[EXP] [ERASE] ch=6 lun=4 pl=0 blk=99 pg=255 erase_cnt=2 (vpc/ipc reset)
[EXP] [ERASE] ch=6 lun=5 pl=0 blk=99 pg=255 erase_cnt=2 (vpc/ipc reset)
[EXP] [ERASE] ch=6 lun=6 pl=0 blk=99 pg=255 erase_cnt=2 (vpc/ipc reset)
[EXP] [ERASE] ch=6 lun=7 pl=0 blk=99 pg=255 erase_cnt=2 (vpc/ipc reset)
[EXP] [ERASE] ch=7 lun=0 pl=0 blk=99 pg=255 erase_cnt=2 (vpc/ipc reset)
[EXP] [ERASE] ch=7 lun=1 pl=0 blk=99 pg=255 erase_cnt=2 (vpc/ipc reset)
[EXP] [ERASE] ch=7 lun=2 pl=0 blk=99 pg=255 erase_cnt=2 (vpc/ipc reset)
[EXP] [ERASE] ch=7 lun=3 pl=0 blk=99 pg=255 erase_cnt=2 (vpc/ipc reset)
[EXP] [ERASE] ch=7 lun=4 pl=0 blk=99 pg=255 erase_cnt=2 (vpc/ipc reset)
[EXP] [ERASE] ch=7 lun=5 pl=0 blk=99 pg=255 erase_cnt=2 (vpc/ipc reset)
[EXP] [ERASE] ch=7 lun=6 pl=0 blk=99 pg=255 erase_cnt=2 (vpc/ipc reset)
[EXP] [ERASE] ch=7 lun=7 pl=0 blk=99 pg=255 erase_cnt=2 (vpc/ipc reset)
[EXP] [ERASE] ch=0 lun=0 pl=0 blk=97 pg=255 erase_cnt=4 (vpc/ipc reset)
[EXP] [ERASE] ch=0 lun=1 pl=0 blk=97 pg=255 erase_cnt=4 (vpc/ipc reset)
[EXP] [ERASE] ch=0 lun=2 pl=0 blk=97 pg=255 erase_cnt=4 (vpc/ipc reset)
[EXP] [ERASE] ch=0 lun=3 pl=0 blk=97 pg=255 erase_cnt=4 (vpc/ipc reset)
[EXP] [ERASE] ch=0 lun=4 pl=0 blk=97 pg=255 erase_cnt=4 (vpc/ipc reset)
[EXP] [ERASE] ch=0 lun=5 pl=0 blk=97 pg=255 erase_cnt=4 (vpc/ipc reset)
[EXP] [ERASE] ch=0 lun=6 pl=0 blk=97 pg=255 erase_cnt=4 (vpc/ipc reset)
[EXP] [ERASE] ch=0 lun=7 pl=0 blk=97 pg=255 erase_cnt=4 (vpc/ipc reset)
[EXP] [ERASE] ch=1 lun=0 pl=0 blk=97 pg=255 erase_cnt=4 (vpc/ipc reset)
[EXP] [ERASE] ch=1 lun=1 pl=0 blk=97 pg=255 erase_cnt=4 (vpc/ipc reset)
[EXP] [ERASE] ch=1 lun=2 pl=0 blk=97 pg=255 erase_cnt=4 (vpc/ipc reset)
[EXP] [ERASE] ch=1 lun=3 pl=0 blk=97 pg=255 erase_cnt=4 (vpc/ipc reset)
[EXP] [ERASE] ch=1 lun=4 pl=0 blk=97 pg=255 erase_cnt=4 (vpc/ipc reset)
[EXP] [ERASE] ch=1 lun=5 pl=0 blk=97 pg=255 erase_cnt=4 (vpc/ipc reset)
[EXP] [ERASE] ch=1 lun=6 pl=0 blk=97 pg=255 erase_cnt=4 (vpc/ipc reset)
[EXP] [ERASE] ch=1 lun=7 pl=0 blk=97 pg=255 erase_cnt=4 (vpc/ipc reset)
[EXP] [ERASE] ch=2 lun=0 pl=0 blk=97 pg=255 erase_cnt=4 (vpc/ipc reset)
[EXP] [ERASE] ch=2 lun=1 pl=0 blk=97 pg=255 erase_cnt=4 (vpc/ipc reset)
[EXP] [ERASE] ch=2 lun=2 pl=0 blk=97 pg=255 erase_cnt=4 (vpc/ipc reset)
[EXP] [ERASE] ch=2 lun=3 pl=0 blk=97 pg=255 erase_cnt=4 (vpc/ipc reset)
[EXP] [ERASE] ch=2 lun=4 pl=0 blk=97 pg=255 erase_cnt=4 (vpc/ipc reset)
[EXP] [ERASE] ch=2 lun=5 pl=0 blk=97 pg=255 erase_cnt=4 (vpc/ipc reset)
[EXP] [ERASE] ch=2 lun=6 pl=0 blk=97 pg=255 erase_cnt=4 (vpc/ipc reset)
[EXP] [ERASE] ch=2 lun=7 pl=0 blk=97 pg=255 erase_cnt=4 (vpc/ipc reset)
[EXP] [ERASE] ch=3 lun=0 pl=0 blk=97 pg=255 erase_cnt=4 (vpc/ipc reset)
[EXP] [ERASE] ch=3 lun=1 pl=0 blk=97 pg=255 erase_cnt=4 (vpc/ipc reset)
[EXP] [ERASE] ch=3 lun=2 pl=0 blk=97 pg=255 erase_cnt=4 (vpc/ipc reset)
[EXP] [ERASE] ch=3 lun=3 pl=0 blk=97 pg=255 erase_cnt=4 (vpc/ipc reset)
[EXP] [ERASE] ch=3 lun=4 pl=0 blk=97 pg=255 erase_cnt=4 (vpc/ipc reset)
[EXP] [ERASE] ch=3 lun=5 pl=0 blk=97 pg=255 erase_cnt=4 (vpc/ipc reset)
[EXP] [ERASE] ch=3 lun=6 pl=0 blk=97 pg=255 erase_cnt=4 (vpc/ipc reset)
[EXP] [ERASE] ch=3 lun=7 pl=0 blk=97 pg=255 erase_cnt=4 (vpc/ipc reset)
[EXP] [ERASE] ch=4 lun=0 pl=0 blk=97 pg=255 erase_cnt=4 (vpc/ipc reset)
[EXP] [ERASE] ch=4 lun=1 pl=0 blk=97 pg=255 erase_cnt=4 (vpc/ipc reset)
[EXP] [ERASE] ch=4 lun=2 pl=0 blk=97 pg=255 erase_cnt=4 (vpc/ipc reset)
[EXP] [ERASE] ch=4 lun=3 pl=0 blk=97 pg=255 erase_cnt=4 (vpc/ipc reset)
[EXP] [ERASE] ch=4 lun=4 pl=0 blk=97 pg=255 erase_cnt=4 (vpc/ipc reset)
[EXP] [ERASE] ch=4 lun=5 pl=0 blk=97 pg=255 erase_cnt=4 (vpc/ipc reset)
[EXP] [ERASE] ch=4 lun=6 pl=0 blk=97 pg=255 erase_cnt=4 (vpc/ipc reset)
[EXP] [ERASE] ch=4 lun=7 pl=0 blk=97 pg=255 erase_cnt=4 (vpc/ipc reset)
[EXP] [ERASE] ch=5 lun=0 pl=0 blk=97 pg=255 erase_cnt=4 (vpc/ipc reset)
[EXP] [ERASE] ch=5 lun=1 pl=0 blk=97 pg=255 erase_cnt=4 (vpc/ipc reset)
[EXP] [ERASE] ch=5 lun=2 pl=0 blk=97 pg=255 erase_cnt=4 (vpc/ipc reset)
[EXP] [ERASE] ch=5 lun=3 pl=0 blk=97 pg=255 erase_cnt=4 (vpc/ipc reset)
[EXP] [ERASE] ch=5 lun=4 pl=0 blk=97 pg=255 erase_cnt=4 (vpc/ipc reset)
[EXP] [ERASE] ch=5 lun=5 pl=0 blk=97 pg=255 erase_cnt=4 (vpc/ipc reset)
[EXP] [ERASE] ch=5 lun=6 pl=0 blk=97 pg=255 erase_cnt=4 (vpc/ipc reset)
[EXP] [ERASE] ch=5 lun=7 pl=0 blk=97 pg=255 erase_cnt=4 (vpc/ipc reset)
[EXP] [ERASE] ch=6 lun=0 pl=0 blk=97 pg=255 erase_cnt=4 (vpc/ipc reset)
[EXP] [ERASE] ch=6 lun=1 pl=0 blk=97 pg=255 erase_cnt=4 (vpc/ipc reset)
[EXP] [ERASE] ch=6 lun=2 pl=0 blk=97 pg=255 erase_cnt=4 (vpc/ipc reset)
[EXP] [ERASE] ch=6 lun=3 pl=0 blk=97 pg=255 erase_cnt=4 (vpc/ipc reset)
[EXP] [ERASE] ch=6 lun=4 pl=0 blk=97 pg=255 erase_cnt=4 (vpc/ipc reset)
[EXP] [ERASE] ch=6 lun=5 pl=0 blk=97 pg=255 erase_cnt=4 (vpc/ipc reset)
[EXP] [ERASE] ch=6 lun=6 pl=0 blk=97 pg=255 erase_cnt=4 (vpc/ipc reset)
[EXP] [ERASE] ch=6 lun=7 pl=0 blk=97 pg=255 erase_cnt=4 (vpc/ipc reset)
[EXP] [ERASE] ch=7 lun=0 pl=0 blk=97 pg=255 erase_cnt=4 (vpc/ipc reset)
[EXP] [ERASE] ch=7 lun=1 pl=0 blk=97 pg=255 erase_cnt=4 (vpc/ipc reset)
[EXP] [ERASE] ch=7 lun=2 pl=0 blk=97 pg=255 erase_cnt=4 (vpc/ipc reset)
[EXP] [ERASE] ch=7 lun=3 pl=0 blk=97 pg=255 erase_cnt=4 (vpc/ipc reset)
[EXP] [ERASE] ch=7 lun=4 pl=0 blk=97 pg=255 erase_cnt=4 (vpc/ipc reset)
[EXP] [ERASE] ch=7 lun=5 pl=0 blk=97 pg=255 erase_cnt=4 (vpc/ipc reset)
[EXP] [ERASE] ch=7 lun=6 pl=0 blk=97 pg=255 erase_cnt=4 (vpc/ipc reset)
[EXP] [ERASE] ch=7 lun=7 pl=0 blk=97 pg=255 erase_cnt=4 (vpc/ipc reset)
[EXP] [ERASE] ch=0 lun=0 pl=0 blk=100 pg=255 erase_cnt=1 (vpc/ipc reset)
[EXP] [ERASE] ch=0 lun=1 pl=0 blk=100 pg=255 erase_cnt=1 (vpc/ipc reset)
[EXP] [ERASE] ch=0 lun=2 pl=0 blk=100 pg=255 erase_cnt=1 (vpc/ipc reset)
[EXP] [ERASE] ch=0 lun=3 pl=0 blk=100 pg=255 erase_cnt=1 (vpc/ipc reset)
[EXP] [ERASE] ch=0 lun=4 pl=0 blk=100 pg=255 erase_cnt=1 (vpc/ipc reset)
[EXP] [ERASE] ch=0 lun=5 pl=0 blk=100 pg=255 erase_cnt=1 (vpc/ipc reset)
[EXP] [ERASE] ch=0 lun=6 pl=0 blk=100 pg=255 erase_cnt=1 (vpc/ipc reset)
[EXP] [ERASE] ch=0 lun=7 pl=0 blk=100 pg=255 erase_cnt=1 (vpc/ipc reset)
[EXP] [ERASE] ch=1 lun=0 pl=0 blk=100 pg=255 erase_cnt=1 (vpc/ipc reset)
[EXP] [ERASE] ch=1 lun=1 pl=0 blk=100 pg=255 erase_cnt=1 (vpc/ipc reset)
[EXP] [ERASE] ch=1 lun=2 pl=0 blk=100 pg=255 erase_cnt=1 (vpc/ipc reset)
[EXP] [ERASE] ch=1 lun=3 pl=0 blk=100 pg=255 erase_cnt=1 (vpc/ipc reset)
[EXP] [ERASE] ch=1 lun=4 pl=0 blk=100 pg=255 erase_cnt=1 (vpc/ipc reset)
[EXP] [ERASE] ch=1 lun=5 pl=0 blk=100 pg=255 erase_cnt=1 (vpc/ipc reset)
[EXP] [ERASE] ch=1 lun=6 pl=0 blk=100 pg=255 erase_cnt=1 (vpc/ipc reset)
[EXP] [ERASE] ch=1 lun=7 pl=0 blk=100 pg=255 erase_cnt=1 (vpc/ipc reset)
[EXP] [ERASE] ch=2 lun=0 pl=0 blk=100 pg=255 erase_cnt=1 (vpc/ipc reset)
[EXP] [ERASE] ch=2 lun=1 pl=0 blk=100 pg=255 erase_cnt=1 (vpc/ipc reset)
[EXP] [GC_MOVE] lpn=0 historical=COLD effective=COLD idle_age=0 expired=no access=2 short=1 last_seq=1572869 decay_epoch=24 ch=2 lun=2 pl=0 blk=100 pg=206 -> ch=1 lun=0 pl=0 blk=97 pg=6
[EXP] [ERASE] ch=2 lun=2 pl=0 blk=100 pg=255 erase_cnt=1 (vpc/ipc reset)
[EXP] [ERASE] ch=2 lun=3 pl=0 blk=100 pg=255 erase_cnt=1 (vpc/ipc reset)
[EXP] [ERASE] ch=2 lun=4 pl=0 blk=100 pg=255 erase_cnt=1 (vpc/ipc reset)
[EXP] [ERASE] ch=2 lun=5 pl=0 blk=100 pg=255 erase_cnt=1 (vpc/ipc reset)
[EXP] [ERASE] ch=2 lun=6 pl=0 blk=100 pg=255 erase_cnt=1 (vpc/ipc reset)
[EXP] [ERASE] ch=2 lun=7 pl=0 blk=100 pg=255 erase_cnt=1 (vpc/ipc reset)
[EXP] [ERASE] ch=3 lun=0 pl=0 blk=100 pg=255 erase_cnt=1 (vpc/ipc reset)
[EXP] [ERASE] ch=3 lun=1 pl=0 blk=100 pg=255 erase_cnt=1 (vpc/ipc reset)
[EXP] [ERASE] ch=3 lun=2 pl=0 blk=100 pg=255 erase_cnt=1 (vpc/ipc reset)
[EXP] [ERASE] ch=3 lun=3 pl=0 blk=100 pg=255 erase_cnt=1 (vpc/ipc reset)
[EXP] [ERASE] ch=3 lun=4 pl=0 blk=100 pg=255 erase_cnt=1 (vpc/ipc reset)
[EXP] [ERASE] ch=3 lun=5 pl=0 blk=100 pg=255 erase_cnt=1 (vpc/ipc reset)
[EXP] [ERASE] ch=3 lun=6 pl=0 blk=100 pg=255 erase_cnt=1 (vpc/ipc reset)
[EXP] [ERASE] ch=3 lun=7 pl=0 blk=100 pg=255 erase_cnt=1 (vpc/ipc reset)
[EXP] [ERASE] ch=4 lun=0 pl=0 blk=100 pg=255 erase_cnt=1 (vpc/ipc reset)
[EXP] [ERASE] ch=4 lun=1 pl=0 blk=100 pg=255 erase_cnt=1 (vpc/ipc reset)
[EXP] [ERASE] ch=4 lun=2 pl=0 blk=100 pg=255 erase_cnt=1 (vpc/ipc reset)
[EXP] [ERASE] ch=4 lun=3 pl=0 blk=100 pg=255 erase_cnt=1 (vpc/ipc reset)
[EXP] [ERASE] ch=4 lun=4 pl=0 blk=100 pg=255 erase_cnt=1 (vpc/ipc reset)
[EXP] [ERASE] ch=4 lun=5 pl=0 blk=100 pg=255 erase_cnt=1 (vpc/ipc reset)
[EXP] [ERASE] ch=4 lun=6 pl=0 blk=100 pg=255 erase_cnt=1 (vpc/ipc reset)
[EXP] [ERASE] ch=4 lun=7 pl=0 blk=100 pg=255 erase_cnt=1 (vpc/ipc reset)
[EXP] [ERASE] ch=5 lun=0 pl=0 blk=100 pg=255 erase_cnt=1 (vpc/ipc reset)
[EXP] [ERASE] ch=5 lun=1 pl=0 blk=100 pg=255 erase_cnt=1 (vpc/ipc reset)
[EXP] [ERASE] ch=5 lun=2 pl=0 blk=100 pg=255 erase_cnt=1 (vpc/ipc reset)
[EXP] [ERASE] ch=5 lun=3 pl=0 blk=100 pg=255 erase_cnt=1 (vpc/ipc reset)
[EXP] [ERASE] ch=5 lun=4 pl=0 blk=100 pg=255 erase_cnt=1 (vpc/ipc reset)
[EXP] [ERASE] ch=5 lun=5 pl=0 blk=100 pg=255 erase_cnt=1 (vpc/ipc reset)
[EXP] [ERASE] ch=5 lun=6 pl=0 blk=100 pg=255 erase_cnt=1 (vpc/ipc reset)
[EXP] [ERASE] ch=5 lun=7 pl=0 blk=100 pg=255 erase_cnt=1 (vpc/ipc reset)
[EXP] [ERASE] ch=6 lun=0 pl=0 blk=100 pg=255 erase_cnt=1 (vpc/ipc reset)
[EXP] [ERASE] ch=6 lun=1 pl=0 blk=100 pg=255 erase_cnt=1 (vpc/ipc reset)
[EXP] [ERASE] ch=6 lun=2 pl=0 blk=100 pg=255 erase_cnt=1 (vpc/ipc reset)
[EXP] [ERASE] ch=6 lun=3 pl=0 blk=100 pg=255 erase_cnt=1 (vpc/ipc reset)
[EXP] [ERASE] ch=6 lun=4 pl=0 blk=100 pg=255 erase_cnt=1 (vpc/ipc reset)
[EXP] [ERASE] ch=6 lun=5 pl=0 blk=100 pg=255 erase_cnt=1 (vpc/ipc reset)
[EXP] [ERASE] ch=6 lun=6 pl=0 blk=100 pg=255 erase_cnt=1 (vpc/ipc reset)
[EXP] [ERASE] ch=6 lun=7 pl=0 blk=100 pg=255 erase_cnt=1 (vpc/ipc reset)
[EXP] [ERASE] ch=7 lun=0 pl=0 blk=100 pg=255 erase_cnt=1 (vpc/ipc reset)
[EXP] [ERASE] ch=7 lun=1 pl=0 blk=100 pg=255 erase_cnt=1 (vpc/ipc reset)
[EXP] [ERASE] ch=7 lun=2 pl=0 blk=100 pg=255 erase_cnt=1 (vpc/ipc reset)
[EXP] [ERASE] ch=7 lun=3 pl=0 blk=100 pg=255 erase_cnt=1 (vpc/ipc reset)
[EXP] [ERASE] ch=7 lun=4 pl=0 blk=100 pg=255 erase_cnt=1 (vpc/ipc reset)
[EXP] [ERASE] ch=7 lun=5 pl=0 blk=100 pg=255 erase_cnt=1 (vpc/ipc reset)
[EXP] [ERASE] ch=7 lun=6 pl=0 blk=100 pg=255 erase_cnt=1 (vpc/ipc reset)
[EXP] [ERASE] ch=7 lun=7 pl=0 blk=100 pg=255 erase_cnt=1 (vpc/ipc reset)
[EXP] [ERASE] ch=0 lun=0 pl=0 blk=98 pg=255 erase_cnt=4 (vpc/ipc reset)
[EXP] [ERASE] ch=0 lun=1 pl=0 blk=98 pg=255 erase_cnt=4 (vpc/ipc reset)
[EXP] [ERASE] ch=0 lun=2 pl=0 blk=98 pg=255 erase_cnt=4 (vpc/ipc reset)
[EXP] [ERASE] ch=0 lun=3 pl=0 blk=98 pg=255 erase_cnt=4 (vpc/ipc reset)
[EXP] [ERASE] ch=0 lun=4 pl=0 blk=98 pg=255 erase_cnt=4 (vpc/ipc reset)
[EXP] [ERASE] ch=0 lun=5 pl=0 blk=98 pg=255 erase_cnt=4 (vpc/ipc reset)
[EXP] [ERASE] ch=0 lun=6 pl=0 blk=98 pg=255 erase_cnt=4 (vpc/ipc reset)
[EXP] [ERASE] ch=0 lun=7 pl=0 blk=98 pg=255 erase_cnt=4 (vpc/ipc reset)
[EXP] [ERASE] ch=1 lun=0 pl=0 blk=98 pg=255 erase_cnt=4 (vpc/ipc reset)
[EXP] [ERASE] ch=1 lun=1 pl=0 blk=98 pg=255 erase_cnt=4 (vpc/ipc reset)
[EXP] [ERASE] ch=1 lun=2 pl=0 blk=98 pg=255 erase_cnt=4 (vpc/ipc reset)
[EXP] [ERASE] ch=1 lun=3 pl=0 blk=98 pg=255 erase_cnt=4 (vpc/ipc reset)
[EXP] [ERASE] ch=1 lun=4 pl=0 blk=98 pg=255 erase_cnt=4 (vpc/ipc reset)
[EXP] [ERASE] ch=1 lun=5 pl=0 blk=98 pg=255 erase_cnt=4 (vpc/ipc reset)
[EXP] [ERASE] ch=1 lun=6 pl=0 blk=98 pg=255 erase_cnt=4 (vpc/ipc reset)
[EXP] [ERASE] ch=1 lun=7 pl=0 blk=98 pg=255 erase_cnt=4 (vpc/ipc reset)
[EXP] [ERASE] ch=2 lun=0 pl=0 blk=98 pg=255 erase_cnt=4 (vpc/ipc reset)
[EXP] [ERASE] ch=2 lun=1 pl=0 blk=98 pg=255 erase_cnt=4 (vpc/ipc reset)
[EXP] [ERASE] ch=2 lun=2 pl=0 blk=98 pg=255 erase_cnt=4 (vpc/ipc reset)
[EXP] [ERASE] ch=2 lun=3 pl=0 blk=98 pg=255 erase_cnt=4 (vpc/ipc reset)
[EXP] [ERASE] ch=2 lun=4 pl=0 blk=98 pg=255 erase_cnt=4 (vpc/ipc reset)
[EXP] [ERASE] ch=2 lun=5 pl=0 blk=98 pg=255 erase_cnt=4 (vpc/ipc reset)
[EXP] [ERASE] ch=2 lun=6 pl=0 blk=98 pg=255 erase_cnt=4 (vpc/ipc reset)
[EXP] [ERASE] ch=2 lun=7 pl=0 blk=98 pg=255 erase_cnt=4 (vpc/ipc reset)
[EXP] [ERASE] ch=3 lun=0 pl=0 blk=98 pg=255 erase_cnt=4 (vpc/ipc reset)
[EXP] [ERASE] ch=3 lun=1 pl=0 blk=98 pg=255 erase_cnt=4 (vpc/ipc reset)
[EXP] [ERASE] ch=3 lun=2 pl=0 blk=98 pg=255 erase_cnt=4 (vpc/ipc reset)
[EXP] [ERASE] ch=3 lun=3 pl=0 blk=98 pg=255 erase_cnt=4 (vpc/ipc reset)
[EXP] [ERASE] ch=3 lun=4 pl=0 blk=98 pg=255 erase_cnt=4 (vpc/ipc reset)
[EXP] [ERASE] ch=3 lun=5 pl=0 blk=98 pg=255 erase_cnt=4 (vpc/ipc reset)
[EXP] [ERASE] ch=3 lun=6 pl=0 blk=98 pg=255 erase_cnt=4 (vpc/ipc reset)
[EXP] [ERASE] ch=3 lun=7 pl=0 blk=98 pg=255 erase_cnt=4 (vpc/ipc reset)
[EXP] [ERASE] ch=4 lun=0 pl=0 blk=98 pg=255 erase_cnt=4 (vpc/ipc reset)
[EXP] [ERASE] ch=4 lun=1 pl=0 blk=98 pg=255 erase_cnt=4 (vpc/ipc reset)
[EXP] [ERASE] ch=4 lun=2 pl=0 blk=98 pg=255 erase_cnt=4 (vpc/ipc reset)
[EXP] [ERASE] ch=4 lun=3 pl=0 blk=98 pg=255 erase_cnt=4 (vpc/ipc reset)
[EXP] [ERASE] ch=4 lun=4 pl=0 blk=98 pg=255 erase_cnt=4 (vpc/ipc reset)
[EXP] [ERASE] ch=4 lun=5 pl=0 blk=98 pg=255 erase_cnt=4 (vpc/ipc reset)
[EXP] [ERASE] ch=4 lun=6 pl=0 blk=98 pg=255 erase_cnt=4 (vpc/ipc reset)
[EXP] [ERASE] ch=4 lun=7 pl=0 blk=98 pg=255 erase_cnt=4 (vpc/ipc reset)
[EXP] [ERASE] ch=5 lun=0 pl=0 blk=98 pg=255 erase_cnt=4 (vpc/ipc reset)
[EXP] [ERASE] ch=5 lun=1 pl=0 blk=98 pg=255 erase_cnt=4 (vpc/ipc reset)
[EXP] [ERASE] ch=5 lun=2 pl=0 blk=98 pg=255 erase_cnt=4 (vpc/ipc reset)
[EXP] [ERASE] ch=5 lun=3 pl=0 blk=98 pg=255 erase_cnt=4 (vpc/ipc reset)
[EXP] [ERASE] ch=5 lun=4 pl=0 blk=98 pg=255 erase_cnt=4 (vpc/ipc reset)
[EXP] [ERASE] ch=5 lun=5 pl=0 blk=98 pg=255 erase_cnt=4 (vpc/ipc reset)
[EXP] [ERASE] ch=5 lun=6 pl=0 blk=98 pg=255 erase_cnt=4 (vpc/ipc reset)
[EXP] [ERASE] ch=5 lun=7 pl=0 blk=98 pg=255 erase_cnt=4 (vpc/ipc reset)
[EXP] [ERASE] ch=6 lun=0 pl=0 blk=98 pg=255 erase_cnt=4 (vpc/ipc reset)
[EXP] [ERASE] ch=6 lun=1 pl=0 blk=98 pg=255 erase_cnt=4 (vpc/ipc reset)
[EXP] [ERASE] ch=6 lun=2 pl=0 blk=98 pg=255 erase_cnt=4 (vpc/ipc reset)
[EXP] [ERASE] ch=6 lun=3 pl=0 blk=98 pg=255 erase_cnt=4 (vpc/ipc reset)
[EXP] [ERASE] ch=6 lun=4 pl=0 blk=98 pg=255 erase_cnt=4 (vpc/ipc reset)
[EXP] [ERASE] ch=6 lun=5 pl=0 blk=98 pg=255 erase_cnt=4 (vpc/ipc reset)
[EXP] [ERASE] ch=6 lun=6 pl=0 blk=98 pg=255 erase_cnt=4 (vpc/ipc reset)
[EXP] [ERASE] ch=6 lun=7 pl=0 blk=98 pg=255 erase_cnt=4 (vpc/ipc reset)
[EXP] [ERASE] ch=7 lun=0 pl=0 blk=98 pg=255 erase_cnt=4 (vpc/ipc reset)
[EXP] [ERASE] ch=7 lun=1 pl=0 blk=98 pg=255 erase_cnt=4 (vpc/ipc reset)
[EXP] [ERASE] ch=7 lun=2 pl=0 blk=98 pg=255 erase_cnt=4 (vpc/ipc reset)
[EXP] [ERASE] ch=7 lun=3 pl=0 blk=98 pg=255 erase_cnt=4 (vpc/ipc reset)
[EXP] [ERASE] ch=7 lun=4 pl=0 blk=98 pg=255 erase_cnt=4 (vpc/ipc reset)
[EXP] [ERASE] ch=7 lun=5 pl=0 blk=98 pg=255 erase_cnt=4 (vpc/ipc reset)
[EXP] [ERASE] ch=7 lun=6 pl=0 blk=98 pg=255 erase_cnt=4 (vpc/ipc reset)
[EXP] [ERASE] ch=7 lun=7 pl=0 blk=98 pg=255 erase_cnt=4 (vpc/ipc reset)
[EXP] [ERASE] ch=0 lun=0 pl=0 blk=97 pg=255 erase_cnt=5 (vpc/ipc reset)
[EXP] [ERASE] ch=0 lun=1 pl=0 blk=97 pg=255 erase_cnt=5 (vpc/ipc reset)
[EXP] [ERASE] ch=0 lun=2 pl=0 blk=97 pg=255 erase_cnt=5 (vpc/ipc reset)
[EXP] [ERASE] ch=0 lun=3 pl=0 blk=97 pg=255 erase_cnt=5 (vpc/ipc reset)
[EXP] [ERASE] ch=0 lun=4 pl=0 blk=97 pg=255 erase_cnt=5 (vpc/ipc reset)
[EXP] [ERASE] ch=0 lun=5 pl=0 blk=97 pg=255 erase_cnt=5 (vpc/ipc reset)
[EXP] [ERASE] ch=0 lun=6 pl=0 blk=97 pg=255 erase_cnt=5 (vpc/ipc reset)
[EXP] [ERASE] ch=0 lun=7 pl=0 blk=97 pg=255 erase_cnt=5 (vpc/ipc reset)
[EXP] [GC_MOVE] lpn=0 historical=COLD effective=COLD idle_age=0 expired=no access=2 short=1 last_seq=1572869 decay_epoch=24 ch=1 lun=0 pl=0 blk=97 pg=6 -> ch=0 lun=1 pl=0 blk=102 pg=9
[EXP] [ERASE] ch=1 lun=0 pl=0 blk=97 pg=255 erase_cnt=5 (vpc/ipc reset)
[EXP] [ERASE] ch=1 lun=1 pl=0 blk=97 pg=255 erase_cnt=5 (vpc/ipc reset)
[EXP] [ERASE] ch=1 lun=2 pl=0 blk=97 pg=255 erase_cnt=5 (vpc/ipc reset)
[EXP] [ERASE] ch=1 lun=3 pl=0 blk=97 pg=255 erase_cnt=5 (vpc/ipc reset)
[EXP] [ERASE] ch=1 lun=4 pl=0 blk=97 pg=255 erase_cnt=5 (vpc/ipc reset)
[EXP] [ERASE] ch=1 lun=5 pl=0 blk=97 pg=255 erase_cnt=5 (vpc/ipc reset)
[EXP] [ERASE] ch=1 lun=6 pl=0 blk=97 pg=255 erase_cnt=5 (vpc/ipc reset)
[EXP] [ERASE] ch=1 lun=7 pl=0 blk=97 pg=255 erase_cnt=5 (vpc/ipc reset)
[EXP] [ERASE] ch=2 lun=0 pl=0 blk=97 pg=255 erase_cnt=5 (vpc/ipc reset)
[EXP] [ERASE] ch=2 lun=1 pl=0 blk=97 pg=255 erase_cnt=5 (vpc/ipc reset)
[EXP] [ERASE] ch=2 lun=2 pl=0 blk=97 pg=255 erase_cnt=5 (vpc/ipc reset)
[EXP] [ERASE] ch=2 lun=3 pl=0 blk=97 pg=255 erase_cnt=5 (vpc/ipc reset)
[EXP] [ERASE] ch=2 lun=4 pl=0 blk=97 pg=255 erase_cnt=5 (vpc/ipc reset)
[EXP] [ERASE] ch=2 lun=5 pl=0 blk=97 pg=255 erase_cnt=5 (vpc/ipc reset)
[EXP] [ERASE] ch=2 lun=6 pl=0 blk=97 pg=255 erase_cnt=5 (vpc/ipc reset)
[EXP] [ERASE] ch=2 lun=7 pl=0 blk=97 pg=255 erase_cnt=5 (vpc/ipc reset)
[EXP] [ERASE] ch=3 lun=0 pl=0 blk=97 pg=255 erase_cnt=5 (vpc/ipc reset)
[EXP] [ERASE] ch=3 lun=1 pl=0 blk=97 pg=255 erase_cnt=5 (vpc/ipc reset)
[EXP] [ERASE] ch=3 lun=2 pl=0 blk=97 pg=255 erase_cnt=5 (vpc/ipc reset)
[EXP] [ERASE] ch=3 lun=3 pl=0 blk=97 pg=255 erase_cnt=5 (vpc/ipc reset)
[EXP] [ERASE] ch=3 lun=4 pl=0 blk=97 pg=255 erase_cnt=5 (vpc/ipc reset)
[EXP] [ERASE] ch=3 lun=5 pl=0 blk=97 pg=255 erase_cnt=5 (vpc/ipc reset)
[EXP] [ERASE] ch=3 lun=6 pl=0 blk=97 pg=255 erase_cnt=5 (vpc/ipc reset)
[EXP] [ERASE] ch=3 lun=7 pl=0 blk=97 pg=255 erase_cnt=5 (vpc/ipc reset)
[EXP] [ERASE] ch=4 lun=0 pl=0 blk=97 pg=255 erase_cnt=5 (vpc/ipc reset)
[EXP] [ERASE] ch=4 lun=1 pl=0 blk=97 pg=255 erase_cnt=5 (vpc/ipc reset)
[EXP] [ERASE] ch=4 lun=2 pl=0 blk=97 pg=255 erase_cnt=5 (vpc/ipc reset)
[EXP] [ERASE] ch=4 lun=3 pl=0 blk=97 pg=255 erase_cnt=5 (vpc/ipc reset)
[EXP] [ERASE] ch=4 lun=4 pl=0 blk=97 pg=255 erase_cnt=5 (vpc/ipc reset)
[EXP] [ERASE] ch=4 lun=5 pl=0 blk=97 pg=255 erase_cnt=5 (vpc/ipc reset)
[EXP] [ERASE] ch=4 lun=6 pl=0 blk=97 pg=255 erase_cnt=5 (vpc/ipc reset)
[EXP] [ERASE] ch=4 lun=7 pl=0 blk=97 pg=255 erase_cnt=5 (vpc/ipc reset)
[EXP] [ERASE] ch=5 lun=0 pl=0 blk=97 pg=255 erase_cnt=5 (vpc/ipc reset)
[EXP] [ERASE] ch=5 lun=1 pl=0 blk=97 pg=255 erase_cnt=5 (vpc/ipc reset)
[EXP] [ERASE] ch=5 lun=2 pl=0 blk=97 pg=255 erase_cnt=5 (vpc/ipc reset)
[EXP] [ERASE] ch=5 lun=3 pl=0 blk=97 pg=255 erase_cnt=5 (vpc/ipc reset)
[EXP] [ERASE] ch=5 lun=4 pl=0 blk=97 pg=255 erase_cnt=5 (vpc/ipc reset)
[EXP] [ERASE] ch=5 lun=5 pl=0 blk=97 pg=255 erase_cnt=5 (vpc/ipc reset)
[EXP] [ERASE] ch=5 lun=6 pl=0 blk=97 pg=255 erase_cnt=5 (vpc/ipc reset)
[EXP] [ERASE] ch=5 lun=7 pl=0 blk=97 pg=255 erase_cnt=5 (vpc/ipc reset)
[EXP] [ERASE] ch=6 lun=0 pl=0 blk=97 pg=255 erase_cnt=5 (vpc/ipc reset)
[EXP] [ERASE] ch=6 lun=1 pl=0 blk=97 pg=255 erase_cnt=5 (vpc/ipc reset)
[EXP] [ERASE] ch=6 lun=2 pl=0 blk=97 pg=255 erase_cnt=5 (vpc/ipc reset)
[EXP] [ERASE] ch=6 lun=3 pl=0 blk=97 pg=255 erase_cnt=5 (vpc/ipc reset)
[EXP] [ERASE] ch=6 lun=4 pl=0 blk=97 pg=255 erase_cnt=5 (vpc/ipc reset)
[EXP] [ERASE] ch=6 lun=5 pl=0 blk=97 pg=255 erase_cnt=5 (vpc/ipc reset)
[EXP] [ERASE] ch=6 lun=6 pl=0 blk=97 pg=255 erase_cnt=5 (vpc/ipc reset)
[EXP] [ERASE] ch=6 lun=7 pl=0 blk=97 pg=255 erase_cnt=5 (vpc/ipc reset)
[EXP] [ERASE] ch=7 lun=0 pl=0 blk=97 pg=255 erase_cnt=5 (vpc/ipc reset)
[EXP] [ERASE] ch=7 lun=1 pl=0 blk=97 pg=255 erase_cnt=5 (vpc/ipc reset)
[EXP] [ERASE] ch=7 lun=2 pl=0 blk=97 pg=255 erase_cnt=5 (vpc/ipc reset)
[EXP] [ERASE] ch=7 lun=3 pl=0 blk=97 pg=255 erase_cnt=5 (vpc/ipc reset)
[EXP] [ERASE] ch=7 lun=4 pl=0 blk=97 pg=255 erase_cnt=5 (vpc/ipc reset)
[EXP] [ERASE] ch=7 lun=5 pl=0 blk=97 pg=255 erase_cnt=5 (vpc/ipc reset)
[EXP] [ERASE] ch=7 lun=6 pl=0 blk=97 pg=255 erase_cnt=5 (vpc/ipc reset)
[EXP] [ERASE] ch=7 lun=7 pl=0 blk=97 pg=255 erase_cnt=5 (vpc/ipc reset)
[EXP] [ERASE] ch=0 lun=0 pl=0 blk=100 pg=255 erase_cnt=2 (vpc/ipc reset)
[EXP] [ERASE] ch=0 lun=1 pl=0 blk=100 pg=255 erase_cnt=2 (vpc/ipc reset)
[EXP] [ERASE] ch=0 lun=2 pl=0 blk=100 pg=255 erase_cnt=2 (vpc/ipc reset)
[EXP] [ERASE] ch=0 lun=3 pl=0 blk=100 pg=255 erase_cnt=2 (vpc/ipc reset)
[EXP] [ERASE] ch=0 lun=4 pl=0 blk=100 pg=255 erase_cnt=2 (vpc/ipc reset)
[EXP] [ERASE] ch=0 lun=5 pl=0 blk=100 pg=255 erase_cnt=2 (vpc/ipc reset)
[EXP] [ERASE] ch=0 lun=6 pl=0 blk=100 pg=255 erase_cnt=2 (vpc/ipc reset)
[EXP] [ERASE] ch=0 lun=7 pl=0 blk=100 pg=255 erase_cnt=2 (vpc/ipc reset)
[EXP] [ERASE] ch=1 lun=0 pl=0 blk=100 pg=255 erase_cnt=2 (vpc/ipc reset)
[EXP] [ERASE] ch=1 lun=1 pl=0 blk=100 pg=255 erase_cnt=2 (vpc/ipc reset)
[EXP] [ERASE] ch=1 lun=2 pl=0 blk=100 pg=255 erase_cnt=2 (vpc/ipc reset)
[EXP] [ERASE] ch=1 lun=3 pl=0 blk=100 pg=255 erase_cnt=2 (vpc/ipc reset)
[EXP] [ERASE] ch=1 lun=4 pl=0 blk=100 pg=255 erase_cnt=2 (vpc/ipc reset)
[EXP] [ERASE] ch=1 lun=5 pl=0 blk=100 pg=255 erase_cnt=2 (vpc/ipc reset)
[EXP] [ERASE] ch=1 lun=6 pl=0 blk=100 pg=255 erase_cnt=2 (vpc/ipc reset)
[EXP] [ERASE] ch=1 lun=7 pl=0 blk=100 pg=255 erase_cnt=2 (vpc/ipc reset)
[EXP] [ERASE] ch=2 lun=0 pl=0 blk=100 pg=255 erase_cnt=2 (vpc/ipc reset)
[EXP] [ERASE] ch=2 lun=1 pl=0 blk=100 pg=255 erase_cnt=2 (vpc/ipc reset)
[EXP] [ERASE] ch=2 lun=2 pl=0 blk=100 pg=255 erase_cnt=2 (vpc/ipc reset)
[EXP] [ERASE] ch=2 lun=3 pl=0 blk=100 pg=255 erase_cnt=2 (vpc/ipc reset)
[EXP] [ERASE] ch=2 lun=4 pl=0 blk=100 pg=255 erase_cnt=2 (vpc/ipc reset)
[EXP] [ERASE] ch=2 lun=5 pl=0 blk=100 pg=255 erase_cnt=2 (vpc/ipc reset)
[EXP] [ERASE] ch=2 lun=6 pl=0 blk=100 pg=255 erase_cnt=2 (vpc/ipc reset)
[EXP] [ERASE] ch=2 lun=7 pl=0 blk=100 pg=255 erase_cnt=2 (vpc/ipc reset)
[EXP] [ERASE] ch=3 lun=0 pl=0 blk=100 pg=255 erase_cnt=2 (vpc/ipc reset)
[EXP] [ERASE] ch=3 lun=1 pl=0 blk=100 pg=255 erase_cnt=2 (vpc/ipc reset)
[EXP] [ERASE] ch=3 lun=2 pl=0 blk=100 pg=255 erase_cnt=2 (vpc/ipc reset)
[EXP] [ERASE] ch=3 lun=3 pl=0 blk=100 pg=255 erase_cnt=2 (vpc/ipc reset)
[EXP] [ERASE] ch=3 lun=4 pl=0 blk=100 pg=255 erase_cnt=2 (vpc/ipc reset)
[EXP] [ERASE] ch=3 lun=5 pl=0 blk=100 pg=255 erase_cnt=2 (vpc/ipc reset)
[EXP] [ERASE] ch=3 lun=6 pl=0 blk=100 pg=255 erase_cnt=2 (vpc/ipc reset)
[EXP] [ERASE] ch=3 lun=7 pl=0 blk=100 pg=255 erase_cnt=2 (vpc/ipc reset)
[EXP] [ERASE] ch=4 lun=0 pl=0 blk=100 pg=255 erase_cnt=2 (vpc/ipc reset)
[EXP] [ERASE] ch=4 lun=1 pl=0 blk=100 pg=255 erase_cnt=2 (vpc/ipc reset)
[EXP] [ERASE] ch=4 lun=2 pl=0 blk=100 pg=255 erase_cnt=2 (vpc/ipc reset)
[EXP] [ERASE] ch=4 lun=3 pl=0 blk=100 pg=255 erase_cnt=2 (vpc/ipc reset)
[EXP] [ERASE] ch=4 lun=4 pl=0 blk=100 pg=255 erase_cnt=2 (vpc/ipc reset)
[EXP] [ERASE] ch=4 lun=5 pl=0 blk=100 pg=255 erase_cnt=2 (vpc/ipc reset)
[EXP] [ERASE] ch=4 lun=6 pl=0 blk=100 pg=255 erase_cnt=2 (vpc/ipc reset)
[EXP] [ERASE] ch=4 lun=7 pl=0 blk=100 pg=255 erase_cnt=2 (vpc/ipc reset)
[EXP] [ERASE] ch=5 lun=0 pl=0 blk=100 pg=255 erase_cnt=2 (vpc/ipc reset)
[EXP] [ERASE] ch=5 lun=1 pl=0 blk=100 pg=255 erase_cnt=2 (vpc/ipc reset)
[EXP] [ERASE] ch=5 lun=2 pl=0 blk=100 pg=255 erase_cnt=2 (vpc/ipc reset)
[EXP] [ERASE] ch=5 lun=3 pl=0 blk=100 pg=255 erase_cnt=2 (vpc/ipc reset)
[EXP] [ERASE] ch=5 lun=4 pl=0 blk=100 pg=255 erase_cnt=2 (vpc/ipc reset)
[EXP] [ERASE] ch=5 lun=5 pl=0 blk=100 pg=255 erase_cnt=2 (vpc/ipc reset)
[EXP] [ERASE] ch=5 lun=6 pl=0 blk=100 pg=255 erase_cnt=2 (vpc/ipc reset)
[EXP] [ERASE] ch=5 lun=7 pl=0 blk=100 pg=255 erase_cnt=2 (vpc/ipc reset)
[EXP] [ERASE] ch=6 lun=0 pl=0 blk=100 pg=255 erase_cnt=2 (vpc/ipc reset)
[EXP] [ERASE] ch=6 lun=1 pl=0 blk=100 pg=255 erase_cnt=2 (vpc/ipc reset)
[EXP] [ERASE] ch=6 lun=2 pl=0 blk=100 pg=255 erase_cnt=2 (vpc/ipc reset)
[EXP] [ERASE] ch=6 lun=3 pl=0 blk=100 pg=255 erase_cnt=2 (vpc/ipc reset)
[EXP] [ERASE] ch=6 lun=4 pl=0 blk=100 pg=255 erase_cnt=2 (vpc/ipc reset)
[EXP] [ERASE] ch=6 lun=5 pl=0 blk=100 pg=255 erase_cnt=2 (vpc/ipc reset)
[EXP] [ERASE] ch=6 lun=6 pl=0 blk=100 pg=255 erase_cnt=2 (vpc/ipc reset)
[EXP] [ERASE] ch=6 lun=7 pl=0 blk=100 pg=255 erase_cnt=2 (vpc/ipc reset)
[EXP] [ERASE] ch=7 lun=0 pl=0 blk=100 pg=255 erase_cnt=2 (vpc/ipc reset)
[EXP] [ERASE] ch=7 lun=1 pl=0 blk=100 pg=255 erase_cnt=2 (vpc/ipc reset)
[EXP] [ERASE] ch=7 lun=2 pl=0 blk=100 pg=255 erase_cnt=2 (vpc/ipc reset)
[EXP] [ERASE] ch=7 lun=3 pl=0 blk=100 pg=255 erase_cnt=2 (vpc/ipc reset)
[EXP] [ERASE] ch=7 lun=4 pl=0 blk=100 pg=255 erase_cnt=2 (vpc/ipc reset)
[EXP] [ERASE] ch=7 lun=5 pl=0 blk=100 pg=255 erase_cnt=2 (vpc/ipc reset)
[EXP] [ERASE] ch=7 lun=6 pl=0 blk=100 pg=255 erase_cnt=2 (vpc/ipc reset)
[EXP] [ERASE] ch=7 lun=7 pl=0 blk=100 pg=255 erase_cnt=2 (vpc/ipc reset)
[EXP] [ERASE] ch=0 lun=0 pl=0 blk=99 pg=255 erase_cnt=3 (vpc/ipc reset)
[EXP] [ERASE] ch=0 lun=1 pl=0 blk=99 pg=255 erase_cnt=3 (vpc/ipc reset)
[EXP] [ERASE] ch=0 lun=2 pl=0 blk=99 pg=255 erase_cnt=3 (vpc/ipc reset)
[EXP] [ERASE] ch=0 lun=3 pl=0 blk=99 pg=255 erase_cnt=3 (vpc/ipc reset)
[EXP] [ERASE] ch=0 lun=4 pl=0 blk=99 pg=255 erase_cnt=3 (vpc/ipc reset)
[EXP] [ERASE] ch=0 lun=5 pl=0 blk=99 pg=255 erase_cnt=3 (vpc/ipc reset)
[EXP] [ERASE] ch=0 lun=6 pl=0 blk=99 pg=255 erase_cnt=3 (vpc/ipc reset)
[EXP] [ERASE] ch=0 lun=7 pl=0 blk=99 pg=255 erase_cnt=3 (vpc/ipc reset)
[EXP] [ERASE] ch=1 lun=0 pl=0 blk=99 pg=255 erase_cnt=3 (vpc/ipc reset)
[EXP] [ERASE] ch=1 lun=1 pl=0 blk=99 pg=255 erase_cnt=3 (vpc/ipc reset)
[EXP] [ERASE] ch=1 lun=2 pl=0 blk=99 pg=255 erase_cnt=3 (vpc/ipc reset)
[EXP] [ERASE] ch=1 lun=3 pl=0 blk=99 pg=255 erase_cnt=3 (vpc/ipc reset)
[EXP] [ERASE] ch=1 lun=4 pl=0 blk=99 pg=255 erase_cnt=3 (vpc/ipc reset)
[EXP] [ERASE] ch=1 lun=5 pl=0 blk=99 pg=255 erase_cnt=3 (vpc/ipc reset)
[EXP] [ERASE] ch=1 lun=6 pl=0 blk=99 pg=255 erase_cnt=3 (vpc/ipc reset)
[EXP] [ERASE] ch=1 lun=7 pl=0 blk=99 pg=255 erase_cnt=3 (vpc/ipc reset)
[EXP] [ERASE] ch=2 lun=0 pl=0 blk=99 pg=255 erase_cnt=3 (vpc/ipc reset)
[EXP] [ERASE] ch=2 lun=1 pl=0 blk=99 pg=255 erase_cnt=3 (vpc/ipc reset)
[EXP] [ERASE] ch=2 lun=2 pl=0 blk=99 pg=255 erase_cnt=3 (vpc/ipc reset)
[EXP] [ERASE] ch=2 lun=3 pl=0 blk=99 pg=255 erase_cnt=3 (vpc/ipc reset)
[EXP] [ERASE] ch=2 lun=4 pl=0 blk=99 pg=255 erase_cnt=3 (vpc/ipc reset)
[EXP] [ERASE] ch=2 lun=5 pl=0 blk=99 pg=255 erase_cnt=3 (vpc/ipc reset)
[EXP] [ERASE] ch=2 lun=6 pl=0 blk=99 pg=255 erase_cnt=3 (vpc/ipc reset)
[EXP] [ERASE] ch=2 lun=7 pl=0 blk=99 pg=255 erase_cnt=3 (vpc/ipc reset)
[EXP] [ERASE] ch=3 lun=0 pl=0 blk=99 pg=255 erase_cnt=3 (vpc/ipc reset)
[EXP] [ERASE] ch=3 lun=1 pl=0 blk=99 pg=255 erase_cnt=3 (vpc/ipc reset)
[EXP] [ERASE] ch=3 lun=2 pl=0 blk=99 pg=255 erase_cnt=3 (vpc/ipc reset)
[EXP] [ERASE] ch=3 lun=3 pl=0 blk=99 pg=255 erase_cnt=3 (vpc/ipc reset)
[EXP] [ERASE] ch=3 lun=4 pl=0 blk=99 pg=255 erase_cnt=3 (vpc/ipc reset)
[EXP] [ERASE] ch=3 lun=5 pl=0 blk=99 pg=255 erase_cnt=3 (vpc/ipc reset)
[EXP] [ERASE] ch=3 lun=6 pl=0 blk=99 pg=255 erase_cnt=3 (vpc/ipc reset)
[EXP] [ERASE] ch=3 lun=7 pl=0 blk=99 pg=255 erase_cnt=3 (vpc/ipc reset)
[EXP] [ERASE] ch=4 lun=0 pl=0 blk=99 pg=255 erase_cnt=3 (vpc/ipc reset)
[EXP] [ERASE] ch=4 lun=1 pl=0 blk=99 pg=255 erase_cnt=3 (vpc/ipc reset)
[EXP] [ERASE] ch=4 lun=2 pl=0 blk=99 pg=255 erase_cnt=3 (vpc/ipc reset)
[EXP] [ERASE] ch=4 lun=3 pl=0 blk=99 pg=255 erase_cnt=3 (vpc/ipc reset)
[EXP] [ERASE] ch=4 lun=4 pl=0 blk=99 pg=255 erase_cnt=3 (vpc/ipc reset)
[EXP] [ERASE] ch=4 lun=5 pl=0 blk=99 pg=255 erase_cnt=3 (vpc/ipc reset)
[EXP] [ERASE] ch=4 lun=6 pl=0 blk=99 pg=255 erase_cnt=3 (vpc/ipc reset)
[EXP] [ERASE] ch=4 lun=7 pl=0 blk=99 pg=255 erase_cnt=3 (vpc/ipc reset)
[EXP] [ERASE] ch=5 lun=0 pl=0 blk=99 pg=255 erase_cnt=3 (vpc/ipc reset)
[EXP] [ERASE] ch=5 lun=1 pl=0 blk=99 pg=255 erase_cnt=3 (vpc/ipc reset)
[EXP] [ERASE] ch=5 lun=2 pl=0 blk=99 pg=255 erase_cnt=3 (vpc/ipc reset)
[EXP] [ERASE] ch=5 lun=3 pl=0 blk=99 pg=255 erase_cnt=3 (vpc/ipc reset)
[EXP] [ERASE] ch=5 lun=4 pl=0 blk=99 pg=255 erase_cnt=3 (vpc/ipc reset)
[EXP] [ERASE] ch=5 lun=5 pl=0 blk=99 pg=255 erase_cnt=3 (vpc/ipc reset)
[EXP] [ERASE] ch=5 lun=6 pl=0 blk=99 pg=255 erase_cnt=3 (vpc/ipc reset)
[EXP] [ERASE] ch=5 lun=7 pl=0 blk=99 pg=255 erase_cnt=3 (vpc/ipc reset)
[EXP] [ERASE] ch=6 lun=0 pl=0 blk=99 pg=255 erase_cnt=3 (vpc/ipc reset)
[EXP] [ERASE] ch=6 lun=1 pl=0 blk=99 pg=255 erase_cnt=3 (vpc/ipc reset)
[EXP] [ERASE] ch=6 lun=2 pl=0 blk=99 pg=255 erase_cnt=3 (vpc/ipc reset)
[EXP] [ERASE] ch=6 lun=3 pl=0 blk=99 pg=255 erase_cnt=3 (vpc/ipc reset)
[EXP] [ERASE] ch=6 lun=4 pl=0 blk=99 pg=255 erase_cnt=3 (vpc/ipc reset)
[EXP] [ERASE] ch=6 lun=5 pl=0 blk=99 pg=255 erase_cnt=3 (vpc/ipc reset)
[EXP] [ERASE] ch=6 lun=6 pl=0 blk=99 pg=255 erase_cnt=3 (vpc/ipc reset)
[EXP] [ERASE] ch=6 lun=7 pl=0 blk=99 pg=255 erase_cnt=3 (vpc/ipc reset)
[EXP] [ERASE] ch=7 lun=0 pl=0 blk=99 pg=255 erase_cnt=3 (vpc/ipc reset)
[EXP] [ERASE] ch=7 lun=1 pl=0 blk=99 pg=255 erase_cnt=3 (vpc/ipc reset)
[EXP] [ERASE] ch=7 lun=2 pl=0 blk=99 pg=255 erase_cnt=3 (vpc/ipc reset)
[EXP] [ERASE] ch=7 lun=3 pl=0 blk=99 pg=255 erase_cnt=3 (vpc/ipc reset)
[EXP] [ERASE] ch=7 lun=4 pl=0 blk=99 pg=255 erase_cnt=3 (vpc/ipc reset)
[EXP] [ERASE] ch=7 lun=5 pl=0 blk=99 pg=255 erase_cnt=3 (vpc/ipc reset)
[EXP] [ERASE] ch=7 lun=6 pl=0 blk=99 pg=255 erase_cnt=3 (vpc/ipc reset)
[EXP] [ERASE] ch=7 lun=7 pl=0 blk=99 pg=255 erase_cnt=3 (vpc/ipc reset)
[EXP] [ERASE] ch=0 lun=0 pl=0 blk=98 pg=255 erase_cnt=5 (vpc/ipc reset)
[EXP] [ERASE] ch=0 lun=1 pl=0 blk=98 pg=255 erase_cnt=5 (vpc/ipc reset)
[EXP] [ERASE] ch=0 lun=2 pl=0 blk=98 pg=255 erase_cnt=5 (vpc/ipc reset)
[EXP] [ERASE] ch=0 lun=3 pl=0 blk=98 pg=255 erase_cnt=5 (vpc/ipc reset)
[EXP] [ERASE] ch=0 lun=4 pl=0 blk=98 pg=255 erase_cnt=5 (vpc/ipc reset)
[EXP] [ERASE] ch=0 lun=5 pl=0 blk=98 pg=255 erase_cnt=5 (vpc/ipc reset)
[EXP] [ERASE] ch=0 lun=6 pl=0 blk=98 pg=255 erase_cnt=5 (vpc/ipc reset)
[EXP] [ERASE] ch=0 lun=7 pl=0 blk=98 pg=255 erase_cnt=5 (vpc/ipc reset)
[EXP] [ERASE] ch=1 lun=0 pl=0 blk=98 pg=255 erase_cnt=5 (vpc/ipc reset)
[EXP] [ERASE] ch=1 lun=1 pl=0 blk=98 pg=255 erase_cnt=5 (vpc/ipc reset)
[EXP] [ERASE] ch=1 lun=2 pl=0 blk=98 pg=255 erase_cnt=5 (vpc/ipc reset)
[EXP] [ERASE] ch=1 lun=3 pl=0 blk=98 pg=255 erase_cnt=5 (vpc/ipc reset)
[EXP] [ERASE] ch=1 lun=4 pl=0 blk=98 pg=255 erase_cnt=5 (vpc/ipc reset)
[EXP] [ERASE] ch=1 lun=5 pl=0 blk=98 pg=255 erase_cnt=5 (vpc/ipc reset)
[EXP] [ERASE] ch=1 lun=6 pl=0 blk=98 pg=255 erase_cnt=5 (vpc/ipc reset)
[EXP] [ERASE] ch=1 lun=7 pl=0 blk=98 pg=255 erase_cnt=5 (vpc/ipc reset)
[EXP] [ERASE] ch=2 lun=0 pl=0 blk=98 pg=255 erase_cnt=5 (vpc/ipc reset)
[EXP] [ERASE] ch=2 lun=1 pl=0 blk=98 pg=255 erase_cnt=5 (vpc/ipc reset)
[EXP] [ERASE] ch=2 lun=2 pl=0 blk=98 pg=255 erase_cnt=5 (vpc/ipc reset)
[EXP] [ERASE] ch=2 lun=3 pl=0 blk=98 pg=255 erase_cnt=5 (vpc/ipc reset)
[EXP] [ERASE] ch=2 lun=4 pl=0 blk=98 pg=255 erase_cnt=5 (vpc/ipc reset)
[EXP] [ERASE] ch=2 lun=5 pl=0 blk=98 pg=255 erase_cnt=5 (vpc/ipc reset)
[EXP] [ERASE] ch=2 lun=6 pl=0 blk=98 pg=255 erase_cnt=5 (vpc/ipc reset)
[EXP] [ERASE] ch=2 lun=7 pl=0 blk=98 pg=255 erase_cnt=5 (vpc/ipc reset)
[EXP] [ERASE] ch=3 lun=0 pl=0 blk=98 pg=255 erase_cnt=5 (vpc/ipc reset)
[EXP] [ERASE] ch=3 lun=1 pl=0 blk=98 pg=255 erase_cnt=5 (vpc/ipc reset)
[EXP] [ERASE] ch=3 lun=2 pl=0 blk=98 pg=255 erase_cnt=5 (vpc/ipc reset)
[EXP] [ERASE] ch=3 lun=3 pl=0 blk=98 pg=255 erase_cnt=5 (vpc/ipc reset)
[EXP] [ERASE] ch=3 lun=4 pl=0 blk=98 pg=255 erase_cnt=5 (vpc/ipc reset)
[EXP] [ERASE] ch=3 lun=5 pl=0 blk=98 pg=255 erase_cnt=5 (vpc/ipc reset)
[EXP] [ERASE] ch=3 lun=6 pl=0 blk=98 pg=255 erase_cnt=5 (vpc/ipc reset)
[EXP] [ERASE] ch=3 lun=7 pl=0 blk=98 pg=255 erase_cnt=5 (vpc/ipc reset)
[EXP] [ERASE] ch=4 lun=0 pl=0 blk=98 pg=255 erase_cnt=5 (vpc/ipc reset)
[EXP] [ERASE] ch=4 lun=1 pl=0 blk=98 pg=255 erase_cnt=5 (vpc/ipc reset)
[EXP] [ERASE] ch=4 lun=2 pl=0 blk=98 pg=255 erase_cnt=5 (vpc/ipc reset)
[EXP] [ERASE] ch=4 lun=3 pl=0 blk=98 pg=255 erase_cnt=5 (vpc/ipc reset)
[EXP] [ERASE] ch=4 lun=4 pl=0 blk=98 pg=255 erase_cnt=5 (vpc/ipc reset)
[EXP] [ERASE] ch=4 lun=5 pl=0 blk=98 pg=255 erase_cnt=5 (vpc/ipc reset)
[EXP] [ERASE] ch=4 lun=6 pl=0 blk=98 pg=255 erase_cnt=5 (vpc/ipc reset)
[EXP] [ERASE] ch=4 lun=7 pl=0 blk=98 pg=255 erase_cnt=5 (vpc/ipc reset)
[EXP] [ERASE] ch=5 lun=0 pl=0 blk=98 pg=255 erase_cnt=5 (vpc/ipc reset)
[EXP] [ERASE] ch=5 lun=1 pl=0 blk=98 pg=255 erase_cnt=5 (vpc/ipc reset)
[EXP] [ERASE] ch=5 lun=2 pl=0 blk=98 pg=255 erase_cnt=5 (vpc/ipc reset)
[EXP] [ERASE] ch=5 lun=3 pl=0 blk=98 pg=255 erase_cnt=5 (vpc/ipc reset)
[EXP] [ERASE] ch=5 lun=4 pl=0 blk=98 pg=255 erase_cnt=5 (vpc/ipc reset)
[EXP] [ERASE] ch=5 lun=5 pl=0 blk=98 pg=255 erase_cnt=5 (vpc/ipc reset)
[EXP] [ERASE] ch=5 lun=6 pl=0 blk=98 pg=255 erase_cnt=5 (vpc/ipc reset)
[EXP] [ERASE] ch=5 lun=7 pl=0 blk=98 pg=255 erase_cnt=5 (vpc/ipc reset)
[EXP] [ERASE] ch=6 lun=0 pl=0 blk=98 pg=255 erase_cnt=5 (vpc/ipc reset)
[EXP] [ERASE] ch=6 lun=1 pl=0 blk=98 pg=255 erase_cnt=5 (vpc/ipc reset)
[EXP] [ERASE] ch=6 lun=2 pl=0 blk=98 pg=255 erase_cnt=5 (vpc/ipc reset)
[EXP] [ERASE] ch=6 lun=3 pl=0 blk=98 pg=255 erase_cnt=5 (vpc/ipc reset)
[EXP] [ERASE] ch=6 lun=4 pl=0 blk=98 pg=255 erase_cnt=5 (vpc/ipc reset)
[EXP] [ERASE] ch=6 lun=5 pl=0 blk=98 pg=255 erase_cnt=5 (vpc/ipc reset)
[EXP] [ERASE] ch=6 lun=6 pl=0 blk=98 pg=255 erase_cnt=5 (vpc/ipc reset)
[EXP] [ERASE] ch=6 lun=7 pl=0 blk=98 pg=255 erase_cnt=5 (vpc/ipc reset)
[EXP] [ERASE] ch=7 lun=0 pl=0 blk=98 pg=255 erase_cnt=5 (vpc/ipc reset)
[EXP] [ERASE] ch=7 lun=1 pl=0 blk=98 pg=255 erase_cnt=5 (vpc/ipc reset)
[EXP] [ERASE] ch=7 lun=2 pl=0 blk=98 pg=255 erase_cnt=5 (vpc/ipc reset)
[EXP] [ERASE] ch=7 lun=3 pl=0 blk=98 pg=255 erase_cnt=5 (vpc/ipc reset)
[EXP] [ERASE] ch=7 lun=4 pl=0 blk=98 pg=255 erase_cnt=5 (vpc/ipc reset)
[EXP] [ERASE] ch=7 lun=5 pl=0 blk=98 pg=255 erase_cnt=5 (vpc/ipc reset)
[EXP] [ERASE] ch=7 lun=6 pl=0 blk=98 pg=255 erase_cnt=5 (vpc/ipc reset)
[EXP] [ERASE] ch=7 lun=7 pl=0 blk=98 pg=255 erase_cnt=5 (vpc/ipc reset)
[EXP] [ERASE] ch=0 lun=0 pl=0 blk=99 pg=255 erase_cnt=4 (vpc/ipc reset)
[EXP] [ERASE] ch=0 lun=1 pl=0 blk=99 pg=255 erase_cnt=4 (vpc/ipc reset)
[EXP] [ERASE] ch=0 lun=2 pl=0 blk=99 pg=255 erase_cnt=4 (vpc/ipc reset)
[EXP] [ERASE] ch=0 lun=3 pl=0 blk=99 pg=255 erase_cnt=4 (vpc/ipc reset)
[EXP] [ERASE] ch=0 lun=4 pl=0 blk=99 pg=255 erase_cnt=4 (vpc/ipc reset)
[EXP] [ERASE] ch=0 lun=5 pl=0 blk=99 pg=255 erase_cnt=4 (vpc/ipc reset)
[EXP] [ERASE] ch=0 lun=6 pl=0 blk=99 pg=255 erase_cnt=4 (vpc/ipc reset)
[EXP] [ERASE] ch=0 lun=7 pl=0 blk=99 pg=255 erase_cnt=4 (vpc/ipc reset)
[EXP] [ERASE] ch=1 lun=0 pl=0 blk=99 pg=255 erase_cnt=4 (vpc/ipc reset)
[EXP] [ERASE] ch=1 lun=1 pl=0 blk=99 pg=255 erase_cnt=4 (vpc/ipc reset)
[EXP] [ERASE] ch=1 lun=2 pl=0 blk=99 pg=255 erase_cnt=4 (vpc/ipc reset)
[EXP] [ERASE] ch=1 lun=3 pl=0 blk=99 pg=255 erase_cnt=4 (vpc/ipc reset)
[EXP] [ERASE] ch=1 lun=4 pl=0 blk=99 pg=255 erase_cnt=4 (vpc/ipc reset)
[EXP] [ERASE] ch=1 lun=5 pl=0 blk=99 pg=255 erase_cnt=4 (vpc/ipc reset)
[EXP] [ERASE] ch=1 lun=6 pl=0 blk=99 pg=255 erase_cnt=4 (vpc/ipc reset)
[EXP] [ERASE] ch=1 lun=7 pl=0 blk=99 pg=255 erase_cnt=4 (vpc/ipc reset)
[EXP] [ERASE] ch=2 lun=0 pl=0 blk=99 pg=255 erase_cnt=4 (vpc/ipc reset)
[EXP] [ERASE] ch=2 lun=1 pl=0 blk=99 pg=255 erase_cnt=4 (vpc/ipc reset)
[EXP] [ERASE] ch=2 lun=2 pl=0 blk=99 pg=255 erase_cnt=4 (vpc/ipc reset)
[EXP] [ERASE] ch=2 lun=3 pl=0 blk=99 pg=255 erase_cnt=4 (vpc/ipc reset)
[EXP] [ERASE] ch=2 lun=4 pl=0 blk=99 pg=255 erase_cnt=4 (vpc/ipc reset)
[EXP] [ERASE] ch=2 lun=5 pl=0 blk=99 pg=255 erase_cnt=4 (vpc/ipc reset)
[EXP] [ERASE] ch=2 lun=6 pl=0 blk=99 pg=255 erase_cnt=4 (vpc/ipc reset)
[EXP] [ERASE] ch=2 lun=7 pl=0 blk=99 pg=255 erase_cnt=4 (vpc/ipc reset)
[EXP] [ERASE] ch=3 lun=0 pl=0 blk=99 pg=255 erase_cnt=4 (vpc/ipc reset)
[EXP] [ERASE] ch=3 lun=1 pl=0 blk=99 pg=255 erase_cnt=4 (vpc/ipc reset)
[EXP] [ERASE] ch=3 lun=2 pl=0 blk=99 pg=255 erase_cnt=4 (vpc/ipc reset)
[EXP] [ERASE] ch=3 lun=3 pl=0 blk=99 pg=255 erase_cnt=4 (vpc/ipc reset)
[EXP] [ERASE] ch=3 lun=4 pl=0 blk=99 pg=255 erase_cnt=4 (vpc/ipc reset)
[EXP] [ERASE] ch=3 lun=5 pl=0 blk=99 pg=255 erase_cnt=4 (vpc/ipc reset)
[EXP] [ERASE] ch=3 lun=6 pl=0 blk=99 pg=255 erase_cnt=4 (vpc/ipc reset)
[EXP] [ERASE] ch=3 lun=7 pl=0 blk=99 pg=255 erase_cnt=4 (vpc/ipc reset)
[EXP] [ERASE] ch=4 lun=0 pl=0 blk=99 pg=255 erase_cnt=4 (vpc/ipc reset)
[EXP] [ERASE] ch=4 lun=1 pl=0 blk=99 pg=255 erase_cnt=4 (vpc/ipc reset)
[EXP] [ERASE] ch=4 lun=2 pl=0 blk=99 pg=255 erase_cnt=4 (vpc/ipc reset)
[EXP] [ERASE] ch=4 lun=3 pl=0 blk=99 pg=255 erase_cnt=4 (vpc/ipc reset)
[EXP] [ERASE] ch=4 lun=4 pl=0 blk=99 pg=255 erase_cnt=4 (vpc/ipc reset)
[EXP] [ERASE] ch=4 lun=5 pl=0 blk=99 pg=255 erase_cnt=4 (vpc/ipc reset)
[EXP] [ERASE] ch=4 lun=6 pl=0 blk=99 pg=255 erase_cnt=4 (vpc/ipc reset)
[EXP] [ERASE] ch=4 lun=7 pl=0 blk=99 pg=255 erase_cnt=4 (vpc/ipc reset)
[EXP] [ERASE] ch=5 lun=0 pl=0 blk=99 pg=255 erase_cnt=4 (vpc/ipc reset)
[EXP] [ERASE] ch=5 lun=1 pl=0 blk=99 pg=255 erase_cnt=4 (vpc/ipc reset)
[EXP] [ERASE] ch=5 lun=2 pl=0 blk=99 pg=255 erase_cnt=4 (vpc/ipc reset)
[EXP] [ERASE] ch=5 lun=3 pl=0 blk=99 pg=255 erase_cnt=4 (vpc/ipc reset)
[EXP] [ERASE] ch=5 lun=4 pl=0 blk=99 pg=255 erase_cnt=4 (vpc/ipc reset)
[EXP] [ERASE] ch=5 lun=5 pl=0 blk=99 pg=255 erase_cnt=4 (vpc/ipc reset)
[EXP] [ERASE] ch=5 lun=6 pl=0 blk=99 pg=255 erase_cnt=4 (vpc/ipc reset)
[EXP] [ERASE] ch=5 lun=7 pl=0 blk=99 pg=255 erase_cnt=4 (vpc/ipc reset)
[EXP] [ERASE] ch=6 lun=0 pl=0 blk=99 pg=255 erase_cnt=4 (vpc/ipc reset)
[EXP] [ERASE] ch=6 lun=1 pl=0 blk=99 pg=255 erase_cnt=4 (vpc/ipc reset)
[EXP] [ERASE] ch=6 lun=2 pl=0 blk=99 pg=255 erase_cnt=4 (vpc/ipc reset)
[EXP] [ERASE] ch=6 lun=3 pl=0 blk=99 pg=255 erase_cnt=4 (vpc/ipc reset)
[EXP] [ERASE] ch=6 lun=4 pl=0 blk=99 pg=255 erase_cnt=4 (vpc/ipc reset)
[EXP] [ERASE] ch=6 lun=5 pl=0 blk=99 pg=255 erase_cnt=4 (vpc/ipc reset)
[EXP] [ERASE] ch=6 lun=6 pl=0 blk=99 pg=255 erase_cnt=4 (vpc/ipc reset)
[EXP] [ERASE] ch=6 lun=7 pl=0 blk=99 pg=255 erase_cnt=4 (vpc/ipc reset)
[EXP] [ERASE] ch=7 lun=0 pl=0 blk=99 pg=255 erase_cnt=4 (vpc/ipc reset)
[EXP] [ERASE] ch=7 lun=1 pl=0 blk=99 pg=255 erase_cnt=4 (vpc/ipc reset)
[EXP] [ERASE] ch=7 lun=2 pl=0 blk=99 pg=255 erase_cnt=4 (vpc/ipc reset)
[EXP] [ERASE] ch=7 lun=3 pl=0 blk=99 pg=255 erase_cnt=4 (vpc/ipc reset)
[EXP] [ERASE] ch=7 lun=4 pl=0 blk=99 pg=255 erase_cnt=4 (vpc/ipc reset)
[EXP] [ERASE] ch=7 lun=5 pl=0 blk=99 pg=255 erase_cnt=4 (vpc/ipc reset)
[EXP] [ERASE] ch=7 lun=6 pl=0 blk=99 pg=255 erase_cnt=4 (vpc/ipc reset)
[EXP] [ERASE] ch=7 lun=7 pl=0 blk=99 pg=255 erase_cnt=4 (vpc/ipc reset)
[EXP] [ERASE] ch=0 lun=0 pl=0 blk=97 pg=255 erase_cnt=6 (vpc/ipc reset)
[EXP] [ERASE] ch=0 lun=1 pl=0 blk=97 pg=255 erase_cnt=6 (vpc/ipc reset)
[EXP] [ERASE] ch=0 lun=2 pl=0 blk=97 pg=255 erase_cnt=6 (vpc/ipc reset)
[EXP] [ERASE] ch=0 lun=3 pl=0 blk=97 pg=255 erase_cnt=6 (vpc/ipc reset)
[EXP] [ERASE] ch=0 lun=4 pl=0 blk=97 pg=255 erase_cnt=6 (vpc/ipc reset)
[EXP] [ERASE] ch=0 lun=5 pl=0 blk=97 pg=255 erase_cnt=6 (vpc/ipc reset)
[EXP] [ERASE] ch=0 lun=6 pl=0 blk=97 pg=255 erase_cnt=6 (vpc/ipc reset)
[EXP] [ERASE] ch=0 lun=7 pl=0 blk=97 pg=255 erase_cnt=6 (vpc/ipc reset)
[EXP] [ERASE] ch=1 lun=0 pl=0 blk=97 pg=255 erase_cnt=6 (vpc/ipc reset)
[EXP] [ERASE] ch=1 lun=1 pl=0 blk=97 pg=255 erase_cnt=6 (vpc/ipc reset)
[EXP] [ERASE] ch=1 lun=2 pl=0 blk=97 pg=255 erase_cnt=6 (vpc/ipc reset)
[EXP] [ERASE] ch=1 lun=3 pl=0 blk=97 pg=255 erase_cnt=6 (vpc/ipc reset)
[EXP] [ERASE] ch=1 lun=4 pl=0 blk=97 pg=255 erase_cnt=6 (vpc/ipc reset)
[EXP] [ERASE] ch=1 lun=5 pl=0 blk=97 pg=255 erase_cnt=6 (vpc/ipc reset)
[EXP] [ERASE] ch=1 lun=6 pl=0 blk=97 pg=255 erase_cnt=6 (vpc/ipc reset)
[EXP] [ERASE] ch=1 lun=7 pl=0 blk=97 pg=255 erase_cnt=6 (vpc/ipc reset)
[EXP] [ERASE] ch=2 lun=0 pl=0 blk=97 pg=255 erase_cnt=6 (vpc/ipc reset)
[EXP] [ERASE] ch=2 lun=1 pl=0 blk=97 pg=255 erase_cnt=6 (vpc/ipc reset)
[EXP] [ERASE] ch=2 lun=2 pl=0 blk=97 pg=255 erase_cnt=6 (vpc/ipc reset)
[EXP] [ERASE] ch=2 lun=3 pl=0 blk=97 pg=255 erase_cnt=6 (vpc/ipc reset)
[EXP] [ERASE] ch=2 lun=4 pl=0 blk=97 pg=255 erase_cnt=6 (vpc/ipc reset)
[EXP] [ERASE] ch=2 lun=5 pl=0 blk=97 pg=255 erase_cnt=6 (vpc/ipc reset)
[EXP] [ERASE] ch=2 lun=6 pl=0 blk=97 pg=255 erase_cnt=6 (vpc/ipc reset)
[EXP] [ERASE] ch=2 lun=7 pl=0 blk=97 pg=255 erase_cnt=6 (vpc/ipc reset)
[EXP] [ERASE] ch=3 lun=0 pl=0 blk=97 pg=255 erase_cnt=6 (vpc/ipc reset)
[EXP] [ERASE] ch=3 lun=1 pl=0 blk=97 pg=255 erase_cnt=6 (vpc/ipc reset)
[EXP] [ERASE] ch=3 lun=2 pl=0 blk=97 pg=255 erase_cnt=6 (vpc/ipc reset)
[EXP] [ERASE] ch=3 lun=3 pl=0 blk=97 pg=255 erase_cnt=6 (vpc/ipc reset)
[EXP] [ERASE] ch=3 lun=4 pl=0 blk=97 pg=255 erase_cnt=6 (vpc/ipc reset)
[EXP] [ERASE] ch=3 lun=5 pl=0 blk=97 pg=255 erase_cnt=6 (vpc/ipc reset)
[EXP] [ERASE] ch=3 lun=6 pl=0 blk=97 pg=255 erase_cnt=6 (vpc/ipc reset)
[EXP] [ERASE] ch=3 lun=7 pl=0 blk=97 pg=255 erase_cnt=6 (vpc/ipc reset)
[EXP] [ERASE] ch=4 lun=0 pl=0 blk=97 pg=255 erase_cnt=6 (vpc/ipc reset)
[EXP] [ERASE] ch=4 lun=1 pl=0 blk=97 pg=255 erase_cnt=6 (vpc/ipc reset)
[EXP] [ERASE] ch=4 lun=2 pl=0 blk=97 pg=255 erase_cnt=6 (vpc/ipc reset)
[EXP] [ERASE] ch=4 lun=3 pl=0 blk=97 pg=255 erase_cnt=6 (vpc/ipc reset)
[EXP] [ERASE] ch=4 lun=4 pl=0 blk=97 pg=255 erase_cnt=6 (vpc/ipc reset)
[EXP] [ERASE] ch=4 lun=5 pl=0 blk=97 pg=255 erase_cnt=6 (vpc/ipc reset)
[EXP] [ERASE] ch=4 lun=6 pl=0 blk=97 pg=255 erase_cnt=6 (vpc/ipc reset)
[EXP] [ERASE] ch=4 lun=7 pl=0 blk=97 pg=255 erase_cnt=6 (vpc/ipc reset)
[EXP] [ERASE] ch=5 lun=0 pl=0 blk=97 pg=255 erase_cnt=6 (vpc/ipc reset)
[EXP] [ERASE] ch=5 lun=1 pl=0 blk=97 pg=255 erase_cnt=6 (vpc/ipc reset)
[EXP] [ERASE] ch=5 lun=2 pl=0 blk=97 pg=255 erase_cnt=6 (vpc/ipc reset)
[EXP] [ERASE] ch=5 lun=3 pl=0 blk=97 pg=255 erase_cnt=6 (vpc/ipc reset)
[EXP] [ERASE] ch=5 lun=4 pl=0 blk=97 pg=255 erase_cnt=6 (vpc/ipc reset)
[EXP] [ERASE] ch=5 lun=5 pl=0 blk=97 pg=255 erase_cnt=6 (vpc/ipc reset)
[EXP] [ERASE] ch=5 lun=6 pl=0 blk=97 pg=255 erase_cnt=6 (vpc/ipc reset)
[EXP] [ERASE] ch=5 lun=7 pl=0 blk=97 pg=255 erase_cnt=6 (vpc/ipc reset)
[EXP] [ERASE] ch=6 lun=0 pl=0 blk=97 pg=255 erase_cnt=6 (vpc/ipc reset)
[EXP] [ERASE] ch=6 lun=1 pl=0 blk=97 pg=255 erase_cnt=6 (vpc/ipc reset)
[EXP] [ERASE] ch=6 lun=2 pl=0 blk=97 pg=255 erase_cnt=6 (vpc/ipc reset)
[EXP] [ERASE] ch=6 lun=3 pl=0 blk=97 pg=255 erase_cnt=6 (vpc/ipc reset)
[EXP] [ERASE] ch=6 lun=4 pl=0 blk=97 pg=255 erase_cnt=6 (vpc/ipc reset)
[EXP] [ERASE] ch=6 lun=5 pl=0 blk=97 pg=255 erase_cnt=6 (vpc/ipc reset)
[EXP] [ERASE] ch=6 lun=6 pl=0 blk=97 pg=255 erase_cnt=6 (vpc/ipc reset)
[EXP] [ERASE] ch=6 lun=7 pl=0 blk=97 pg=255 erase_cnt=6 (vpc/ipc reset)
[EXP] [ERASE] ch=7 lun=0 pl=0 blk=97 pg=255 erase_cnt=6 (vpc/ipc reset)
[EXP] [ERASE] ch=7 lun=1 pl=0 blk=97 pg=255 erase_cnt=6 (vpc/ipc reset)
[EXP] [ERASE] ch=7 lun=2 pl=0 blk=97 pg=255 erase_cnt=6 (vpc/ipc reset)
[EXP] [ERASE] ch=7 lun=3 pl=0 blk=97 pg=255 erase_cnt=6 (vpc/ipc reset)
[EXP] [ERASE] ch=7 lun=4 pl=0 blk=97 pg=255 erase_cnt=6 (vpc/ipc reset)
[EXP] [ERASE] ch=7 lun=5 pl=0 blk=97 pg=255 erase_cnt=6 (vpc/ipc reset)
[EXP] [ERASE] ch=7 lun=6 pl=0 blk=97 pg=255 erase_cnt=6 (vpc/ipc reset)
[EXP] [ERASE] ch=7 lun=7 pl=0 blk=97 pg=255 erase_cnt=6 (vpc/ipc reset)
[EXP] [ERASE] ch=0 lun=0 pl=0 blk=64 pg=255 erase_cnt=1 (vpc/ipc reset)
[EXP] [ERASE] ch=0 lun=1 pl=0 blk=64 pg=255 erase_cnt=1 (vpc/ipc reset)
[EXP] [ERASE] ch=0 lun=2 pl=0 blk=64 pg=255 erase_cnt=1 (vpc/ipc reset)
[EXP] [ERASE] ch=0 lun=3 pl=0 blk=64 pg=255 erase_cnt=1 (vpc/ipc reset)
[EXP] [ERASE] ch=0 lun=4 pl=0 blk=64 pg=255 erase_cnt=1 (vpc/ipc reset)
[EXP] [ERASE] ch=0 lun=5 pl=0 blk=64 pg=255 erase_cnt=1 (vpc/ipc reset)
[EXP] [ERASE] ch=0 lun=6 pl=0 blk=64 pg=255 erase_cnt=1 (vpc/ipc reset)
[EXP] [ERASE] ch=0 lun=7 pl=0 blk=64 pg=255 erase_cnt=1 (vpc/ipc reset)
[EXP] [ERASE] ch=1 lun=0 pl=0 blk=64 pg=255 erase_cnt=1 (vpc/ipc reset)
[EXP] [ERASE] ch=1 lun=1 pl=0 blk=64 pg=255 erase_cnt=1 (vpc/ipc reset)
[EXP] [ERASE] ch=1 lun=2 pl=0 blk=64 pg=255 erase_cnt=1 (vpc/ipc reset)
[EXP] [ERASE] ch=1 lun=3 pl=0 blk=64 pg=255 erase_cnt=1 (vpc/ipc reset)
[EXP] [ERASE] ch=1 lun=4 pl=0 blk=64 pg=255 erase_cnt=1 (vpc/ipc reset)
[EXP] [ERASE] ch=1 lun=5 pl=0 blk=64 pg=255 erase_cnt=1 (vpc/ipc reset)
[EXP] [ERASE] ch=1 lun=6 pl=0 blk=64 pg=255 erase_cnt=1 (vpc/ipc reset)
[EXP] [ERASE] ch=1 lun=7 pl=0 blk=64 pg=255 erase_cnt=1 (vpc/ipc reset)
[EXP] [ERASE] ch=2 lun=0 pl=0 blk=64 pg=255 erase_cnt=1 (vpc/ipc reset)
[EXP] [ERASE] ch=2 lun=1 pl=0 blk=64 pg=255 erase_cnt=1 (vpc/ipc reset)
[EXP] [ERASE] ch=2 lun=2 pl=0 blk=64 pg=255 erase_cnt=1 (vpc/ipc reset)
[EXP] [ERASE] ch=2 lun=3 pl=0 blk=64 pg=255 erase_cnt=1 (vpc/ipc reset)
[EXP] [ERASE] ch=2 lun=4 pl=0 blk=64 pg=255 erase_cnt=1 (vpc/ipc reset)
[EXP] [ERASE] ch=2 lun=5 pl=0 blk=64 pg=255 erase_cnt=1 (vpc/ipc reset)
[EXP] [ERASE] ch=2 lun=6 pl=0 blk=64 pg=255 erase_cnt=1 (vpc/ipc reset)
[EXP] [ERASE] ch=2 lun=7 pl=0 blk=64 pg=255 erase_cnt=1 (vpc/ipc reset)
[EXP] [ERASE] ch=3 lun=0 pl=0 blk=64 pg=255 erase_cnt=1 (vpc/ipc reset)
[EXP] [ERASE] ch=3 lun=1 pl=0 blk=64 pg=255 erase_cnt=1 (vpc/ipc reset)
[EXP] [ERASE] ch=3 lun=2 pl=0 blk=64 pg=255 erase_cnt=1 (vpc/ipc reset)
[EXP] [ERASE] ch=3 lun=3 pl=0 blk=64 pg=255 erase_cnt=1 (vpc/ipc reset)
[EXP] [ERASE] ch=3 lun=4 pl=0 blk=64 pg=255 erase_cnt=1 (vpc/ipc reset)
[EXP] [ERASE] ch=3 lun=5 pl=0 blk=64 pg=255 erase_cnt=1 (vpc/ipc reset)
[EXP] [ERASE] ch=3 lun=6 pl=0 blk=64 pg=255 erase_cnt=1 (vpc/ipc reset)
[EXP] [ERASE] ch=3 lun=7 pl=0 blk=64 pg=255 erase_cnt=1 (vpc/ipc reset)
[EXP] [ERASE] ch=4 lun=0 pl=0 blk=64 pg=255 erase_cnt=1 (vpc/ipc reset)
[EXP] [ERASE] ch=4 lun=1 pl=0 blk=64 pg=255 erase_cnt=1 (vpc/ipc reset)
[EXP] [ERASE] ch=4 lun=2 pl=0 blk=64 pg=255 erase_cnt=1 (vpc/ipc reset)
[EXP] [ERASE] ch=4 lun=3 pl=0 blk=64 pg=255 erase_cnt=1 (vpc/ipc reset)
[EXP] [ERASE] ch=4 lun=4 pl=0 blk=64 pg=255 erase_cnt=1 (vpc/ipc reset)
[EXP] [ERASE] ch=4 lun=5 pl=0 blk=64 pg=255 erase_cnt=1 (vpc/ipc reset)
[EXP] [ERASE] ch=4 lun=6 pl=0 blk=64 pg=255 erase_cnt=1 (vpc/ipc reset)
[EXP] [ERASE] ch=4 lun=7 pl=0 blk=64 pg=255 erase_cnt=1 (vpc/ipc reset)
[EXP] [ERASE] ch=5 lun=0 pl=0 blk=64 pg=255 erase_cnt=1 (vpc/ipc reset)
[EXP] [ERASE] ch=5 lun=1 pl=0 blk=64 pg=255 erase_cnt=1 (vpc/ipc reset)
[EXP] [ERASE] ch=5 lun=2 pl=0 blk=64 pg=255 erase_cnt=1 (vpc/ipc reset)
[EXP] [ERASE] ch=5 lun=3 pl=0 blk=64 pg=255 erase_cnt=1 (vpc/ipc reset)
[EXP] [ERASE] ch=5 lun=4 pl=0 blk=64 pg=255 erase_cnt=1 (vpc/ipc reset)
[EXP] [ERASE] ch=5 lun=5 pl=0 blk=64 pg=255 erase_cnt=1 (vpc/ipc reset)
[EXP] [ERASE] ch=5 lun=6 pl=0 blk=64 pg=255 erase_cnt=1 (vpc/ipc reset)
[EXP] [ERASE] ch=5 lun=7 pl=0 blk=64 pg=255 erase_cnt=1 (vpc/ipc reset)
[EXP] [ERASE] ch=6 lun=0 pl=0 blk=64 pg=255 erase_cnt=1 (vpc/ipc reset)
[EXP] [ERASE] ch=6 lun=1 pl=0 blk=64 pg=255 erase_cnt=1 (vpc/ipc reset)
[EXP] [ERASE] ch=6 lun=2 pl=0 blk=64 pg=255 erase_cnt=1 (vpc/ipc reset)
[EXP] [ERASE] ch=6 lun=3 pl=0 blk=64 pg=255 erase_cnt=1 (vpc/ipc reset)
[EXP] [ERASE] ch=6 lun=4 pl=0 blk=64 pg=255 erase_cnt=1 (vpc/ipc reset)
[EXP] [ERASE] ch=6 lun=5 pl=0 blk=64 pg=255 erase_cnt=1 (vpc/ipc reset)
[EXP] [ERASE] ch=6 lun=6 pl=0 blk=64 pg=255 erase_cnt=1 (vpc/ipc reset)
[EXP] [ERASE] ch=6 lun=7 pl=0 blk=64 pg=255 erase_cnt=1 (vpc/ipc reset)
[EXP] [ERASE] ch=7 lun=0 pl=0 blk=64 pg=255 erase_cnt=1 (vpc/ipc reset)
[EXP] [ERASE] ch=7 lun=1 pl=0 blk=64 pg=255 erase_cnt=1 (vpc/ipc reset)
[EXP] [ERASE] ch=7 lun=2 pl=0 blk=64 pg=255 erase_cnt=1 (vpc/ipc reset)
[EXP] [ERASE] ch=7 lun=3 pl=0 blk=64 pg=255 erase_cnt=1 (vpc/ipc reset)
[EXP] [ERASE] ch=7 lun=4 pl=0 blk=64 pg=255 erase_cnt=1 (vpc/ipc reset)
[EXP] [ERASE] ch=7 lun=5 pl=0 blk=64 pg=255 erase_cnt=1 (vpc/ipc reset)
[EXP] [ERASE] ch=7 lun=6 pl=0 blk=64 pg=255 erase_cnt=1 (vpc/ipc reset)
[EXP] [ERASE] ch=7 lun=7 pl=0 blk=64 pg=255 erase_cnt=1 (vpc/ipc reset)
[EXP] [ERASE] ch=0 lun=0 pl=0 blk=100 pg=255 erase_cnt=3 (vpc/ipc reset)
[EXP] [ERASE] ch=0 lun=1 pl=0 blk=100 pg=255 erase_cnt=3 (vpc/ipc reset)
[EXP] [ERASE] ch=0 lun=2 pl=0 blk=100 pg=255 erase_cnt=3 (vpc/ipc reset)
[EXP] [ERASE] ch=0 lun=3 pl=0 blk=100 pg=255 erase_cnt=3 (vpc/ipc reset)
[EXP] [ERASE] ch=0 lun=4 pl=0 blk=100 pg=255 erase_cnt=3 (vpc/ipc reset)
[EXP] [ERASE] ch=0 lun=5 pl=0 blk=100 pg=255 erase_cnt=3 (vpc/ipc reset)
[EXP] [ERASE] ch=0 lun=6 pl=0 blk=100 pg=255 erase_cnt=3 (vpc/ipc reset)
[EXP] [ERASE] ch=0 lun=7 pl=0 blk=100 pg=255 erase_cnt=3 (vpc/ipc reset)
[EXP] [ERASE] ch=1 lun=0 pl=0 blk=100 pg=255 erase_cnt=3 (vpc/ipc reset)
[EXP] [ERASE] ch=1 lun=1 pl=0 blk=100 pg=255 erase_cnt=3 (vpc/ipc reset)
[EXP] [ERASE] ch=1 lun=2 pl=0 blk=100 pg=255 erase_cnt=3 (vpc/ipc reset)
[EXP] [ERASE] ch=1 lun=3 pl=0 blk=100 pg=255 erase_cnt=3 (vpc/ipc reset)
[EXP] [ERASE] ch=1 lun=4 pl=0 blk=100 pg=255 erase_cnt=3 (vpc/ipc reset)
[EXP] [ERASE] ch=1 lun=5 pl=0 blk=100 pg=255 erase_cnt=3 (vpc/ipc reset)
[EXP] [ERASE] ch=1 lun=6 pl=0 blk=100 pg=255 erase_cnt=3 (vpc/ipc reset)
[EXP] [ERASE] ch=1 lun=7 pl=0 blk=100 pg=255 erase_cnt=3 (vpc/ipc reset)
[EXP] [ERASE] ch=2 lun=0 pl=0 blk=100 pg=255 erase_cnt=3 (vpc/ipc reset)
[EXP] [ERASE] ch=2 lun=1 pl=0 blk=100 pg=255 erase_cnt=3 (vpc/ipc reset)
[EXP] [ERASE] ch=2 lun=2 pl=0 blk=100 pg=255 erase_cnt=3 (vpc/ipc reset)
[EXP] [ERASE] ch=2 lun=3 pl=0 blk=100 pg=255 erase_cnt=3 (vpc/ipc reset)
[EXP] [ERASE] ch=2 lun=4 pl=0 blk=100 pg=255 erase_cnt=3 (vpc/ipc reset)
[EXP] [ERASE] ch=2 lun=5 pl=0 blk=100 pg=255 erase_cnt=3 (vpc/ipc reset)
[EXP] [ERASE] ch=2 lun=6 pl=0 blk=100 pg=255 erase_cnt=3 (vpc/ipc reset)
[EXP] [ERASE] ch=2 lun=7 pl=0 blk=100 pg=255 erase_cnt=3 (vpc/ipc reset)
[EXP] [ERASE] ch=3 lun=0 pl=0 blk=100 pg=255 erase_cnt=3 (vpc/ipc reset)
[EXP] [ERASE] ch=3 lun=1 pl=0 blk=100 pg=255 erase_cnt=3 (vpc/ipc reset)
[EXP] [ERASE] ch=3 lun=2 pl=0 blk=100 pg=255 erase_cnt=3 (vpc/ipc reset)
[EXP] [ERASE] ch=3 lun=3 pl=0 blk=100 pg=255 erase_cnt=3 (vpc/ipc reset)
[EXP] [ERASE] ch=3 lun=4 pl=0 blk=100 pg=255 erase_cnt=3 (vpc/ipc reset)
[EXP] [ERASE] ch=3 lun=5 pl=0 blk=100 pg=255 erase_cnt=3 (vpc/ipc reset)
[EXP] [ERASE] ch=3 lun=6 pl=0 blk=100 pg=255 erase_cnt=3 (vpc/ipc reset)
[EXP] [ERASE] ch=3 lun=7 pl=0 blk=100 pg=255 erase_cnt=3 (vpc/ipc reset)
[EXP] [ERASE] ch=4 lun=0 pl=0 blk=100 pg=255 erase_cnt=3 (vpc/ipc reset)
[EXP] [ERASE] ch=4 lun=1 pl=0 blk=100 pg=255 erase_cnt=3 (vpc/ipc reset)
[EXP] [ERASE] ch=4 lun=2 pl=0 blk=100 pg=255 erase_cnt=3 (vpc/ipc reset)
[EXP] [ERASE] ch=4 lun=3 pl=0 blk=100 pg=255 erase_cnt=3 (vpc/ipc reset)
[EXP] [ERASE] ch=4 lun=4 pl=0 blk=100 pg=255 erase_cnt=3 (vpc/ipc reset)
[EXP] [ERASE] ch=4 lun=5 pl=0 blk=100 pg=255 erase_cnt=3 (vpc/ipc reset)
[EXP] [ERASE] ch=4 lun=6 pl=0 blk=100 pg=255 erase_cnt=3 (vpc/ipc reset)
[EXP] [ERASE] ch=4 lun=7 pl=0 blk=100 pg=255 erase_cnt=3 (vpc/ipc reset)
[EXP] [ERASE] ch=5 lun=0 pl=0 blk=100 pg=255 erase_cnt=3 (vpc/ipc reset)
[EXP] [ERASE] ch=5 lun=1 pl=0 blk=100 pg=255 erase_cnt=3 (vpc/ipc reset)
[EXP] [ERASE] ch=5 lun=2 pl=0 blk=100 pg=255 erase_cnt=3 (vpc/ipc reset)
[EXP] [ERASE] ch=5 lun=3 pl=0 blk=100 pg=255 erase_cnt=3 (vpc/ipc reset)
[EXP] [ERASE] ch=5 lun=4 pl=0 blk=100 pg=255 erase_cnt=3 (vpc/ipc reset)
[EXP] [ERASE] ch=5 lun=5 pl=0 blk=100 pg=255 erase_cnt=3 (vpc/ipc reset)
[EXP] [ERASE] ch=5 lun=6 pl=0 blk=100 pg=255 erase_cnt=3 (vpc/ipc reset)
[EXP] [ERASE] ch=5 lun=7 pl=0 blk=100 pg=255 erase_cnt=3 (vpc/ipc reset)
[EXP] [ERASE] ch=6 lun=0 pl=0 blk=100 pg=255 erase_cnt=3 (vpc/ipc reset)
[EXP] [ERASE] ch=6 lun=1 pl=0 blk=100 pg=255 erase_cnt=3 (vpc/ipc reset)
[EXP] [ERASE] ch=6 lun=2 pl=0 blk=100 pg=255 erase_cnt=3 (vpc/ipc reset)
[EXP] [ERASE] ch=6 lun=3 pl=0 blk=100 pg=255 erase_cnt=3 (vpc/ipc reset)
[EXP] [ERASE] ch=6 lun=4 pl=0 blk=100 pg=255 erase_cnt=3 (vpc/ipc reset)
[EXP] [ERASE] ch=6 lun=5 pl=0 blk=100 pg=255 erase_cnt=3 (vpc/ipc reset)
[EXP] [ERASE] ch=6 lun=6 pl=0 blk=100 pg=255 erase_cnt=3 (vpc/ipc reset)
[EXP] [ERASE] ch=6 lun=7 pl=0 blk=100 pg=255 erase_cnt=3 (vpc/ipc reset)
[EXP] [ERASE] ch=7 lun=0 pl=0 blk=100 pg=255 erase_cnt=3 (vpc/ipc reset)
[EXP] [ERASE] ch=7 lun=1 pl=0 blk=100 pg=255 erase_cnt=3 (vpc/ipc reset)
[EXP] [ERASE] ch=7 lun=2 pl=0 blk=100 pg=255 erase_cnt=3 (vpc/ipc reset)
[EXP] [ERASE] ch=7 lun=3 pl=0 blk=100 pg=255 erase_cnt=3 (vpc/ipc reset)
[EXP] [ERASE] ch=7 lun=4 pl=0 blk=100 pg=255 erase_cnt=3 (vpc/ipc reset)
[EXP] [ERASE] ch=7 lun=5 pl=0 blk=100 pg=255 erase_cnt=3 (vpc/ipc reset)
[EXP] [ERASE] ch=7 lun=6 pl=0 blk=100 pg=255 erase_cnt=3 (vpc/ipc reset)
[EXP] [ERASE] ch=7 lun=7 pl=0 blk=100 pg=255 erase_cnt=3 (vpc/ipc reset)
[EXP] [ERASE] ch=0 lun=0 pl=0 blk=102 pg=255 erase_cnt=2 (vpc/ipc reset)
[EXP] [GC_MOVE] lpn=0 historical=COLD effective=COLD idle_age=0 expired=no access=2 short=1 last_seq=1572869 decay_epoch=24 ch=0 lun=1 pl=0 blk=102 pg=9 -> ch=6 lun=3 pl=0 blk=48 pg=215
[EXP] [ERASE] ch=0 lun=1 pl=0 blk=102 pg=255 erase_cnt=2 (vpc/ipc reset)
[EXP] [ERASE] ch=0 lun=2 pl=0 blk=102 pg=255 erase_cnt=2 (vpc/ipc reset)
[EXP] [ERASE] ch=0 lun=3 pl=0 blk=102 pg=255 erase_cnt=2 (vpc/ipc reset)
[EXP] [ERASE] ch=0 lun=4 pl=0 blk=102 pg=255 erase_cnt=2 (vpc/ipc reset)
[EXP] [ERASE] ch=0 lun=5 pl=0 blk=102 pg=255 erase_cnt=2 (vpc/ipc reset)
[EXP] [ERASE] ch=0 lun=6 pl=0 blk=102 pg=255 erase_cnt=2 (vpc/ipc reset)
[EXP] [ERASE] ch=0 lun=7 pl=0 blk=102 pg=255 erase_cnt=2 (vpc/ipc reset)
[EXP] [ERASE] ch=1 lun=0 pl=0 blk=102 pg=255 erase_cnt=2 (vpc/ipc reset)
[EXP] [ERASE] ch=1 lun=1 pl=0 blk=102 pg=255 erase_cnt=2 (vpc/ipc reset)
[EXP] [ERASE] ch=1 lun=2 pl=0 blk=102 pg=255 erase_cnt=2 (vpc/ipc reset)
[EXP] [ERASE] ch=1 lun=3 pl=0 blk=102 pg=255 erase_cnt=2 (vpc/ipc reset)
[EXP] [ERASE] ch=1 lun=4 pl=0 blk=102 pg=255 erase_cnt=2 (vpc/ipc reset)
[EXP] [ERASE] ch=1 lun=5 pl=0 blk=102 pg=255 erase_cnt=2 (vpc/ipc reset)
[EXP] [ERASE] ch=1 lun=6 pl=0 blk=102 pg=255 erase_cnt=2 (vpc/ipc reset)
[EXP] [ERASE] ch=1 lun=7 pl=0 blk=102 pg=255 erase_cnt=2 (vpc/ipc reset)
[EXP] [ERASE] ch=2 lun=0 pl=0 blk=102 pg=255 erase_cnt=2 (vpc/ipc reset)
[EXP] [ERASE] ch=2 lun=1 pl=0 blk=102 pg=255 erase_cnt=2 (vpc/ipc reset)
[EXP] [ERASE] ch=2 lun=2 pl=0 blk=102 pg=255 erase_cnt=2 (vpc/ipc reset)
[EXP] [ERASE] ch=2 lun=3 pl=0 blk=102 pg=255 erase_cnt=2 (vpc/ipc reset)
[EXP] [ERASE] ch=2 lun=4 pl=0 blk=102 pg=255 erase_cnt=2 (vpc/ipc reset)
[EXP] [ERASE] ch=2 lun=5 pl=0 blk=102 pg=255 erase_cnt=2 (vpc/ipc reset)
[EXP] [ERASE] ch=2 lun=6 pl=0 blk=102 pg=255 erase_cnt=2 (vpc/ipc reset)
[EXP] [ERASE] ch=2 lun=7 pl=0 blk=102 pg=255 erase_cnt=2 (vpc/ipc reset)
[EXP] [ERASE] ch=3 lun=0 pl=0 blk=102 pg=255 erase_cnt=2 (vpc/ipc reset)
[EXP] [ERASE] ch=3 lun=1 pl=0 blk=102 pg=255 erase_cnt=2 (vpc/ipc reset)
[EXP] [ERASE] ch=3 lun=2 pl=0 blk=102 pg=255 erase_cnt=2 (vpc/ipc reset)
[EXP] [ERASE] ch=3 lun=3 pl=0 blk=102 pg=255 erase_cnt=2 (vpc/ipc reset)
[EXP] [ERASE] ch=3 lun=4 pl=0 blk=102 pg=255 erase_cnt=2 (vpc/ipc reset)
[EXP] [ERASE] ch=3 lun=5 pl=0 blk=102 pg=255 erase_cnt=2 (vpc/ipc reset)
[EXP] [ERASE] ch=3 lun=6 pl=0 blk=102 pg=255 erase_cnt=2 (vpc/ipc reset)
[EXP] [ERASE] ch=3 lun=7 pl=0 blk=102 pg=255 erase_cnt=2 (vpc/ipc reset)
[EXP] [ERASE] ch=4 lun=0 pl=0 blk=102 pg=255 erase_cnt=2 (vpc/ipc reset)
[EXP] [ERASE] ch=4 lun=1 pl=0 blk=102 pg=255 erase_cnt=2 (vpc/ipc reset)
[EXP] [ERASE] ch=4 lun=2 pl=0 blk=102 pg=255 erase_cnt=2 (vpc/ipc reset)
[EXP] [ERASE] ch=4 lun=3 pl=0 blk=102 pg=255 erase_cnt=2 (vpc/ipc reset)
[EXP] [ERASE] ch=4 lun=4 pl=0 blk=102 pg=255 erase_cnt=2 (vpc/ipc reset)
[EXP] [ERASE] ch=4 lun=5 pl=0 blk=102 pg=255 erase_cnt=2 (vpc/ipc reset)
[EXP] [ERASE] ch=4 lun=6 pl=0 blk=102 pg=255 erase_cnt=2 (vpc/ipc reset)
[EXP] [ERASE] ch=4 lun=7 pl=0 blk=102 pg=255 erase_cnt=2 (vpc/ipc reset)
[EXP] [ERASE] ch=5 lun=0 pl=0 blk=102 pg=255 erase_cnt=2 (vpc/ipc reset)
[EXP] [ERASE] ch=5 lun=1 pl=0 blk=102 pg=255 erase_cnt=2 (vpc/ipc reset)
[EXP] [ERASE] ch=5 lun=2 pl=0 blk=102 pg=255 erase_cnt=2 (vpc/ipc reset)
[EXP] [ERASE] ch=5 lun=3 pl=0 blk=102 pg=255 erase_cnt=2 (vpc/ipc reset)
[EXP] [ERASE] ch=5 lun=4 pl=0 blk=102 pg=255 erase_cnt=2 (vpc/ipc reset)
[EXP] [ERASE] ch=5 lun=5 pl=0 blk=102 pg=255 erase_cnt=2 (vpc/ipc reset)
[EXP] [ERASE] ch=5 lun=6 pl=0 blk=102 pg=255 erase_cnt=2 (vpc/ipc reset)
[EXP] [ERASE] ch=5 lun=7 pl=0 blk=102 pg=255 erase_cnt=2 (vpc/ipc reset)
[EXP] [ERASE] ch=6 lun=0 pl=0 blk=102 pg=255 erase_cnt=2 (vpc/ipc reset)
[EXP] [ERASE] ch=6 lun=1 pl=0 blk=102 pg=255 erase_cnt=2 (vpc/ipc reset)
[EXP] [ERASE] ch=6 lun=2 pl=0 blk=102 pg=255 erase_cnt=2 (vpc/ipc reset)
[EXP] [ERASE] ch=6 lun=3 pl=0 blk=102 pg=255 erase_cnt=2 (vpc/ipc reset)
[EXP] [ERASE] ch=6 lun=4 pl=0 blk=102 pg=255 erase_cnt=2 (vpc/ipc reset)
[EXP] [ERASE] ch=6 lun=5 pl=0 blk=102 pg=255 erase_cnt=2 (vpc/ipc reset)
[EXP] [ERASE] ch=6 lun=6 pl=0 blk=102 pg=255 erase_cnt=2 (vpc/ipc reset)
[EXP] [ERASE] ch=6 lun=7 pl=0 blk=102 pg=255 erase_cnt=2 (vpc/ipc reset)
[EXP] [ERASE] ch=7 lun=0 pl=0 blk=102 pg=255 erase_cnt=2 (vpc/ipc reset)
[EXP] [ERASE] ch=7 lun=1 pl=0 blk=102 pg=255 erase_cnt=2 (vpc/ipc reset)
[EXP] [ERASE] ch=7 lun=2 pl=0 blk=102 pg=255 erase_cnt=2 (vpc/ipc reset)
[EXP] [ERASE] ch=7 lun=3 pl=0 blk=102 pg=255 erase_cnt=2 (vpc/ipc reset)
[EXP] [ERASE] ch=7 lun=4 pl=0 blk=102 pg=255 erase_cnt=2 (vpc/ipc reset)
[EXP] [ERASE] ch=7 lun=5 pl=0 blk=102 pg=255 erase_cnt=2 (vpc/ipc reset)
[EXP] [ERASE] ch=7 lun=6 pl=0 blk=102 pg=255 erase_cnt=2 (vpc/ipc reset)
[EXP] [ERASE] ch=7 lun=7 pl=0 blk=102 pg=255 erase_cnt=2 (vpc/ipc reset)
[EXP] [ERASE] ch=0 lun=0 pl=0 blk=98 pg=255 erase_cnt=6 (vpc/ipc reset)
[EXP] [ERASE] ch=0 lun=1 pl=0 blk=98 pg=255 erase_cnt=6 (vpc/ipc reset)
[EXP] [ERASE] ch=0 lun=2 pl=0 blk=98 pg=255 erase_cnt=6 (vpc/ipc reset)
[EXP] [ERASE] ch=0 lun=3 pl=0 blk=98 pg=255 erase_cnt=6 (vpc/ipc reset)
[EXP] [ERASE] ch=0 lun=4 pl=0 blk=98 pg=255 erase_cnt=6 (vpc/ipc reset)
[EXP] [ERASE] ch=0 lun=5 pl=0 blk=98 pg=255 erase_cnt=6 (vpc/ipc reset)
[EXP] [ERASE] ch=0 lun=6 pl=0 blk=98 pg=255 erase_cnt=6 (vpc/ipc reset)
[EXP] [ERASE] ch=0 lun=7 pl=0 blk=98 pg=255 erase_cnt=6 (vpc/ipc reset)
[EXP] [ERASE] ch=1 lun=0 pl=0 blk=98 pg=255 erase_cnt=6 (vpc/ipc reset)
[EXP] [ERASE] ch=1 lun=1 pl=0 blk=98 pg=255 erase_cnt=6 (vpc/ipc reset)
[EXP] [ERASE] ch=1 lun=2 pl=0 blk=98 pg=255 erase_cnt=6 (vpc/ipc reset)
[EXP] [ERASE] ch=1 lun=3 pl=0 blk=98 pg=255 erase_cnt=6 (vpc/ipc reset)
[EXP] [ERASE] ch=1 lun=4 pl=0 blk=98 pg=255 erase_cnt=6 (vpc/ipc reset)
[EXP] [ERASE] ch=1 lun=5 pl=0 blk=98 pg=255 erase_cnt=6 (vpc/ipc reset)
[EXP] [ERASE] ch=1 lun=6 pl=0 blk=98 pg=255 erase_cnt=6 (vpc/ipc reset)
[EXP] [ERASE] ch=1 lun=7 pl=0 blk=98 pg=255 erase_cnt=6 (vpc/ipc reset)
[EXP] [ERASE] ch=2 lun=0 pl=0 blk=98 pg=255 erase_cnt=6 (vpc/ipc reset)
[EXP] [ERASE] ch=2 lun=1 pl=0 blk=98 pg=255 erase_cnt=6 (vpc/ipc reset)
[EXP] [ERASE] ch=2 lun=2 pl=0 blk=98 pg=255 erase_cnt=6 (vpc/ipc reset)
[EXP] [ERASE] ch=2 lun=3 pl=0 blk=98 pg=255 erase_cnt=6 (vpc/ipc reset)
[EXP] [ERASE] ch=2 lun=4 pl=0 blk=98 pg=255 erase_cnt=6 (vpc/ipc reset)
[EXP] [ERASE] ch=2 lun=5 pl=0 blk=98 pg=255 erase_cnt=6 (vpc/ipc reset)
[EXP] [ERASE] ch=2 lun=6 pl=0 blk=98 pg=255 erase_cnt=6 (vpc/ipc reset)
[EXP] [ERASE] ch=2 lun=7 pl=0 blk=98 pg=255 erase_cnt=6 (vpc/ipc reset)
[EXP] [ERASE] ch=3 lun=0 pl=0 blk=98 pg=255 erase_cnt=6 (vpc/ipc reset)
[EXP] [ERASE] ch=3 lun=1 pl=0 blk=98 pg=255 erase_cnt=6 (vpc/ipc reset)
[EXP] [ERASE] ch=3 lun=2 pl=0 blk=98 pg=255 erase_cnt=6 (vpc/ipc reset)
[EXP] [ERASE] ch=3 lun=3 pl=0 blk=98 pg=255 erase_cnt=6 (vpc/ipc reset)
[EXP] [ERASE] ch=3 lun=4 pl=0 blk=98 pg=255 erase_cnt=6 (vpc/ipc reset)
[EXP] [ERASE] ch=3 lun=5 pl=0 blk=98 pg=255 erase_cnt=6 (vpc/ipc reset)
[EXP] [ERASE] ch=3 lun=6 pl=0 blk=98 pg=255 erase_cnt=6 (vpc/ipc reset)
[EXP] [ERASE] ch=3 lun=7 pl=0 blk=98 pg=255 erase_cnt=6 (vpc/ipc reset)
[EXP] [ERASE] ch=4 lun=0 pl=0 blk=98 pg=255 erase_cnt=6 (vpc/ipc reset)
[EXP] [ERASE] ch=4 lun=1 pl=0 blk=98 pg=255 erase_cnt=6 (vpc/ipc reset)
[EXP] [ERASE] ch=4 lun=2 pl=0 blk=98 pg=255 erase_cnt=6 (vpc/ipc reset)
[EXP] [ERASE] ch=4 lun=3 pl=0 blk=98 pg=255 erase_cnt=6 (vpc/ipc reset)
[EXP] [ERASE] ch=4 lun=4 pl=0 blk=98 pg=255 erase_cnt=6 (vpc/ipc reset)
[EXP] [ERASE] ch=4 lun=5 pl=0 blk=98 pg=255 erase_cnt=6 (vpc/ipc reset)
[EXP] [ERASE] ch=4 lun=6 pl=0 blk=98 pg=255 erase_cnt=6 (vpc/ipc reset)
[EXP] [ERASE] ch=4 lun=7 pl=0 blk=98 pg=255 erase_cnt=6 (vpc/ipc reset)
[EXP] [ERASE] ch=5 lun=0 pl=0 blk=98 pg=255 erase_cnt=6 (vpc/ipc reset)
[EXP] [ERASE] ch=5 lun=1 pl=0 blk=98 pg=255 erase_cnt=6 (vpc/ipc reset)
[EXP] [ERASE] ch=5 lun=2 pl=0 blk=98 pg=255 erase_cnt=6 (vpc/ipc reset)
[EXP] [ERASE] ch=5 lun=3 pl=0 blk=98 pg=255 erase_cnt=6 (vpc/ipc reset)
[EXP] [ERASE] ch=5 lun=4 pl=0 blk=98 pg=255 erase_cnt=6 (vpc/ipc reset)
[EXP] [ERASE] ch=5 lun=5 pl=0 blk=98 pg=255 erase_cnt=6 (vpc/ipc reset)
[EXP] [ERASE] ch=5 lun=6 pl=0 blk=98 pg=255 erase_cnt=6 (vpc/ipc reset)
[EXP] [ERASE] ch=5 lun=7 pl=0 blk=98 pg=255 erase_cnt=6 (vpc/ipc reset)
[EXP] [ERASE] ch=6 lun=0 pl=0 blk=98 pg=255 erase_cnt=6 (vpc/ipc reset)
[EXP] [ERASE] ch=6 lun=1 pl=0 blk=98 pg=255 erase_cnt=6 (vpc/ipc reset)
[EXP] [ERASE] ch=6 lun=2 pl=0 blk=98 pg=255 erase_cnt=6 (vpc/ipc reset)
[EXP] [ERASE] ch=6 lun=3 pl=0 blk=98 pg=255 erase_cnt=6 (vpc/ipc reset)
[EXP] [ERASE] ch=6 lun=4 pl=0 blk=98 pg=255 erase_cnt=6 (vpc/ipc reset)
[EXP] [ERASE] ch=6 lun=5 pl=0 blk=98 pg=255 erase_cnt=6 (vpc/ipc reset)
[EXP] [ERASE] ch=6 lun=6 pl=0 blk=98 pg=255 erase_cnt=6 (vpc/ipc reset)
[EXP] [ERASE] ch=6 lun=7 pl=0 blk=98 pg=255 erase_cnt=6 (vpc/ipc reset)
[EXP] [ERASE] ch=7 lun=0 pl=0 blk=98 pg=255 erase_cnt=6 (vpc/ipc reset)
[EXP] [ERASE] ch=7 lun=1 pl=0 blk=98 pg=255 erase_cnt=6 (vpc/ipc reset)
[EXP] [ERASE] ch=7 lun=2 pl=0 blk=98 pg=255 erase_cnt=6 (vpc/ipc reset)
[EXP] [ERASE] ch=7 lun=3 pl=0 blk=98 pg=255 erase_cnt=6 (vpc/ipc reset)
[EXP] [ERASE] ch=7 lun=4 pl=0 blk=98 pg=255 erase_cnt=6 (vpc/ipc reset)
[EXP] [ERASE] ch=7 lun=5 pl=0 blk=98 pg=255 erase_cnt=6 (vpc/ipc reset)
[EXP] [ERASE] ch=7 lun=6 pl=0 blk=98 pg=255 erase_cnt=6 (vpc/ipc reset)
[EXP] [ERASE] ch=7 lun=7 pl=0 blk=98 pg=255 erase_cnt=6 (vpc/ipc reset)
[EXP] [ERASE] ch=0 lun=0 pl=0 blk=99 pg=255 erase_cnt=5 (vpc/ipc reset)
[EXP] [ERASE] ch=0 lun=1 pl=0 blk=99 pg=255 erase_cnt=5 (vpc/ipc reset)
[EXP] [ERASE] ch=0 lun=2 pl=0 blk=99 pg=255 erase_cnt=5 (vpc/ipc reset)
[EXP] [ERASE] ch=0 lun=3 pl=0 blk=99 pg=255 erase_cnt=5 (vpc/ipc reset)
[EXP] [ERASE] ch=0 lun=4 pl=0 blk=99 pg=255 erase_cnt=5 (vpc/ipc reset)
[EXP] [ERASE] ch=0 lun=5 pl=0 blk=99 pg=255 erase_cnt=5 (vpc/ipc reset)
[EXP] [ERASE] ch=0 lun=6 pl=0 blk=99 pg=255 erase_cnt=5 (vpc/ipc reset)
[EXP] [ERASE] ch=0 lun=7 pl=0 blk=99 pg=255 erase_cnt=5 (vpc/ipc reset)
[EXP] [ERASE] ch=1 lun=0 pl=0 blk=99 pg=255 erase_cnt=5 (vpc/ipc reset)
[EXP] [ERASE] ch=1 lun=1 pl=0 blk=99 pg=255 erase_cnt=5 (vpc/ipc reset)
[EXP] [ERASE] ch=1 lun=2 pl=0 blk=99 pg=255 erase_cnt=5 (vpc/ipc reset)
[EXP] [ERASE] ch=1 lun=3 pl=0 blk=99 pg=255 erase_cnt=5 (vpc/ipc reset)
[EXP] [ERASE] ch=1 lun=4 pl=0 blk=99 pg=255 erase_cnt=5 (vpc/ipc reset)
[EXP] [ERASE] ch=1 lun=5 pl=0 blk=99 pg=255 erase_cnt=5 (vpc/ipc reset)
[EXP] [ERASE] ch=1 lun=6 pl=0 blk=99 pg=255 erase_cnt=5 (vpc/ipc reset)
[EXP] [ERASE] ch=1 lun=7 pl=0 blk=99 pg=255 erase_cnt=5 (vpc/ipc reset)
[EXP] [ERASE] ch=2 lun=0 pl=0 blk=99 pg=255 erase_cnt=5 (vpc/ipc reset)
[EXP] [ERASE] ch=2 lun=1 pl=0 blk=99 pg=255 erase_cnt=5 (vpc/ipc reset)
[EXP] [ERASE] ch=2 lun=2 pl=0 blk=99 pg=255 erase_cnt=5 (vpc/ipc reset)
[EXP] [ERASE] ch=2 lun=3 pl=0 blk=99 pg=255 erase_cnt=5 (vpc/ipc reset)
[EXP] [ERASE] ch=2 lun=4 pl=0 blk=99 pg=255 erase_cnt=5 (vpc/ipc reset)
[EXP] [ERASE] ch=2 lun=5 pl=0 blk=99 pg=255 erase_cnt=5 (vpc/ipc reset)
[EXP] [ERASE] ch=2 lun=6 pl=0 blk=99 pg=255 erase_cnt=5 (vpc/ipc reset)
[EXP] [ERASE] ch=2 lun=7 pl=0 blk=99 pg=255 erase_cnt=5 (vpc/ipc reset)
[EXP] [ERASE] ch=3 lun=0 pl=0 blk=99 pg=255 erase_cnt=5 (vpc/ipc reset)
[EXP] [ERASE] ch=3 lun=1 pl=0 blk=99 pg=255 erase_cnt=5 (vpc/ipc reset)
[EXP] [ERASE] ch=3 lun=2 pl=0 blk=99 pg=255 erase_cnt=5 (vpc/ipc reset)
[EXP] [ERASE] ch=3 lun=3 pl=0 blk=99 pg=255 erase_cnt=5 (vpc/ipc reset)
[EXP] [ERASE] ch=3 lun=4 pl=0 blk=99 pg=255 erase_cnt=5 (vpc/ipc reset)
[EXP] [ERASE] ch=3 lun=5 pl=0 blk=99 pg=255 erase_cnt=5 (vpc/ipc reset)
[EXP] [ERASE] ch=3 lun=6 pl=0 blk=99 pg=255 erase_cnt=5 (vpc/ipc reset)
[EXP] [ERASE] ch=3 lun=7 pl=0 blk=99 pg=255 erase_cnt=5 (vpc/ipc reset)
[EXP] [ERASE] ch=4 lun=0 pl=0 blk=99 pg=255 erase_cnt=5 (vpc/ipc reset)
[EXP] [ERASE] ch=4 lun=1 pl=0 blk=99 pg=255 erase_cnt=5 (vpc/ipc reset)
[EXP] [ERASE] ch=4 lun=2 pl=0 blk=99 pg=255 erase_cnt=5 (vpc/ipc reset)
[EXP] [ERASE] ch=4 lun=3 pl=0 blk=99 pg=255 erase_cnt=5 (vpc/ipc reset)
[EXP] [ERASE] ch=4 lun=4 pl=0 blk=99 pg=255 erase_cnt=5 (vpc/ipc reset)
[EXP] [ERASE] ch=4 lun=5 pl=0 blk=99 pg=255 erase_cnt=5 (vpc/ipc reset)
[EXP] [ERASE] ch=4 lun=6 pl=0 blk=99 pg=255 erase_cnt=5 (vpc/ipc reset)
[EXP] [ERASE] ch=4 lun=7 pl=0 blk=99 pg=255 erase_cnt=5 (vpc/ipc reset)
[EXP] [ERASE] ch=5 lun=0 pl=0 blk=99 pg=255 erase_cnt=5 (vpc/ipc reset)
[EXP] [ERASE] ch=5 lun=1 pl=0 blk=99 pg=255 erase_cnt=5 (vpc/ipc reset)
[EXP] [ERASE] ch=5 lun=2 pl=0 blk=99 pg=255 erase_cnt=5 (vpc/ipc reset)
[EXP] [ERASE] ch=5 lun=3 pl=0 blk=99 pg=255 erase_cnt=5 (vpc/ipc reset)
[EXP] [ERASE] ch=5 lun=4 pl=0 blk=99 pg=255 erase_cnt=5 (vpc/ipc reset)
[EXP] [ERASE] ch=5 lun=5 pl=0 blk=99 pg=255 erase_cnt=5 (vpc/ipc reset)
[EXP] [ERASE] ch=5 lun=6 pl=0 blk=99 pg=255 erase_cnt=5 (vpc/ipc reset)
[EXP] [ERASE] ch=5 lun=7 pl=0 blk=99 pg=255 erase_cnt=5 (vpc/ipc reset)
[EXP] [ERASE] ch=6 lun=0 pl=0 blk=99 pg=255 erase_cnt=5 (vpc/ipc reset)
[EXP] [ERASE] ch=6 lun=1 pl=0 blk=99 pg=255 erase_cnt=5 (vpc/ipc reset)
[EXP] [ERASE] ch=6 lun=2 pl=0 blk=99 pg=255 erase_cnt=5 (vpc/ipc reset)
[EXP] [ERASE] ch=6 lun=3 pl=0 blk=99 pg=255 erase_cnt=5 (vpc/ipc reset)
[EXP] [ERASE] ch=6 lun=4 pl=0 blk=99 pg=255 erase_cnt=5 (vpc/ipc reset)
[EXP] [ERASE] ch=6 lun=5 pl=0 blk=99 pg=255 erase_cnt=5 (vpc/ipc reset)
[EXP] [ERASE] ch=6 lun=6 pl=0 blk=99 pg=255 erase_cnt=5 (vpc/ipc reset)
[EXP] [ERASE] ch=6 lun=7 pl=0 blk=99 pg=255 erase_cnt=5 (vpc/ipc reset)
[EXP] [ERASE] ch=7 lun=0 pl=0 blk=99 pg=255 erase_cnt=5 (vpc/ipc reset)
[EXP] [ERASE] ch=7 lun=1 pl=0 blk=99 pg=255 erase_cnt=5 (vpc/ipc reset)
[EXP] [ERASE] ch=7 lun=2 pl=0 blk=99 pg=255 erase_cnt=5 (vpc/ipc reset)
[EXP] [ERASE] ch=7 lun=3 pl=0 blk=99 pg=255 erase_cnt=5 (vpc/ipc reset)
[EXP] [ERASE] ch=7 lun=4 pl=0 blk=99 pg=255 erase_cnt=5 (vpc/ipc reset)
[EXP] [ERASE] ch=7 lun=5 pl=0 blk=99 pg=255 erase_cnt=5 (vpc/ipc reset)
[EXP] [ERASE] ch=7 lun=6 pl=0 blk=99 pg=255 erase_cnt=5 (vpc/ipc reset)
[EXP] [ERASE] ch=7 lun=7 pl=0 blk=99 pg=255 erase_cnt=5 (vpc/ipc reset)
[EXP] [ERASE] ch=0 lun=0 pl=0 blk=97 pg=255 erase_cnt=7 (vpc/ipc reset)
[EXP] [ERASE] ch=0 lun=1 pl=0 blk=97 pg=255 erase_cnt=7 (vpc/ipc reset)
[EXP] [ERASE] ch=0 lun=2 pl=0 blk=97 pg=255 erase_cnt=7 (vpc/ipc reset)
[EXP] [ERASE] ch=0 lun=3 pl=0 blk=97 pg=255 erase_cnt=7 (vpc/ipc reset)
[EXP] [ERASE] ch=0 lun=4 pl=0 blk=97 pg=255 erase_cnt=7 (vpc/ipc reset)
[EXP] [ERASE] ch=0 lun=5 pl=0 blk=97 pg=255 erase_cnt=7 (vpc/ipc reset)
[EXP] [ERASE] ch=0 lun=6 pl=0 blk=97 pg=255 erase_cnt=7 (vpc/ipc reset)
[EXP] [ERASE] ch=0 lun=7 pl=0 blk=97 pg=255 erase_cnt=7 (vpc/ipc reset)
[EXP] [ERASE] ch=1 lun=0 pl=0 blk=97 pg=255 erase_cnt=7 (vpc/ipc reset)
[EXP] [ERASE] ch=1 lun=1 pl=0 blk=97 pg=255 erase_cnt=7 (vpc/ipc reset)
[EXP] [ERASE] ch=1 lun=2 pl=0 blk=97 pg=255 erase_cnt=7 (vpc/ipc reset)
[EXP] [ERASE] ch=1 lun=3 pl=0 blk=97 pg=255 erase_cnt=7 (vpc/ipc reset)
[EXP] [ERASE] ch=1 lun=4 pl=0 blk=97 pg=255 erase_cnt=7 (vpc/ipc reset)
[EXP] [ERASE] ch=1 lun=5 pl=0 blk=97 pg=255 erase_cnt=7 (vpc/ipc reset)
[EXP] [ERASE] ch=1 lun=6 pl=0 blk=97 pg=255 erase_cnt=7 (vpc/ipc reset)
[EXP] [ERASE] ch=1 lun=7 pl=0 blk=97 pg=255 erase_cnt=7 (vpc/ipc reset)
[EXP] [ERASE] ch=2 lun=0 pl=0 blk=97 pg=255 erase_cnt=7 (vpc/ipc reset)
[EXP] [ERASE] ch=2 lun=1 pl=0 blk=97 pg=255 erase_cnt=7 (vpc/ipc reset)
[EXP] [ERASE] ch=2 lun=2 pl=0 blk=97 pg=255 erase_cnt=7 (vpc/ipc reset)
[EXP] [ERASE] ch=2 lun=3 pl=0 blk=97 pg=255 erase_cnt=7 (vpc/ipc reset)
[EXP] [ERASE] ch=2 lun=4 pl=0 blk=97 pg=255 erase_cnt=7 (vpc/ipc reset)
[EXP] [ERASE] ch=2 lun=5 pl=0 blk=97 pg=255 erase_cnt=7 (vpc/ipc reset)
[EXP] [ERASE] ch=2 lun=6 pl=0 blk=97 pg=255 erase_cnt=7 (vpc/ipc reset)
[EXP] [ERASE] ch=2 lun=7 pl=0 blk=97 pg=255 erase_cnt=7 (vpc/ipc reset)
[EXP] [ERASE] ch=3 lun=0 pl=0 blk=97 pg=255 erase_cnt=7 (vpc/ipc reset)
[EXP] [ERASE] ch=3 lun=1 pl=0 blk=97 pg=255 erase_cnt=7 (vpc/ipc reset)
[EXP] [ERASE] ch=3 lun=2 pl=0 blk=97 pg=255 erase_cnt=7 (vpc/ipc reset)
[EXP] [ERASE] ch=3 lun=3 pl=0 blk=97 pg=255 erase_cnt=7 (vpc/ipc reset)
[EXP] [ERASE] ch=3 lun=4 pl=0 blk=97 pg=255 erase_cnt=7 (vpc/ipc reset)
[EXP] [ERASE] ch=3 lun=5 pl=0 blk=97 pg=255 erase_cnt=7 (vpc/ipc reset)
[EXP] [ERASE] ch=3 lun=6 pl=0 blk=97 pg=255 erase_cnt=7 (vpc/ipc reset)
[EXP] [ERASE] ch=3 lun=7 pl=0 blk=97 pg=255 erase_cnt=7 (vpc/ipc reset)
[EXP] [ERASE] ch=4 lun=0 pl=0 blk=97 pg=255 erase_cnt=7 (vpc/ipc reset)
[EXP] [ERASE] ch=4 lun=1 pl=0 blk=97 pg=255 erase_cnt=7 (vpc/ipc reset)
[EXP] [ERASE] ch=4 lun=2 pl=0 blk=97 pg=255 erase_cnt=7 (vpc/ipc reset)
[EXP] [ERASE] ch=4 lun=3 pl=0 blk=97 pg=255 erase_cnt=7 (vpc/ipc reset)
[EXP] [ERASE] ch=4 lun=4 pl=0 blk=97 pg=255 erase_cnt=7 (vpc/ipc reset)
[EXP] [ERASE] ch=4 lun=5 pl=0 blk=97 pg=255 erase_cnt=7 (vpc/ipc reset)
[EXP] [ERASE] ch=4 lun=6 pl=0 blk=97 pg=255 erase_cnt=7 (vpc/ipc reset)
[EXP] [ERASE] ch=4 lun=7 pl=0 blk=97 pg=255 erase_cnt=7 (vpc/ipc reset)
[EXP] [ERASE] ch=5 lun=0 pl=0 blk=97 pg=255 erase_cnt=7 (vpc/ipc reset)
[EXP] [ERASE] ch=5 lun=1 pl=0 blk=97 pg=255 erase_cnt=7 (vpc/ipc reset)
[EXP] [ERASE] ch=5 lun=2 pl=0 blk=97 pg=255 erase_cnt=7 (vpc/ipc reset)
[EXP] [ERASE] ch=5 lun=3 pl=0 blk=97 pg=255 erase_cnt=7 (vpc/ipc reset)
[EXP] [ERASE] ch=5 lun=4 pl=0 blk=97 pg=255 erase_cnt=7 (vpc/ipc reset)
[EXP] [ERASE] ch=5 lun=5 pl=0 blk=97 pg=255 erase_cnt=7 (vpc/ipc reset)
[EXP] [ERASE] ch=5 lun=6 pl=0 blk=97 pg=255 erase_cnt=7 (vpc/ipc reset)
[EXP] [ERASE] ch=5 lun=7 pl=0 blk=97 pg=255 erase_cnt=7 (vpc/ipc reset)
[EXP] [ERASE] ch=6 lun=0 pl=0 blk=97 pg=255 erase_cnt=7 (vpc/ipc reset)
[EXP] [ERASE] ch=6 lun=1 pl=0 blk=97 pg=255 erase_cnt=7 (vpc/ipc reset)
[EXP] [ERASE] ch=6 lun=2 pl=0 blk=97 pg=255 erase_cnt=7 (vpc/ipc reset)
[EXP] [ERASE] ch=6 lun=3 pl=0 blk=97 pg=255 erase_cnt=7 (vpc/ipc reset)
[EXP] [ERASE] ch=6 lun=4 pl=0 blk=97 pg=255 erase_cnt=7 (vpc/ipc reset)
[EXP] [ERASE] ch=6 lun=5 pl=0 blk=97 pg=255 erase_cnt=7 (vpc/ipc reset)
[EXP] [ERASE] ch=6 lun=6 pl=0 blk=97 pg=255 erase_cnt=7 (vpc/ipc reset)
[EXP] [ERASE] ch=6 lun=7 pl=0 blk=97 pg=255 erase_cnt=7 (vpc/ipc reset)
[EXP] [ERASE] ch=7 lun=0 pl=0 blk=97 pg=255 erase_cnt=7 (vpc/ipc reset)
[EXP] [ERASE] ch=7 lun=1 pl=0 blk=97 pg=255 erase_cnt=7 (vpc/ipc reset)
[EXP] [ERASE] ch=7 lun=2 pl=0 blk=97 pg=255 erase_cnt=7 (vpc/ipc reset)
[EXP] [ERASE] ch=7 lun=3 pl=0 blk=97 pg=255 erase_cnt=7 (vpc/ipc reset)
[EXP] [ERASE] ch=7 lun=4 pl=0 blk=97 pg=255 erase_cnt=7 (vpc/ipc reset)
[EXP] [ERASE] ch=7 lun=5 pl=0 blk=97 pg=255 erase_cnt=7 (vpc/ipc reset)
[EXP] [ERASE] ch=7 lun=6 pl=0 blk=97 pg=255 erase_cnt=7 (vpc/ipc reset)
[EXP] [ERASE] ch=7 lun=7 pl=0 blk=97 pg=255 erase_cnt=7 (vpc/ipc reset)
[EXP] [ERASE] ch=0 lun=0 pl=0 blk=98 pg=255 erase_cnt=7 (vpc/ipc reset)
[EXP] [ERASE] ch=0 lun=1 pl=0 blk=98 pg=255 erase_cnt=7 (vpc/ipc reset)
[EXP] [ERASE] ch=0 lun=2 pl=0 blk=98 pg=255 erase_cnt=7 (vpc/ipc reset)
[EXP] [ERASE] ch=0 lun=3 pl=0 blk=98 pg=255 erase_cnt=7 (vpc/ipc reset)
[EXP] [ERASE] ch=0 lun=4 pl=0 blk=98 pg=255 erase_cnt=7 (vpc/ipc reset)
[EXP] [ERASE] ch=0 lun=5 pl=0 blk=98 pg=255 erase_cnt=7 (vpc/ipc reset)
[EXP] [ERASE] ch=0 lun=6 pl=0 blk=98 pg=255 erase_cnt=7 (vpc/ipc reset)
[EXP] [ERASE] ch=0 lun=7 pl=0 blk=98 pg=255 erase_cnt=7 (vpc/ipc reset)
[EXP] [ERASE] ch=1 lun=0 pl=0 blk=98 pg=255 erase_cnt=7 (vpc/ipc reset)
[EXP] [ERASE] ch=1 lun=1 pl=0 blk=98 pg=255 erase_cnt=7 (vpc/ipc reset)
[EXP] [ERASE] ch=1 lun=2 pl=0 blk=98 pg=255 erase_cnt=7 (vpc/ipc reset)
[EXP] [ERASE] ch=1 lun=3 pl=0 blk=98 pg=255 erase_cnt=7 (vpc/ipc reset)
[EXP] [ERASE] ch=1 lun=4 pl=0 blk=98 pg=255 erase_cnt=7 (vpc/ipc reset)
[EXP] [ERASE] ch=1 lun=5 pl=0 blk=98 pg=255 erase_cnt=7 (vpc/ipc reset)
[EXP] [ERASE] ch=1 lun=6 pl=0 blk=98 pg=255 erase_cnt=7 (vpc/ipc reset)
[EXP] [ERASE] ch=1 lun=7 pl=0 blk=98 pg=255 erase_cnt=7 (vpc/ipc reset)
[EXP] [ERASE] ch=2 lun=0 pl=0 blk=98 pg=255 erase_cnt=7 (vpc/ipc reset)
[EXP] [ERASE] ch=2 lun=1 pl=0 blk=98 pg=255 erase_cnt=7 (vpc/ipc reset)
[EXP] [ERASE] ch=2 lun=2 pl=0 blk=98 pg=255 erase_cnt=7 (vpc/ipc reset)
[EXP] [ERASE] ch=2 lun=3 pl=0 blk=98 pg=255 erase_cnt=7 (vpc/ipc reset)
[EXP] [ERASE] ch=2 lun=4 pl=0 blk=98 pg=255 erase_cnt=7 (vpc/ipc reset)
[EXP] [ERASE] ch=2 lun=5 pl=0 blk=98 pg=255 erase_cnt=7 (vpc/ipc reset)
[EXP] [ERASE] ch=2 lun=6 pl=0 blk=98 pg=255 erase_cnt=7 (vpc/ipc reset)
[EXP] [ERASE] ch=2 lun=7 pl=0 blk=98 pg=255 erase_cnt=7 (vpc/ipc reset)
[EXP] [ERASE] ch=3 lun=0 pl=0 blk=98 pg=255 erase_cnt=7 (vpc/ipc reset)
[EXP] [ERASE] ch=3 lun=1 pl=0 blk=98 pg=255 erase_cnt=7 (vpc/ipc reset)
[EXP] [ERASE] ch=3 lun=2 pl=0 blk=98 pg=255 erase_cnt=7 (vpc/ipc reset)
[EXP] [ERASE] ch=3 lun=3 pl=0 blk=98 pg=255 erase_cnt=7 (vpc/ipc reset)
[EXP] [ERASE] ch=3 lun=4 pl=0 blk=98 pg=255 erase_cnt=7 (vpc/ipc reset)
[EXP] [ERASE] ch=3 lun=5 pl=0 blk=98 pg=255 erase_cnt=7 (vpc/ipc reset)
[EXP] [ERASE] ch=3 lun=6 pl=0 blk=98 pg=255 erase_cnt=7 (vpc/ipc reset)
[EXP] [ERASE] ch=3 lun=7 pl=0 blk=98 pg=255 erase_cnt=7 (vpc/ipc reset)
[EXP] [ERASE] ch=4 lun=0 pl=0 blk=98 pg=255 erase_cnt=7 (vpc/ipc reset)
[EXP] [ERASE] ch=4 lun=1 pl=0 blk=98 pg=255 erase_cnt=7 (vpc/ipc reset)
[EXP] [ERASE] ch=4 lun=2 pl=0 blk=98 pg=255 erase_cnt=7 (vpc/ipc reset)
[EXP] [ERASE] ch=4 lun=3 pl=0 blk=98 pg=255 erase_cnt=7 (vpc/ipc reset)
[EXP] [ERASE] ch=4 lun=4 pl=0 blk=98 pg=255 erase_cnt=7 (vpc/ipc reset)
[EXP] [ERASE] ch=4 lun=5 pl=0 blk=98 pg=255 erase_cnt=7 (vpc/ipc reset)
[EXP] [ERASE] ch=4 lun=6 pl=0 blk=98 pg=255 erase_cnt=7 (vpc/ipc reset)
[EXP] [ERASE] ch=4 lun=7 pl=0 blk=98 pg=255 erase_cnt=7 (vpc/ipc reset)
[EXP] [ERASE] ch=5 lun=0 pl=0 blk=98 pg=255 erase_cnt=7 (vpc/ipc reset)
[EXP] [ERASE] ch=5 lun=1 pl=0 blk=98 pg=255 erase_cnt=7 (vpc/ipc reset)
[EXP] [ERASE] ch=5 lun=2 pl=0 blk=98 pg=255 erase_cnt=7 (vpc/ipc reset)
[EXP] [ERASE] ch=5 lun=3 pl=0 blk=98 pg=255 erase_cnt=7 (vpc/ipc reset)
[EXP] [ERASE] ch=5 lun=4 pl=0 blk=98 pg=255 erase_cnt=7 (vpc/ipc reset)
[EXP] [ERASE] ch=5 lun=5 pl=0 blk=98 pg=255 erase_cnt=7 (vpc/ipc reset)
[EXP] [ERASE] ch=5 lun=6 pl=0 blk=98 pg=255 erase_cnt=7 (vpc/ipc reset)
[EXP] [ERASE] ch=5 lun=7 pl=0 blk=98 pg=255 erase_cnt=7 (vpc/ipc reset)
[EXP] [ERASE] ch=6 lun=0 pl=0 blk=98 pg=255 erase_cnt=7 (vpc/ipc reset)
[EXP] [ERASE] ch=6 lun=1 pl=0 blk=98 pg=255 erase_cnt=7 (vpc/ipc reset)
[EXP] [ERASE] ch=6 lun=2 pl=0 blk=98 pg=255 erase_cnt=7 (vpc/ipc reset)
[EXP] [ERASE] ch=6 lun=3 pl=0 blk=98 pg=255 erase_cnt=7 (vpc/ipc reset)
[EXP] [ERASE] ch=6 lun=4 pl=0 blk=98 pg=255 erase_cnt=7 (vpc/ipc reset)
[EXP] [ERASE] ch=6 lun=5 pl=0 blk=98 pg=255 erase_cnt=7 (vpc/ipc reset)
[EXP] [ERASE] ch=6 lun=6 pl=0 blk=98 pg=255 erase_cnt=7 (vpc/ipc reset)
[EXP] [ERASE] ch=6 lun=7 pl=0 blk=98 pg=255 erase_cnt=7 (vpc/ipc reset)
[EXP] [ERASE] ch=7 lun=0 pl=0 blk=98 pg=255 erase_cnt=7 (vpc/ipc reset)
[EXP] [ERASE] ch=7 lun=1 pl=0 blk=98 pg=255 erase_cnt=7 (vpc/ipc reset)
[EXP] [ERASE] ch=7 lun=2 pl=0 blk=98 pg=255 erase_cnt=7 (vpc/ipc reset)
[EXP] [ERASE] ch=7 lun=3 pl=0 blk=98 pg=255 erase_cnt=7 (vpc/ipc reset)
[EXP] [ERASE] ch=7 lun=4 pl=0 blk=98 pg=255 erase_cnt=7 (vpc/ipc reset)
[EXP] [ERASE] ch=7 lun=5 pl=0 blk=98 pg=255 erase_cnt=7 (vpc/ipc reset)
[EXP] [ERASE] ch=7 lun=6 pl=0 blk=98 pg=255 erase_cnt=7 (vpc/ipc reset)
[EXP] [ERASE] ch=7 lun=7 pl=0 blk=98 pg=255 erase_cnt=7 (vpc/ipc reset)
[EXP] [ERASE] ch=0 lun=0 pl=0 blk=48 pg=255 erase_cnt=2 (vpc/ipc reset)
[EXP] [ERASE] ch=0 lun=1 pl=0 blk=48 pg=255 erase_cnt=2 (vpc/ipc reset)
[EXP] [ERASE] ch=0 lun=2 pl=0 blk=48 pg=255 erase_cnt=2 (vpc/ipc reset)
[EXP] [ERASE] ch=0 lun=3 pl=0 blk=48 pg=255 erase_cnt=2 (vpc/ipc reset)
[EXP] [ERASE] ch=0 lun=4 pl=0 blk=48 pg=255 erase_cnt=2 (vpc/ipc reset)
[EXP] [ERASE] ch=0 lun=5 pl=0 blk=48 pg=255 erase_cnt=2 (vpc/ipc reset)
[EXP] [ERASE] ch=0 lun=6 pl=0 blk=48 pg=255 erase_cnt=2 (vpc/ipc reset)
[EXP] [ERASE] ch=0 lun=7 pl=0 blk=48 pg=255 erase_cnt=2 (vpc/ipc reset)
[EXP] [ERASE] ch=1 lun=0 pl=0 blk=48 pg=255 erase_cnt=2 (vpc/ipc reset)
[EXP] [ERASE] ch=1 lun=1 pl=0 blk=48 pg=255 erase_cnt=2 (vpc/ipc reset)
[EXP] [ERASE] ch=1 lun=2 pl=0 blk=48 pg=255 erase_cnt=2 (vpc/ipc reset)
[EXP] [ERASE] ch=1 lun=3 pl=0 blk=48 pg=255 erase_cnt=2 (vpc/ipc reset)
[EXP] [ERASE] ch=1 lun=4 pl=0 blk=48 pg=255 erase_cnt=2 (vpc/ipc reset)
[EXP] [ERASE] ch=1 lun=5 pl=0 blk=48 pg=255 erase_cnt=2 (vpc/ipc reset)
[EXP] [ERASE] ch=1 lun=6 pl=0 blk=48 pg=255 erase_cnt=2 (vpc/ipc reset)
[EXP] [ERASE] ch=1 lun=7 pl=0 blk=48 pg=255 erase_cnt=2 (vpc/ipc reset)
[EXP] [ERASE] ch=2 lun=0 pl=0 blk=48 pg=255 erase_cnt=2 (vpc/ipc reset)
[EXP] [ERASE] ch=2 lun=1 pl=0 blk=48 pg=255 erase_cnt=2 (vpc/ipc reset)
[EXP] [ERASE] ch=2 lun=2 pl=0 blk=48 pg=255 erase_cnt=2 (vpc/ipc reset)
[EXP] [ERASE] ch=2 lun=3 pl=0 blk=48 pg=255 erase_cnt=2 (vpc/ipc reset)
[EXP] [ERASE] ch=2 lun=4 pl=0 blk=48 pg=255 erase_cnt=2 (vpc/ipc reset)
[EXP] [ERASE] ch=2 lun=5 pl=0 blk=48 pg=255 erase_cnt=2 (vpc/ipc reset)
[EXP] [ERASE] ch=2 lun=6 pl=0 blk=48 pg=255 erase_cnt=2 (vpc/ipc reset)
[EXP] [ERASE] ch=2 lun=7 pl=0 blk=48 pg=255 erase_cnt=2 (vpc/ipc reset)
[EXP] [ERASE] ch=3 lun=0 pl=0 blk=48 pg=255 erase_cnt=2 (vpc/ipc reset)
[EXP] [ERASE] ch=3 lun=1 pl=0 blk=48 pg=255 erase_cnt=2 (vpc/ipc reset)
[EXP] [ERASE] ch=3 lun=2 pl=0 blk=48 pg=255 erase_cnt=2 (vpc/ipc reset)
[EXP] [ERASE] ch=3 lun=3 pl=0 blk=48 pg=255 erase_cnt=2 (vpc/ipc reset)
[EXP] [ERASE] ch=3 lun=4 pl=0 blk=48 pg=255 erase_cnt=2 (vpc/ipc reset)
[EXP] [ERASE] ch=3 lun=5 pl=0 blk=48 pg=255 erase_cnt=2 (vpc/ipc reset)
[EXP] [ERASE] ch=3 lun=6 pl=0 blk=48 pg=255 erase_cnt=2 (vpc/ipc reset)
[EXP] [ERASE] ch=3 lun=7 pl=0 blk=48 pg=255 erase_cnt=2 (vpc/ipc reset)
[EXP] [ERASE] ch=4 lun=0 pl=0 blk=48 pg=255 erase_cnt=2 (vpc/ipc reset)
[EXP] [ERASE] ch=4 lun=1 pl=0 blk=48 pg=255 erase_cnt=2 (vpc/ipc reset)
[EXP] [ERASE] ch=4 lun=2 pl=0 blk=48 pg=255 erase_cnt=2 (vpc/ipc reset)
[EXP] [ERASE] ch=4 lun=3 pl=0 blk=48 pg=255 erase_cnt=2 (vpc/ipc reset)
[EXP] [ERASE] ch=4 lun=4 pl=0 blk=48 pg=255 erase_cnt=2 (vpc/ipc reset)
[EXP] [ERASE] ch=4 lun=5 pl=0 blk=48 pg=255 erase_cnt=2 (vpc/ipc reset)
[EXP] [ERASE] ch=4 lun=6 pl=0 blk=48 pg=255 erase_cnt=2 (vpc/ipc reset)
[EXP] [ERASE] ch=4 lun=7 pl=0 blk=48 pg=255 erase_cnt=2 (vpc/ipc reset)
[EXP] [ERASE] ch=5 lun=0 pl=0 blk=48 pg=255 erase_cnt=2 (vpc/ipc reset)
[EXP] [ERASE] ch=5 lun=1 pl=0 blk=48 pg=255 erase_cnt=2 (vpc/ipc reset)
[EXP] [ERASE] ch=5 lun=2 pl=0 blk=48 pg=255 erase_cnt=2 (vpc/ipc reset)
[EXP] [ERASE] ch=5 lun=3 pl=0 blk=48 pg=255 erase_cnt=2 (vpc/ipc reset)
[EXP] [ERASE] ch=5 lun=4 pl=0 blk=48 pg=255 erase_cnt=2 (vpc/ipc reset)
[EXP] [ERASE] ch=5 lun=5 pl=0 blk=48 pg=255 erase_cnt=2 (vpc/ipc reset)
[EXP] [ERASE] ch=5 lun=6 pl=0 blk=48 pg=255 erase_cnt=2 (vpc/ipc reset)
[EXP] [ERASE] ch=5 lun=7 pl=0 blk=48 pg=255 erase_cnt=2 (vpc/ipc reset)
[EXP] [ERASE] ch=6 lun=0 pl=0 blk=48 pg=255 erase_cnt=2 (vpc/ipc reset)
[EXP] [ERASE] ch=6 lun=1 pl=0 blk=48 pg=255 erase_cnt=2 (vpc/ipc reset)
[EXP] [ERASE] ch=6 lun=2 pl=0 blk=48 pg=255 erase_cnt=2 (vpc/ipc reset)
[EXP] [GC_MOVE] lpn=0 historical=COLD effective=COLD idle_age=0 expired=no access=2 short=1 last_seq=1572869 decay_epoch=24 ch=6 lun=3 pl=0 blk=48 pg=215 -> ch=1 lun=5 pl=0 blk=97 pg=227
[EXP] [ERASE] ch=6 lun=3 pl=0 blk=48 pg=255 erase_cnt=2 (vpc/ipc reset)
[EXP] [ERASE] ch=6 lun=4 pl=0 blk=48 pg=255 erase_cnt=2 (vpc/ipc reset)
[EXP] [ERASE] ch=6 lun=5 pl=0 blk=48 pg=255 erase_cnt=2 (vpc/ipc reset)
[EXP] [ERASE] ch=6 lun=6 pl=0 blk=48 pg=255 erase_cnt=2 (vpc/ipc reset)
[EXP] [ERASE] ch=6 lun=7 pl=0 blk=48 pg=255 erase_cnt=2 (vpc/ipc reset)
[EXP] [ERASE] ch=7 lun=0 pl=0 blk=48 pg=255 erase_cnt=2 (vpc/ipc reset)
[EXP] [ERASE] ch=7 lun=1 pl=0 blk=48 pg=255 erase_cnt=2 (vpc/ipc reset)
[EXP] [ERASE] ch=7 lun=2 pl=0 blk=48 pg=255 erase_cnt=2 (vpc/ipc reset)
[EXP] [ERASE] ch=7 lun=3 pl=0 blk=48 pg=255 erase_cnt=2 (vpc/ipc reset)
[EXP] [ERASE] ch=7 lun=4 pl=0 blk=48 pg=255 erase_cnt=2 (vpc/ipc reset)
[EXP] [ERASE] ch=7 lun=5 pl=0 blk=48 pg=255 erase_cnt=2 (vpc/ipc reset)
[EXP] [ERASE] ch=7 lun=6 pl=0 blk=48 pg=255 erase_cnt=2 (vpc/ipc reset)
[EXP] [ERASE] ch=7 lun=7 pl=0 blk=48 pg=255 erase_cnt=2 (vpc/ipc reset)
[EXP] [ERASE] ch=0 lun=0 pl=0 blk=100 pg=255 erase_cnt=4 (vpc/ipc reset)
[EXP] [ERASE] ch=0 lun=1 pl=0 blk=100 pg=255 erase_cnt=4 (vpc/ipc reset)
[EXP] [ERASE] ch=0 lun=2 pl=0 blk=100 pg=255 erase_cnt=4 (vpc/ipc reset)
[EXP] [ERASE] ch=0 lun=3 pl=0 blk=100 pg=255 erase_cnt=4 (vpc/ipc reset)
[EXP] [ERASE] ch=0 lun=4 pl=0 blk=100 pg=255 erase_cnt=4 (vpc/ipc reset)
[EXP] [ERASE] ch=0 lun=5 pl=0 blk=100 pg=255 erase_cnt=4 (vpc/ipc reset)
[EXP] [ERASE] ch=0 lun=6 pl=0 blk=100 pg=255 erase_cnt=4 (vpc/ipc reset)
[EXP] [ERASE] ch=0 lun=7 pl=0 blk=100 pg=255 erase_cnt=4 (vpc/ipc reset)
[EXP] [ERASE] ch=1 lun=0 pl=0 blk=100 pg=255 erase_cnt=4 (vpc/ipc reset)
[EXP] [ERASE] ch=1 lun=1 pl=0 blk=100 pg=255 erase_cnt=4 (vpc/ipc reset)
[EXP] [ERASE] ch=1 lun=2 pl=0 blk=100 pg=255 erase_cnt=4 (vpc/ipc reset)
[EXP] [ERASE] ch=1 lun=3 pl=0 blk=100 pg=255 erase_cnt=4 (vpc/ipc reset)
[EXP] [ERASE] ch=1 lun=4 pl=0 blk=100 pg=255 erase_cnt=4 (vpc/ipc reset)
[EXP] [ERASE] ch=1 lun=5 pl=0 blk=100 pg=255 erase_cnt=4 (vpc/ipc reset)
[EXP] [ERASE] ch=1 lun=6 pl=0 blk=100 pg=255 erase_cnt=4 (vpc/ipc reset)
[EXP] [ERASE] ch=1 lun=7 pl=0 blk=100 pg=255 erase_cnt=4 (vpc/ipc reset)
[EXP] [ERASE] ch=2 lun=0 pl=0 blk=100 pg=255 erase_cnt=4 (vpc/ipc reset)
[EXP] [ERASE] ch=2 lun=1 pl=0 blk=100 pg=255 erase_cnt=4 (vpc/ipc reset)
[EXP] [ERASE] ch=2 lun=2 pl=0 blk=100 pg=255 erase_cnt=4 (vpc/ipc reset)
[EXP] [ERASE] ch=2 lun=3 pl=0 blk=100 pg=255 erase_cnt=4 (vpc/ipc reset)
[EXP] [ERASE] ch=2 lun=4 pl=0 blk=100 pg=255 erase_cnt=4 (vpc/ipc reset)
[EXP] [ERASE] ch=2 lun=5 pl=0 blk=100 pg=255 erase_cnt=4 (vpc/ipc reset)
[EXP] [ERASE] ch=2 lun=6 pl=0 blk=100 pg=255 erase_cnt=4 (vpc/ipc reset)
[EXP] [ERASE] ch=2 lun=7 pl=0 blk=100 pg=255 erase_cnt=4 (vpc/ipc reset)
[EXP] [ERASE] ch=3 lun=0 pl=0 blk=100 pg=255 erase_cnt=4 (vpc/ipc reset)
[EXP] [ERASE] ch=3 lun=1 pl=0 blk=100 pg=255 erase_cnt=4 (vpc/ipc reset)
[EXP] [ERASE] ch=3 lun=2 pl=0 blk=100 pg=255 erase_cnt=4 (vpc/ipc reset)
[EXP] [ERASE] ch=3 lun=3 pl=0 blk=100 pg=255 erase_cnt=4 (vpc/ipc reset)
[EXP] [ERASE] ch=3 lun=4 pl=0 blk=100 pg=255 erase_cnt=4 (vpc/ipc reset)
[EXP] [ERASE] ch=3 lun=5 pl=0 blk=100 pg=255 erase_cnt=4 (vpc/ipc reset)
[EXP] [ERASE] ch=3 lun=6 pl=0 blk=100 pg=255 erase_cnt=4 (vpc/ipc reset)
[EXP] [ERASE] ch=3 lun=7 pl=0 blk=100 pg=255 erase_cnt=4 (vpc/ipc reset)
[EXP] [ERASE] ch=4 lun=0 pl=0 blk=100 pg=255 erase_cnt=4 (vpc/ipc reset)
[EXP] [ERASE] ch=4 lun=1 pl=0 blk=100 pg=255 erase_cnt=4 (vpc/ipc reset)
[EXP] [ERASE] ch=4 lun=2 pl=0 blk=100 pg=255 erase_cnt=4 (vpc/ipc reset)
[EXP] [ERASE] ch=4 lun=3 pl=0 blk=100 pg=255 erase_cnt=4 (vpc/ipc reset)
[EXP] [ERASE] ch=4 lun=4 pl=0 blk=100 pg=255 erase_cnt=4 (vpc/ipc reset)
[EXP] [ERASE] ch=4 lun=5 pl=0 blk=100 pg=255 erase_cnt=4 (vpc/ipc reset)
[EXP] [ERASE] ch=4 lun=6 pl=0 blk=100 pg=255 erase_cnt=4 (vpc/ipc reset)
[EXP] [ERASE] ch=4 lun=7 pl=0 blk=100 pg=255 erase_cnt=4 (vpc/ipc reset)
[EXP] [ERASE] ch=5 lun=0 pl=0 blk=100 pg=255 erase_cnt=4 (vpc/ipc reset)
[EXP] [ERASE] ch=5 lun=1 pl=0 blk=100 pg=255 erase_cnt=4 (vpc/ipc reset)
[EXP] [ERASE] ch=5 lun=2 pl=0 blk=100 pg=255 erase_cnt=4 (vpc/ipc reset)
[EXP] [ERASE] ch=5 lun=3 pl=0 blk=100 pg=255 erase_cnt=4 (vpc/ipc reset)
[EXP] [ERASE] ch=5 lun=4 pl=0 blk=100 pg=255 erase_cnt=4 (vpc/ipc reset)
[EXP] [ERASE] ch=5 lun=5 pl=0 blk=100 pg=255 erase_cnt=4 (vpc/ipc reset)
[EXP] [ERASE] ch=5 lun=6 pl=0 blk=100 pg=255 erase_cnt=4 (vpc/ipc reset)
[EXP] [ERASE] ch=5 lun=7 pl=0 blk=100 pg=255 erase_cnt=4 (vpc/ipc reset)
[EXP] [ERASE] ch=6 lun=0 pl=0 blk=100 pg=255 erase_cnt=4 (vpc/ipc reset)
[EXP] [ERASE] ch=6 lun=1 pl=0 blk=100 pg=255 erase_cnt=4 (vpc/ipc reset)
[EXP] [ERASE] ch=6 lun=2 pl=0 blk=100 pg=255 erase_cnt=4 (vpc/ipc reset)
[EXP] [ERASE] ch=6 lun=3 pl=0 blk=100 pg=255 erase_cnt=4 (vpc/ipc reset)
[EXP] [ERASE] ch=6 lun=4 pl=0 blk=100 pg=255 erase_cnt=4 (vpc/ipc reset)
[EXP] [ERASE] ch=6 lun=5 pl=0 blk=100 pg=255 erase_cnt=4 (vpc/ipc reset)
[EXP] [ERASE] ch=6 lun=6 pl=0 blk=100 pg=255 erase_cnt=4 (vpc/ipc reset)
[EXP] [ERASE] ch=6 lun=7 pl=0 blk=100 pg=255 erase_cnt=4 (vpc/ipc reset)
[EXP] [ERASE] ch=7 lun=0 pl=0 blk=100 pg=255 erase_cnt=4 (vpc/ipc reset)
[EXP] [ERASE] ch=7 lun=1 pl=0 blk=100 pg=255 erase_cnt=4 (vpc/ipc reset)
[EXP] [ERASE] ch=7 lun=2 pl=0 blk=100 pg=255 erase_cnt=4 (vpc/ipc reset)
[EXP] [ERASE] ch=7 lun=3 pl=0 blk=100 pg=255 erase_cnt=4 (vpc/ipc reset)
[EXP] [ERASE] ch=7 lun=4 pl=0 blk=100 pg=255 erase_cnt=4 (vpc/ipc reset)
[EXP] [ERASE] ch=7 lun=5 pl=0 blk=100 pg=255 erase_cnt=4 (vpc/ipc reset)
[EXP] [ERASE] ch=7 lun=6 pl=0 blk=100 pg=255 erase_cnt=4 (vpc/ipc reset)
[EXP] [ERASE] ch=7 lun=7 pl=0 blk=100 pg=255 erase_cnt=4 (vpc/ipc reset)
[EXP] [ERASE] ch=0 lun=0 pl=0 blk=102 pg=255 erase_cnt=3 (vpc/ipc reset)
[EXP] [ERASE] ch=0 lun=1 pl=0 blk=102 pg=255 erase_cnt=3 (vpc/ipc reset)
[EXP] [ERASE] ch=0 lun=2 pl=0 blk=102 pg=255 erase_cnt=3 (vpc/ipc reset)
[EXP] [ERASE] ch=0 lun=3 pl=0 blk=102 pg=255 erase_cnt=3 (vpc/ipc reset)
[EXP] [ERASE] ch=0 lun=4 pl=0 blk=102 pg=255 erase_cnt=3 (vpc/ipc reset)
[EXP] [ERASE] ch=0 lun=5 pl=0 blk=102 pg=255 erase_cnt=3 (vpc/ipc reset)
[EXP] [ERASE] ch=0 lun=6 pl=0 blk=102 pg=255 erase_cnt=3 (vpc/ipc reset)
[EXP] [ERASE] ch=0 lun=7 pl=0 blk=102 pg=255 erase_cnt=3 (vpc/ipc reset)
[EXP] [ERASE] ch=1 lun=0 pl=0 blk=102 pg=255 erase_cnt=3 (vpc/ipc reset)
[EXP] [ERASE] ch=1 lun=1 pl=0 blk=102 pg=255 erase_cnt=3 (vpc/ipc reset)
[EXP] [ERASE] ch=1 lun=2 pl=0 blk=102 pg=255 erase_cnt=3 (vpc/ipc reset)
[EXP] [ERASE] ch=1 lun=3 pl=0 blk=102 pg=255 erase_cnt=3 (vpc/ipc reset)
[EXP] [ERASE] ch=1 lun=4 pl=0 blk=102 pg=255 erase_cnt=3 (vpc/ipc reset)
[EXP] [ERASE] ch=1 lun=5 pl=0 blk=102 pg=255 erase_cnt=3 (vpc/ipc reset)
[EXP] [ERASE] ch=1 lun=6 pl=0 blk=102 pg=255 erase_cnt=3 (vpc/ipc reset)
[EXP] [ERASE] ch=1 lun=7 pl=0 blk=102 pg=255 erase_cnt=3 (vpc/ipc reset)
[EXP] [ERASE] ch=2 lun=0 pl=0 blk=102 pg=255 erase_cnt=3 (vpc/ipc reset)
[EXP] [ERASE] ch=2 lun=1 pl=0 blk=102 pg=255 erase_cnt=3 (vpc/ipc reset)
[EXP] [ERASE] ch=2 lun=2 pl=0 blk=102 pg=255 erase_cnt=3 (vpc/ipc reset)
[EXP] [ERASE] ch=2 lun=3 pl=0 blk=102 pg=255 erase_cnt=3 (vpc/ipc reset)
[EXP] [ERASE] ch=2 lun=4 pl=0 blk=102 pg=255 erase_cnt=3 (vpc/ipc reset)
[EXP] [ERASE] ch=2 lun=5 pl=0 blk=102 pg=255 erase_cnt=3 (vpc/ipc reset)
[EXP] [ERASE] ch=2 lun=6 pl=0 blk=102 pg=255 erase_cnt=3 (vpc/ipc reset)
[EXP] [ERASE] ch=2 lun=7 pl=0 blk=102 pg=255 erase_cnt=3 (vpc/ipc reset)
[EXP] [ERASE] ch=3 lun=0 pl=0 blk=102 pg=255 erase_cnt=3 (vpc/ipc reset)
[EXP] [ERASE] ch=3 lun=1 pl=0 blk=102 pg=255 erase_cnt=3 (vpc/ipc reset)
[EXP] [ERASE] ch=3 lun=2 pl=0 blk=102 pg=255 erase_cnt=3 (vpc/ipc reset)
[EXP] [ERASE] ch=3 lun=3 pl=0 blk=102 pg=255 erase_cnt=3 (vpc/ipc reset)
[EXP] [ERASE] ch=3 lun=4 pl=0 blk=102 pg=255 erase_cnt=3 (vpc/ipc reset)
[EXP] [ERASE] ch=3 lun=5 pl=0 blk=102 pg=255 erase_cnt=3 (vpc/ipc reset)
[EXP] [ERASE] ch=3 lun=6 pl=0 blk=102 pg=255 erase_cnt=3 (vpc/ipc reset)
[EXP] [ERASE] ch=3 lun=7 pl=0 blk=102 pg=255 erase_cnt=3 (vpc/ipc reset)
[EXP] [ERASE] ch=4 lun=0 pl=0 blk=102 pg=255 erase_cnt=3 (vpc/ipc reset)
[EXP] [ERASE] ch=4 lun=1 pl=0 blk=102 pg=255 erase_cnt=3 (vpc/ipc reset)
[EXP] [ERASE] ch=4 lun=2 pl=0 blk=102 pg=255 erase_cnt=3 (vpc/ipc reset)
[EXP] [ERASE] ch=4 lun=3 pl=0 blk=102 pg=255 erase_cnt=3 (vpc/ipc reset)
[EXP] [ERASE] ch=4 lun=4 pl=0 blk=102 pg=255 erase_cnt=3 (vpc/ipc reset)
[EXP] [ERASE] ch=4 lun=5 pl=0 blk=102 pg=255 erase_cnt=3 (vpc/ipc reset)
[EXP] [ERASE] ch=4 lun=6 pl=0 blk=102 pg=255 erase_cnt=3 (vpc/ipc reset)
[EXP] [ERASE] ch=4 lun=7 pl=0 blk=102 pg=255 erase_cnt=3 (vpc/ipc reset)
[EXP] [ERASE] ch=5 lun=0 pl=0 blk=102 pg=255 erase_cnt=3 (vpc/ipc reset)
[EXP] [ERASE] ch=5 lun=1 pl=0 blk=102 pg=255 erase_cnt=3 (vpc/ipc reset)
[EXP] [ERASE] ch=5 lun=2 pl=0 blk=102 pg=255 erase_cnt=3 (vpc/ipc reset)
[EXP] [ERASE] ch=5 lun=3 pl=0 blk=102 pg=255 erase_cnt=3 (vpc/ipc reset)
[EXP] [ERASE] ch=5 lun=4 pl=0 blk=102 pg=255 erase_cnt=3 (vpc/ipc reset)
[EXP] [ERASE] ch=5 lun=5 pl=0 blk=102 pg=255 erase_cnt=3 (vpc/ipc reset)
[EXP] [ERASE] ch=5 lun=6 pl=0 blk=102 pg=255 erase_cnt=3 (vpc/ipc reset)
[EXP] [ERASE] ch=5 lun=7 pl=0 blk=102 pg=255 erase_cnt=3 (vpc/ipc reset)
[EXP] [ERASE] ch=6 lun=0 pl=0 blk=102 pg=255 erase_cnt=3 (vpc/ipc reset)
[EXP] [ERASE] ch=6 lun=1 pl=0 blk=102 pg=255 erase_cnt=3 (vpc/ipc reset)
[EXP] [ERASE] ch=6 lun=2 pl=0 blk=102 pg=255 erase_cnt=3 (vpc/ipc reset)
[EXP] [ERASE] ch=6 lun=3 pl=0 blk=102 pg=255 erase_cnt=3 (vpc/ipc reset)
[EXP] [ERASE] ch=6 lun=4 pl=0 blk=102 pg=255 erase_cnt=3 (vpc/ipc reset)
[EXP] [ERASE] ch=6 lun=5 pl=0 blk=102 pg=255 erase_cnt=3 (vpc/ipc reset)
[EXP] [ERASE] ch=6 lun=6 pl=0 blk=102 pg=255 erase_cnt=3 (vpc/ipc reset)
[EXP] [ERASE] ch=6 lun=7 pl=0 blk=102 pg=255 erase_cnt=3 (vpc/ipc reset)
[EXP] [ERASE] ch=7 lun=0 pl=0 blk=102 pg=255 erase_cnt=3 (vpc/ipc reset)
[EXP] [ERASE] ch=7 lun=1 pl=0 blk=102 pg=255 erase_cnt=3 (vpc/ipc reset)
[EXP] [ERASE] ch=7 lun=2 pl=0 blk=102 pg=255 erase_cnt=3 (vpc/ipc reset)
[EXP] [ERASE] ch=7 lun=3 pl=0 blk=102 pg=255 erase_cnt=3 (vpc/ipc reset)
[EXP] [ERASE] ch=7 lun=4 pl=0 blk=102 pg=255 erase_cnt=3 (vpc/ipc reset)
[EXP] [ERASE] ch=7 lun=5 pl=0 blk=102 pg=255 erase_cnt=3 (vpc/ipc reset)
[EXP] [ERASE] ch=7 lun=6 pl=0 blk=102 pg=255 erase_cnt=3 (vpc/ipc reset)
[EXP] [ERASE] ch=7 lun=7 pl=0 blk=102 pg=255 erase_cnt=3 (vpc/ipc reset)
[EXP] [ERASE] ch=0 lun=0 pl=0 blk=99 pg=255 erase_cnt=6 (vpc/ipc reset)
[EXP] [ERASE] ch=0 lun=1 pl=0 blk=99 pg=255 erase_cnt=6 (vpc/ipc reset)
[EXP] [ERASE] ch=0 lun=2 pl=0 blk=99 pg=255 erase_cnt=6 (vpc/ipc reset)
[EXP] [ERASE] ch=0 lun=3 pl=0 blk=99 pg=255 erase_cnt=6 (vpc/ipc reset)
[EXP] [ERASE] ch=0 lun=4 pl=0 blk=99 pg=255 erase_cnt=6 (vpc/ipc reset)
[EXP] [ERASE] ch=0 lun=5 pl=0 blk=99 pg=255 erase_cnt=6 (vpc/ipc reset)
[EXP] [ERASE] ch=0 lun=6 pl=0 blk=99 pg=255 erase_cnt=6 (vpc/ipc reset)
[EXP] [ERASE] ch=0 lun=7 pl=0 blk=99 pg=255 erase_cnt=6 (vpc/ipc reset)
[EXP] [ERASE] ch=1 lun=0 pl=0 blk=99 pg=255 erase_cnt=6 (vpc/ipc reset)
[EXP] [ERASE] ch=1 lun=1 pl=0 blk=99 pg=255 erase_cnt=6 (vpc/ipc reset)
[EXP] [ERASE] ch=1 lun=2 pl=0 blk=99 pg=255 erase_cnt=6 (vpc/ipc reset)
[EXP] [ERASE] ch=1 lun=3 pl=0 blk=99 pg=255 erase_cnt=6 (vpc/ipc reset)
[EXP] [ERASE] ch=1 lun=4 pl=0 blk=99 pg=255 erase_cnt=6 (vpc/ipc reset)
[EXP] [ERASE] ch=1 lun=5 pl=0 blk=99 pg=255 erase_cnt=6 (vpc/ipc reset)
[EXP] [ERASE] ch=1 lun=6 pl=0 blk=99 pg=255 erase_cnt=6 (vpc/ipc reset)
[EXP] [ERASE] ch=1 lun=7 pl=0 blk=99 pg=255 erase_cnt=6 (vpc/ipc reset)
[EXP] [ERASE] ch=2 lun=0 pl=0 blk=99 pg=255 erase_cnt=6 (vpc/ipc reset)
[EXP] [ERASE] ch=2 lun=1 pl=0 blk=99 pg=255 erase_cnt=6 (vpc/ipc reset)
[EXP] [ERASE] ch=2 lun=2 pl=0 blk=99 pg=255 erase_cnt=6 (vpc/ipc reset)
[EXP] [ERASE] ch=2 lun=3 pl=0 blk=99 pg=255 erase_cnt=6 (vpc/ipc reset)
[EXP] [ERASE] ch=2 lun=4 pl=0 blk=99 pg=255 erase_cnt=6 (vpc/ipc reset)
[EXP] [ERASE] ch=2 lun=5 pl=0 blk=99 pg=255 erase_cnt=6 (vpc/ipc reset)
[EXP] [ERASE] ch=2 lun=6 pl=0 blk=99 pg=255 erase_cnt=6 (vpc/ipc reset)
[EXP] [ERASE] ch=2 lun=7 pl=0 blk=99 pg=255 erase_cnt=6 (vpc/ipc reset)
[EXP] [ERASE] ch=3 lun=0 pl=0 blk=99 pg=255 erase_cnt=6 (vpc/ipc reset)
[EXP] [ERASE] ch=3 lun=1 pl=0 blk=99 pg=255 erase_cnt=6 (vpc/ipc reset)
[EXP] [ERASE] ch=3 lun=2 pl=0 blk=99 pg=255 erase_cnt=6 (vpc/ipc reset)
[EXP] [ERASE] ch=3 lun=3 pl=0 blk=99 pg=255 erase_cnt=6 (vpc/ipc reset)
[EXP] [ERASE] ch=3 lun=4 pl=0 blk=99 pg=255 erase_cnt=6 (vpc/ipc reset)
[EXP] [ERASE] ch=3 lun=5 pl=0 blk=99 pg=255 erase_cnt=6 (vpc/ipc reset)
[EXP] [ERASE] ch=3 lun=6 pl=0 blk=99 pg=255 erase_cnt=6 (vpc/ipc reset)
[EXP] [ERASE] ch=3 lun=7 pl=0 blk=99 pg=255 erase_cnt=6 (vpc/ipc reset)
[EXP] [ERASE] ch=4 lun=0 pl=0 blk=99 pg=255 erase_cnt=6 (vpc/ipc reset)
[EXP] [ERASE] ch=4 lun=1 pl=0 blk=99 pg=255 erase_cnt=6 (vpc/ipc reset)
[EXP] [ERASE] ch=4 lun=2 pl=0 blk=99 pg=255 erase_cnt=6 (vpc/ipc reset)
[EXP] [ERASE] ch=4 lun=3 pl=0 blk=99 pg=255 erase_cnt=6 (vpc/ipc reset)
[EXP] [ERASE] ch=4 lun=4 pl=0 blk=99 pg=255 erase_cnt=6 (vpc/ipc reset)
[EXP] [ERASE] ch=4 lun=5 pl=0 blk=99 pg=255 erase_cnt=6 (vpc/ipc reset)
[EXP] [ERASE] ch=4 lun=6 pl=0 blk=99 pg=255 erase_cnt=6 (vpc/ipc reset)
[EXP] [ERASE] ch=4 lun=7 pl=0 blk=99 pg=255 erase_cnt=6 (vpc/ipc reset)
[EXP] [ERASE] ch=5 lun=0 pl=0 blk=99 pg=255 erase_cnt=6 (vpc/ipc reset)
[EXP] [ERASE] ch=5 lun=1 pl=0 blk=99 pg=255 erase_cnt=6 (vpc/ipc reset)
[EXP] [ERASE] ch=5 lun=2 pl=0 blk=99 pg=255 erase_cnt=6 (vpc/ipc reset)
[EXP] [ERASE] ch=5 lun=3 pl=0 blk=99 pg=255 erase_cnt=6 (vpc/ipc reset)
[EXP] [ERASE] ch=5 lun=4 pl=0 blk=99 pg=255 erase_cnt=6 (vpc/ipc reset)
[EXP] [ERASE] ch=5 lun=5 pl=0 blk=99 pg=255 erase_cnt=6 (vpc/ipc reset)
[EXP] [ERASE] ch=5 lun=6 pl=0 blk=99 pg=255 erase_cnt=6 (vpc/ipc reset)
[EXP] [ERASE] ch=5 lun=7 pl=0 blk=99 pg=255 erase_cnt=6 (vpc/ipc reset)
[EXP] [ERASE] ch=6 lun=0 pl=0 blk=99 pg=255 erase_cnt=6 (vpc/ipc reset)
[EXP] [ERASE] ch=6 lun=1 pl=0 blk=99 pg=255 erase_cnt=6 (vpc/ipc reset)
[EXP] [ERASE] ch=6 lun=2 pl=0 blk=99 pg=255 erase_cnt=6 (vpc/ipc reset)
[EXP] [ERASE] ch=6 lun=3 pl=0 blk=99 pg=255 erase_cnt=6 (vpc/ipc reset)
[EXP] [ERASE] ch=6 lun=4 pl=0 blk=99 pg=255 erase_cnt=6 (vpc/ipc reset)
[EXP] [ERASE] ch=6 lun=5 pl=0 blk=99 pg=255 erase_cnt=6 (vpc/ipc reset)
[EXP] [ERASE] ch=6 lun=6 pl=0 blk=99 pg=255 erase_cnt=6 (vpc/ipc reset)
[EXP] [ERASE] ch=6 lun=7 pl=0 blk=99 pg=255 erase_cnt=6 (vpc/ipc reset)
[EXP] [ERASE] ch=7 lun=0 pl=0 blk=99 pg=255 erase_cnt=6 (vpc/ipc reset)
[EXP] [ERASE] ch=7 lun=1 pl=0 blk=99 pg=255 erase_cnt=6 (vpc/ipc reset)
[EXP] [ERASE] ch=7 lun=2 pl=0 blk=99 pg=255 erase_cnt=6 (vpc/ipc reset)
[EXP] [ERASE] ch=7 lun=3 pl=0 blk=99 pg=255 erase_cnt=6 (vpc/ipc reset)
[EXP] [ERASE] ch=7 lun=4 pl=0 blk=99 pg=255 erase_cnt=6 (vpc/ipc reset)
[EXP] [ERASE] ch=7 lun=5 pl=0 blk=99 pg=255 erase_cnt=6 (vpc/ipc reset)
[EXP] [ERASE] ch=7 lun=6 pl=0 blk=99 pg=255 erase_cnt=6 (vpc/ipc reset)
[EXP] [ERASE] ch=7 lun=7 pl=0 blk=99 pg=255 erase_cnt=6 (vpc/ipc reset)
[EXP] [ERASE] ch=0 lun=0 pl=0 blk=98 pg=255 erase_cnt=8 (vpc/ipc reset)
[EXP] [ERASE] ch=0 lun=1 pl=0 blk=98 pg=255 erase_cnt=8 (vpc/ipc reset)
[EXP] [ERASE] ch=0 lun=2 pl=0 blk=98 pg=255 erase_cnt=8 (vpc/ipc reset)
[EXP] [ERASE] ch=0 lun=3 pl=0 blk=98 pg=255 erase_cnt=8 (vpc/ipc reset)
[EXP] [ERASE] ch=0 lun=4 pl=0 blk=98 pg=255 erase_cnt=8 (vpc/ipc reset)
[EXP] [ERASE] ch=0 lun=5 pl=0 blk=98 pg=255 erase_cnt=8 (vpc/ipc reset)
[EXP] [ERASE] ch=0 lun=6 pl=0 blk=98 pg=255 erase_cnt=8 (vpc/ipc reset)
[EXP] [ERASE] ch=0 lun=7 pl=0 blk=98 pg=255 erase_cnt=8 (vpc/ipc reset)
[EXP] [ERASE] ch=1 lun=0 pl=0 blk=98 pg=255 erase_cnt=8 (vpc/ipc reset)
[EXP] [ERASE] ch=1 lun=1 pl=0 blk=98 pg=255 erase_cnt=8 (vpc/ipc reset)
[EXP] [ERASE] ch=1 lun=2 pl=0 blk=98 pg=255 erase_cnt=8 (vpc/ipc reset)
[EXP] [ERASE] ch=1 lun=3 pl=0 blk=98 pg=255 erase_cnt=8 (vpc/ipc reset)
[EXP] [ERASE] ch=1 lun=4 pl=0 blk=98 pg=255 erase_cnt=8 (vpc/ipc reset)
[EXP] [ERASE] ch=1 lun=5 pl=0 blk=98 pg=255 erase_cnt=8 (vpc/ipc reset)
[EXP] [ERASE] ch=1 lun=6 pl=0 blk=98 pg=255 erase_cnt=8 (vpc/ipc reset)
[EXP] [ERASE] ch=1 lun=7 pl=0 blk=98 pg=255 erase_cnt=8 (vpc/ipc reset)
[EXP] [ERASE] ch=2 lun=0 pl=0 blk=98 pg=255 erase_cnt=8 (vpc/ipc reset)
[EXP] [ERASE] ch=2 lun=1 pl=0 blk=98 pg=255 erase_cnt=8 (vpc/ipc reset)
[EXP] [ERASE] ch=2 lun=2 pl=0 blk=98 pg=255 erase_cnt=8 (vpc/ipc reset)
[EXP] [ERASE] ch=2 lun=3 pl=0 blk=98 pg=255 erase_cnt=8 (vpc/ipc reset)
[EXP] [ERASE] ch=2 lun=4 pl=0 blk=98 pg=255 erase_cnt=8 (vpc/ipc reset)
[EXP] [ERASE] ch=2 lun=5 pl=0 blk=98 pg=255 erase_cnt=8 (vpc/ipc reset)
[EXP] [ERASE] ch=2 lun=6 pl=0 blk=98 pg=255 erase_cnt=8 (vpc/ipc reset)
[EXP] [ERASE] ch=2 lun=7 pl=0 blk=98 pg=255 erase_cnt=8 (vpc/ipc reset)
[EXP] [ERASE] ch=3 lun=0 pl=0 blk=98 pg=255 erase_cnt=8 (vpc/ipc reset)
[EXP] [ERASE] ch=3 lun=1 pl=0 blk=98 pg=255 erase_cnt=8 (vpc/ipc reset)
[EXP] [ERASE] ch=3 lun=2 pl=0 blk=98 pg=255 erase_cnt=8 (vpc/ipc reset)
[EXP] [ERASE] ch=3 lun=3 pl=0 blk=98 pg=255 erase_cnt=8 (vpc/ipc reset)
[EXP] [ERASE] ch=3 lun=4 pl=0 blk=98 pg=255 erase_cnt=8 (vpc/ipc reset)
[EXP] [ERASE] ch=3 lun=5 pl=0 blk=98 pg=255 erase_cnt=8 (vpc/ipc reset)
[EXP] [ERASE] ch=3 lun=6 pl=0 blk=98 pg=255 erase_cnt=8 (vpc/ipc reset)
[EXP] [ERASE] ch=3 lun=7 pl=0 blk=98 pg=255 erase_cnt=8 (vpc/ipc reset)
[EXP] [ERASE] ch=4 lun=0 pl=0 blk=98 pg=255 erase_cnt=8 (vpc/ipc reset)
[EXP] [ERASE] ch=4 lun=1 pl=0 blk=98 pg=255 erase_cnt=8 (vpc/ipc reset)
[EXP] [ERASE] ch=4 lun=2 pl=0 blk=98 pg=255 erase_cnt=8 (vpc/ipc reset)
[EXP] [ERASE] ch=4 lun=3 pl=0 blk=98 pg=255 erase_cnt=8 (vpc/ipc reset)
[EXP] [ERASE] ch=4 lun=4 pl=0 blk=98 pg=255 erase_cnt=8 (vpc/ipc reset)
[EXP] [ERASE] ch=4 lun=5 pl=0 blk=98 pg=255 erase_cnt=8 (vpc/ipc reset)
[EXP] [ERASE] ch=4 lun=6 pl=0 blk=98 pg=255 erase_cnt=8 (vpc/ipc reset)
[EXP] [ERASE] ch=4 lun=7 pl=0 blk=98 pg=255 erase_cnt=8 (vpc/ipc reset)
[EXP] [ERASE] ch=5 lun=0 pl=0 blk=98 pg=255 erase_cnt=8 (vpc/ipc reset)
[EXP] [ERASE] ch=5 lun=1 pl=0 blk=98 pg=255 erase_cnt=8 (vpc/ipc reset)
[EXP] [ERASE] ch=5 lun=2 pl=0 blk=98 pg=255 erase_cnt=8 (vpc/ipc reset)
[EXP] [ERASE] ch=5 lun=3 pl=0 blk=98 pg=255 erase_cnt=8 (vpc/ipc reset)
[EXP] [ERASE] ch=5 lun=4 pl=0 blk=98 pg=255 erase_cnt=8 (vpc/ipc reset)
[EXP] [ERASE] ch=5 lun=5 pl=0 blk=98 pg=255 erase_cnt=8 (vpc/ipc reset)
[EXP] [ERASE] ch=5 lun=6 pl=0 blk=98 pg=255 erase_cnt=8 (vpc/ipc reset)
[EXP] [ERASE] ch=5 lun=7 pl=0 blk=98 pg=255 erase_cnt=8 (vpc/ipc reset)
[EXP] [ERASE] ch=6 lun=0 pl=0 blk=98 pg=255 erase_cnt=8 (vpc/ipc reset)
[EXP] [ERASE] ch=6 lun=1 pl=0 blk=98 pg=255 erase_cnt=8 (vpc/ipc reset)
[EXP] [ERASE] ch=6 lun=2 pl=0 blk=98 pg=255 erase_cnt=8 (vpc/ipc reset)
[EXP] [ERASE] ch=6 lun=3 pl=0 blk=98 pg=255 erase_cnt=8 (vpc/ipc reset)
[EXP] [ERASE] ch=6 lun=4 pl=0 blk=98 pg=255 erase_cnt=8 (vpc/ipc reset)
[EXP] [ERASE] ch=6 lun=5 pl=0 blk=98 pg=255 erase_cnt=8 (vpc/ipc reset)
[EXP] [ERASE] ch=6 lun=6 pl=0 blk=98 pg=255 erase_cnt=8 (vpc/ipc reset)
[EXP] [ERASE] ch=6 lun=7 pl=0 blk=98 pg=255 erase_cnt=8 (vpc/ipc reset)
[EXP] [ERASE] ch=7 lun=0 pl=0 blk=98 pg=255 erase_cnt=8 (vpc/ipc reset)
[EXP] [ERASE] ch=7 lun=1 pl=0 blk=98 pg=255 erase_cnt=8 (vpc/ipc reset)
[EXP] [ERASE] ch=7 lun=2 pl=0 blk=98 pg=255 erase_cnt=8 (vpc/ipc reset)
[EXP] [ERASE] ch=7 lun=3 pl=0 blk=98 pg=255 erase_cnt=8 (vpc/ipc reset)
[EXP] [ERASE] ch=7 lun=4 pl=0 blk=98 pg=255 erase_cnt=8 (vpc/ipc reset)
[EXP] [ERASE] ch=7 lun=5 pl=0 blk=98 pg=255 erase_cnt=8 (vpc/ipc reset)
[EXP] [ERASE] ch=7 lun=6 pl=0 blk=98 pg=255 erase_cnt=8 (vpc/ipc reset)
[EXP] [ERASE] ch=7 lun=7 pl=0 blk=98 pg=255 erase_cnt=8 (vpc/ipc reset)
[EXP] [ERASE] ch=0 lun=0 pl=0 blk=97 pg=255 erase_cnt=8 (vpc/ipc reset)
[EXP] [ERASE] ch=0 lun=1 pl=0 blk=97 pg=255 erase_cnt=8 (vpc/ipc reset)
[EXP] [ERASE] ch=0 lun=2 pl=0 blk=97 pg=255 erase_cnt=8 (vpc/ipc reset)
[EXP] [ERASE] ch=0 lun=3 pl=0 blk=97 pg=255 erase_cnt=8 (vpc/ipc reset)
[EXP] [ERASE] ch=0 lun=4 pl=0 blk=97 pg=255 erase_cnt=8 (vpc/ipc reset)
[EXP] [ERASE] ch=0 lun=5 pl=0 blk=97 pg=255 erase_cnt=8 (vpc/ipc reset)
[EXP] [ERASE] ch=0 lun=6 pl=0 blk=97 pg=255 erase_cnt=8 (vpc/ipc reset)
[EXP] [ERASE] ch=0 lun=7 pl=0 blk=97 pg=255 erase_cnt=8 (vpc/ipc reset)
[EXP] [ERASE] ch=1 lun=0 pl=0 blk=97 pg=255 erase_cnt=8 (vpc/ipc reset)
[EXP] [ERASE] ch=1 lun=1 pl=0 blk=97 pg=255 erase_cnt=8 (vpc/ipc reset)
[EXP] [ERASE] ch=1 lun=2 pl=0 blk=97 pg=255 erase_cnt=8 (vpc/ipc reset)
[EXP] [ERASE] ch=1 lun=3 pl=0 blk=97 pg=255 erase_cnt=8 (vpc/ipc reset)
[EXP] [ERASE] ch=1 lun=4 pl=0 blk=97 pg=255 erase_cnt=8 (vpc/ipc reset)
[EXP] [GC_MOVE] lpn=0 historical=COLD effective=COLD idle_age=0 expired=no access=2 short=1 last_seq=1572869 decay_epoch=24 ch=1 lun=5 pl=0 blk=97 pg=227 -> ch=0 lun=1 pl=0 blk=61 pg=59
[EXP] [ERASE] ch=1 lun=5 pl=0 blk=97 pg=255 erase_cnt=8 (vpc/ipc reset)
[EXP] [ERASE] ch=1 lun=6 pl=0 blk=97 pg=255 erase_cnt=8 (vpc/ipc reset)
[EXP] [ERASE] ch=1 lun=7 pl=0 blk=97 pg=255 erase_cnt=8 (vpc/ipc reset)
[EXP] [ERASE] ch=2 lun=0 pl=0 blk=97 pg=255 erase_cnt=8 (vpc/ipc reset)
[EXP] [ERASE] ch=2 lun=1 pl=0 blk=97 pg=255 erase_cnt=8 (vpc/ipc reset)
[EXP] [ERASE] ch=2 lun=2 pl=0 blk=97 pg=255 erase_cnt=8 (vpc/ipc reset)
[EXP] [ERASE] ch=2 lun=3 pl=0 blk=97 pg=255 erase_cnt=8 (vpc/ipc reset)
[EXP] [ERASE] ch=2 lun=4 pl=0 blk=97 pg=255 erase_cnt=8 (vpc/ipc reset)
[EXP] [ERASE] ch=2 lun=5 pl=0 blk=97 pg=255 erase_cnt=8 (vpc/ipc reset)
[EXP] [ERASE] ch=2 lun=6 pl=0 blk=97 pg=255 erase_cnt=8 (vpc/ipc reset)
[EXP] [ERASE] ch=2 lun=7 pl=0 blk=97 pg=255 erase_cnt=8 (vpc/ipc reset)
[EXP] [ERASE] ch=3 lun=0 pl=0 blk=97 pg=255 erase_cnt=8 (vpc/ipc reset)
[EXP] [ERASE] ch=3 lun=1 pl=0 blk=97 pg=255 erase_cnt=8 (vpc/ipc reset)
[EXP] [ERASE] ch=3 lun=2 pl=0 blk=97 pg=255 erase_cnt=8 (vpc/ipc reset)
[EXP] [ERASE] ch=3 lun=3 pl=0 blk=97 pg=255 erase_cnt=8 (vpc/ipc reset)
[EXP] [ERASE] ch=3 lun=4 pl=0 blk=97 pg=255 erase_cnt=8 (vpc/ipc reset)
[EXP] [ERASE] ch=3 lun=5 pl=0 blk=97 pg=255 erase_cnt=8 (vpc/ipc reset)
[EXP] [ERASE] ch=3 lun=6 pl=0 blk=97 pg=255 erase_cnt=8 (vpc/ipc reset)
[EXP] [ERASE] ch=3 lun=7 pl=0 blk=97 pg=255 erase_cnt=8 (vpc/ipc reset)
[EXP] [ERASE] ch=4 lun=0 pl=0 blk=97 pg=255 erase_cnt=8 (vpc/ipc reset)
[EXP] [ERASE] ch=4 lun=1 pl=0 blk=97 pg=255 erase_cnt=8 (vpc/ipc reset)
[EXP] [ERASE] ch=4 lun=2 pl=0 blk=97 pg=255 erase_cnt=8 (vpc/ipc reset)
[EXP] [ERASE] ch=4 lun=3 pl=0 blk=97 pg=255 erase_cnt=8 (vpc/ipc reset)
[EXP] [ERASE] ch=4 lun=4 pl=0 blk=97 pg=255 erase_cnt=8 (vpc/ipc reset)
[EXP] [ERASE] ch=4 lun=5 pl=0 blk=97 pg=255 erase_cnt=8 (vpc/ipc reset)
[EXP] [ERASE] ch=4 lun=6 pl=0 blk=97 pg=255 erase_cnt=8 (vpc/ipc reset)
[EXP] [ERASE] ch=4 lun=7 pl=0 blk=97 pg=255 erase_cnt=8 (vpc/ipc reset)
[EXP] [ERASE] ch=5 lun=0 pl=0 blk=97 pg=255 erase_cnt=8 (vpc/ipc reset)
[EXP] [ERASE] ch=5 lun=1 pl=0 blk=97 pg=255 erase_cnt=8 (vpc/ipc reset)
[EXP] [ERASE] ch=5 lun=2 pl=0 blk=97 pg=255 erase_cnt=8 (vpc/ipc reset)
[EXP] [ERASE] ch=5 lun=3 pl=0 blk=97 pg=255 erase_cnt=8 (vpc/ipc reset)
[EXP] [ERASE] ch=5 lun=4 pl=0 blk=97 pg=255 erase_cnt=8 (vpc/ipc reset)
[EXP] [ERASE] ch=5 lun=5 pl=0 blk=97 pg=255 erase_cnt=8 (vpc/ipc reset)
[EXP] [ERASE] ch=5 lun=6 pl=0 blk=97 pg=255 erase_cnt=8 (vpc/ipc reset)
[EXP] [ERASE] ch=5 lun=7 pl=0 blk=97 pg=255 erase_cnt=8 (vpc/ipc reset)
[EXP] [ERASE] ch=6 lun=0 pl=0 blk=97 pg=255 erase_cnt=8 (vpc/ipc reset)
[EXP] [ERASE] ch=6 lun=1 pl=0 blk=97 pg=255 erase_cnt=8 (vpc/ipc reset)
[EXP] [ERASE] ch=6 lun=2 pl=0 blk=97 pg=255 erase_cnt=8 (vpc/ipc reset)
[EXP] [ERASE] ch=6 lun=3 pl=0 blk=97 pg=255 erase_cnt=8 (vpc/ipc reset)
[EXP] [ERASE] ch=6 lun=4 pl=0 blk=97 pg=255 erase_cnt=8 (vpc/ipc reset)
[EXP] [ERASE] ch=6 lun=5 pl=0 blk=97 pg=255 erase_cnt=8 (vpc/ipc reset)
[EXP] [ERASE] ch=6 lun=6 pl=0 blk=97 pg=255 erase_cnt=8 (vpc/ipc reset)
[EXP] [ERASE] ch=6 lun=7 pl=0 blk=97 pg=255 erase_cnt=8 (vpc/ipc reset)
[EXP] [ERASE] ch=7 lun=0 pl=0 blk=97 pg=255 erase_cnt=8 (vpc/ipc reset)
[EXP] [ERASE] ch=7 lun=1 pl=0 blk=97 pg=255 erase_cnt=8 (vpc/ipc reset)
[EXP] [ERASE] ch=7 lun=2 pl=0 blk=97 pg=255 erase_cnt=8 (vpc/ipc reset)
[EXP] [ERASE] ch=7 lun=3 pl=0 blk=97 pg=255 erase_cnt=8 (vpc/ipc reset)
[EXP] [ERASE] ch=7 lun=4 pl=0 blk=97 pg=255 erase_cnt=8 (vpc/ipc reset)
[EXP] [ERASE] ch=7 lun=5 pl=0 blk=97 pg=255 erase_cnt=8 (vpc/ipc reset)
[EXP] [ERASE] ch=7 lun=6 pl=0 blk=97 pg=255 erase_cnt=8 (vpc/ipc reset)
[EXP] [ERASE] ch=7 lun=7 pl=0 blk=97 pg=255 erase_cnt=8 (vpc/ipc reset)
[EXP] [ERASE] ch=0 lun=0 pl=0 blk=48 pg=255 erase_cnt=3 (vpc/ipc reset)
[EXP] [ERASE] ch=0 lun=1 pl=0 blk=48 pg=255 erase_cnt=3 (vpc/ipc reset)
[EXP] [ERASE] ch=0 lun=2 pl=0 blk=48 pg=255 erase_cnt=3 (vpc/ipc reset)
[EXP] [ERASE] ch=0 lun=3 pl=0 blk=48 pg=255 erase_cnt=3 (vpc/ipc reset)
[EXP] [ERASE] ch=0 lun=4 pl=0 blk=48 pg=255 erase_cnt=3 (vpc/ipc reset)
[EXP] [ERASE] ch=0 lun=5 pl=0 blk=48 pg=255 erase_cnt=3 (vpc/ipc reset)
[EXP] [ERASE] ch=0 lun=6 pl=0 blk=48 pg=255 erase_cnt=3 (vpc/ipc reset)
[EXP] [ERASE] ch=0 lun=7 pl=0 blk=48 pg=255 erase_cnt=3 (vpc/ipc reset)
[EXP] [ERASE] ch=1 lun=0 pl=0 blk=48 pg=255 erase_cnt=3 (vpc/ipc reset)
[EXP] [ERASE] ch=1 lun=1 pl=0 blk=48 pg=255 erase_cnt=3 (vpc/ipc reset)
[EXP] [ERASE] ch=1 lun=2 pl=0 blk=48 pg=255 erase_cnt=3 (vpc/ipc reset)
[EXP] [ERASE] ch=1 lun=3 pl=0 blk=48 pg=255 erase_cnt=3 (vpc/ipc reset)
[EXP] [ERASE] ch=1 lun=4 pl=0 blk=48 pg=255 erase_cnt=3 (vpc/ipc reset)
[EXP] [ERASE] ch=1 lun=5 pl=0 blk=48 pg=255 erase_cnt=3 (vpc/ipc reset)
[EXP] [ERASE] ch=1 lun=6 pl=0 blk=48 pg=255 erase_cnt=3 (vpc/ipc reset)
[EXP] [ERASE] ch=1 lun=7 pl=0 blk=48 pg=255 erase_cnt=3 (vpc/ipc reset)
[EXP] [ERASE] ch=2 lun=0 pl=0 blk=48 pg=255 erase_cnt=3 (vpc/ipc reset)
[EXP] [ERASE] ch=2 lun=1 pl=0 blk=48 pg=255 erase_cnt=3 (vpc/ipc reset)
[EXP] [ERASE] ch=2 lun=2 pl=0 blk=48 pg=255 erase_cnt=3 (vpc/ipc reset)
[EXP] [ERASE] ch=2 lun=3 pl=0 blk=48 pg=255 erase_cnt=3 (vpc/ipc reset)
[EXP] [ERASE] ch=2 lun=4 pl=0 blk=48 pg=255 erase_cnt=3 (vpc/ipc reset)
[EXP] [ERASE] ch=2 lun=5 pl=0 blk=48 pg=255 erase_cnt=3 (vpc/ipc reset)
[EXP] [ERASE] ch=2 lun=6 pl=0 blk=48 pg=255 erase_cnt=3 (vpc/ipc reset)
[EXP] [ERASE] ch=2 lun=7 pl=0 blk=48 pg=255 erase_cnt=3 (vpc/ipc reset)
[EXP] [ERASE] ch=3 lun=0 pl=0 blk=48 pg=255 erase_cnt=3 (vpc/ipc reset)
[EXP] [ERASE] ch=3 lun=1 pl=0 blk=48 pg=255 erase_cnt=3 (vpc/ipc reset)
[EXP] [ERASE] ch=3 lun=2 pl=0 blk=48 pg=255 erase_cnt=3 (vpc/ipc reset)
[EXP] [ERASE] ch=3 lun=3 pl=0 blk=48 pg=255 erase_cnt=3 (vpc/ipc reset)
[EXP] [ERASE] ch=3 lun=4 pl=0 blk=48 pg=255 erase_cnt=3 (vpc/ipc reset)
[EXP] [ERASE] ch=3 lun=5 pl=0 blk=48 pg=255 erase_cnt=3 (vpc/ipc reset)
[EXP] [ERASE] ch=3 lun=6 pl=0 blk=48 pg=255 erase_cnt=3 (vpc/ipc reset)
[EXP] [ERASE] ch=3 lun=7 pl=0 blk=48 pg=255 erase_cnt=3 (vpc/ipc reset)
[EXP] [ERASE] ch=4 lun=0 pl=0 blk=48 pg=255 erase_cnt=3 (vpc/ipc reset)
[EXP] [ERASE] ch=4 lun=1 pl=0 blk=48 pg=255 erase_cnt=3 (vpc/ipc reset)
[EXP] [ERASE] ch=4 lun=2 pl=0 blk=48 pg=255 erase_cnt=3 (vpc/ipc reset)
[EXP] [ERASE] ch=4 lun=3 pl=0 blk=48 pg=255 erase_cnt=3 (vpc/ipc reset)
[EXP] [ERASE] ch=4 lun=4 pl=0 blk=48 pg=255 erase_cnt=3 (vpc/ipc reset)
[EXP] [ERASE] ch=4 lun=5 pl=0 blk=48 pg=255 erase_cnt=3 (vpc/ipc reset)
[EXP] [ERASE] ch=4 lun=6 pl=0 blk=48 pg=255 erase_cnt=3 (vpc/ipc reset)
[EXP] [ERASE] ch=4 lun=7 pl=0 blk=48 pg=255 erase_cnt=3 (vpc/ipc reset)
[EXP] [ERASE] ch=5 lun=0 pl=0 blk=48 pg=255 erase_cnt=3 (vpc/ipc reset)
[EXP] [ERASE] ch=5 lun=1 pl=0 blk=48 pg=255 erase_cnt=3 (vpc/ipc reset)
[EXP] [ERASE] ch=5 lun=2 pl=0 blk=48 pg=255 erase_cnt=3 (vpc/ipc reset)
[EXP] [ERASE] ch=5 lun=3 pl=0 blk=48 pg=255 erase_cnt=3 (vpc/ipc reset)
[EXP] [ERASE] ch=5 lun=4 pl=0 blk=48 pg=255 erase_cnt=3 (vpc/ipc reset)
[EXP] [ERASE] ch=5 lun=5 pl=0 blk=48 pg=255 erase_cnt=3 (vpc/ipc reset)
[EXP] [ERASE] ch=5 lun=6 pl=0 blk=48 pg=255 erase_cnt=3 (vpc/ipc reset)
[EXP] [ERASE] ch=5 lun=7 pl=0 blk=48 pg=255 erase_cnt=3 (vpc/ipc reset)
[EXP] [ERASE] ch=6 lun=0 pl=0 blk=48 pg=255 erase_cnt=3 (vpc/ipc reset)
[EXP] [ERASE] ch=6 lun=1 pl=0 blk=48 pg=255 erase_cnt=3 (vpc/ipc reset)
[EXP] [ERASE] ch=6 lun=2 pl=0 blk=48 pg=255 erase_cnt=3 (vpc/ipc reset)
[EXP] [ERASE] ch=6 lun=3 pl=0 blk=48 pg=255 erase_cnt=3 (vpc/ipc reset)
[EXP] [ERASE] ch=6 lun=4 pl=0 blk=48 pg=255 erase_cnt=3 (vpc/ipc reset)
[EXP] [ERASE] ch=6 lun=5 pl=0 blk=48 pg=255 erase_cnt=3 (vpc/ipc reset)
[EXP] [ERASE] ch=6 lun=6 pl=0 blk=48 pg=255 erase_cnt=3 (vpc/ipc reset)
[EXP] [ERASE] ch=6 lun=7 pl=0 blk=48 pg=255 erase_cnt=3 (vpc/ipc reset)
[EXP] [ERASE] ch=7 lun=0 pl=0 blk=48 pg=255 erase_cnt=3 (vpc/ipc reset)
[EXP] [ERASE] ch=7 lun=1 pl=0 blk=48 pg=255 erase_cnt=3 (vpc/ipc reset)
[EXP] [ERASE] ch=7 lun=2 pl=0 blk=48 pg=255 erase_cnt=3 (vpc/ipc reset)
[EXP] [ERASE] ch=7 lun=3 pl=0 blk=48 pg=255 erase_cnt=3 (vpc/ipc reset)
[EXP] [ERASE] ch=7 lun=4 pl=0 blk=48 pg=255 erase_cnt=3 (vpc/ipc reset)
[EXP] [ERASE] ch=7 lun=5 pl=0 blk=48 pg=255 erase_cnt=3 (vpc/ipc reset)
[EXP] [ERASE] ch=7 lun=6 pl=0 blk=48 pg=255 erase_cnt=3 (vpc/ipc reset)
[EXP] [ERASE] ch=7 lun=7 pl=0 blk=48 pg=255 erase_cnt=3 (vpc/ipc reset)
[EXP] [ERASE] ch=0 lun=0 pl=0 blk=102 pg=255 erase_cnt=4 (vpc/ipc reset)
[EXP] [ERASE] ch=0 lun=1 pl=0 blk=102 pg=255 erase_cnt=4 (vpc/ipc reset)
[EXP] [ERASE] ch=0 lun=2 pl=0 blk=102 pg=255 erase_cnt=4 (vpc/ipc reset)
[EXP] [ERASE] ch=0 lun=3 pl=0 blk=102 pg=255 erase_cnt=4 (vpc/ipc reset)
[EXP] [ERASE] ch=0 lun=4 pl=0 blk=102 pg=255 erase_cnt=4 (vpc/ipc reset)
[EXP] [ERASE] ch=0 lun=5 pl=0 blk=102 pg=255 erase_cnt=4 (vpc/ipc reset)
[EXP] [ERASE] ch=0 lun=6 pl=0 blk=102 pg=255 erase_cnt=4 (vpc/ipc reset)
[EXP] [ERASE] ch=0 lun=7 pl=0 blk=102 pg=255 erase_cnt=4 (vpc/ipc reset)
[EXP] [ERASE] ch=1 lun=0 pl=0 blk=102 pg=255 erase_cnt=4 (vpc/ipc reset)
[EXP] [ERASE] ch=1 lun=1 pl=0 blk=102 pg=255 erase_cnt=4 (vpc/ipc reset)
[EXP] [ERASE] ch=1 lun=2 pl=0 blk=102 pg=255 erase_cnt=4 (vpc/ipc reset)
[EXP] [ERASE] ch=1 lun=3 pl=0 blk=102 pg=255 erase_cnt=4 (vpc/ipc reset)
[EXP] [ERASE] ch=1 lun=4 pl=0 blk=102 pg=255 erase_cnt=4 (vpc/ipc reset)
[EXP] [ERASE] ch=1 lun=5 pl=0 blk=102 pg=255 erase_cnt=4 (vpc/ipc reset)
[EXP] [ERASE] ch=1 lun=6 pl=0 blk=102 pg=255 erase_cnt=4 (vpc/ipc reset)
[EXP] [ERASE] ch=1 lun=7 pl=0 blk=102 pg=255 erase_cnt=4 (vpc/ipc reset)
[EXP] [ERASE] ch=2 lun=0 pl=0 blk=102 pg=255 erase_cnt=4 (vpc/ipc reset)
[EXP] [ERASE] ch=2 lun=1 pl=0 blk=102 pg=255 erase_cnt=4 (vpc/ipc reset)
[EXP] [ERASE] ch=2 lun=2 pl=0 blk=102 pg=255 erase_cnt=4 (vpc/ipc reset)
[EXP] [ERASE] ch=2 lun=3 pl=0 blk=102 pg=255 erase_cnt=4 (vpc/ipc reset)
[EXP] [ERASE] ch=2 lun=4 pl=0 blk=102 pg=255 erase_cnt=4 (vpc/ipc reset)
[EXP] [ERASE] ch=2 lun=5 pl=0 blk=102 pg=255 erase_cnt=4 (vpc/ipc reset)
[EXP] [ERASE] ch=2 lun=6 pl=0 blk=102 pg=255 erase_cnt=4 (vpc/ipc reset)
[EXP] [ERASE] ch=2 lun=7 pl=0 blk=102 pg=255 erase_cnt=4 (vpc/ipc reset)
[EXP] [ERASE] ch=3 lun=0 pl=0 blk=102 pg=255 erase_cnt=4 (vpc/ipc reset)
[EXP] [ERASE] ch=3 lun=1 pl=0 blk=102 pg=255 erase_cnt=4 (vpc/ipc reset)
[EXP] [ERASE] ch=3 lun=2 pl=0 blk=102 pg=255 erase_cnt=4 (vpc/ipc reset)
[EXP] [ERASE] ch=3 lun=3 pl=0 blk=102 pg=255 erase_cnt=4 (vpc/ipc reset)
[EXP] [ERASE] ch=3 lun=4 pl=0 blk=102 pg=255 erase_cnt=4 (vpc/ipc reset)
[EXP] [ERASE] ch=3 lun=5 pl=0 blk=102 pg=255 erase_cnt=4 (vpc/ipc reset)
[EXP] [ERASE] ch=3 lun=6 pl=0 blk=102 pg=255 erase_cnt=4 (vpc/ipc reset)
[EXP] [ERASE] ch=3 lun=7 pl=0 blk=102 pg=255 erase_cnt=4 (vpc/ipc reset)
[EXP] [ERASE] ch=4 lun=0 pl=0 blk=102 pg=255 erase_cnt=4 (vpc/ipc reset)
[EXP] [ERASE] ch=4 lun=1 pl=0 blk=102 pg=255 erase_cnt=4 (vpc/ipc reset)
[EXP] [ERASE] ch=4 lun=2 pl=0 blk=102 pg=255 erase_cnt=4 (vpc/ipc reset)
[EXP] [ERASE] ch=4 lun=3 pl=0 blk=102 pg=255 erase_cnt=4 (vpc/ipc reset)
[EXP] [ERASE] ch=4 lun=4 pl=0 blk=102 pg=255 erase_cnt=4 (vpc/ipc reset)
[EXP] [ERASE] ch=4 lun=5 pl=0 blk=102 pg=255 erase_cnt=4 (vpc/ipc reset)
[EXP] [ERASE] ch=4 lun=6 pl=0 blk=102 pg=255 erase_cnt=4 (vpc/ipc reset)
[EXP] [ERASE] ch=4 lun=7 pl=0 blk=102 pg=255 erase_cnt=4 (vpc/ipc reset)
[EXP] [ERASE] ch=5 lun=0 pl=0 blk=102 pg=255 erase_cnt=4 (vpc/ipc reset)
[EXP] [ERASE] ch=5 lun=1 pl=0 blk=102 pg=255 erase_cnt=4 (vpc/ipc reset)
[EXP] [ERASE] ch=5 lun=2 pl=0 blk=102 pg=255 erase_cnt=4 (vpc/ipc reset)
[EXP] [ERASE] ch=5 lun=3 pl=0 blk=102 pg=255 erase_cnt=4 (vpc/ipc reset)
[EXP] [ERASE] ch=5 lun=4 pl=0 blk=102 pg=255 erase_cnt=4 (vpc/ipc reset)
[EXP] [ERASE] ch=5 lun=5 pl=0 blk=102 pg=255 erase_cnt=4 (vpc/ipc reset)
[EXP] [ERASE] ch=5 lun=6 pl=0 blk=102 pg=255 erase_cnt=4 (vpc/ipc reset)
[EXP] [ERASE] ch=5 lun=7 pl=0 blk=102 pg=255 erase_cnt=4 (vpc/ipc reset)
[EXP] [ERASE] ch=6 lun=0 pl=0 blk=102 pg=255 erase_cnt=4 (vpc/ipc reset)
[EXP] [ERASE] ch=6 lun=1 pl=0 blk=102 pg=255 erase_cnt=4 (vpc/ipc reset)
[EXP] [ERASE] ch=6 lun=2 pl=0 blk=102 pg=255 erase_cnt=4 (vpc/ipc reset)
[EXP] [ERASE] ch=6 lun=3 pl=0 blk=102 pg=255 erase_cnt=4 (vpc/ipc reset)
[EXP] [ERASE] ch=6 lun=4 pl=0 blk=102 pg=255 erase_cnt=4 (vpc/ipc reset)
[EXP] [ERASE] ch=6 lun=5 pl=0 blk=102 pg=255 erase_cnt=4 (vpc/ipc reset)
[EXP] [ERASE] ch=6 lun=6 pl=0 blk=102 pg=255 erase_cnt=4 (vpc/ipc reset)
[EXP] [ERASE] ch=6 lun=7 pl=0 blk=102 pg=255 erase_cnt=4 (vpc/ipc reset)
[EXP] [ERASE] ch=7 lun=0 pl=0 blk=102 pg=255 erase_cnt=4 (vpc/ipc reset)
[EXP] [ERASE] ch=7 lun=1 pl=0 blk=102 pg=255 erase_cnt=4 (vpc/ipc reset)
[EXP] [ERASE] ch=7 lun=2 pl=0 blk=102 pg=255 erase_cnt=4 (vpc/ipc reset)
[EXP] [ERASE] ch=7 lun=3 pl=0 blk=102 pg=255 erase_cnt=4 (vpc/ipc reset)
[EXP] [ERASE] ch=7 lun=4 pl=0 blk=102 pg=255 erase_cnt=4 (vpc/ipc reset)
[EXP] [ERASE] ch=7 lun=5 pl=0 blk=102 pg=255 erase_cnt=4 (vpc/ipc reset)
[EXP] [ERASE] ch=7 lun=6 pl=0 blk=102 pg=255 erase_cnt=4 (vpc/ipc reset)
[EXP] [ERASE] ch=7 lun=7 pl=0 blk=102 pg=255 erase_cnt=4 (vpc/ipc reset)
[EXP] [ERASE] ch=0 lun=0 pl=0 blk=100 pg=255 erase_cnt=5 (vpc/ipc reset)
[EXP] [ERASE] ch=0 lun=1 pl=0 blk=100 pg=255 erase_cnt=5 (vpc/ipc reset)
[EXP] [ERASE] ch=0 lun=2 pl=0 blk=100 pg=255 erase_cnt=5 (vpc/ipc reset)
[EXP] [ERASE] ch=0 lun=3 pl=0 blk=100 pg=255 erase_cnt=5 (vpc/ipc reset)
[EXP] [ERASE] ch=0 lun=4 pl=0 blk=100 pg=255 erase_cnt=5 (vpc/ipc reset)
[EXP] [ERASE] ch=0 lun=5 pl=0 blk=100 pg=255 erase_cnt=5 (vpc/ipc reset)
[EXP] [ERASE] ch=0 lun=6 pl=0 blk=100 pg=255 erase_cnt=5 (vpc/ipc reset)
[EXP] [ERASE] ch=0 lun=7 pl=0 blk=100 pg=255 erase_cnt=5 (vpc/ipc reset)
[EXP] [ERASE] ch=1 lun=0 pl=0 blk=100 pg=255 erase_cnt=5 (vpc/ipc reset)
[EXP] [ERASE] ch=1 lun=1 pl=0 blk=100 pg=255 erase_cnt=5 (vpc/ipc reset)
[EXP] [ERASE] ch=1 lun=2 pl=0 blk=100 pg=255 erase_cnt=5 (vpc/ipc reset)
[EXP] [ERASE] ch=1 lun=3 pl=0 blk=100 pg=255 erase_cnt=5 (vpc/ipc reset)
[EXP] [ERASE] ch=1 lun=4 pl=0 blk=100 pg=255 erase_cnt=5 (vpc/ipc reset)
[EXP] [ERASE] ch=1 lun=5 pl=0 blk=100 pg=255 erase_cnt=5 (vpc/ipc reset)
[EXP] [ERASE] ch=1 lun=6 pl=0 blk=100 pg=255 erase_cnt=5 (vpc/ipc reset)
[EXP] [ERASE] ch=1 lun=7 pl=0 blk=100 pg=255 erase_cnt=5 (vpc/ipc reset)
[EXP] [ERASE] ch=2 lun=0 pl=0 blk=100 pg=255 erase_cnt=5 (vpc/ipc reset)
[EXP] [ERASE] ch=2 lun=1 pl=0 blk=100 pg=255 erase_cnt=5 (vpc/ipc reset)
[EXP] [ERASE] ch=2 lun=2 pl=0 blk=100 pg=255 erase_cnt=5 (vpc/ipc reset)
[EXP] [ERASE] ch=2 lun=3 pl=0 blk=100 pg=255 erase_cnt=5 (vpc/ipc reset)
[EXP] [ERASE] ch=2 lun=4 pl=0 blk=100 pg=255 erase_cnt=5 (vpc/ipc reset)
[EXP] [ERASE] ch=2 lun=5 pl=0 blk=100 pg=255 erase_cnt=5 (vpc/ipc reset)
[EXP] [ERASE] ch=2 lun=6 pl=0 blk=100 pg=255 erase_cnt=5 (vpc/ipc reset)
[EXP] [ERASE] ch=2 lun=7 pl=0 blk=100 pg=255 erase_cnt=5 (vpc/ipc reset)
[EXP] [ERASE] ch=3 lun=0 pl=0 blk=100 pg=255 erase_cnt=5 (vpc/ipc reset)
[EXP] [ERASE] ch=3 lun=1 pl=0 blk=100 pg=255 erase_cnt=5 (vpc/ipc reset)
[EXP] [ERASE] ch=3 lun=2 pl=0 blk=100 pg=255 erase_cnt=5 (vpc/ipc reset)
[EXP] [ERASE] ch=3 lun=3 pl=0 blk=100 pg=255 erase_cnt=5 (vpc/ipc reset)
[EXP] [ERASE] ch=3 lun=4 pl=0 blk=100 pg=255 erase_cnt=5 (vpc/ipc reset)
[EXP] [ERASE] ch=3 lun=5 pl=0 blk=100 pg=255 erase_cnt=5 (vpc/ipc reset)
[EXP] [ERASE] ch=3 lun=6 pl=0 blk=100 pg=255 erase_cnt=5 (vpc/ipc reset)
[EXP] [ERASE] ch=3 lun=7 pl=0 blk=100 pg=255 erase_cnt=5 (vpc/ipc reset)
[EXP] [ERASE] ch=4 lun=0 pl=0 blk=100 pg=255 erase_cnt=5 (vpc/ipc reset)
[EXP] [ERASE] ch=4 lun=1 pl=0 blk=100 pg=255 erase_cnt=5 (vpc/ipc reset)
[EXP] [ERASE] ch=4 lun=2 pl=0 blk=100 pg=255 erase_cnt=5 (vpc/ipc reset)
[EXP] [ERASE] ch=4 lun=3 pl=0 blk=100 pg=255 erase_cnt=5 (vpc/ipc reset)
[EXP] [ERASE] ch=4 lun=4 pl=0 blk=100 pg=255 erase_cnt=5 (vpc/ipc reset)
[EXP] [ERASE] ch=4 lun=5 pl=0 blk=100 pg=255 erase_cnt=5 (vpc/ipc reset)
[EXP] [ERASE] ch=4 lun=6 pl=0 blk=100 pg=255 erase_cnt=5 (vpc/ipc reset)
[EXP] [ERASE] ch=4 lun=7 pl=0 blk=100 pg=255 erase_cnt=5 (vpc/ipc reset)
[EXP] [ERASE] ch=5 lun=0 pl=0 blk=100 pg=255 erase_cnt=5 (vpc/ipc reset)
[EXP] [ERASE] ch=5 lun=1 pl=0 blk=100 pg=255 erase_cnt=5 (vpc/ipc reset)
[EXP] [ERASE] ch=5 lun=2 pl=0 blk=100 pg=255 erase_cnt=5 (vpc/ipc reset)
[EXP] [ERASE] ch=5 lun=3 pl=0 blk=100 pg=255 erase_cnt=5 (vpc/ipc reset)
[EXP] [ERASE] ch=5 lun=4 pl=0 blk=100 pg=255 erase_cnt=5 (vpc/ipc reset)
[EXP] [ERASE] ch=5 lun=5 pl=0 blk=100 pg=255 erase_cnt=5 (vpc/ipc reset)
[EXP] [ERASE] ch=5 lun=6 pl=0 blk=100 pg=255 erase_cnt=5 (vpc/ipc reset)
[EXP] [ERASE] ch=5 lun=7 pl=0 blk=100 pg=255 erase_cnt=5 (vpc/ipc reset)
[EXP] [ERASE] ch=6 lun=0 pl=0 blk=100 pg=255 erase_cnt=5 (vpc/ipc reset)
[EXP] [ERASE] ch=6 lun=1 pl=0 blk=100 pg=255 erase_cnt=5 (vpc/ipc reset)
[EXP] [ERASE] ch=6 lun=2 pl=0 blk=100 pg=255 erase_cnt=5 (vpc/ipc reset)
[EXP] [ERASE] ch=6 lun=3 pl=0 blk=100 pg=255 erase_cnt=5 (vpc/ipc reset)
[EXP] [ERASE] ch=6 lun=4 pl=0 blk=100 pg=255 erase_cnt=5 (vpc/ipc reset)
[EXP] [ERASE] ch=6 lun=5 pl=0 blk=100 pg=255 erase_cnt=5 (vpc/ipc reset)
[EXP] [ERASE] ch=6 lun=6 pl=0 blk=100 pg=255 erase_cnt=5 (vpc/ipc reset)
[EXP] [ERASE] ch=6 lun=7 pl=0 blk=100 pg=255 erase_cnt=5 (vpc/ipc reset)
[EXP] [ERASE] ch=7 lun=0 pl=0 blk=100 pg=255 erase_cnt=5 (vpc/ipc reset)
[EXP] [ERASE] ch=7 lun=1 pl=0 blk=100 pg=255 erase_cnt=5 (vpc/ipc reset)
[EXP] [ERASE] ch=7 lun=2 pl=0 blk=100 pg=255 erase_cnt=5 (vpc/ipc reset)
[EXP] [ERASE] ch=7 lun=3 pl=0 blk=100 pg=255 erase_cnt=5 (vpc/ipc reset)
[EXP] [ERASE] ch=7 lun=4 pl=0 blk=100 pg=255 erase_cnt=5 (vpc/ipc reset)
[EXP] [ERASE] ch=7 lun=5 pl=0 blk=100 pg=255 erase_cnt=5 (vpc/ipc reset)
[EXP] [ERASE] ch=7 lun=6 pl=0 blk=100 pg=255 erase_cnt=5 (vpc/ipc reset)
[EXP] [ERASE] ch=7 lun=7 pl=0 blk=100 pg=255 erase_cnt=5 (vpc/ipc reset)
[EXP] [ERASE] ch=0 lun=0 pl=0 blk=48 pg=255 erase_cnt=4 (vpc/ipc reset)
[EXP] [ERASE] ch=0 lun=1 pl=0 blk=48 pg=255 erase_cnt=4 (vpc/ipc reset)
[EXP] [ERASE] ch=0 lun=2 pl=0 blk=48 pg=255 erase_cnt=4 (vpc/ipc reset)
[EXP] [ERASE] ch=0 lun=3 pl=0 blk=48 pg=255 erase_cnt=4 (vpc/ipc reset)
[EXP] [ERASE] ch=0 lun=4 pl=0 blk=48 pg=255 erase_cnt=4 (vpc/ipc reset)
[EXP] [ERASE] ch=0 lun=5 pl=0 blk=48 pg=255 erase_cnt=4 (vpc/ipc reset)
[EXP] [ERASE] ch=0 lun=6 pl=0 blk=48 pg=255 erase_cnt=4 (vpc/ipc reset)
[EXP] [ERASE] ch=0 lun=7 pl=0 blk=48 pg=255 erase_cnt=4 (vpc/ipc reset)
[EXP] [ERASE] ch=1 lun=0 pl=0 blk=48 pg=255 erase_cnt=4 (vpc/ipc reset)
[EXP] [ERASE] ch=1 lun=1 pl=0 blk=48 pg=255 erase_cnt=4 (vpc/ipc reset)
[EXP] [ERASE] ch=1 lun=2 pl=0 blk=48 pg=255 erase_cnt=4 (vpc/ipc reset)
[EXP] [ERASE] ch=1 lun=3 pl=0 blk=48 pg=255 erase_cnt=4 (vpc/ipc reset)
[EXP] [ERASE] ch=1 lun=4 pl=0 blk=48 pg=255 erase_cnt=4 (vpc/ipc reset)
[EXP] [ERASE] ch=1 lun=5 pl=0 blk=48 pg=255 erase_cnt=4 (vpc/ipc reset)
[EXP] [ERASE] ch=1 lun=6 pl=0 blk=48 pg=255 erase_cnt=4 (vpc/ipc reset)
[EXP] [ERASE] ch=1 lun=7 pl=0 blk=48 pg=255 erase_cnt=4 (vpc/ipc reset)
[EXP] [ERASE] ch=2 lun=0 pl=0 blk=48 pg=255 erase_cnt=4 (vpc/ipc reset)
[EXP] [ERASE] ch=2 lun=1 pl=0 blk=48 pg=255 erase_cnt=4 (vpc/ipc reset)
[EXP] [ERASE] ch=2 lun=2 pl=0 blk=48 pg=255 erase_cnt=4 (vpc/ipc reset)
[EXP] [ERASE] ch=2 lun=3 pl=0 blk=48 pg=255 erase_cnt=4 (vpc/ipc reset)
[EXP] [ERASE] ch=2 lun=4 pl=0 blk=48 pg=255 erase_cnt=4 (vpc/ipc reset)
[EXP] [ERASE] ch=2 lun=5 pl=0 blk=48 pg=255 erase_cnt=4 (vpc/ipc reset)
[EXP] [ERASE] ch=2 lun=6 pl=0 blk=48 pg=255 erase_cnt=4 (vpc/ipc reset)
[EXP] [ERASE] ch=2 lun=7 pl=0 blk=48 pg=255 erase_cnt=4 (vpc/ipc reset)
[EXP] [ERASE] ch=3 lun=0 pl=0 blk=48 pg=255 erase_cnt=4 (vpc/ipc reset)
[EXP] [ERASE] ch=3 lun=1 pl=0 blk=48 pg=255 erase_cnt=4 (vpc/ipc reset)
[EXP] [ERASE] ch=3 lun=2 pl=0 blk=48 pg=255 erase_cnt=4 (vpc/ipc reset)
[EXP] [ERASE] ch=3 lun=3 pl=0 blk=48 pg=255 erase_cnt=4 (vpc/ipc reset)
[EXP] [ERASE] ch=3 lun=4 pl=0 blk=48 pg=255 erase_cnt=4 (vpc/ipc reset)
[EXP] [ERASE] ch=3 lun=5 pl=0 blk=48 pg=255 erase_cnt=4 (vpc/ipc reset)
[EXP] [ERASE] ch=3 lun=6 pl=0 blk=48 pg=255 erase_cnt=4 (vpc/ipc reset)
[EXP] [ERASE] ch=3 lun=7 pl=0 blk=48 pg=255 erase_cnt=4 (vpc/ipc reset)
[EXP] [ERASE] ch=4 lun=0 pl=0 blk=48 pg=255 erase_cnt=4 (vpc/ipc reset)
[EXP] [ERASE] ch=4 lun=1 pl=0 blk=48 pg=255 erase_cnt=4 (vpc/ipc reset)
[EXP] [ERASE] ch=4 lun=2 pl=0 blk=48 pg=255 erase_cnt=4 (vpc/ipc reset)
[EXP] [ERASE] ch=4 lun=3 pl=0 blk=48 pg=255 erase_cnt=4 (vpc/ipc reset)
[EXP] [ERASE] ch=4 lun=4 pl=0 blk=48 pg=255 erase_cnt=4 (vpc/ipc reset)
[EXP] [ERASE] ch=4 lun=5 pl=0 blk=48 pg=255 erase_cnt=4 (vpc/ipc reset)
[EXP] [ERASE] ch=4 lun=6 pl=0 blk=48 pg=255 erase_cnt=4 (vpc/ipc reset)
[EXP] [ERASE] ch=4 lun=7 pl=0 blk=48 pg=255 erase_cnt=4 (vpc/ipc reset)
[EXP] [ERASE] ch=5 lun=0 pl=0 blk=48 pg=255 erase_cnt=4 (vpc/ipc reset)
[EXP] [ERASE] ch=5 lun=1 pl=0 blk=48 pg=255 erase_cnt=4 (vpc/ipc reset)
[EXP] [ERASE] ch=5 lun=2 pl=0 blk=48 pg=255 erase_cnt=4 (vpc/ipc reset)
[EXP] [ERASE] ch=5 lun=3 pl=0 blk=48 pg=255 erase_cnt=4 (vpc/ipc reset)
[EXP] [ERASE] ch=5 lun=4 pl=0 blk=48 pg=255 erase_cnt=4 (vpc/ipc reset)
[EXP] [ERASE] ch=5 lun=5 pl=0 blk=48 pg=255 erase_cnt=4 (vpc/ipc reset)
[EXP] [ERASE] ch=5 lun=6 pl=0 blk=48 pg=255 erase_cnt=4 (vpc/ipc reset)
[EXP] [ERASE] ch=5 lun=7 pl=0 blk=48 pg=255 erase_cnt=4 (vpc/ipc reset)
[EXP] [ERASE] ch=6 lun=0 pl=0 blk=48 pg=255 erase_cnt=4 (vpc/ipc reset)
[EXP] [ERASE] ch=6 lun=1 pl=0 blk=48 pg=255 erase_cnt=4 (vpc/ipc reset)
[EXP] [ERASE] ch=6 lun=2 pl=0 blk=48 pg=255 erase_cnt=4 (vpc/ipc reset)
[EXP] [ERASE] ch=6 lun=3 pl=0 blk=48 pg=255 erase_cnt=4 (vpc/ipc reset)
[EXP] [ERASE] ch=6 lun=4 pl=0 blk=48 pg=255 erase_cnt=4 (vpc/ipc reset)
[EXP] [ERASE] ch=6 lun=5 pl=0 blk=48 pg=255 erase_cnt=4 (vpc/ipc reset)
[EXP] [ERASE] ch=6 lun=6 pl=0 blk=48 pg=255 erase_cnt=4 (vpc/ipc reset)
[EXP] [ERASE] ch=6 lun=7 pl=0 blk=48 pg=255 erase_cnt=4 (vpc/ipc reset)
[EXP] [ERASE] ch=7 lun=0 pl=0 blk=48 pg=255 erase_cnt=4 (vpc/ipc reset)
[EXP] [ERASE] ch=7 lun=1 pl=0 blk=48 pg=255 erase_cnt=4 (vpc/ipc reset)
[EXP] [ERASE] ch=7 lun=2 pl=0 blk=48 pg=255 erase_cnt=4 (vpc/ipc reset)
[EXP] [ERASE] ch=7 lun=3 pl=0 blk=48 pg=255 erase_cnt=4 (vpc/ipc reset)
[EXP] [ERASE] ch=7 lun=4 pl=0 blk=48 pg=255 erase_cnt=4 (vpc/ipc reset)
[EXP] [ERASE] ch=7 lun=5 pl=0 blk=48 pg=255 erase_cnt=4 (vpc/ipc reset)
[EXP] [ERASE] ch=7 lun=6 pl=0 blk=48 pg=255 erase_cnt=4 (vpc/ipc reset)
[EXP] [ERASE] ch=7 lun=7 pl=0 blk=48 pg=255 erase_cnt=4 (vpc/ipc reset)
[EXP] [ERASE] ch=0 lun=0 pl=0 blk=97 pg=255 erase_cnt=9 (vpc/ipc reset)
[EXP] [ERASE] ch=0 lun=1 pl=0 blk=97 pg=255 erase_cnt=9 (vpc/ipc reset)
[EXP] [ERASE] ch=0 lun=2 pl=0 blk=97 pg=255 erase_cnt=9 (vpc/ipc reset)
[EXP] [ERASE] ch=0 lun=3 pl=0 blk=97 pg=255 erase_cnt=9 (vpc/ipc reset)
[EXP] [ERASE] ch=0 lun=4 pl=0 blk=97 pg=255 erase_cnt=9 (vpc/ipc reset)
[EXP] [ERASE] ch=0 lun=5 pl=0 blk=97 pg=255 erase_cnt=9 (vpc/ipc reset)
[EXP] [ERASE] ch=0 lun=6 pl=0 blk=97 pg=255 erase_cnt=9 (vpc/ipc reset)
[EXP] [ERASE] ch=0 lun=7 pl=0 blk=97 pg=255 erase_cnt=9 (vpc/ipc reset)
[EXP] [ERASE] ch=1 lun=0 pl=0 blk=97 pg=255 erase_cnt=9 (vpc/ipc reset)
[EXP] [ERASE] ch=1 lun=1 pl=0 blk=97 pg=255 erase_cnt=9 (vpc/ipc reset)
[EXP] [ERASE] ch=1 lun=2 pl=0 blk=97 pg=255 erase_cnt=9 (vpc/ipc reset)
[EXP] [ERASE] ch=1 lun=3 pl=0 blk=97 pg=255 erase_cnt=9 (vpc/ipc reset)
[EXP] [ERASE] ch=1 lun=4 pl=0 blk=97 pg=255 erase_cnt=9 (vpc/ipc reset)
[EXP] [ERASE] ch=1 lun=5 pl=0 blk=97 pg=255 erase_cnt=9 (vpc/ipc reset)
[EXP] [ERASE] ch=1 lun=6 pl=0 blk=97 pg=255 erase_cnt=9 (vpc/ipc reset)
[EXP] [ERASE] ch=1 lun=7 pl=0 blk=97 pg=255 erase_cnt=9 (vpc/ipc reset)
[EXP] [ERASE] ch=2 lun=0 pl=0 blk=97 pg=255 erase_cnt=9 (vpc/ipc reset)
[EXP] [ERASE] ch=2 lun=1 pl=0 blk=97 pg=255 erase_cnt=9 (vpc/ipc reset)
[EXP] [ERASE] ch=2 lun=2 pl=0 blk=97 pg=255 erase_cnt=9 (vpc/ipc reset)
[EXP] [ERASE] ch=2 lun=3 pl=0 blk=97 pg=255 erase_cnt=9 (vpc/ipc reset)
[EXP] [ERASE] ch=2 lun=4 pl=0 blk=97 pg=255 erase_cnt=9 (vpc/ipc reset)
[EXP] [ERASE] ch=2 lun=5 pl=0 blk=97 pg=255 erase_cnt=9 (vpc/ipc reset)
[EXP] [ERASE] ch=2 lun=6 pl=0 blk=97 pg=255 erase_cnt=9 (vpc/ipc reset)
[EXP] [ERASE] ch=2 lun=7 pl=0 blk=97 pg=255 erase_cnt=9 (vpc/ipc reset)
[EXP] [ERASE] ch=3 lun=0 pl=0 blk=97 pg=255 erase_cnt=9 (vpc/ipc reset)
[EXP] [ERASE] ch=3 lun=1 pl=0 blk=97 pg=255 erase_cnt=9 (vpc/ipc reset)
[EXP] [ERASE] ch=3 lun=2 pl=0 blk=97 pg=255 erase_cnt=9 (vpc/ipc reset)
[EXP] [ERASE] ch=3 lun=3 pl=0 blk=97 pg=255 erase_cnt=9 (vpc/ipc reset)
[EXP] [ERASE] ch=3 lun=4 pl=0 blk=97 pg=255 erase_cnt=9 (vpc/ipc reset)
[EXP] [ERASE] ch=3 lun=5 pl=0 blk=97 pg=255 erase_cnt=9 (vpc/ipc reset)
[EXP] [ERASE] ch=3 lun=6 pl=0 blk=97 pg=255 erase_cnt=9 (vpc/ipc reset)
[EXP] [ERASE] ch=3 lun=7 pl=0 blk=97 pg=255 erase_cnt=9 (vpc/ipc reset)
[EXP] [ERASE] ch=4 lun=0 pl=0 blk=97 pg=255 erase_cnt=9 (vpc/ipc reset)
[EXP] [ERASE] ch=4 lun=1 pl=0 blk=97 pg=255 erase_cnt=9 (vpc/ipc reset)
[EXP] [ERASE] ch=4 lun=2 pl=0 blk=97 pg=255 erase_cnt=9 (vpc/ipc reset)
[EXP] [ERASE] ch=4 lun=3 pl=0 blk=97 pg=255 erase_cnt=9 (vpc/ipc reset)
[EXP] [ERASE] ch=4 lun=4 pl=0 blk=97 pg=255 erase_cnt=9 (vpc/ipc reset)
[EXP] [ERASE] ch=4 lun=5 pl=0 blk=97 pg=255 erase_cnt=9 (vpc/ipc reset)
[EXP] [ERASE] ch=4 lun=6 pl=0 blk=97 pg=255 erase_cnt=9 (vpc/ipc reset)
[EXP] [ERASE] ch=4 lun=7 pl=0 blk=97 pg=255 erase_cnt=9 (vpc/ipc reset)
[EXP] [ERASE] ch=5 lun=0 pl=0 blk=97 pg=255 erase_cnt=9 (vpc/ipc reset)
[EXP] [ERASE] ch=5 lun=1 pl=0 blk=97 pg=255 erase_cnt=9 (vpc/ipc reset)
[EXP] [ERASE] ch=5 lun=2 pl=0 blk=97 pg=255 erase_cnt=9 (vpc/ipc reset)
[EXP] [ERASE] ch=5 lun=3 pl=0 blk=97 pg=255 erase_cnt=9 (vpc/ipc reset)
[EXP] [ERASE] ch=5 lun=4 pl=0 blk=97 pg=255 erase_cnt=9 (vpc/ipc reset)
[EXP] [ERASE] ch=5 lun=5 pl=0 blk=97 pg=255 erase_cnt=9 (vpc/ipc reset)
[EXP] [ERASE] ch=5 lun=6 pl=0 blk=97 pg=255 erase_cnt=9 (vpc/ipc reset)
[EXP] [ERASE] ch=5 lun=7 pl=0 blk=97 pg=255 erase_cnt=9 (vpc/ipc reset)
[EXP] [ERASE] ch=6 lun=0 pl=0 blk=97 pg=255 erase_cnt=9 (vpc/ipc reset)
[EXP] [ERASE] ch=6 lun=1 pl=0 blk=97 pg=255 erase_cnt=9 (vpc/ipc reset)
[EXP] [ERASE] ch=6 lun=2 pl=0 blk=97 pg=255 erase_cnt=9 (vpc/ipc reset)
[EXP] [ERASE] ch=6 lun=3 pl=0 blk=97 pg=255 erase_cnt=9 (vpc/ipc reset)
[EXP] [ERASE] ch=6 lun=4 pl=0 blk=97 pg=255 erase_cnt=9 (vpc/ipc reset)
[EXP] [ERASE] ch=6 lun=5 pl=0 blk=97 pg=255 erase_cnt=9 (vpc/ipc reset)
[EXP] [ERASE] ch=6 lun=6 pl=0 blk=97 pg=255 erase_cnt=9 (vpc/ipc reset)
[EXP] [ERASE] ch=6 lun=7 pl=0 blk=97 pg=255 erase_cnt=9 (vpc/ipc reset)
[EXP] [ERASE] ch=7 lun=0 pl=0 blk=97 pg=255 erase_cnt=9 (vpc/ipc reset)
[EXP] [ERASE] ch=7 lun=1 pl=0 blk=97 pg=255 erase_cnt=9 (vpc/ipc reset)
[EXP] [ERASE] ch=7 lun=2 pl=0 blk=97 pg=255 erase_cnt=9 (vpc/ipc reset)
[EXP] [ERASE] ch=7 lun=3 pl=0 blk=97 pg=255 erase_cnt=9 (vpc/ipc reset)
[EXP] [ERASE] ch=7 lun=4 pl=0 blk=97 pg=255 erase_cnt=9 (vpc/ipc reset)
[EXP] [ERASE] ch=7 lun=5 pl=0 blk=97 pg=255 erase_cnt=9 (vpc/ipc reset)
[EXP] [ERASE] ch=7 lun=6 pl=0 blk=97 pg=255 erase_cnt=9 (vpc/ipc reset)
[EXP] [ERASE] ch=7 lun=7 pl=0 blk=97 pg=255 erase_cnt=9 (vpc/ipc reset)
[EXP] [ERASE] ch=0 lun=0 pl=0 blk=98 pg=255 erase_cnt=9 (vpc/ipc reset)
[EXP] [ERASE] ch=0 lun=1 pl=0 blk=98 pg=255 erase_cnt=9 (vpc/ipc reset)
[EXP] [ERASE] ch=0 lun=2 pl=0 blk=98 pg=255 erase_cnt=9 (vpc/ipc reset)
[EXP] [ERASE] ch=0 lun=3 pl=0 blk=98 pg=255 erase_cnt=9 (vpc/ipc reset)
[EXP] [ERASE] ch=0 lun=4 pl=0 blk=98 pg=255 erase_cnt=9 (vpc/ipc reset)
[EXP] [ERASE] ch=0 lun=5 pl=0 blk=98 pg=255 erase_cnt=9 (vpc/ipc reset)
[EXP] [ERASE] ch=0 lun=6 pl=0 blk=98 pg=255 erase_cnt=9 (vpc/ipc reset)
[EXP] [ERASE] ch=0 lun=7 pl=0 blk=98 pg=255 erase_cnt=9 (vpc/ipc reset)
[EXP] [ERASE] ch=1 lun=0 pl=0 blk=98 pg=255 erase_cnt=9 (vpc/ipc reset)
[EXP] [ERASE] ch=1 lun=1 pl=0 blk=98 pg=255 erase_cnt=9 (vpc/ipc reset)
[EXP] [ERASE] ch=1 lun=2 pl=0 blk=98 pg=255 erase_cnt=9 (vpc/ipc reset)
[EXP] [ERASE] ch=1 lun=3 pl=0 blk=98 pg=255 erase_cnt=9 (vpc/ipc reset)
[EXP] [ERASE] ch=1 lun=4 pl=0 blk=98 pg=255 erase_cnt=9 (vpc/ipc reset)
[EXP] [ERASE] ch=1 lun=5 pl=0 blk=98 pg=255 erase_cnt=9 (vpc/ipc reset)
[EXP] [ERASE] ch=1 lun=6 pl=0 blk=98 pg=255 erase_cnt=9 (vpc/ipc reset)
[EXP] [ERASE] ch=1 lun=7 pl=0 blk=98 pg=255 erase_cnt=9 (vpc/ipc reset)
[EXP] [ERASE] ch=2 lun=0 pl=0 blk=98 pg=255 erase_cnt=9 (vpc/ipc reset)
[EXP] [ERASE] ch=2 lun=1 pl=0 blk=98 pg=255 erase_cnt=9 (vpc/ipc reset)
[EXP] [ERASE] ch=2 lun=2 pl=0 blk=98 pg=255 erase_cnt=9 (vpc/ipc reset)
[EXP] [ERASE] ch=2 lun=3 pl=0 blk=98 pg=255 erase_cnt=9 (vpc/ipc reset)
[EXP] [ERASE] ch=2 lun=4 pl=0 blk=98 pg=255 erase_cnt=9 (vpc/ipc reset)
[EXP] [ERASE] ch=2 lun=5 pl=0 blk=98 pg=255 erase_cnt=9 (vpc/ipc reset)
[EXP] [ERASE] ch=2 lun=6 pl=0 blk=98 pg=255 erase_cnt=9 (vpc/ipc reset)
[EXP] [ERASE] ch=2 lun=7 pl=0 blk=98 pg=255 erase_cnt=9 (vpc/ipc reset)
[EXP] [ERASE] ch=3 lun=0 pl=0 blk=98 pg=255 erase_cnt=9 (vpc/ipc reset)
[EXP] [ERASE] ch=3 lun=1 pl=0 blk=98 pg=255 erase_cnt=9 (vpc/ipc reset)
[EXP] [ERASE] ch=3 lun=2 pl=0 blk=98 pg=255 erase_cnt=9 (vpc/ipc reset)
[EXP] [ERASE] ch=3 lun=3 pl=0 blk=98 pg=255 erase_cnt=9 (vpc/ipc reset)
[EXP] [ERASE] ch=3 lun=4 pl=0 blk=98 pg=255 erase_cnt=9 (vpc/ipc reset)
[EXP] [ERASE] ch=3 lun=5 pl=0 blk=98 pg=255 erase_cnt=9 (vpc/ipc reset)
[EXP] [ERASE] ch=3 lun=6 pl=0 blk=98 pg=255 erase_cnt=9 (vpc/ipc reset)
[EXP] [ERASE] ch=3 lun=7 pl=0 blk=98 pg=255 erase_cnt=9 (vpc/ipc reset)
[EXP] [ERASE] ch=4 lun=0 pl=0 blk=98 pg=255 erase_cnt=9 (vpc/ipc reset)
[EXP] [ERASE] ch=4 lun=1 pl=0 blk=98 pg=255 erase_cnt=9 (vpc/ipc reset)
[EXP] [ERASE] ch=4 lun=2 pl=0 blk=98 pg=255 erase_cnt=9 (vpc/ipc reset)
[EXP] [ERASE] ch=4 lun=3 pl=0 blk=98 pg=255 erase_cnt=9 (vpc/ipc reset)
[EXP] [ERASE] ch=4 lun=4 pl=0 blk=98 pg=255 erase_cnt=9 (vpc/ipc reset)
[EXP] [ERASE] ch=4 lun=5 pl=0 blk=98 pg=255 erase_cnt=9 (vpc/ipc reset)
[EXP] [ERASE] ch=4 lun=6 pl=0 blk=98 pg=255 erase_cnt=9 (vpc/ipc reset)
[EXP] [ERASE] ch=4 lun=7 pl=0 blk=98 pg=255 erase_cnt=9 (vpc/ipc reset)
[EXP] [ERASE] ch=5 lun=0 pl=0 blk=98 pg=255 erase_cnt=9 (vpc/ipc reset)
[EXP] [ERASE] ch=5 lun=1 pl=0 blk=98 pg=255 erase_cnt=9 (vpc/ipc reset)
[EXP] [ERASE] ch=5 lun=2 pl=0 blk=98 pg=255 erase_cnt=9 (vpc/ipc reset)
[EXP] [ERASE] ch=5 lun=3 pl=0 blk=98 pg=255 erase_cnt=9 (vpc/ipc reset)
[EXP] [ERASE] ch=5 lun=4 pl=0 blk=98 pg=255 erase_cnt=9 (vpc/ipc reset)
[EXP] [ERASE] ch=5 lun=5 pl=0 blk=98 pg=255 erase_cnt=9 (vpc/ipc reset)
[EXP] [ERASE] ch=5 lun=6 pl=0 blk=98 pg=255 erase_cnt=9 (vpc/ipc reset)
[EXP] [ERASE] ch=5 lun=7 pl=0 blk=98 pg=255 erase_cnt=9 (vpc/ipc reset)
[EXP] [ERASE] ch=6 lun=0 pl=0 blk=98 pg=255 erase_cnt=9 (vpc/ipc reset)
[EXP] [ERASE] ch=6 lun=1 pl=0 blk=98 pg=255 erase_cnt=9 (vpc/ipc reset)
[EXP] [ERASE] ch=6 lun=2 pl=0 blk=98 pg=255 erase_cnt=9 (vpc/ipc reset)
[EXP] [ERASE] ch=6 lun=3 pl=0 blk=98 pg=255 erase_cnt=9 (vpc/ipc reset)
[EXP] [ERASE] ch=6 lun=4 pl=0 blk=98 pg=255 erase_cnt=9 (vpc/ipc reset)
[EXP] [ERASE] ch=6 lun=5 pl=0 blk=98 pg=255 erase_cnt=9 (vpc/ipc reset)
[EXP] [ERASE] ch=6 lun=6 pl=0 blk=98 pg=255 erase_cnt=9 (vpc/ipc reset)
[EXP] [ERASE] ch=6 lun=7 pl=0 blk=98 pg=255 erase_cnt=9 (vpc/ipc reset)
[EXP] [ERASE] ch=7 lun=0 pl=0 blk=98 pg=255 erase_cnt=9 (vpc/ipc reset)
[EXP] [ERASE] ch=7 lun=1 pl=0 blk=98 pg=255 erase_cnt=9 (vpc/ipc reset)
[EXP] [ERASE] ch=7 lun=2 pl=0 blk=98 pg=255 erase_cnt=9 (vpc/ipc reset)
[EXP] [ERASE] ch=7 lun=3 pl=0 blk=98 pg=255 erase_cnt=9 (vpc/ipc reset)
[EXP] [ERASE] ch=7 lun=4 pl=0 blk=98 pg=255 erase_cnt=9 (vpc/ipc reset)
[EXP] [ERASE] ch=7 lun=5 pl=0 blk=98 pg=255 erase_cnt=9 (vpc/ipc reset)
[EXP] [ERASE] ch=7 lun=6 pl=0 blk=98 pg=255 erase_cnt=9 (vpc/ipc reset)
[EXP] [ERASE] ch=7 lun=7 pl=0 blk=98 pg=255 erase_cnt=9 (vpc/ipc reset)
[EXP] [ERASE] ch=0 lun=0 pl=0 blk=99 pg=255 erase_cnt=7 (vpc/ipc reset)
[EXP] [ERASE] ch=0 lun=1 pl=0 blk=99 pg=255 erase_cnt=7 (vpc/ipc reset)
[EXP] [ERASE] ch=0 lun=2 pl=0 blk=99 pg=255 erase_cnt=7 (vpc/ipc reset)
[EXP] [ERASE] ch=0 lun=3 pl=0 blk=99 pg=255 erase_cnt=7 (vpc/ipc reset)
[EXP] [ERASE] ch=0 lun=4 pl=0 blk=99 pg=255 erase_cnt=7 (vpc/ipc reset)
[EXP] [ERASE] ch=0 lun=5 pl=0 blk=99 pg=255 erase_cnt=7 (vpc/ipc reset)
[EXP] [ERASE] ch=0 lun=6 pl=0 blk=99 pg=255 erase_cnt=7 (vpc/ipc reset)
[EXP] [ERASE] ch=0 lun=7 pl=0 blk=99 pg=255 erase_cnt=7 (vpc/ipc reset)
[EXP] [ERASE] ch=1 lun=0 pl=0 blk=99 pg=255 erase_cnt=7 (vpc/ipc reset)
[EXP] [ERASE] ch=1 lun=1 pl=0 blk=99 pg=255 erase_cnt=7 (vpc/ipc reset)
[EXP] [ERASE] ch=1 lun=2 pl=0 blk=99 pg=255 erase_cnt=7 (vpc/ipc reset)
[EXP] [ERASE] ch=1 lun=3 pl=0 blk=99 pg=255 erase_cnt=7 (vpc/ipc reset)
[EXP] [ERASE] ch=1 lun=4 pl=0 blk=99 pg=255 erase_cnt=7 (vpc/ipc reset)
[EXP] [ERASE] ch=1 lun=5 pl=0 blk=99 pg=255 erase_cnt=7 (vpc/ipc reset)
[EXP] [ERASE] ch=1 lun=6 pl=0 blk=99 pg=255 erase_cnt=7 (vpc/ipc reset)
[EXP] [ERASE] ch=1 lun=7 pl=0 blk=99 pg=255 erase_cnt=7 (vpc/ipc reset)
[EXP] [ERASE] ch=2 lun=0 pl=0 blk=99 pg=255 erase_cnt=7 (vpc/ipc reset)
[EXP] [ERASE] ch=2 lun=1 pl=0 blk=99 pg=255 erase_cnt=7 (vpc/ipc reset)
[EXP] [ERASE] ch=2 lun=2 pl=0 blk=99 pg=255 erase_cnt=7 (vpc/ipc reset)
[EXP] [ERASE] ch=2 lun=3 pl=0 blk=99 pg=255 erase_cnt=7 (vpc/ipc reset)
[EXP] [ERASE] ch=2 lun=4 pl=0 blk=99 pg=255 erase_cnt=7 (vpc/ipc reset)
[EXP] [ERASE] ch=2 lun=5 pl=0 blk=99 pg=255 erase_cnt=7 (vpc/ipc reset)
[EXP] [ERASE] ch=2 lun=6 pl=0 blk=99 pg=255 erase_cnt=7 (vpc/ipc reset)
[EXP] [ERASE] ch=2 lun=7 pl=0 blk=99 pg=255 erase_cnt=7 (vpc/ipc reset)
[EXP] [ERASE] ch=3 lun=0 pl=0 blk=99 pg=255 erase_cnt=7 (vpc/ipc reset)
[EXP] [ERASE] ch=3 lun=1 pl=0 blk=99 pg=255 erase_cnt=7 (vpc/ipc reset)
[EXP] [ERASE] ch=3 lun=2 pl=0 blk=99 pg=255 erase_cnt=7 (vpc/ipc reset)
[EXP] [ERASE] ch=3 lun=3 pl=0 blk=99 pg=255 erase_cnt=7 (vpc/ipc reset)
[EXP] [ERASE] ch=3 lun=4 pl=0 blk=99 pg=255 erase_cnt=7 (vpc/ipc reset)
[EXP] [ERASE] ch=3 lun=5 pl=0 blk=99 pg=255 erase_cnt=7 (vpc/ipc reset)
[EXP] [ERASE] ch=3 lun=6 pl=0 blk=99 pg=255 erase_cnt=7 (vpc/ipc reset)
[EXP] [ERASE] ch=3 lun=7 pl=0 blk=99 pg=255 erase_cnt=7 (vpc/ipc reset)
[EXP] [ERASE] ch=4 lun=0 pl=0 blk=99 pg=255 erase_cnt=7 (vpc/ipc reset)
[EXP] [ERASE] ch=4 lun=1 pl=0 blk=99 pg=255 erase_cnt=7 (vpc/ipc reset)
[EXP] [ERASE] ch=4 lun=2 pl=0 blk=99 pg=255 erase_cnt=7 (vpc/ipc reset)
[EXP] [ERASE] ch=4 lun=3 pl=0 blk=99 pg=255 erase_cnt=7 (vpc/ipc reset)
[EXP] [ERASE] ch=4 lun=4 pl=0 blk=99 pg=255 erase_cnt=7 (vpc/ipc reset)
[EXP] [ERASE] ch=4 lun=5 pl=0 blk=99 pg=255 erase_cnt=7 (vpc/ipc reset)
[EXP] [ERASE] ch=4 lun=6 pl=0 blk=99 pg=255 erase_cnt=7 (vpc/ipc reset)
[EXP] [ERASE] ch=4 lun=7 pl=0 blk=99 pg=255 erase_cnt=7 (vpc/ipc reset)
[EXP] [ERASE] ch=5 lun=0 pl=0 blk=99 pg=255 erase_cnt=7 (vpc/ipc reset)
[EXP] [ERASE] ch=5 lun=1 pl=0 blk=99 pg=255 erase_cnt=7 (vpc/ipc reset)
[EXP] [ERASE] ch=5 lun=2 pl=0 blk=99 pg=255 erase_cnt=7 (vpc/ipc reset)
[EXP] [ERASE] ch=5 lun=3 pl=0 blk=99 pg=255 erase_cnt=7 (vpc/ipc reset)
[EXP] [ERASE] ch=5 lun=4 pl=0 blk=99 pg=255 erase_cnt=7 (vpc/ipc reset)
[EXP] [ERASE] ch=5 lun=5 pl=0 blk=99 pg=255 erase_cnt=7 (vpc/ipc reset)
[EXP] [ERASE] ch=5 lun=6 pl=0 blk=99 pg=255 erase_cnt=7 (vpc/ipc reset)
[EXP] [ERASE] ch=5 lun=7 pl=0 blk=99 pg=255 erase_cnt=7 (vpc/ipc reset)
[EXP] [ERASE] ch=6 lun=0 pl=0 blk=99 pg=255 erase_cnt=7 (vpc/ipc reset)
[EXP] [ERASE] ch=6 lun=1 pl=0 blk=99 pg=255 erase_cnt=7 (vpc/ipc reset)
[EXP] [ERASE] ch=6 lun=2 pl=0 blk=99 pg=255 erase_cnt=7 (vpc/ipc reset)
[EXP] [ERASE] ch=6 lun=3 pl=0 blk=99 pg=255 erase_cnt=7 (vpc/ipc reset)
[EXP] [ERASE] ch=6 lun=4 pl=0 blk=99 pg=255 erase_cnt=7 (vpc/ipc reset)
[EXP] [ERASE] ch=6 lun=5 pl=0 blk=99 pg=255 erase_cnt=7 (vpc/ipc reset)
[EXP] [ERASE] ch=6 lun=6 pl=0 blk=99 pg=255 erase_cnt=7 (vpc/ipc reset)
[EXP] [ERASE] ch=6 lun=7 pl=0 blk=99 pg=255 erase_cnt=7 (vpc/ipc reset)
[EXP] [ERASE] ch=7 lun=0 pl=0 blk=99 pg=255 erase_cnt=7 (vpc/ipc reset)
[EXP] [ERASE] ch=7 lun=1 pl=0 blk=99 pg=255 erase_cnt=7 (vpc/ipc reset)
[EXP] [ERASE] ch=7 lun=2 pl=0 blk=99 pg=255 erase_cnt=7 (vpc/ipc reset)
[EXP] [ERASE] ch=7 lun=3 pl=0 blk=99 pg=255 erase_cnt=7 (vpc/ipc reset)
[EXP] [ERASE] ch=7 lun=4 pl=0 blk=99 pg=255 erase_cnt=7 (vpc/ipc reset)
[EXP] [ERASE] ch=7 lun=5 pl=0 blk=99 pg=255 erase_cnt=7 (vpc/ipc reset)
[EXP] [ERASE] ch=7 lun=6 pl=0 blk=99 pg=255 erase_cnt=7 (vpc/ipc reset)
[EXP] [ERASE] ch=7 lun=7 pl=0 blk=99 pg=255 erase_cnt=7 (vpc/ipc reset)
[EXP] [ERASE] ch=0 lun=0 pl=0 blk=61 pg=255 erase_cnt=6 (vpc/ipc reset)
[EXP] [GC_MOVE] lpn=0 historical=COLD effective=COLD idle_age=0 expired=no access=2 short=1 last_seq=1572869 decay_epoch=24 ch=0 lun=1 pl=0 blk=61 pg=59 -> ch=0 lun=0 pl=0 blk=43 pg=173
[EXP] [ERASE] ch=0 lun=1 pl=0 blk=61 pg=255 erase_cnt=6 (vpc/ipc reset)
[EXP] [ERASE] ch=0 lun=2 pl=0 blk=61 pg=255 erase_cnt=6 (vpc/ipc reset)
[EXP] [ERASE] ch=0 lun=3 pl=0 blk=61 pg=255 erase_cnt=6 (vpc/ipc reset)
[EXP] [ERASE] ch=0 lun=4 pl=0 blk=61 pg=255 erase_cnt=6 (vpc/ipc reset)
[EXP] [ERASE] ch=0 lun=5 pl=0 blk=61 pg=255 erase_cnt=6 (vpc/ipc reset)
[EXP] [ERASE] ch=0 lun=6 pl=0 blk=61 pg=255 erase_cnt=6 (vpc/ipc reset)
[EXP] [ERASE] ch=0 lun=7 pl=0 blk=61 pg=255 erase_cnt=6 (vpc/ipc reset)
[EXP] [ERASE] ch=1 lun=0 pl=0 blk=61 pg=255 erase_cnt=6 (vpc/ipc reset)
[EXP] [ERASE] ch=1 lun=1 pl=0 blk=61 pg=255 erase_cnt=6 (vpc/ipc reset)
[EXP] [ERASE] ch=1 lun=2 pl=0 blk=61 pg=255 erase_cnt=6 (vpc/ipc reset)
[EXP] [ERASE] ch=1 lun=3 pl=0 blk=61 pg=255 erase_cnt=6 (vpc/ipc reset)
[EXP] [ERASE] ch=1 lun=4 pl=0 blk=61 pg=255 erase_cnt=6 (vpc/ipc reset)
[EXP] [ERASE] ch=1 lun=5 pl=0 blk=61 pg=255 erase_cnt=6 (vpc/ipc reset)
[EXP] [ERASE] ch=1 lun=6 pl=0 blk=61 pg=255 erase_cnt=6 (vpc/ipc reset)
[EXP] [ERASE] ch=1 lun=7 pl=0 blk=61 pg=255 erase_cnt=6 (vpc/ipc reset)
[EXP] [ERASE] ch=2 lun=0 pl=0 blk=61 pg=255 erase_cnt=6 (vpc/ipc reset)
[EXP] [ERASE] ch=2 lun=1 pl=0 blk=61 pg=255 erase_cnt=6 (vpc/ipc reset)
[EXP] [ERASE] ch=2 lun=2 pl=0 blk=61 pg=255 erase_cnt=6 (vpc/ipc reset)
[EXP] [ERASE] ch=2 lun=3 pl=0 blk=61 pg=255 erase_cnt=6 (vpc/ipc reset)
[EXP] [ERASE] ch=2 lun=4 pl=0 blk=61 pg=255 erase_cnt=6 (vpc/ipc reset)
[EXP] [ERASE] ch=2 lun=5 pl=0 blk=61 pg=255 erase_cnt=6 (vpc/ipc reset)
[EXP] [ERASE] ch=2 lun=6 pl=0 blk=61 pg=255 erase_cnt=6 (vpc/ipc reset)
[EXP] [ERASE] ch=2 lun=7 pl=0 blk=61 pg=255 erase_cnt=6 (vpc/ipc reset)
[EXP] [ERASE] ch=3 lun=0 pl=0 blk=61 pg=255 erase_cnt=6 (vpc/ipc reset)
[EXP] [ERASE] ch=3 lun=1 pl=0 blk=61 pg=255 erase_cnt=6 (vpc/ipc reset)
[EXP] [ERASE] ch=3 lun=2 pl=0 blk=61 pg=255 erase_cnt=6 (vpc/ipc reset)
[EXP] [ERASE] ch=3 lun=3 pl=0 blk=61 pg=255 erase_cnt=6 (vpc/ipc reset)
[EXP] [ERASE] ch=3 lun=4 pl=0 blk=61 pg=255 erase_cnt=6 (vpc/ipc reset)
[EXP] [ERASE] ch=3 lun=5 pl=0 blk=61 pg=255 erase_cnt=6 (vpc/ipc reset)
[EXP] [ERASE] ch=3 lun=6 pl=0 blk=61 pg=255 erase_cnt=6 (vpc/ipc reset)
[EXP] [ERASE] ch=3 lun=7 pl=0 blk=61 pg=255 erase_cnt=6 (vpc/ipc reset)
[EXP] [ERASE] ch=4 lun=0 pl=0 blk=61 pg=255 erase_cnt=6 (vpc/ipc reset)
[EXP] [ERASE] ch=4 lun=1 pl=0 blk=61 pg=255 erase_cnt=6 (vpc/ipc reset)
[EXP] [ERASE] ch=4 lun=2 pl=0 blk=61 pg=255 erase_cnt=6 (vpc/ipc reset)
[EXP] [ERASE] ch=4 lun=3 pl=0 blk=61 pg=255 erase_cnt=6 (vpc/ipc reset)
[EXP] [ERASE] ch=4 lun=4 pl=0 blk=61 pg=255 erase_cnt=6 (vpc/ipc reset)
[EXP] [ERASE] ch=4 lun=5 pl=0 blk=61 pg=255 erase_cnt=6 (vpc/ipc reset)
[EXP] [ERASE] ch=4 lun=6 pl=0 blk=61 pg=255 erase_cnt=6 (vpc/ipc reset)
[EXP] [ERASE] ch=4 lun=7 pl=0 blk=61 pg=255 erase_cnt=6 (vpc/ipc reset)
[EXP] [ERASE] ch=5 lun=0 pl=0 blk=61 pg=255 erase_cnt=6 (vpc/ipc reset)
[EXP] [ERASE] ch=5 lun=1 pl=0 blk=61 pg=255 erase_cnt=6 (vpc/ipc reset)
[EXP] [ERASE] ch=5 lun=2 pl=0 blk=61 pg=255 erase_cnt=6 (vpc/ipc reset)
[EXP] [ERASE] ch=5 lun=3 pl=0 blk=61 pg=255 erase_cnt=6 (vpc/ipc reset)
[EXP] [ERASE] ch=5 lun=4 pl=0 blk=61 pg=255 erase_cnt=6 (vpc/ipc reset)
[EXP] [ERASE] ch=5 lun=5 pl=0 blk=61 pg=255 erase_cnt=6 (vpc/ipc reset)
[EXP] [ERASE] ch=5 lun=6 pl=0 blk=61 pg=255 erase_cnt=6 (vpc/ipc reset)
[EXP] [ERASE] ch=5 lun=7 pl=0 blk=61 pg=255 erase_cnt=6 (vpc/ipc reset)
[EXP] [ERASE] ch=6 lun=0 pl=0 blk=61 pg=255 erase_cnt=6 (vpc/ipc reset)
[EXP] [ERASE] ch=6 lun=1 pl=0 blk=61 pg=255 erase_cnt=6 (vpc/ipc reset)
[EXP] [ERASE] ch=6 lun=2 pl=0 blk=61 pg=255 erase_cnt=6 (vpc/ipc reset)
[EXP] [ERASE] ch=6 lun=3 pl=0 blk=61 pg=255 erase_cnt=6 (vpc/ipc reset)
[EXP] [ERASE] ch=6 lun=4 pl=0 blk=61 pg=255 erase_cnt=6 (vpc/ipc reset)
[EXP] [ERASE] ch=6 lun=5 pl=0 blk=61 pg=255 erase_cnt=6 (vpc/ipc reset)
[EXP] [ERASE] ch=6 lun=6 pl=0 blk=61 pg=255 erase_cnt=6 (vpc/ipc reset)
[EXP] [ERASE] ch=6 lun=7 pl=0 blk=61 pg=255 erase_cnt=6 (vpc/ipc reset)
[EXP] [ERASE] ch=7 lun=0 pl=0 blk=61 pg=255 erase_cnt=6 (vpc/ipc reset)
[EXP] [ERASE] ch=7 lun=1 pl=0 blk=61 pg=255 erase_cnt=6 (vpc/ipc reset)
[EXP] [ERASE] ch=7 lun=2 pl=0 blk=61 pg=255 erase_cnt=6 (vpc/ipc reset)
[EXP] [ERASE] ch=7 lun=3 pl=0 blk=61 pg=255 erase_cnt=6 (vpc/ipc reset)
[EXP] [ERASE] ch=7 lun=4 pl=0 blk=61 pg=255 erase_cnt=6 (vpc/ipc reset)
[EXP] [ERASE] ch=7 lun=5 pl=0 blk=61 pg=255 erase_cnt=6 (vpc/ipc reset)
[EXP] [ERASE] ch=7 lun=6 pl=0 blk=61 pg=255 erase_cnt=6 (vpc/ipc reset)
[EXP] [ERASE] ch=7 lun=7 pl=0 blk=61 pg=255 erase_cnt=6 (vpc/ipc reset)
[EXP] [ERASE] ch=0 lun=0 pl=0 blk=102 pg=255 erase_cnt=5 (vpc/ipc reset)
[EXP] [ERASE] ch=0 lun=1 pl=0 blk=102 pg=255 erase_cnt=5 (vpc/ipc reset)
[EXP] [ERASE] ch=0 lun=2 pl=0 blk=102 pg=255 erase_cnt=5 (vpc/ipc reset)
[EXP] [ERASE] ch=0 lun=3 pl=0 blk=102 pg=255 erase_cnt=5 (vpc/ipc reset)
[EXP] [ERASE] ch=0 lun=4 pl=0 blk=102 pg=255 erase_cnt=5 (vpc/ipc reset)
[EXP] [ERASE] ch=0 lun=5 pl=0 blk=102 pg=255 erase_cnt=5 (vpc/ipc reset)
[EXP] [ERASE] ch=0 lun=6 pl=0 blk=102 pg=255 erase_cnt=5 (vpc/ipc reset)
[EXP] [ERASE] ch=0 lun=7 pl=0 blk=102 pg=255 erase_cnt=5 (vpc/ipc reset)
[EXP] [ERASE] ch=1 lun=0 pl=0 blk=102 pg=255 erase_cnt=5 (vpc/ipc reset)
[EXP] [ERASE] ch=1 lun=1 pl=0 blk=102 pg=255 erase_cnt=5 (vpc/ipc reset)
[EXP] [ERASE] ch=1 lun=2 pl=0 blk=102 pg=255 erase_cnt=5 (vpc/ipc reset)
[EXP] [ERASE] ch=1 lun=3 pl=0 blk=102 pg=255 erase_cnt=5 (vpc/ipc reset)
[EXP] [ERASE] ch=1 lun=4 pl=0 blk=102 pg=255 erase_cnt=5 (vpc/ipc reset)
[EXP] [ERASE] ch=1 lun=5 pl=0 blk=102 pg=255 erase_cnt=5 (vpc/ipc reset)
[EXP] [ERASE] ch=1 lun=6 pl=0 blk=102 pg=255 erase_cnt=5 (vpc/ipc reset)
[EXP] [ERASE] ch=1 lun=7 pl=0 blk=102 pg=255 erase_cnt=5 (vpc/ipc reset)
[EXP] [ERASE] ch=2 lun=0 pl=0 blk=102 pg=255 erase_cnt=5 (vpc/ipc reset)
[EXP] [ERASE] ch=2 lun=1 pl=0 blk=102 pg=255 erase_cnt=5 (vpc/ipc reset)
[EXP] [ERASE] ch=2 lun=2 pl=0 blk=102 pg=255 erase_cnt=5 (vpc/ipc reset)
[EXP] [ERASE] ch=2 lun=3 pl=0 blk=102 pg=255 erase_cnt=5 (vpc/ipc reset)
[EXP] [ERASE] ch=2 lun=4 pl=0 blk=102 pg=255 erase_cnt=5 (vpc/ipc reset)
[EXP] [ERASE] ch=2 lun=5 pl=0 blk=102 pg=255 erase_cnt=5 (vpc/ipc reset)
[EXP] [ERASE] ch=2 lun=6 pl=0 blk=102 pg=255 erase_cnt=5 (vpc/ipc reset)
[EXP] [ERASE] ch=2 lun=7 pl=0 blk=102 pg=255 erase_cnt=5 (vpc/ipc reset)
[EXP] [ERASE] ch=3 lun=0 pl=0 blk=102 pg=255 erase_cnt=5 (vpc/ipc reset)
[EXP] [ERASE] ch=3 lun=1 pl=0 blk=102 pg=255 erase_cnt=5 (vpc/ipc reset)
[EXP] [ERASE] ch=3 lun=2 pl=0 blk=102 pg=255 erase_cnt=5 (vpc/ipc reset)
[EXP] [ERASE] ch=3 lun=3 pl=0 blk=102 pg=255 erase_cnt=5 (vpc/ipc reset)
[EXP] [ERASE] ch=3 lun=4 pl=0 blk=102 pg=255 erase_cnt=5 (vpc/ipc reset)
[EXP] [ERASE] ch=3 lun=5 pl=0 blk=102 pg=255 erase_cnt=5 (vpc/ipc reset)
[EXP] [ERASE] ch=3 lun=6 pl=0 blk=102 pg=255 erase_cnt=5 (vpc/ipc reset)
[EXP] [ERASE] ch=3 lun=7 pl=0 blk=102 pg=255 erase_cnt=5 (vpc/ipc reset)
[EXP] [ERASE] ch=4 lun=0 pl=0 blk=102 pg=255 erase_cnt=5 (vpc/ipc reset)
[EXP] [ERASE] ch=4 lun=1 pl=0 blk=102 pg=255 erase_cnt=5 (vpc/ipc reset)
[EXP] [ERASE] ch=4 lun=2 pl=0 blk=102 pg=255 erase_cnt=5 (vpc/ipc reset)
[EXP] [ERASE] ch=4 lun=3 pl=0 blk=102 pg=255 erase_cnt=5 (vpc/ipc reset)
[EXP] [ERASE] ch=4 lun=4 pl=0 blk=102 pg=255 erase_cnt=5 (vpc/ipc reset)
[EXP] [ERASE] ch=4 lun=5 pl=0 blk=102 pg=255 erase_cnt=5 (vpc/ipc reset)
[EXP] [ERASE] ch=4 lun=6 pl=0 blk=102 pg=255 erase_cnt=5 (vpc/ipc reset)
[EXP] [ERASE] ch=4 lun=7 pl=0 blk=102 pg=255 erase_cnt=5 (vpc/ipc reset)
[EXP] [ERASE] ch=5 lun=0 pl=0 blk=102 pg=255 erase_cnt=5 (vpc/ipc reset)
[EXP] [ERASE] ch=5 lun=1 pl=0 blk=102 pg=255 erase_cnt=5 (vpc/ipc reset)
[EXP] [ERASE] ch=5 lun=2 pl=0 blk=102 pg=255 erase_cnt=5 (vpc/ipc reset)
[EXP] [ERASE] ch=5 lun=3 pl=0 blk=102 pg=255 erase_cnt=5 (vpc/ipc reset)
[EXP] [ERASE] ch=5 lun=4 pl=0 blk=102 pg=255 erase_cnt=5 (vpc/ipc reset)
[EXP] [ERASE] ch=5 lun=5 pl=0 blk=102 pg=255 erase_cnt=5 (vpc/ipc reset)
[EXP] [ERASE] ch=5 lun=6 pl=0 blk=102 pg=255 erase_cnt=5 (vpc/ipc reset)
[EXP] [ERASE] ch=5 lun=7 pl=0 blk=102 pg=255 erase_cnt=5 (vpc/ipc reset)
[EXP] [ERASE] ch=6 lun=0 pl=0 blk=102 pg=255 erase_cnt=5 (vpc/ipc reset)
[EXP] [ERASE] ch=6 lun=1 pl=0 blk=102 pg=255 erase_cnt=5 (vpc/ipc reset)
[EXP] [ERASE] ch=6 lun=2 pl=0 blk=102 pg=255 erase_cnt=5 (vpc/ipc reset)
[EXP] [ERASE] ch=6 lun=3 pl=0 blk=102 pg=255 erase_cnt=5 (vpc/ipc reset)
[EXP] [ERASE] ch=6 lun=4 pl=0 blk=102 pg=255 erase_cnt=5 (vpc/ipc reset)
[EXP] [ERASE] ch=6 lun=5 pl=0 blk=102 pg=255 erase_cnt=5 (vpc/ipc reset)
[EXP] [ERASE] ch=6 lun=6 pl=0 blk=102 pg=255 erase_cnt=5 (vpc/ipc reset)
[EXP] [ERASE] ch=6 lun=7 pl=0 blk=102 pg=255 erase_cnt=5 (vpc/ipc reset)
[EXP] [ERASE] ch=7 lun=0 pl=0 blk=102 pg=255 erase_cnt=5 (vpc/ipc reset)
[EXP] [ERASE] ch=7 lun=1 pl=0 blk=102 pg=255 erase_cnt=5 (vpc/ipc reset)
[EXP] [ERASE] ch=7 lun=2 pl=0 blk=102 pg=255 erase_cnt=5 (vpc/ipc reset)
[EXP] [ERASE] ch=7 lun=3 pl=0 blk=102 pg=255 erase_cnt=5 (vpc/ipc reset)
[EXP] [ERASE] ch=7 lun=4 pl=0 blk=102 pg=255 erase_cnt=5 (vpc/ipc reset)
[EXP] [ERASE] ch=7 lun=5 pl=0 blk=102 pg=255 erase_cnt=5 (vpc/ipc reset)
[EXP] [ERASE] ch=7 lun=6 pl=0 blk=102 pg=255 erase_cnt=5 (vpc/ipc reset)
[EXP] [ERASE] ch=7 lun=7 pl=0 blk=102 pg=255 erase_cnt=5 (vpc/ipc reset)
[EXP] [ERASE] ch=0 lun=0 pl=0 blk=48 pg=255 erase_cnt=5 (vpc/ipc reset)
[EXP] [ERASE] ch=0 lun=1 pl=0 blk=48 pg=255 erase_cnt=5 (vpc/ipc reset)
[EXP] [ERASE] ch=0 lun=2 pl=0 blk=48 pg=255 erase_cnt=5 (vpc/ipc reset)
[EXP] [ERASE] ch=0 lun=3 pl=0 blk=48 pg=255 erase_cnt=5 (vpc/ipc reset)
[EXP] [ERASE] ch=0 lun=4 pl=0 blk=48 pg=255 erase_cnt=5 (vpc/ipc reset)
[EXP] [ERASE] ch=0 lun=5 pl=0 blk=48 pg=255 erase_cnt=5 (vpc/ipc reset)
[EXP] [ERASE] ch=0 lun=6 pl=0 blk=48 pg=255 erase_cnt=5 (vpc/ipc reset)
[EXP] [ERASE] ch=0 lun=7 pl=0 blk=48 pg=255 erase_cnt=5 (vpc/ipc reset)
[EXP] [ERASE] ch=1 lun=0 pl=0 blk=48 pg=255 erase_cnt=5 (vpc/ipc reset)
[EXP] [ERASE] ch=1 lun=1 pl=0 blk=48 pg=255 erase_cnt=5 (vpc/ipc reset)
[EXP] [ERASE] ch=1 lun=2 pl=0 blk=48 pg=255 erase_cnt=5 (vpc/ipc reset)
[EXP] [ERASE] ch=1 lun=3 pl=0 blk=48 pg=255 erase_cnt=5 (vpc/ipc reset)
[EXP] [ERASE] ch=1 lun=4 pl=0 blk=48 pg=255 erase_cnt=5 (vpc/ipc reset)
[EXP] [ERASE] ch=1 lun=5 pl=0 blk=48 pg=255 erase_cnt=5 (vpc/ipc reset)
[EXP] [ERASE] ch=1 lun=6 pl=0 blk=48 pg=255 erase_cnt=5 (vpc/ipc reset)
[EXP] [ERASE] ch=1 lun=7 pl=0 blk=48 pg=255 erase_cnt=5 (vpc/ipc reset)
[EXP] [ERASE] ch=2 lun=0 pl=0 blk=48 pg=255 erase_cnt=5 (vpc/ipc reset)
[EXP] [ERASE] ch=2 lun=1 pl=0 blk=48 pg=255 erase_cnt=5 (vpc/ipc reset)
[EXP] [ERASE] ch=2 lun=2 pl=0 blk=48 pg=255 erase_cnt=5 (vpc/ipc reset)
[EXP] [ERASE] ch=2 lun=3 pl=0 blk=48 pg=255 erase_cnt=5 (vpc/ipc reset)
[EXP] [ERASE] ch=2 lun=4 pl=0 blk=48 pg=255 erase_cnt=5 (vpc/ipc reset)
[EXP] [ERASE] ch=2 lun=5 pl=0 blk=48 pg=255 erase_cnt=5 (vpc/ipc reset)
[EXP] [ERASE] ch=2 lun=6 pl=0 blk=48 pg=255 erase_cnt=5 (vpc/ipc reset)
[EXP] [ERASE] ch=2 lun=7 pl=0 blk=48 pg=255 erase_cnt=5 (vpc/ipc reset)
[EXP] [ERASE] ch=3 lun=0 pl=0 blk=48 pg=255 erase_cnt=5 (vpc/ipc reset)
[EXP] [ERASE] ch=3 lun=1 pl=0 blk=48 pg=255 erase_cnt=5 (vpc/ipc reset)
[EXP] [ERASE] ch=3 lun=2 pl=0 blk=48 pg=255 erase_cnt=5 (vpc/ipc reset)
[EXP] [ERASE] ch=3 lun=3 pl=0 blk=48 pg=255 erase_cnt=5 (vpc/ipc reset)
[EXP] [ERASE] ch=3 lun=4 pl=0 blk=48 pg=255 erase_cnt=5 (vpc/ipc reset)
[EXP] [ERASE] ch=3 lun=5 pl=0 blk=48 pg=255 erase_cnt=5 (vpc/ipc reset)
[EXP] [ERASE] ch=3 lun=6 pl=0 blk=48 pg=255 erase_cnt=5 (vpc/ipc reset)
[EXP] [ERASE] ch=3 lun=7 pl=0 blk=48 pg=255 erase_cnt=5 (vpc/ipc reset)
[EXP] [ERASE] ch=4 lun=0 pl=0 blk=48 pg=255 erase_cnt=5 (vpc/ipc reset)
[EXP] [ERASE] ch=4 lun=1 pl=0 blk=48 pg=255 erase_cnt=5 (vpc/ipc reset)
[EXP] [ERASE] ch=4 lun=2 pl=0 blk=48 pg=255 erase_cnt=5 (vpc/ipc reset)
[EXP] [ERASE] ch=4 lun=3 pl=0 blk=48 pg=255 erase_cnt=5 (vpc/ipc reset)
[EXP] [ERASE] ch=4 lun=4 pl=0 blk=48 pg=255 erase_cnt=5 (vpc/ipc reset)
[EXP] [ERASE] ch=4 lun=5 pl=0 blk=48 pg=255 erase_cnt=5 (vpc/ipc reset)
[EXP] [ERASE] ch=4 lun=6 pl=0 blk=48 pg=255 erase_cnt=5 (vpc/ipc reset)
[EXP] [ERASE] ch=4 lun=7 pl=0 blk=48 pg=255 erase_cnt=5 (vpc/ipc reset)
[EXP] [ERASE] ch=5 lun=0 pl=0 blk=48 pg=255 erase_cnt=5 (vpc/ipc reset)
[EXP] [ERASE] ch=5 lun=1 pl=0 blk=48 pg=255 erase_cnt=5 (vpc/ipc reset)
[EXP] [ERASE] ch=5 lun=2 pl=0 blk=48 pg=255 erase_cnt=5 (vpc/ipc reset)
[EXP] [ERASE] ch=5 lun=3 pl=0 blk=48 pg=255 erase_cnt=5 (vpc/ipc reset)
[EXP] [ERASE] ch=5 lun=4 pl=0 blk=48 pg=255 erase_cnt=5 (vpc/ipc reset)
[EXP] [ERASE] ch=5 lun=5 pl=0 blk=48 pg=255 erase_cnt=5 (vpc/ipc reset)
[EXP] [ERASE] ch=5 lun=6 pl=0 blk=48 pg=255 erase_cnt=5 (vpc/ipc reset)
[EXP] [ERASE] ch=5 lun=7 pl=0 blk=48 pg=255 erase_cnt=5 (vpc/ipc reset)
[EXP] [ERASE] ch=6 lun=0 pl=0 blk=48 pg=255 erase_cnt=5 (vpc/ipc reset)
[EXP] [ERASE] ch=6 lun=1 pl=0 blk=48 pg=255 erase_cnt=5 (vpc/ipc reset)
[EXP] [ERASE] ch=6 lun=2 pl=0 blk=48 pg=255 erase_cnt=5 (vpc/ipc reset)
[EXP] [ERASE] ch=6 lun=3 pl=0 blk=48 pg=255 erase_cnt=5 (vpc/ipc reset)
[EXP] [ERASE] ch=6 lun=4 pl=0 blk=48 pg=255 erase_cnt=5 (vpc/ipc reset)
[EXP] [ERASE] ch=6 lun=5 pl=0 blk=48 pg=255 erase_cnt=5 (vpc/ipc reset)
[EXP] [ERASE] ch=6 lun=6 pl=0 blk=48 pg=255 erase_cnt=5 (vpc/ipc reset)
[EXP] [ERASE] ch=6 lun=7 pl=0 blk=48 pg=255 erase_cnt=5 (vpc/ipc reset)
[EXP] [ERASE] ch=7 lun=0 pl=0 blk=48 pg=255 erase_cnt=5 (vpc/ipc reset)
[EXP] [ERASE] ch=7 lun=1 pl=0 blk=48 pg=255 erase_cnt=5 (vpc/ipc reset)
[EXP] [ERASE] ch=7 lun=2 pl=0 blk=48 pg=255 erase_cnt=5 (vpc/ipc reset)
[EXP] [ERASE] ch=7 lun=3 pl=0 blk=48 pg=255 erase_cnt=5 (vpc/ipc reset)
[EXP] [ERASE] ch=7 lun=4 pl=0 blk=48 pg=255 erase_cnt=5 (vpc/ipc reset)
[EXP] [ERASE] ch=7 lun=5 pl=0 blk=48 pg=255 erase_cnt=5 (vpc/ipc reset)
[EXP] [ERASE] ch=7 lun=6 pl=0 blk=48 pg=255 erase_cnt=5 (vpc/ipc reset)
[EXP] [ERASE] ch=7 lun=7 pl=0 blk=48 pg=255 erase_cnt=5 (vpc/ipc reset)
[EXP] [ERASE] ch=0 lun=0 pl=0 blk=97 pg=255 erase_cnt=10 (vpc/ipc reset)
[EXP] [ERASE] ch=0 lun=1 pl=0 blk=97 pg=255 erase_cnt=10 (vpc/ipc reset)
[EXP] [ERASE] ch=0 lun=2 pl=0 blk=97 pg=255 erase_cnt=10 (vpc/ipc reset)
[EXP] [ERASE] ch=0 lun=3 pl=0 blk=97 pg=255 erase_cnt=10 (vpc/ipc reset)
[EXP] [ERASE] ch=0 lun=4 pl=0 blk=97 pg=255 erase_cnt=10 (vpc/ipc reset)
[EXP] [ERASE] ch=0 lun=5 pl=0 blk=97 pg=255 erase_cnt=10 (vpc/ipc reset)
[EXP] [ERASE] ch=0 lun=6 pl=0 blk=97 pg=255 erase_cnt=10 (vpc/ipc reset)
[EXP] [ERASE] ch=0 lun=7 pl=0 blk=97 pg=255 erase_cnt=10 (vpc/ipc reset)
[EXP] [ERASE] ch=1 lun=0 pl=0 blk=97 pg=255 erase_cnt=10 (vpc/ipc reset)
[EXP] [ERASE] ch=1 lun=1 pl=0 blk=97 pg=255 erase_cnt=10 (vpc/ipc reset)
[EXP] [ERASE] ch=1 lun=2 pl=0 blk=97 pg=255 erase_cnt=10 (vpc/ipc reset)
[EXP] [ERASE] ch=1 lun=3 pl=0 blk=97 pg=255 erase_cnt=10 (vpc/ipc reset)
[EXP] [ERASE] ch=1 lun=4 pl=0 blk=97 pg=255 erase_cnt=10 (vpc/ipc reset)
[EXP] [ERASE] ch=1 lun=5 pl=0 blk=97 pg=255 erase_cnt=10 (vpc/ipc reset)
[EXP] [ERASE] ch=1 lun=6 pl=0 blk=97 pg=255 erase_cnt=10 (vpc/ipc reset)
[EXP] [ERASE] ch=1 lun=7 pl=0 blk=97 pg=255 erase_cnt=10 (vpc/ipc reset)
[EXP] [ERASE] ch=2 lun=0 pl=0 blk=97 pg=255 erase_cnt=10 (vpc/ipc reset)
[EXP] [ERASE] ch=2 lun=1 pl=0 blk=97 pg=255 erase_cnt=10 (vpc/ipc reset)
[EXP] [ERASE] ch=2 lun=2 pl=0 blk=97 pg=255 erase_cnt=10 (vpc/ipc reset)
[EXP] [ERASE] ch=2 lun=3 pl=0 blk=97 pg=255 erase_cnt=10 (vpc/ipc reset)
[EXP] [ERASE] ch=2 lun=4 pl=0 blk=97 pg=255 erase_cnt=10 (vpc/ipc reset)
[EXP] [ERASE] ch=2 lun=5 pl=0 blk=97 pg=255 erase_cnt=10 (vpc/ipc reset)
[EXP] [ERASE] ch=2 lun=6 pl=0 blk=97 pg=255 erase_cnt=10 (vpc/ipc reset)
[EXP] [ERASE] ch=2 lun=7 pl=0 blk=97 pg=255 erase_cnt=10 (vpc/ipc reset)
[EXP] [ERASE] ch=3 lun=0 pl=0 blk=97 pg=255 erase_cnt=10 (vpc/ipc reset)
[EXP] [ERASE] ch=3 lun=1 pl=0 blk=97 pg=255 erase_cnt=10 (vpc/ipc reset)
[EXP] [ERASE] ch=3 lun=2 pl=0 blk=97 pg=255 erase_cnt=10 (vpc/ipc reset)
[EXP] [ERASE] ch=3 lun=3 pl=0 blk=97 pg=255 erase_cnt=10 (vpc/ipc reset)
[EXP] [ERASE] ch=3 lun=4 pl=0 blk=97 pg=255 erase_cnt=10 (vpc/ipc reset)
[EXP] [ERASE] ch=3 lun=5 pl=0 blk=97 pg=255 erase_cnt=10 (vpc/ipc reset)
[EXP] [ERASE] ch=3 lun=6 pl=0 blk=97 pg=255 erase_cnt=10 (vpc/ipc reset)
[EXP] [ERASE] ch=3 lun=7 pl=0 blk=97 pg=255 erase_cnt=10 (vpc/ipc reset)
[EXP] [ERASE] ch=4 lun=0 pl=0 blk=97 pg=255 erase_cnt=10 (vpc/ipc reset)
[EXP] [ERASE] ch=4 lun=1 pl=0 blk=97 pg=255 erase_cnt=10 (vpc/ipc reset)
[EXP] [ERASE] ch=4 lun=2 pl=0 blk=97 pg=255 erase_cnt=10 (vpc/ipc reset)
[EXP] [ERASE] ch=4 lun=3 pl=0 blk=97 pg=255 erase_cnt=10 (vpc/ipc reset)
[EXP] [ERASE] ch=4 lun=4 pl=0 blk=97 pg=255 erase_cnt=10 (vpc/ipc reset)
[EXP] [ERASE] ch=4 lun=5 pl=0 blk=97 pg=255 erase_cnt=10 (vpc/ipc reset)
[EXP] [ERASE] ch=4 lun=6 pl=0 blk=97 pg=255 erase_cnt=10 (vpc/ipc reset)
[EXP] [ERASE] ch=4 lun=7 pl=0 blk=97 pg=255 erase_cnt=10 (vpc/ipc reset)
[EXP] [ERASE] ch=5 lun=0 pl=0 blk=97 pg=255 erase_cnt=10 (vpc/ipc reset)
[EXP] [ERASE] ch=5 lun=1 pl=0 blk=97 pg=255 erase_cnt=10 (vpc/ipc reset)
[EXP] [ERASE] ch=5 lun=2 pl=0 blk=97 pg=255 erase_cnt=10 (vpc/ipc reset)
[EXP] [ERASE] ch=5 lun=3 pl=0 blk=97 pg=255 erase_cnt=10 (vpc/ipc reset)
[EXP] [ERASE] ch=5 lun=4 pl=0 blk=97 pg=255 erase_cnt=10 (vpc/ipc reset)
[EXP] [ERASE] ch=5 lun=5 pl=0 blk=97 pg=255 erase_cnt=10 (vpc/ipc reset)
[EXP] [ERASE] ch=5 lun=6 pl=0 blk=97 pg=255 erase_cnt=10 (vpc/ipc reset)
[EXP] [ERASE] ch=5 lun=7 pl=0 blk=97 pg=255 erase_cnt=10 (vpc/ipc reset)
[EXP] [ERASE] ch=6 lun=0 pl=0 blk=97 pg=255 erase_cnt=10 (vpc/ipc reset)
[EXP] [ERASE] ch=6 lun=1 pl=0 blk=97 pg=255 erase_cnt=10 (vpc/ipc reset)
[EXP] [ERASE] ch=6 lun=2 pl=0 blk=97 pg=255 erase_cnt=10 (vpc/ipc reset)
[EXP] [ERASE] ch=6 lun=3 pl=0 blk=97 pg=255 erase_cnt=10 (vpc/ipc reset)
[EXP] [ERASE] ch=6 lun=4 pl=0 blk=97 pg=255 erase_cnt=10 (vpc/ipc reset)
[EXP] [ERASE] ch=6 lun=5 pl=0 blk=97 pg=255 erase_cnt=10 (vpc/ipc reset)
[EXP] [ERASE] ch=6 lun=6 pl=0 blk=97 pg=255 erase_cnt=10 (vpc/ipc reset)
[EXP] [ERASE] ch=6 lun=7 pl=0 blk=97 pg=255 erase_cnt=10 (vpc/ipc reset)
[EXP] [ERASE] ch=7 lun=0 pl=0 blk=97 pg=255 erase_cnt=10 (vpc/ipc reset)
[EXP] [ERASE] ch=7 lun=1 pl=0 blk=97 pg=255 erase_cnt=10 (vpc/ipc reset)
[EXP] [ERASE] ch=7 lun=2 pl=0 blk=97 pg=255 erase_cnt=10 (vpc/ipc reset)
[EXP] [ERASE] ch=7 lun=3 pl=0 blk=97 pg=255 erase_cnt=10 (vpc/ipc reset)
[EXP] [ERASE] ch=7 lun=4 pl=0 blk=97 pg=255 erase_cnt=10 (vpc/ipc reset)
[EXP] [ERASE] ch=7 lun=5 pl=0 blk=97 pg=255 erase_cnt=10 (vpc/ipc reset)
[EXP] [ERASE] ch=7 lun=6 pl=0 blk=97 pg=255 erase_cnt=10 (vpc/ipc reset)
[EXP] [ERASE] ch=7 lun=7 pl=0 blk=97 pg=255 erase_cnt=10 (vpc/ipc reset)
[EXP] [ERASE] ch=0 lun=0 pl=0 blk=98 pg=255 erase_cnt=10 (vpc/ipc reset)
[EXP] [ERASE] ch=0 lun=1 pl=0 blk=98 pg=255 erase_cnt=10 (vpc/ipc reset)
[EXP] [ERASE] ch=0 lun=2 pl=0 blk=98 pg=255 erase_cnt=10 (vpc/ipc reset)
[EXP] [ERASE] ch=0 lun=3 pl=0 blk=98 pg=255 erase_cnt=10 (vpc/ipc reset)
[EXP] [ERASE] ch=0 lun=4 pl=0 blk=98 pg=255 erase_cnt=10 (vpc/ipc reset)
[EXP] [ERASE] ch=0 lun=5 pl=0 blk=98 pg=255 erase_cnt=10 (vpc/ipc reset)
[EXP] [ERASE] ch=0 lun=6 pl=0 blk=98 pg=255 erase_cnt=10 (vpc/ipc reset)
[EXP] [ERASE] ch=0 lun=7 pl=0 blk=98 pg=255 erase_cnt=10 (vpc/ipc reset)
[EXP] [ERASE] ch=1 lun=0 pl=0 blk=98 pg=255 erase_cnt=10 (vpc/ipc reset)
[EXP] [ERASE] ch=1 lun=1 pl=0 blk=98 pg=255 erase_cnt=10 (vpc/ipc reset)
[EXP] [ERASE] ch=1 lun=2 pl=0 blk=98 pg=255 erase_cnt=10 (vpc/ipc reset)
[EXP] [ERASE] ch=1 lun=3 pl=0 blk=98 pg=255 erase_cnt=10 (vpc/ipc reset)
[EXP] [ERASE] ch=1 lun=4 pl=0 blk=98 pg=255 erase_cnt=10 (vpc/ipc reset)
[EXP] [ERASE] ch=1 lun=5 pl=0 blk=98 pg=255 erase_cnt=10 (vpc/ipc reset)
[EXP] [ERASE] ch=1 lun=6 pl=0 blk=98 pg=255 erase_cnt=10 (vpc/ipc reset)
[EXP] [ERASE] ch=1 lun=7 pl=0 blk=98 pg=255 erase_cnt=10 (vpc/ipc reset)
[EXP] [ERASE] ch=2 lun=0 pl=0 blk=98 pg=255 erase_cnt=10 (vpc/ipc reset)
[EXP] [ERASE] ch=2 lun=1 pl=0 blk=98 pg=255 erase_cnt=10 (vpc/ipc reset)
[EXP] [ERASE] ch=2 lun=2 pl=0 blk=98 pg=255 erase_cnt=10 (vpc/ipc reset)
[EXP] [ERASE] ch=2 lun=3 pl=0 blk=98 pg=255 erase_cnt=10 (vpc/ipc reset)
[EXP] [ERASE] ch=2 lun=4 pl=0 blk=98 pg=255 erase_cnt=10 (vpc/ipc reset)
[EXP] [ERASE] ch=2 lun=5 pl=0 blk=98 pg=255 erase_cnt=10 (vpc/ipc reset)
[EXP] [ERASE] ch=2 lun=6 pl=0 blk=98 pg=255 erase_cnt=10 (vpc/ipc reset)
[EXP] [ERASE] ch=2 lun=7 pl=0 blk=98 pg=255 erase_cnt=10 (vpc/ipc reset)
[EXP] [ERASE] ch=3 lun=0 pl=0 blk=98 pg=255 erase_cnt=10 (vpc/ipc reset)
[EXP] [ERASE] ch=3 lun=1 pl=0 blk=98 pg=255 erase_cnt=10 (vpc/ipc reset)
[EXP] [ERASE] ch=3 lun=2 pl=0 blk=98 pg=255 erase_cnt=10 (vpc/ipc reset)
[EXP] [ERASE] ch=3 lun=3 pl=0 blk=98 pg=255 erase_cnt=10 (vpc/ipc reset)
[EXP] [ERASE] ch=3 lun=4 pl=0 blk=98 pg=255 erase_cnt=10 (vpc/ipc reset)
[EXP] [ERASE] ch=3 lun=5 pl=0 blk=98 pg=255 erase_cnt=10 (vpc/ipc reset)
[EXP] [ERASE] ch=3 lun=6 pl=0 blk=98 pg=255 erase_cnt=10 (vpc/ipc reset)
[EXP] [ERASE] ch=3 lun=7 pl=0 blk=98 pg=255 erase_cnt=10 (vpc/ipc reset)
[EXP] [ERASE] ch=4 lun=0 pl=0 blk=98 pg=255 erase_cnt=10 (vpc/ipc reset)
[EXP] [ERASE] ch=4 lun=1 pl=0 blk=98 pg=255 erase_cnt=10 (vpc/ipc reset)
[EXP] [ERASE] ch=4 lun=2 pl=0 blk=98 pg=255 erase_cnt=10 (vpc/ipc reset)
[EXP] [ERASE] ch=4 lun=3 pl=0 blk=98 pg=255 erase_cnt=10 (vpc/ipc reset)
[EXP] [ERASE] ch=4 lun=4 pl=0 blk=98 pg=255 erase_cnt=10 (vpc/ipc reset)
[EXP] [ERASE] ch=4 lun=5 pl=0 blk=98 pg=255 erase_cnt=10 (vpc/ipc reset)
[EXP] [ERASE] ch=4 lun=6 pl=0 blk=98 pg=255 erase_cnt=10 (vpc/ipc reset)
[EXP] [ERASE] ch=4 lun=7 pl=0 blk=98 pg=255 erase_cnt=10 (vpc/ipc reset)
[EXP] [ERASE] ch=5 lun=0 pl=0 blk=98 pg=255 erase_cnt=10 (vpc/ipc reset)
[EXP] [ERASE] ch=5 lun=1 pl=0 blk=98 pg=255 erase_cnt=10 (vpc/ipc reset)
[EXP] [ERASE] ch=5 lun=2 pl=0 blk=98 pg=255 erase_cnt=10 (vpc/ipc reset)
[EXP] [ERASE] ch=5 lun=3 pl=0 blk=98 pg=255 erase_cnt=10 (vpc/ipc reset)
[EXP] [ERASE] ch=5 lun=4 pl=0 blk=98 pg=255 erase_cnt=10 (vpc/ipc reset)
[EXP] [ERASE] ch=5 lun=5 pl=0 blk=98 pg=255 erase_cnt=10 (vpc/ipc reset)
[EXP] [ERASE] ch=5 lun=6 pl=0 blk=98 pg=255 erase_cnt=10 (vpc/ipc reset)
[EXP] [ERASE] ch=5 lun=7 pl=0 blk=98 pg=255 erase_cnt=10 (vpc/ipc reset)
[EXP] [ERASE] ch=6 lun=0 pl=0 blk=98 pg=255 erase_cnt=10 (vpc/ipc reset)
[EXP] [ERASE] ch=6 lun=1 pl=0 blk=98 pg=255 erase_cnt=10 (vpc/ipc reset)
[EXP] [ERASE] ch=6 lun=2 pl=0 blk=98 pg=255 erase_cnt=10 (vpc/ipc reset)
[EXP] [ERASE] ch=6 lun=3 pl=0 blk=98 pg=255 erase_cnt=10 (vpc/ipc reset)
[EXP] [ERASE] ch=6 lun=4 pl=0 blk=98 pg=255 erase_cnt=10 (vpc/ipc reset)
[EXP] [ERASE] ch=6 lun=5 pl=0 blk=98 pg=255 erase_cnt=10 (vpc/ipc reset)
[EXP] [ERASE] ch=6 lun=6 pl=0 blk=98 pg=255 erase_cnt=10 (vpc/ipc reset)
[EXP] [ERASE] ch=6 lun=7 pl=0 blk=98 pg=255 erase_cnt=10 (vpc/ipc reset)
[EXP] [ERASE] ch=7 lun=0 pl=0 blk=98 pg=255 erase_cnt=10 (vpc/ipc reset)
[EXP] [ERASE] ch=7 lun=1 pl=0 blk=98 pg=255 erase_cnt=10 (vpc/ipc reset)
[EXP] [ERASE] ch=7 lun=2 pl=0 blk=98 pg=255 erase_cnt=10 (vpc/ipc reset)
[EXP] [ERASE] ch=7 lun=3 pl=0 blk=98 pg=255 erase_cnt=10 (vpc/ipc reset)
[EXP] [ERASE] ch=7 lun=4 pl=0 blk=98 pg=255 erase_cnt=10 (vpc/ipc reset)
[EXP] [ERASE] ch=7 lun=5 pl=0 blk=98 pg=255 erase_cnt=10 (vpc/ipc reset)
[EXP] [ERASE] ch=7 lun=6 pl=0 blk=98 pg=255 erase_cnt=10 (vpc/ipc reset)
[EXP] [ERASE] ch=7 lun=7 pl=0 blk=98 pg=255 erase_cnt=10 (vpc/ipc reset)
[EXP] [ERASE] ch=0 lun=0 pl=0 blk=48 pg=255 erase_cnt=6 (vpc/ipc reset)
[EXP] [ERASE] ch=0 lun=1 pl=0 blk=48 pg=255 erase_cnt=6 (vpc/ipc reset)
[EXP] [ERASE] ch=0 lun=2 pl=0 blk=48 pg=255 erase_cnt=6 (vpc/ipc reset)
[EXP] [ERASE] ch=0 lun=3 pl=0 blk=48 pg=255 erase_cnt=6 (vpc/ipc reset)
[EXP] [ERASE] ch=0 lun=4 pl=0 blk=48 pg=255 erase_cnt=6 (vpc/ipc reset)
[EXP] [ERASE] ch=0 lun=5 pl=0 blk=48 pg=255 erase_cnt=6 (vpc/ipc reset)
[EXP] [ERASE] ch=0 lun=6 pl=0 blk=48 pg=255 erase_cnt=6 (vpc/ipc reset)
[EXP] [ERASE] ch=0 lun=7 pl=0 blk=48 pg=255 erase_cnt=6 (vpc/ipc reset)
[EXP] [ERASE] ch=1 lun=0 pl=0 blk=48 pg=255 erase_cnt=6 (vpc/ipc reset)
[EXP] [ERASE] ch=1 lun=1 pl=0 blk=48 pg=255 erase_cnt=6 (vpc/ipc reset)
[EXP] [ERASE] ch=1 lun=2 pl=0 blk=48 pg=255 erase_cnt=6 (vpc/ipc reset)
[EXP] [ERASE] ch=1 lun=3 pl=0 blk=48 pg=255 erase_cnt=6 (vpc/ipc reset)
[EXP] [ERASE] ch=1 lun=4 pl=0 blk=48 pg=255 erase_cnt=6 (vpc/ipc reset)
[EXP] [ERASE] ch=1 lun=5 pl=0 blk=48 pg=255 erase_cnt=6 (vpc/ipc reset)
[EXP] [ERASE] ch=1 lun=6 pl=0 blk=48 pg=255 erase_cnt=6 (vpc/ipc reset)
[EXP] [ERASE] ch=1 lun=7 pl=0 blk=48 pg=255 erase_cnt=6 (vpc/ipc reset)
[EXP] [ERASE] ch=2 lun=0 pl=0 blk=48 pg=255 erase_cnt=6 (vpc/ipc reset)
[EXP] [ERASE] ch=2 lun=1 pl=0 blk=48 pg=255 erase_cnt=6 (vpc/ipc reset)
[EXP] [ERASE] ch=2 lun=2 pl=0 blk=48 pg=255 erase_cnt=6 (vpc/ipc reset)
[EXP] [ERASE] ch=2 lun=3 pl=0 blk=48 pg=255 erase_cnt=6 (vpc/ipc reset)
[EXP] [ERASE] ch=2 lun=4 pl=0 blk=48 pg=255 erase_cnt=6 (vpc/ipc reset)
[EXP] [ERASE] ch=2 lun=5 pl=0 blk=48 pg=255 erase_cnt=6 (vpc/ipc reset)
[EXP] [ERASE] ch=2 lun=6 pl=0 blk=48 pg=255 erase_cnt=6 (vpc/ipc reset)
[EXP] [ERASE] ch=2 lun=7 pl=0 blk=48 pg=255 erase_cnt=6 (vpc/ipc reset)
[EXP] [ERASE] ch=3 lun=0 pl=0 blk=48 pg=255 erase_cnt=6 (vpc/ipc reset)
[EXP] [ERASE] ch=3 lun=1 pl=0 blk=48 pg=255 erase_cnt=6 (vpc/ipc reset)
[EXP] [ERASE] ch=3 lun=2 pl=0 blk=48 pg=255 erase_cnt=6 (vpc/ipc reset)
[EXP] [ERASE] ch=3 lun=3 pl=0 blk=48 pg=255 erase_cnt=6 (vpc/ipc reset)
[EXP] [ERASE] ch=3 lun=4 pl=0 blk=48 pg=255 erase_cnt=6 (vpc/ipc reset)
[EXP] [ERASE] ch=3 lun=5 pl=0 blk=48 pg=255 erase_cnt=6 (vpc/ipc reset)
[EXP] [ERASE] ch=3 lun=6 pl=0 blk=48 pg=255 erase_cnt=6 (vpc/ipc reset)
[EXP] [ERASE] ch=3 lun=7 pl=0 blk=48 pg=255 erase_cnt=6 (vpc/ipc reset)
[EXP] [ERASE] ch=4 lun=0 pl=0 blk=48 pg=255 erase_cnt=6 (vpc/ipc reset)
[EXP] [ERASE] ch=4 lun=1 pl=0 blk=48 pg=255 erase_cnt=6 (vpc/ipc reset)
[EXP] [ERASE] ch=4 lun=2 pl=0 blk=48 pg=255 erase_cnt=6 (vpc/ipc reset)
[EXP] [ERASE] ch=4 lun=3 pl=0 blk=48 pg=255 erase_cnt=6 (vpc/ipc reset)
[EXP] [ERASE] ch=4 lun=4 pl=0 blk=48 pg=255 erase_cnt=6 (vpc/ipc reset)
[EXP] [ERASE] ch=4 lun=5 pl=0 blk=48 pg=255 erase_cnt=6 (vpc/ipc reset)
[EXP] [ERASE] ch=4 lun=6 pl=0 blk=48 pg=255 erase_cnt=6 (vpc/ipc reset)
[EXP] [ERASE] ch=4 lun=7 pl=0 blk=48 pg=255 erase_cnt=6 (vpc/ipc reset)
[EXP] [ERASE] ch=5 lun=0 pl=0 blk=48 pg=255 erase_cnt=6 (vpc/ipc reset)
[EXP] [ERASE] ch=5 lun=1 pl=0 blk=48 pg=255 erase_cnt=6 (vpc/ipc reset)
[EXP] [ERASE] ch=5 lun=2 pl=0 blk=48 pg=255 erase_cnt=6 (vpc/ipc reset)
[EXP] [ERASE] ch=5 lun=3 pl=0 blk=48 pg=255 erase_cnt=6 (vpc/ipc reset)
[EXP] [ERASE] ch=5 lun=4 pl=0 blk=48 pg=255 erase_cnt=6 (vpc/ipc reset)
[EXP] [ERASE] ch=5 lun=5 pl=0 blk=48 pg=255 erase_cnt=6 (vpc/ipc reset)
[EXP] [ERASE] ch=5 lun=6 pl=0 blk=48 pg=255 erase_cnt=6 (vpc/ipc reset)
[EXP] [ERASE] ch=5 lun=7 pl=0 blk=48 pg=255 erase_cnt=6 (vpc/ipc reset)
[EXP] [ERASE] ch=6 lun=0 pl=0 blk=48 pg=255 erase_cnt=6 (vpc/ipc reset)
[EXP] [ERASE] ch=6 lun=1 pl=0 blk=48 pg=255 erase_cnt=6 (vpc/ipc reset)
[EXP] [ERASE] ch=6 lun=2 pl=0 blk=48 pg=255 erase_cnt=6 (vpc/ipc reset)
[EXP] [ERASE] ch=6 lun=3 pl=0 blk=48 pg=255 erase_cnt=6 (vpc/ipc reset)
[EXP] [ERASE] ch=6 lun=4 pl=0 blk=48 pg=255 erase_cnt=6 (vpc/ipc reset)
[EXP] [ERASE] ch=6 lun=5 pl=0 blk=48 pg=255 erase_cnt=6 (vpc/ipc reset)
[EXP] [ERASE] ch=6 lun=6 pl=0 blk=48 pg=255 erase_cnt=6 (vpc/ipc reset)
[EXP] [ERASE] ch=6 lun=7 pl=0 blk=48 pg=255 erase_cnt=6 (vpc/ipc reset)
[EXP] [ERASE] ch=7 lun=0 pl=0 blk=48 pg=255 erase_cnt=6 (vpc/ipc reset)
[EXP] [ERASE] ch=7 lun=1 pl=0 blk=48 pg=255 erase_cnt=6 (vpc/ipc reset)
[EXP] [ERASE] ch=7 lun=2 pl=0 blk=48 pg=255 erase_cnt=6 (vpc/ipc reset)
[EXP] [ERASE] ch=7 lun=3 pl=0 blk=48 pg=255 erase_cnt=6 (vpc/ipc reset)
[EXP] [ERASE] ch=7 lun=4 pl=0 blk=48 pg=255 erase_cnt=6 (vpc/ipc reset)
[EXP] [ERASE] ch=7 lun=5 pl=0 blk=48 pg=255 erase_cnt=6 (vpc/ipc reset)
[EXP] [ERASE] ch=7 lun=6 pl=0 blk=48 pg=255 erase_cnt=6 (vpc/ipc reset)
[EXP] [ERASE] ch=7 lun=7 pl=0 blk=48 pg=255 erase_cnt=6 (vpc/ipc reset)
[EXP] [ERASE] ch=0 lun=0 pl=0 blk=97 pg=255 erase_cnt=11 (vpc/ipc reset)
[EXP] [ERASE] ch=0 lun=1 pl=0 blk=97 pg=255 erase_cnt=11 (vpc/ipc reset)
[EXP] [ERASE] ch=0 lun=2 pl=0 blk=97 pg=255 erase_cnt=11 (vpc/ipc reset)
[EXP] [ERASE] ch=0 lun=3 pl=0 blk=97 pg=255 erase_cnt=11 (vpc/ipc reset)
[EXP] [ERASE] ch=0 lun=4 pl=0 blk=97 pg=255 erase_cnt=11 (vpc/ipc reset)
[EXP] [ERASE] ch=0 lun=5 pl=0 blk=97 pg=255 erase_cnt=11 (vpc/ipc reset)
[EXP] [ERASE] ch=0 lun=6 pl=0 blk=97 pg=255 erase_cnt=11 (vpc/ipc reset)
[EXP] [ERASE] ch=0 lun=7 pl=0 blk=97 pg=255 erase_cnt=11 (vpc/ipc reset)
[EXP] [ERASE] ch=1 lun=0 pl=0 blk=97 pg=255 erase_cnt=11 (vpc/ipc reset)
[EXP] [ERASE] ch=1 lun=1 pl=0 blk=97 pg=255 erase_cnt=11 (vpc/ipc reset)
[EXP] [ERASE] ch=1 lun=2 pl=0 blk=97 pg=255 erase_cnt=11 (vpc/ipc reset)
[EXP] [ERASE] ch=1 lun=3 pl=0 blk=97 pg=255 erase_cnt=11 (vpc/ipc reset)
[EXP] [ERASE] ch=1 lun=4 pl=0 blk=97 pg=255 erase_cnt=11 (vpc/ipc reset)
[EXP] [ERASE] ch=1 lun=5 pl=0 blk=97 pg=255 erase_cnt=11 (vpc/ipc reset)
[EXP] [ERASE] ch=1 lun=6 pl=0 blk=97 pg=255 erase_cnt=11 (vpc/ipc reset)
[EXP] [ERASE] ch=1 lun=7 pl=0 blk=97 pg=255 erase_cnt=11 (vpc/ipc reset)
[EXP] [ERASE] ch=2 lun=0 pl=0 blk=97 pg=255 erase_cnt=11 (vpc/ipc reset)
[EXP] [ERASE] ch=2 lun=1 pl=0 blk=97 pg=255 erase_cnt=11 (vpc/ipc reset)
[EXP] [ERASE] ch=2 lun=2 pl=0 blk=97 pg=255 erase_cnt=11 (vpc/ipc reset)
[EXP] [ERASE] ch=2 lun=3 pl=0 blk=97 pg=255 erase_cnt=11 (vpc/ipc reset)
[EXP] [ERASE] ch=2 lun=4 pl=0 blk=97 pg=255 erase_cnt=11 (vpc/ipc reset)
[EXP] [ERASE] ch=2 lun=5 pl=0 blk=97 pg=255 erase_cnt=11 (vpc/ipc reset)
[EXP] [ERASE] ch=2 lun=6 pl=0 blk=97 pg=255 erase_cnt=11 (vpc/ipc reset)
[EXP] [ERASE] ch=2 lun=7 pl=0 blk=97 pg=255 erase_cnt=11 (vpc/ipc reset)
[EXP] [ERASE] ch=3 lun=0 pl=0 blk=97 pg=255 erase_cnt=11 (vpc/ipc reset)
[EXP] [ERASE] ch=3 lun=1 pl=0 blk=97 pg=255 erase_cnt=11 (vpc/ipc reset)
[EXP] [ERASE] ch=3 lun=2 pl=0 blk=97 pg=255 erase_cnt=11 (vpc/ipc reset)
[EXP] [ERASE] ch=3 lun=3 pl=0 blk=97 pg=255 erase_cnt=11 (vpc/ipc reset)
[EXP] [ERASE] ch=3 lun=4 pl=0 blk=97 pg=255 erase_cnt=11 (vpc/ipc reset)
[EXP] [ERASE] ch=3 lun=5 pl=0 blk=97 pg=255 erase_cnt=11 (vpc/ipc reset)
[EXP] [ERASE] ch=3 lun=6 pl=0 blk=97 pg=255 erase_cnt=11 (vpc/ipc reset)
[EXP] [ERASE] ch=3 lun=7 pl=0 blk=97 pg=255 erase_cnt=11 (vpc/ipc reset)
[EXP] [ERASE] ch=4 lun=0 pl=0 blk=97 pg=255 erase_cnt=11 (vpc/ipc reset)
[EXP] [ERASE] ch=4 lun=1 pl=0 blk=97 pg=255 erase_cnt=11 (vpc/ipc reset)
[EXP] [ERASE] ch=4 lun=2 pl=0 blk=97 pg=255 erase_cnt=11 (vpc/ipc reset)
[EXP] [ERASE] ch=4 lun=3 pl=0 blk=97 pg=255 erase_cnt=11 (vpc/ipc reset)
[EXP] [ERASE] ch=4 lun=4 pl=0 blk=97 pg=255 erase_cnt=11 (vpc/ipc reset)
[EXP] [ERASE] ch=4 lun=5 pl=0 blk=97 pg=255 erase_cnt=11 (vpc/ipc reset)
[EXP] [ERASE] ch=4 lun=6 pl=0 blk=97 pg=255 erase_cnt=11 (vpc/ipc reset)
[EXP] [ERASE] ch=4 lun=7 pl=0 blk=97 pg=255 erase_cnt=11 (vpc/ipc reset)
[EXP] [ERASE] ch=5 lun=0 pl=0 blk=97 pg=255 erase_cnt=11 (vpc/ipc reset)
[EXP] [ERASE] ch=5 lun=1 pl=0 blk=97 pg=255 erase_cnt=11 (vpc/ipc reset)
[EXP] [ERASE] ch=5 lun=2 pl=0 blk=97 pg=255 erase_cnt=11 (vpc/ipc reset)
[EXP] [ERASE] ch=5 lun=3 pl=0 blk=97 pg=255 erase_cnt=11 (vpc/ipc reset)
[EXP] [ERASE] ch=5 lun=4 pl=0 blk=97 pg=255 erase_cnt=11 (vpc/ipc reset)
[EXP] [ERASE] ch=5 lun=5 pl=0 blk=97 pg=255 erase_cnt=11 (vpc/ipc reset)
[EXP] [ERASE] ch=5 lun=6 pl=0 blk=97 pg=255 erase_cnt=11 (vpc/ipc reset)
[EXP] [ERASE] ch=5 lun=7 pl=0 blk=97 pg=255 erase_cnt=11 (vpc/ipc reset)
[EXP] [ERASE] ch=6 lun=0 pl=0 blk=97 pg=255 erase_cnt=11 (vpc/ipc reset)
[EXP] [ERASE] ch=6 lun=1 pl=0 blk=97 pg=255 erase_cnt=11 (vpc/ipc reset)
[EXP] [ERASE] ch=6 lun=2 pl=0 blk=97 pg=255 erase_cnt=11 (vpc/ipc reset)
[EXP] [ERASE] ch=6 lun=3 pl=0 blk=97 pg=255 erase_cnt=11 (vpc/ipc reset)
[EXP] [ERASE] ch=6 lun=4 pl=0 blk=97 pg=255 erase_cnt=11 (vpc/ipc reset)
[EXP] [ERASE] ch=6 lun=5 pl=0 blk=97 pg=255 erase_cnt=11 (vpc/ipc reset)
[EXP] [ERASE] ch=6 lun=6 pl=0 blk=97 pg=255 erase_cnt=11 (vpc/ipc reset)
[EXP] [ERASE] ch=6 lun=7 pl=0 blk=97 pg=255 erase_cnt=11 (vpc/ipc reset)
[EXP] [ERASE] ch=7 lun=0 pl=0 blk=97 pg=255 erase_cnt=11 (vpc/ipc reset)
[EXP] [ERASE] ch=7 lun=1 pl=0 blk=97 pg=255 erase_cnt=11 (vpc/ipc reset)
[EXP] [ERASE] ch=7 lun=2 pl=0 blk=97 pg=255 erase_cnt=11 (vpc/ipc reset)
[EXP] [ERASE] ch=7 lun=3 pl=0 blk=97 pg=255 erase_cnt=11 (vpc/ipc reset)
[EXP] [ERASE] ch=7 lun=4 pl=0 blk=97 pg=255 erase_cnt=11 (vpc/ipc reset)
[EXP] [ERASE] ch=7 lun=5 pl=0 blk=97 pg=255 erase_cnt=11 (vpc/ipc reset)
[EXP] [ERASE] ch=7 lun=6 pl=0 blk=97 pg=255 erase_cnt=11 (vpc/ipc reset)
[EXP] [ERASE] ch=7 lun=7 pl=0 blk=97 pg=255 erase_cnt=11 (vpc/ipc reset)
[EXP] [ERASE] ch=0 lun=0 pl=0 blk=99 pg=255 erase_cnt=8 (vpc/ipc reset)
[EXP] [ERASE] ch=0 lun=1 pl=0 blk=99 pg=255 erase_cnt=8 (vpc/ipc reset)
[EXP] [ERASE] ch=0 lun=2 pl=0 blk=99 pg=255 erase_cnt=8 (vpc/ipc reset)
[EXP] [ERASE] ch=0 lun=3 pl=0 blk=99 pg=255 erase_cnt=8 (vpc/ipc reset)
[EXP] [ERASE] ch=0 lun=4 pl=0 blk=99 pg=255 erase_cnt=8 (vpc/ipc reset)
[EXP] [ERASE] ch=0 lun=5 pl=0 blk=99 pg=255 erase_cnt=8 (vpc/ipc reset)
[EXP] [ERASE] ch=0 lun=6 pl=0 blk=99 pg=255 erase_cnt=8 (vpc/ipc reset)
[EXP] [ERASE] ch=0 lun=7 pl=0 blk=99 pg=255 erase_cnt=8 (vpc/ipc reset)
[EXP] [ERASE] ch=1 lun=0 pl=0 blk=99 pg=255 erase_cnt=8 (vpc/ipc reset)
[EXP] [ERASE] ch=1 lun=1 pl=0 blk=99 pg=255 erase_cnt=8 (vpc/ipc reset)
[EXP] [ERASE] ch=1 lun=2 pl=0 blk=99 pg=255 erase_cnt=8 (vpc/ipc reset)
[EXP] [ERASE] ch=1 lun=3 pl=0 blk=99 pg=255 erase_cnt=8 (vpc/ipc reset)
[EXP] [ERASE] ch=1 lun=4 pl=0 blk=99 pg=255 erase_cnt=8 (vpc/ipc reset)
[EXP] [ERASE] ch=1 lun=5 pl=0 blk=99 pg=255 erase_cnt=8 (vpc/ipc reset)
[EXP] [ERASE] ch=1 lun=6 pl=0 blk=99 pg=255 erase_cnt=8 (vpc/ipc reset)
[EXP] [ERASE] ch=1 lun=7 pl=0 blk=99 pg=255 erase_cnt=8 (vpc/ipc reset)
[EXP] [ERASE] ch=2 lun=0 pl=0 blk=99 pg=255 erase_cnt=8 (vpc/ipc reset)
[EXP] [ERASE] ch=2 lun=1 pl=0 blk=99 pg=255 erase_cnt=8 (vpc/ipc reset)
[EXP] [ERASE] ch=2 lun=2 pl=0 blk=99 pg=255 erase_cnt=8 (vpc/ipc reset)
[EXP] [ERASE] ch=2 lun=3 pl=0 blk=99 pg=255 erase_cnt=8 (vpc/ipc reset)
[EXP] [ERASE] ch=2 lun=4 pl=0 blk=99 pg=255 erase_cnt=8 (vpc/ipc reset)
[EXP] [ERASE] ch=2 lun=5 pl=0 blk=99 pg=255 erase_cnt=8 (vpc/ipc reset)
[EXP] [ERASE] ch=2 lun=6 pl=0 blk=99 pg=255 erase_cnt=8 (vpc/ipc reset)
[EXP] [ERASE] ch=2 lun=7 pl=0 blk=99 pg=255 erase_cnt=8 (vpc/ipc reset)
[EXP] [ERASE] ch=3 lun=0 pl=0 blk=99 pg=255 erase_cnt=8 (vpc/ipc reset)
[EXP] [ERASE] ch=3 lun=1 pl=0 blk=99 pg=255 erase_cnt=8 (vpc/ipc reset)
[EXP] [ERASE] ch=3 lun=2 pl=0 blk=99 pg=255 erase_cnt=8 (vpc/ipc reset)
[EXP] [ERASE] ch=3 lun=3 pl=0 blk=99 pg=255 erase_cnt=8 (vpc/ipc reset)
[EXP] [ERASE] ch=3 lun=4 pl=0 blk=99 pg=255 erase_cnt=8 (vpc/ipc reset)
[EXP] [ERASE] ch=3 lun=5 pl=0 blk=99 pg=255 erase_cnt=8 (vpc/ipc reset)
[EXP] [ERASE] ch=3 lun=6 pl=0 blk=99 pg=255 erase_cnt=8 (vpc/ipc reset)
[EXP] [ERASE] ch=3 lun=7 pl=0 blk=99 pg=255 erase_cnt=8 (vpc/ipc reset)
[EXP] [ERASE] ch=4 lun=0 pl=0 blk=99 pg=255 erase_cnt=8 (vpc/ipc reset)
[EXP] [ERASE] ch=4 lun=1 pl=0 blk=99 pg=255 erase_cnt=8 (vpc/ipc reset)
[EXP] [ERASE] ch=4 lun=2 pl=0 blk=99 pg=255 erase_cnt=8 (vpc/ipc reset)
[EXP] [ERASE] ch=4 lun=3 pl=0 blk=99 pg=255 erase_cnt=8 (vpc/ipc reset)
[EXP] [ERASE] ch=4 lun=4 pl=0 blk=99 pg=255 erase_cnt=8 (vpc/ipc reset)
[EXP] [ERASE] ch=4 lun=5 pl=0 blk=99 pg=255 erase_cnt=8 (vpc/ipc reset)
[EXP] [ERASE] ch=4 lun=6 pl=0 blk=99 pg=255 erase_cnt=8 (vpc/ipc reset)
[EXP] [ERASE] ch=4 lun=7 pl=0 blk=99 pg=255 erase_cnt=8 (vpc/ipc reset)
[EXP] [ERASE] ch=5 lun=0 pl=0 blk=99 pg=255 erase_cnt=8 (vpc/ipc reset)
[EXP] [ERASE] ch=5 lun=1 pl=0 blk=99 pg=255 erase_cnt=8 (vpc/ipc reset)
[EXP] [ERASE] ch=5 lun=2 pl=0 blk=99 pg=255 erase_cnt=8 (vpc/ipc reset)
[EXP] [ERASE] ch=5 lun=3 pl=0 blk=99 pg=255 erase_cnt=8 (vpc/ipc reset)
[EXP] [ERASE] ch=5 lun=4 pl=0 blk=99 pg=255 erase_cnt=8 (vpc/ipc reset)
[EXP] [ERASE] ch=5 lun=5 pl=0 blk=99 pg=255 erase_cnt=8 (vpc/ipc reset)
[EXP] [ERASE] ch=5 lun=6 pl=0 blk=99 pg=255 erase_cnt=8 (vpc/ipc reset)
[EXP] [ERASE] ch=5 lun=7 pl=0 blk=99 pg=255 erase_cnt=8 (vpc/ipc reset)
[EXP] [ERASE] ch=6 lun=0 pl=0 blk=99 pg=255 erase_cnt=8 (vpc/ipc reset)
[EXP] [ERASE] ch=6 lun=1 pl=0 blk=99 pg=255 erase_cnt=8 (vpc/ipc reset)
[EXP] [ERASE] ch=6 lun=2 pl=0 blk=99 pg=255 erase_cnt=8 (vpc/ipc reset)
[EXP] [ERASE] ch=6 lun=3 pl=0 blk=99 pg=255 erase_cnt=8 (vpc/ipc reset)
[EXP] [ERASE] ch=6 lun=4 pl=0 blk=99 pg=255 erase_cnt=8 (vpc/ipc reset)
[EXP] [ERASE] ch=6 lun=5 pl=0 blk=99 pg=255 erase_cnt=8 (vpc/ipc reset)
[EXP] [ERASE] ch=6 lun=6 pl=0 blk=99 pg=255 erase_cnt=8 (vpc/ipc reset)
[EXP] [ERASE] ch=6 lun=7 pl=0 blk=99 pg=255 erase_cnt=8 (vpc/ipc reset)
[EXP] [ERASE] ch=7 lun=0 pl=0 blk=99 pg=255 erase_cnt=8 (vpc/ipc reset)
[EXP] [ERASE] ch=7 lun=1 pl=0 blk=99 pg=255 erase_cnt=8 (vpc/ipc reset)
[EXP] [ERASE] ch=7 lun=2 pl=0 blk=99 pg=255 erase_cnt=8 (vpc/ipc reset)
[EXP] [ERASE] ch=7 lun=3 pl=0 blk=99 pg=255 erase_cnt=8 (vpc/ipc reset)
[EXP] [ERASE] ch=7 lun=4 pl=0 blk=99 pg=255 erase_cnt=8 (vpc/ipc reset)
[EXP] [ERASE] ch=7 lun=5 pl=0 blk=99 pg=255 erase_cnt=8 (vpc/ipc reset)
[EXP] [ERASE] ch=7 lun=6 pl=0 blk=99 pg=255 erase_cnt=8 (vpc/ipc reset)
[EXP] [ERASE] ch=7 lun=7 pl=0 blk=99 pg=255 erase_cnt=8 (vpc/ipc reset)
[EXP] [GC_MOVE] lpn=0 historical=COLD effective=COLD idle_age=0 expired=no access=2 short=1 last_seq=1572869 decay_epoch=24 ch=0 lun=0 pl=0 blk=43 pg=173 -> ch=2 lun=0 pl=0 blk=44 pg=172
[EXP] [ERASE] ch=0 lun=0 pl=0 blk=43 pg=255 erase_cnt=4 (vpc/ipc reset)
[EXP] [ERASE] ch=0 lun=1 pl=0 blk=43 pg=255 erase_cnt=4 (vpc/ipc reset)
[EXP] [ERASE] ch=0 lun=2 pl=0 blk=43 pg=255 erase_cnt=4 (vpc/ipc reset)
[EXP] [ERASE] ch=0 lun=3 pl=0 blk=43 pg=255 erase_cnt=4 (vpc/ipc reset)
[EXP] [ERASE] ch=0 lun=4 pl=0 blk=43 pg=255 erase_cnt=4 (vpc/ipc reset)
[EXP] [ERASE] ch=0 lun=5 pl=0 blk=43 pg=255 erase_cnt=4 (vpc/ipc reset)
[EXP] [ERASE] ch=0 lun=6 pl=0 blk=43 pg=255 erase_cnt=4 (vpc/ipc reset)
[EXP] [ERASE] ch=0 lun=7 pl=0 blk=43 pg=255 erase_cnt=4 (vpc/ipc reset)
[EXP] [ERASE] ch=1 lun=0 pl=0 blk=43 pg=255 erase_cnt=4 (vpc/ipc reset)
[EXP] [ERASE] ch=1 lun=1 pl=0 blk=43 pg=255 erase_cnt=4 (vpc/ipc reset)
[EXP] [ERASE] ch=1 lun=2 pl=0 blk=43 pg=255 erase_cnt=4 (vpc/ipc reset)
[EXP] [ERASE] ch=1 lun=3 pl=0 blk=43 pg=255 erase_cnt=4 (vpc/ipc reset)
[EXP] [ERASE] ch=1 lun=4 pl=0 blk=43 pg=255 erase_cnt=4 (vpc/ipc reset)
[EXP] [ERASE] ch=1 lun=5 pl=0 blk=43 pg=255 erase_cnt=4 (vpc/ipc reset)
[EXP] [ERASE] ch=1 lun=6 pl=0 blk=43 pg=255 erase_cnt=4 (vpc/ipc reset)
[EXP] [ERASE] ch=1 lun=7 pl=0 blk=43 pg=255 erase_cnt=4 (vpc/ipc reset)
[EXP] [ERASE] ch=2 lun=0 pl=0 blk=43 pg=255 erase_cnt=4 (vpc/ipc reset)
[EXP] [ERASE] ch=2 lun=1 pl=0 blk=43 pg=255 erase_cnt=4 (vpc/ipc reset)
[EXP] [ERASE] ch=2 lun=2 pl=0 blk=43 pg=255 erase_cnt=4 (vpc/ipc reset)
[EXP] [ERASE] ch=2 lun=3 pl=0 blk=43 pg=255 erase_cnt=4 (vpc/ipc reset)
[EXP] [ERASE] ch=2 lun=4 pl=0 blk=43 pg=255 erase_cnt=4 (vpc/ipc reset)
[EXP] [ERASE] ch=2 lun=5 pl=0 blk=43 pg=255 erase_cnt=4 (vpc/ipc reset)
[EXP] [ERASE] ch=2 lun=6 pl=0 blk=43 pg=255 erase_cnt=4 (vpc/ipc reset)
[EXP] [ERASE] ch=2 lun=7 pl=0 blk=43 pg=255 erase_cnt=4 (vpc/ipc reset)
[EXP] [ERASE] ch=3 lun=0 pl=0 blk=43 pg=255 erase_cnt=4 (vpc/ipc reset)
[EXP] [ERASE] ch=3 lun=1 pl=0 blk=43 pg=255 erase_cnt=4 (vpc/ipc reset)
[EXP] [ERASE] ch=3 lun=2 pl=0 blk=43 pg=255 erase_cnt=4 (vpc/ipc reset)
[EXP] [ERASE] ch=3 lun=3 pl=0 blk=43 pg=255 erase_cnt=4 (vpc/ipc reset)
[EXP] [ERASE] ch=3 lun=4 pl=0 blk=43 pg=255 erase_cnt=4 (vpc/ipc reset)
[EXP] [ERASE] ch=3 lun=5 pl=0 blk=43 pg=255 erase_cnt=4 (vpc/ipc reset)
[EXP] [ERASE] ch=3 lun=6 pl=0 blk=43 pg=255 erase_cnt=4 (vpc/ipc reset)
[EXP] [ERASE] ch=3 lun=7 pl=0 blk=43 pg=255 erase_cnt=4 (vpc/ipc reset)
[EXP] [ERASE] ch=4 lun=0 pl=0 blk=43 pg=255 erase_cnt=4 (vpc/ipc reset)
[EXP] [ERASE] ch=4 lun=1 pl=0 blk=43 pg=255 erase_cnt=4 (vpc/ipc reset)
[EXP] [ERASE] ch=4 lun=2 pl=0 blk=43 pg=255 erase_cnt=4 (vpc/ipc reset)
[EXP] [ERASE] ch=4 lun=3 pl=0 blk=43 pg=255 erase_cnt=4 (vpc/ipc reset)
[EXP] [ERASE] ch=4 lun=4 pl=0 blk=43 pg=255 erase_cnt=4 (vpc/ipc reset)
[EXP] [ERASE] ch=4 lun=5 pl=0 blk=43 pg=255 erase_cnt=4 (vpc/ipc reset)
[EXP] [ERASE] ch=4 lun=6 pl=0 blk=43 pg=255 erase_cnt=4 (vpc/ipc reset)
[EXP] [ERASE] ch=4 lun=7 pl=0 blk=43 pg=255 erase_cnt=4 (vpc/ipc reset)
[EXP] [ERASE] ch=5 lun=0 pl=0 blk=43 pg=255 erase_cnt=4 (vpc/ipc reset)
[EXP] [ERASE] ch=5 lun=1 pl=0 blk=43 pg=255 erase_cnt=4 (vpc/ipc reset)
[EXP] [ERASE] ch=5 lun=2 pl=0 blk=43 pg=255 erase_cnt=4 (vpc/ipc reset)
[EXP] [ERASE] ch=5 lun=3 pl=0 blk=43 pg=255 erase_cnt=4 (vpc/ipc reset)
[EXP] [ERASE] ch=5 lun=4 pl=0 blk=43 pg=255 erase_cnt=4 (vpc/ipc reset)
[EXP] [ERASE] ch=5 lun=5 pl=0 blk=43 pg=255 erase_cnt=4 (vpc/ipc reset)
[EXP] [ERASE] ch=5 lun=6 pl=0 blk=43 pg=255 erase_cnt=4 (vpc/ipc reset)
[EXP] [ERASE] ch=5 lun=7 pl=0 blk=43 pg=255 erase_cnt=4 (vpc/ipc reset)
[EXP] [ERASE] ch=6 lun=0 pl=0 blk=43 pg=255 erase_cnt=4 (vpc/ipc reset)
[EXP] [ERASE] ch=6 lun=1 pl=0 blk=43 pg=255 erase_cnt=4 (vpc/ipc reset)
[EXP] [ERASE] ch=6 lun=2 pl=0 blk=43 pg=255 erase_cnt=4 (vpc/ipc reset)
[EXP] [ERASE] ch=6 lun=3 pl=0 blk=43 pg=255 erase_cnt=4 (vpc/ipc reset)
[EXP] [ERASE] ch=6 lun=4 pl=0 blk=43 pg=255 erase_cnt=4 (vpc/ipc reset)
[EXP] [ERASE] ch=6 lun=5 pl=0 blk=43 pg=255 erase_cnt=4 (vpc/ipc reset)
[EXP] [ERASE] ch=6 lun=6 pl=0 blk=43 pg=255 erase_cnt=4 (vpc/ipc reset)
[EXP] [ERASE] ch=6 lun=7 pl=0 blk=43 pg=255 erase_cnt=4 (vpc/ipc reset)
[EXP] [ERASE] ch=7 lun=0 pl=0 blk=43 pg=255 erase_cnt=4 (vpc/ipc reset)
[EXP] [ERASE] ch=7 lun=1 pl=0 blk=43 pg=255 erase_cnt=4 (vpc/ipc reset)
[EXP] [ERASE] ch=7 lun=2 pl=0 blk=43 pg=255 erase_cnt=4 (vpc/ipc reset)
[EXP] [ERASE] ch=7 lun=3 pl=0 blk=43 pg=255 erase_cnt=4 (vpc/ipc reset)
[EXP] [ERASE] ch=7 lun=4 pl=0 blk=43 pg=255 erase_cnt=4 (vpc/ipc reset)
[EXP] [ERASE] ch=7 lun=5 pl=0 blk=43 pg=255 erase_cnt=4 (vpc/ipc reset)
[EXP] [ERASE] ch=7 lun=6 pl=0 blk=43 pg=255 erase_cnt=4 (vpc/ipc reset)
[EXP] [ERASE] ch=7 lun=7 pl=0 blk=43 pg=255 erase_cnt=4 (vpc/ipc reset)
[EXP] [ERASE] ch=0 lun=0 pl=0 blk=61 pg=255 erase_cnt=7 (vpc/ipc reset)
[EXP] [ERASE] ch=0 lun=1 pl=0 blk=61 pg=255 erase_cnt=7 (vpc/ipc reset)
[EXP] [ERASE] ch=0 lun=2 pl=0 blk=61 pg=255 erase_cnt=7 (vpc/ipc reset)
[EXP] [ERASE] ch=0 lun=3 pl=0 blk=61 pg=255 erase_cnt=7 (vpc/ipc reset)
[EXP] [ERASE] ch=0 lun=4 pl=0 blk=61 pg=255 erase_cnt=7 (vpc/ipc reset)
[EXP] [ERASE] ch=0 lun=5 pl=0 blk=61 pg=255 erase_cnt=7 (vpc/ipc reset)
[EXP] [ERASE] ch=0 lun=6 pl=0 blk=61 pg=255 erase_cnt=7 (vpc/ipc reset)
[EXP] [ERASE] ch=0 lun=7 pl=0 blk=61 pg=255 erase_cnt=7 (vpc/ipc reset)
[EXP] [ERASE] ch=1 lun=0 pl=0 blk=61 pg=255 erase_cnt=7 (vpc/ipc reset)
[EXP] [ERASE] ch=1 lun=1 pl=0 blk=61 pg=255 erase_cnt=7 (vpc/ipc reset)
[EXP] [ERASE] ch=1 lun=2 pl=0 blk=61 pg=255 erase_cnt=7 (vpc/ipc reset)
[EXP] [ERASE] ch=1 lun=3 pl=0 blk=61 pg=255 erase_cnt=7 (vpc/ipc reset)
[EXP] [ERASE] ch=1 lun=4 pl=0 blk=61 pg=255 erase_cnt=7 (vpc/ipc reset)
[EXP] [ERASE] ch=1 lun=5 pl=0 blk=61 pg=255 erase_cnt=7 (vpc/ipc reset)
[EXP] [ERASE] ch=1 lun=6 pl=0 blk=61 pg=255 erase_cnt=7 (vpc/ipc reset)
[EXP] [ERASE] ch=1 lun=7 pl=0 blk=61 pg=255 erase_cnt=7 (vpc/ipc reset)
[EXP] [ERASE] ch=2 lun=0 pl=0 blk=61 pg=255 erase_cnt=7 (vpc/ipc reset)
[EXP] [ERASE] ch=2 lun=1 pl=0 blk=61 pg=255 erase_cnt=7 (vpc/ipc reset)
[EXP] [ERASE] ch=2 lun=2 pl=0 blk=61 pg=255 erase_cnt=7 (vpc/ipc reset)
[EXP] [ERASE] ch=2 lun=3 pl=0 blk=61 pg=255 erase_cnt=7 (vpc/ipc reset)
[EXP] [ERASE] ch=2 lun=4 pl=0 blk=61 pg=255 erase_cnt=7 (vpc/ipc reset)
[EXP] [ERASE] ch=2 lun=5 pl=0 blk=61 pg=255 erase_cnt=7 (vpc/ipc reset)
[EXP] [ERASE] ch=2 lun=6 pl=0 blk=61 pg=255 erase_cnt=7 (vpc/ipc reset)
[EXP] [ERASE] ch=2 lun=7 pl=0 blk=61 pg=255 erase_cnt=7 (vpc/ipc reset)
[EXP] [ERASE] ch=3 lun=0 pl=0 blk=61 pg=255 erase_cnt=7 (vpc/ipc reset)
[EXP] [ERASE] ch=3 lun=1 pl=0 blk=61 pg=255 erase_cnt=7 (vpc/ipc reset)
[EXP] [ERASE] ch=3 lun=2 pl=0 blk=61 pg=255 erase_cnt=7 (vpc/ipc reset)
[EXP] [ERASE] ch=3 lun=3 pl=0 blk=61 pg=255 erase_cnt=7 (vpc/ipc reset)
[EXP] [ERASE] ch=3 lun=4 pl=0 blk=61 pg=255 erase_cnt=7 (vpc/ipc reset)
[EXP] [ERASE] ch=3 lun=5 pl=0 blk=61 pg=255 erase_cnt=7 (vpc/ipc reset)
[EXP] [ERASE] ch=3 lun=6 pl=0 blk=61 pg=255 erase_cnt=7 (vpc/ipc reset)
[EXP] [ERASE] ch=3 lun=7 pl=0 blk=61 pg=255 erase_cnt=7 (vpc/ipc reset)
[EXP] [ERASE] ch=4 lun=0 pl=0 blk=61 pg=255 erase_cnt=7 (vpc/ipc reset)
[EXP] [ERASE] ch=4 lun=1 pl=0 blk=61 pg=255 erase_cnt=7 (vpc/ipc reset)
[EXP] [ERASE] ch=4 lun=2 pl=0 blk=61 pg=255 erase_cnt=7 (vpc/ipc reset)
[EXP] [ERASE] ch=4 lun=3 pl=0 blk=61 pg=255 erase_cnt=7 (vpc/ipc reset)
[EXP] [ERASE] ch=4 lun=4 pl=0 blk=61 pg=255 erase_cnt=7 (vpc/ipc reset)
[EXP] [ERASE] ch=4 lun=5 pl=0 blk=61 pg=255 erase_cnt=7 (vpc/ipc reset)
[EXP] [ERASE] ch=4 lun=6 pl=0 blk=61 pg=255 erase_cnt=7 (vpc/ipc reset)
[EXP] [ERASE] ch=4 lun=7 pl=0 blk=61 pg=255 erase_cnt=7 (vpc/ipc reset)
[EXP] [ERASE] ch=5 lun=0 pl=0 blk=61 pg=255 erase_cnt=7 (vpc/ipc reset)
[EXP] [ERASE] ch=5 lun=1 pl=0 blk=61 pg=255 erase_cnt=7 (vpc/ipc reset)
[EXP] [ERASE] ch=5 lun=2 pl=0 blk=61 pg=255 erase_cnt=7 (vpc/ipc reset)
[EXP] [ERASE] ch=5 lun=3 pl=0 blk=61 pg=255 erase_cnt=7 (vpc/ipc reset)
[EXP] [ERASE] ch=5 lun=4 pl=0 blk=61 pg=255 erase_cnt=7 (vpc/ipc reset)
[EXP] [ERASE] ch=5 lun=5 pl=0 blk=61 pg=255 erase_cnt=7 (vpc/ipc reset)
[EXP] [ERASE] ch=5 lun=6 pl=0 blk=61 pg=255 erase_cnt=7 (vpc/ipc reset)
[EXP] [ERASE] ch=5 lun=7 pl=0 blk=61 pg=255 erase_cnt=7 (vpc/ipc reset)
[EXP] [ERASE] ch=6 lun=0 pl=0 blk=61 pg=255 erase_cnt=7 (vpc/ipc reset)
[EXP] [ERASE] ch=6 lun=1 pl=0 blk=61 pg=255 erase_cnt=7 (vpc/ipc reset)
[EXP] [ERASE] ch=6 lun=2 pl=0 blk=61 pg=255 erase_cnt=7 (vpc/ipc reset)
[EXP] [ERASE] ch=6 lun=3 pl=0 blk=61 pg=255 erase_cnt=7 (vpc/ipc reset)
[EXP] [ERASE] ch=6 lun=4 pl=0 blk=61 pg=255 erase_cnt=7 (vpc/ipc reset)
[EXP] [ERASE] ch=6 lun=5 pl=0 blk=61 pg=255 erase_cnt=7 (vpc/ipc reset)
[EXP] [ERASE] ch=6 lun=6 pl=0 blk=61 pg=255 erase_cnt=7 (vpc/ipc reset)
[EXP] [ERASE] ch=6 lun=7 pl=0 blk=61 pg=255 erase_cnt=7 (vpc/ipc reset)
[EXP] [ERASE] ch=7 lun=0 pl=0 blk=61 pg=255 erase_cnt=7 (vpc/ipc reset)
[EXP] [ERASE] ch=7 lun=1 pl=0 blk=61 pg=255 erase_cnt=7 (vpc/ipc reset)
[EXP] [ERASE] ch=7 lun=2 pl=0 blk=61 pg=255 erase_cnt=7 (vpc/ipc reset)
[EXP] [ERASE] ch=7 lun=3 pl=0 blk=61 pg=255 erase_cnt=7 (vpc/ipc reset)
[EXP] [ERASE] ch=7 lun=4 pl=0 blk=61 pg=255 erase_cnt=7 (vpc/ipc reset)
[EXP] [ERASE] ch=7 lun=5 pl=0 blk=61 pg=255 erase_cnt=7 (vpc/ipc reset)
[EXP] [ERASE] ch=7 lun=6 pl=0 blk=61 pg=255 erase_cnt=7 (vpc/ipc reset)
[EXP] [ERASE] ch=7 lun=7 pl=0 blk=61 pg=255 erase_cnt=7 (vpc/ipc reset)
[EXP] [ERASE] ch=0 lun=0 pl=0 blk=100 pg=255 erase_cnt=6 (vpc/ipc reset)
[EXP] [ERASE] ch=0 lun=1 pl=0 blk=100 pg=255 erase_cnt=6 (vpc/ipc reset)
[EXP] [ERASE] ch=0 lun=2 pl=0 blk=100 pg=255 erase_cnt=6 (vpc/ipc reset)
[EXP] [ERASE] ch=0 lun=3 pl=0 blk=100 pg=255 erase_cnt=6 (vpc/ipc reset)
[EXP] [ERASE] ch=0 lun=4 pl=0 blk=100 pg=255 erase_cnt=6 (vpc/ipc reset)
[EXP] [ERASE] ch=0 lun=5 pl=0 blk=100 pg=255 erase_cnt=6 (vpc/ipc reset)
[EXP] [ERASE] ch=0 lun=6 pl=0 blk=100 pg=255 erase_cnt=6 (vpc/ipc reset)
[EXP] [ERASE] ch=0 lun=7 pl=0 blk=100 pg=255 erase_cnt=6 (vpc/ipc reset)
[EXP] [ERASE] ch=1 lun=0 pl=0 blk=100 pg=255 erase_cnt=6 (vpc/ipc reset)
[EXP] [ERASE] ch=1 lun=1 pl=0 blk=100 pg=255 erase_cnt=6 (vpc/ipc reset)
[EXP] [ERASE] ch=1 lun=2 pl=0 blk=100 pg=255 erase_cnt=6 (vpc/ipc reset)
[EXP] [ERASE] ch=1 lun=3 pl=0 blk=100 pg=255 erase_cnt=6 (vpc/ipc reset)
[EXP] [ERASE] ch=1 lun=4 pl=0 blk=100 pg=255 erase_cnt=6 (vpc/ipc reset)
[EXP] [ERASE] ch=1 lun=5 pl=0 blk=100 pg=255 erase_cnt=6 (vpc/ipc reset)
[EXP] [ERASE] ch=1 lun=6 pl=0 blk=100 pg=255 erase_cnt=6 (vpc/ipc reset)
[EXP] [ERASE] ch=1 lun=7 pl=0 blk=100 pg=255 erase_cnt=6 (vpc/ipc reset)
[EXP] [ERASE] ch=2 lun=0 pl=0 blk=100 pg=255 erase_cnt=6 (vpc/ipc reset)
[EXP] [ERASE] ch=2 lun=1 pl=0 blk=100 pg=255 erase_cnt=6 (vpc/ipc reset)
[EXP] [ERASE] ch=2 lun=2 pl=0 blk=100 pg=255 erase_cnt=6 (vpc/ipc reset)
[EXP] [ERASE] ch=2 lun=3 pl=0 blk=100 pg=255 erase_cnt=6 (vpc/ipc reset)
[EXP] [ERASE] ch=2 lun=4 pl=0 blk=100 pg=255 erase_cnt=6 (vpc/ipc reset)
[EXP] [ERASE] ch=2 lun=5 pl=0 blk=100 pg=255 erase_cnt=6 (vpc/ipc reset)
[EXP] [ERASE] ch=2 lun=6 pl=0 blk=100 pg=255 erase_cnt=6 (vpc/ipc reset)
[EXP] [ERASE] ch=2 lun=7 pl=0 blk=100 pg=255 erase_cnt=6 (vpc/ipc reset)
[EXP] [ERASE] ch=3 lun=0 pl=0 blk=100 pg=255 erase_cnt=6 (vpc/ipc reset)
[EXP] [ERASE] ch=3 lun=1 pl=0 blk=100 pg=255 erase_cnt=6 (vpc/ipc reset)
[EXP] [ERASE] ch=3 lun=2 pl=0 blk=100 pg=255 erase_cnt=6 (vpc/ipc reset)
[EXP] [ERASE] ch=3 lun=3 pl=0 blk=100 pg=255 erase_cnt=6 (vpc/ipc reset)
[EXP] [ERASE] ch=3 lun=4 pl=0 blk=100 pg=255 erase_cnt=6 (vpc/ipc reset)
[EXP] [ERASE] ch=3 lun=5 pl=0 blk=100 pg=255 erase_cnt=6 (vpc/ipc reset)
[EXP] [ERASE] ch=3 lun=6 pl=0 blk=100 pg=255 erase_cnt=6 (vpc/ipc reset)
[EXP] [ERASE] ch=3 lun=7 pl=0 blk=100 pg=255 erase_cnt=6 (vpc/ipc reset)
[EXP] [ERASE] ch=4 lun=0 pl=0 blk=100 pg=255 erase_cnt=6 (vpc/ipc reset)
[EXP] [ERASE] ch=4 lun=1 pl=0 blk=100 pg=255 erase_cnt=6 (vpc/ipc reset)
[EXP] [ERASE] ch=4 lun=2 pl=0 blk=100 pg=255 erase_cnt=6 (vpc/ipc reset)
[EXP] [ERASE] ch=4 lun=3 pl=0 blk=100 pg=255 erase_cnt=6 (vpc/ipc reset)
[EXP] [ERASE] ch=4 lun=4 pl=0 blk=100 pg=255 erase_cnt=6 (vpc/ipc reset)
[EXP] [ERASE] ch=4 lun=5 pl=0 blk=100 pg=255 erase_cnt=6 (vpc/ipc reset)
[EXP] [ERASE] ch=4 lun=6 pl=0 blk=100 pg=255 erase_cnt=6 (vpc/ipc reset)
[EXP] [ERASE] ch=4 lun=7 pl=0 blk=100 pg=255 erase_cnt=6 (vpc/ipc reset)
[EXP] [ERASE] ch=5 lun=0 pl=0 blk=100 pg=255 erase_cnt=6 (vpc/ipc reset)
[EXP] [ERASE] ch=5 lun=1 pl=0 blk=100 pg=255 erase_cnt=6 (vpc/ipc reset)
[EXP] [ERASE] ch=5 lun=2 pl=0 blk=100 pg=255 erase_cnt=6 (vpc/ipc reset)
[EXP] [ERASE] ch=5 lun=3 pl=0 blk=100 pg=255 erase_cnt=6 (vpc/ipc reset)
[EXP] [ERASE] ch=5 lun=4 pl=0 blk=100 pg=255 erase_cnt=6 (vpc/ipc reset)
[EXP] [ERASE] ch=5 lun=5 pl=0 blk=100 pg=255 erase_cnt=6 (vpc/ipc reset)
[EXP] [ERASE] ch=5 lun=6 pl=0 blk=100 pg=255 erase_cnt=6 (vpc/ipc reset)
[EXP] [ERASE] ch=5 lun=7 pl=0 blk=100 pg=255 erase_cnt=6 (vpc/ipc reset)
[EXP] [ERASE] ch=6 lun=0 pl=0 blk=100 pg=255 erase_cnt=6 (vpc/ipc reset)
[EXP] [ERASE] ch=6 lun=1 pl=0 blk=100 pg=255 erase_cnt=6 (vpc/ipc reset)
[EXP] [ERASE] ch=6 lun=2 pl=0 blk=100 pg=255 erase_cnt=6 (vpc/ipc reset)
[EXP] [ERASE] ch=6 lun=3 pl=0 blk=100 pg=255 erase_cnt=6 (vpc/ipc reset)
[EXP] [ERASE] ch=6 lun=4 pl=0 blk=100 pg=255 erase_cnt=6 (vpc/ipc reset)
[EXP] [ERASE] ch=6 lun=5 pl=0 blk=100 pg=255 erase_cnt=6 (vpc/ipc reset)
[EXP] [ERASE] ch=6 lun=6 pl=0 blk=100 pg=255 erase_cnt=6 (vpc/ipc reset)
[EXP] [ERASE] ch=6 lun=7 pl=0 blk=100 pg=255 erase_cnt=6 (vpc/ipc reset)
[EXP] [ERASE] ch=7 lun=0 pl=0 blk=100 pg=255 erase_cnt=6 (vpc/ipc reset)
[EXP] [ERASE] ch=7 lun=1 pl=0 blk=100 pg=255 erase_cnt=6 (vpc/ipc reset)
[EXP] [ERASE] ch=7 lun=2 pl=0 blk=100 pg=255 erase_cnt=6 (vpc/ipc reset)
[EXP] [ERASE] ch=7 lun=3 pl=0 blk=100 pg=255 erase_cnt=6 (vpc/ipc reset)
[EXP] [ERASE] ch=7 lun=4 pl=0 blk=100 pg=255 erase_cnt=6 (vpc/ipc reset)
[EXP] [ERASE] ch=7 lun=5 pl=0 blk=100 pg=255 erase_cnt=6 (vpc/ipc reset)
[EXP] [ERASE] ch=7 lun=6 pl=0 blk=100 pg=255 erase_cnt=6 (vpc/ipc reset)
[EXP] [ERASE] ch=7 lun=7 pl=0 blk=100 pg=255 erase_cnt=6 (vpc/ipc reset)
[EXP] [ERASE] ch=0 lun=0 pl=0 blk=99 pg=255 erase_cnt=9 (vpc/ipc reset)
[EXP] [ERASE] ch=0 lun=1 pl=0 blk=99 pg=255 erase_cnt=9 (vpc/ipc reset)
[EXP] [ERASE] ch=0 lun=2 pl=0 blk=99 pg=255 erase_cnt=9 (vpc/ipc reset)
[EXP] [ERASE] ch=0 lun=3 pl=0 blk=99 pg=255 erase_cnt=9 (vpc/ipc reset)
[EXP] [ERASE] ch=0 lun=4 pl=0 blk=99 pg=255 erase_cnt=9 (vpc/ipc reset)
[EXP] [ERASE] ch=0 lun=5 pl=0 blk=99 pg=255 erase_cnt=9 (vpc/ipc reset)
[EXP] [ERASE] ch=0 lun=6 pl=0 blk=99 pg=255 erase_cnt=9 (vpc/ipc reset)
[EXP] [ERASE] ch=0 lun=7 pl=0 blk=99 pg=255 erase_cnt=9 (vpc/ipc reset)
[EXP] [ERASE] ch=1 lun=0 pl=0 blk=99 pg=255 erase_cnt=9 (vpc/ipc reset)
[EXP] [ERASE] ch=1 lun=1 pl=0 blk=99 pg=255 erase_cnt=9 (vpc/ipc reset)
[EXP] [ERASE] ch=1 lun=2 pl=0 blk=99 pg=255 erase_cnt=9 (vpc/ipc reset)
[EXP] [ERASE] ch=1 lun=3 pl=0 blk=99 pg=255 erase_cnt=9 (vpc/ipc reset)
[EXP] [ERASE] ch=1 lun=4 pl=0 blk=99 pg=255 erase_cnt=9 (vpc/ipc reset)
[EXP] [ERASE] ch=1 lun=5 pl=0 blk=99 pg=255 erase_cnt=9 (vpc/ipc reset)
[EXP] [ERASE] ch=1 lun=6 pl=0 blk=99 pg=255 erase_cnt=9 (vpc/ipc reset)
[EXP] [ERASE] ch=1 lun=7 pl=0 blk=99 pg=255 erase_cnt=9 (vpc/ipc reset)
[EXP] [ERASE] ch=2 lun=0 pl=0 blk=99 pg=255 erase_cnt=9 (vpc/ipc reset)
[EXP] [ERASE] ch=2 lun=1 pl=0 blk=99 pg=255 erase_cnt=9 (vpc/ipc reset)
[EXP] [ERASE] ch=2 lun=2 pl=0 blk=99 pg=255 erase_cnt=9 (vpc/ipc reset)
[EXP] [ERASE] ch=2 lun=3 pl=0 blk=99 pg=255 erase_cnt=9 (vpc/ipc reset)
[EXP] [ERASE] ch=2 lun=4 pl=0 blk=99 pg=255 erase_cnt=9 (vpc/ipc reset)
[EXP] [ERASE] ch=2 lun=5 pl=0 blk=99 pg=255 erase_cnt=9 (vpc/ipc reset)
[EXP] [ERASE] ch=2 lun=6 pl=0 blk=99 pg=255 erase_cnt=9 (vpc/ipc reset)
[EXP] [ERASE] ch=2 lun=7 pl=0 blk=99 pg=255 erase_cnt=9 (vpc/ipc reset)
[EXP] [ERASE] ch=3 lun=0 pl=0 blk=99 pg=255 erase_cnt=9 (vpc/ipc reset)
[EXP] [ERASE] ch=3 lun=1 pl=0 blk=99 pg=255 erase_cnt=9 (vpc/ipc reset)
[EXP] [ERASE] ch=3 lun=2 pl=0 blk=99 pg=255 erase_cnt=9 (vpc/ipc reset)
[EXP] [ERASE] ch=3 lun=3 pl=0 blk=99 pg=255 erase_cnt=9 (vpc/ipc reset)
[EXP] [ERASE] ch=3 lun=4 pl=0 blk=99 pg=255 erase_cnt=9 (vpc/ipc reset)
[EXP] [ERASE] ch=3 lun=5 pl=0 blk=99 pg=255 erase_cnt=9 (vpc/ipc reset)
[EXP] [ERASE] ch=3 lun=6 pl=0 blk=99 pg=255 erase_cnt=9 (vpc/ipc reset)
[EXP] [ERASE] ch=3 lun=7 pl=0 blk=99 pg=255 erase_cnt=9 (vpc/ipc reset)
[EXP] [ERASE] ch=4 lun=0 pl=0 blk=99 pg=255 erase_cnt=9 (vpc/ipc reset)
[EXP] [ERASE] ch=4 lun=1 pl=0 blk=99 pg=255 erase_cnt=9 (vpc/ipc reset)
[EXP] [ERASE] ch=4 lun=2 pl=0 blk=99 pg=255 erase_cnt=9 (vpc/ipc reset)
[EXP] [ERASE] ch=4 lun=3 pl=0 blk=99 pg=255 erase_cnt=9 (vpc/ipc reset)
[EXP] [ERASE] ch=4 lun=4 pl=0 blk=99 pg=255 erase_cnt=9 (vpc/ipc reset)
[EXP] [ERASE] ch=4 lun=5 pl=0 blk=99 pg=255 erase_cnt=9 (vpc/ipc reset)
[EXP] [ERASE] ch=4 lun=6 pl=0 blk=99 pg=255 erase_cnt=9 (vpc/ipc reset)
[EXP] [ERASE] ch=4 lun=7 pl=0 blk=99 pg=255 erase_cnt=9 (vpc/ipc reset)
[EXP] [ERASE] ch=5 lun=0 pl=0 blk=99 pg=255 erase_cnt=9 (vpc/ipc reset)
[EXP] [ERASE] ch=5 lun=1 pl=0 blk=99 pg=255 erase_cnt=9 (vpc/ipc reset)
[EXP] [ERASE] ch=5 lun=2 pl=0 blk=99 pg=255 erase_cnt=9 (vpc/ipc reset)
[EXP] [ERASE] ch=5 lun=3 pl=0 blk=99 pg=255 erase_cnt=9 (vpc/ipc reset)
[EXP] [ERASE] ch=5 lun=4 pl=0 blk=99 pg=255 erase_cnt=9 (vpc/ipc reset)
[EXP] [ERASE] ch=5 lun=5 pl=0 blk=99 pg=255 erase_cnt=9 (vpc/ipc reset)
[EXP] [ERASE] ch=5 lun=6 pl=0 blk=99 pg=255 erase_cnt=9 (vpc/ipc reset)
[EXP] [ERASE] ch=5 lun=7 pl=0 blk=99 pg=255 erase_cnt=9 (vpc/ipc reset)
[EXP] [ERASE] ch=6 lun=0 pl=0 blk=99 pg=255 erase_cnt=9 (vpc/ipc reset)
[EXP] [ERASE] ch=6 lun=1 pl=0 blk=99 pg=255 erase_cnt=9 (vpc/ipc reset)
[EXP] [ERASE] ch=6 lun=2 pl=0 blk=99 pg=255 erase_cnt=9 (vpc/ipc reset)
[EXP] [ERASE] ch=6 lun=3 pl=0 blk=99 pg=255 erase_cnt=9 (vpc/ipc reset)
[EXP] [ERASE] ch=6 lun=4 pl=0 blk=99 pg=255 erase_cnt=9 (vpc/ipc reset)
[EXP] [ERASE] ch=6 lun=5 pl=0 blk=99 pg=255 erase_cnt=9 (vpc/ipc reset)
[EXP] [ERASE] ch=6 lun=6 pl=0 blk=99 pg=255 erase_cnt=9 (vpc/ipc reset)
[EXP] [ERASE] ch=6 lun=7 pl=0 blk=99 pg=255 erase_cnt=9 (vpc/ipc reset)
[EXP] [ERASE] ch=7 lun=0 pl=0 blk=99 pg=255 erase_cnt=9 (vpc/ipc reset)
[EXP] [ERASE] ch=7 lun=1 pl=0 blk=99 pg=255 erase_cnt=9 (vpc/ipc reset)
[EXP] [ERASE] ch=7 lun=2 pl=0 blk=99 pg=255 erase_cnt=9 (vpc/ipc reset)
[EXP] [ERASE] ch=7 lun=3 pl=0 blk=99 pg=255 erase_cnt=9 (vpc/ipc reset)
[EXP] [ERASE] ch=7 lun=4 pl=0 blk=99 pg=255 erase_cnt=9 (vpc/ipc reset)
[EXP] [ERASE] ch=7 lun=5 pl=0 blk=99 pg=255 erase_cnt=9 (vpc/ipc reset)
[EXP] [ERASE] ch=7 lun=6 pl=0 blk=99 pg=255 erase_cnt=9 (vpc/ipc reset)
[EXP] [ERASE] ch=7 lun=7 pl=0 blk=99 pg=255 erase_cnt=9 (vpc/ipc reset)
[EXP] [ERASE] ch=0 lun=0 pl=0 blk=102 pg=255 erase_cnt=6 (vpc/ipc reset)
[EXP] [ERASE] ch=0 lun=1 pl=0 blk=102 pg=255 erase_cnt=6 (vpc/ipc reset)
[EXP] [ERASE] ch=0 lun=2 pl=0 blk=102 pg=255 erase_cnt=6 (vpc/ipc reset)
[EXP] [ERASE] ch=0 lun=3 pl=0 blk=102 pg=255 erase_cnt=6 (vpc/ipc reset)
[EXP] [ERASE] ch=0 lun=4 pl=0 blk=102 pg=255 erase_cnt=6 (vpc/ipc reset)
[EXP] [ERASE] ch=0 lun=5 pl=0 blk=102 pg=255 erase_cnt=6 (vpc/ipc reset)
[EXP] [ERASE] ch=0 lun=6 pl=0 blk=102 pg=255 erase_cnt=6 (vpc/ipc reset)
[EXP] [ERASE] ch=0 lun=7 pl=0 blk=102 pg=255 erase_cnt=6 (vpc/ipc reset)
[EXP] [ERASE] ch=1 lun=0 pl=0 blk=102 pg=255 erase_cnt=6 (vpc/ipc reset)
[EXP] [ERASE] ch=1 lun=1 pl=0 blk=102 pg=255 erase_cnt=6 (vpc/ipc reset)
[EXP] [ERASE] ch=1 lun=2 pl=0 blk=102 pg=255 erase_cnt=6 (vpc/ipc reset)
[EXP] [ERASE] ch=1 lun=3 pl=0 blk=102 pg=255 erase_cnt=6 (vpc/ipc reset)
[EXP] [ERASE] ch=1 lun=4 pl=0 blk=102 pg=255 erase_cnt=6 (vpc/ipc reset)
[EXP] [ERASE] ch=1 lun=5 pl=0 blk=102 pg=255 erase_cnt=6 (vpc/ipc reset)
[EXP] [ERASE] ch=1 lun=6 pl=0 blk=102 pg=255 erase_cnt=6 (vpc/ipc reset)
[EXP] [ERASE] ch=1 lun=7 pl=0 blk=102 pg=255 erase_cnt=6 (vpc/ipc reset)
[EXP] [ERASE] ch=2 lun=0 pl=0 blk=102 pg=255 erase_cnt=6 (vpc/ipc reset)
[EXP] [ERASE] ch=2 lun=1 pl=0 blk=102 pg=255 erase_cnt=6 (vpc/ipc reset)
[EXP] [ERASE] ch=2 lun=2 pl=0 blk=102 pg=255 erase_cnt=6 (vpc/ipc reset)
[EXP] [ERASE] ch=2 lun=3 pl=0 blk=102 pg=255 erase_cnt=6 (vpc/ipc reset)
[EXP] [ERASE] ch=2 lun=4 pl=0 blk=102 pg=255 erase_cnt=6 (vpc/ipc reset)
[EXP] [ERASE] ch=2 lun=5 pl=0 blk=102 pg=255 erase_cnt=6 (vpc/ipc reset)
[EXP] [ERASE] ch=2 lun=6 pl=0 blk=102 pg=255 erase_cnt=6 (vpc/ipc reset)
[EXP] [ERASE] ch=2 lun=7 pl=0 blk=102 pg=255 erase_cnt=6 (vpc/ipc reset)
[EXP] [ERASE] ch=3 lun=0 pl=0 blk=102 pg=255 erase_cnt=6 (vpc/ipc reset)
[EXP] [ERASE] ch=3 lun=1 pl=0 blk=102 pg=255 erase_cnt=6 (vpc/ipc reset)
[EXP] [ERASE] ch=3 lun=2 pl=0 blk=102 pg=255 erase_cnt=6 (vpc/ipc reset)
[EXP] [ERASE] ch=3 lun=3 pl=0 blk=102 pg=255 erase_cnt=6 (vpc/ipc reset)
[EXP] [ERASE] ch=3 lun=4 pl=0 blk=102 pg=255 erase_cnt=6 (vpc/ipc reset)
[EXP] [ERASE] ch=3 lun=5 pl=0 blk=102 pg=255 erase_cnt=6 (vpc/ipc reset)
[EXP] [ERASE] ch=3 lun=6 pl=0 blk=102 pg=255 erase_cnt=6 (vpc/ipc reset)
[EXP] [ERASE] ch=3 lun=7 pl=0 blk=102 pg=255 erase_cnt=6 (vpc/ipc reset)
[EXP] [ERASE] ch=4 lun=0 pl=0 blk=102 pg=255 erase_cnt=6 (vpc/ipc reset)
[EXP] [ERASE] ch=4 lun=1 pl=0 blk=102 pg=255 erase_cnt=6 (vpc/ipc reset)
[EXP] [ERASE] ch=4 lun=2 pl=0 blk=102 pg=255 erase_cnt=6 (vpc/ipc reset)
[EXP] [ERASE] ch=4 lun=3 pl=0 blk=102 pg=255 erase_cnt=6 (vpc/ipc reset)
[EXP] [ERASE] ch=4 lun=4 pl=0 blk=102 pg=255 erase_cnt=6 (vpc/ipc reset)
[EXP] [ERASE] ch=4 lun=5 pl=0 blk=102 pg=255 erase_cnt=6 (vpc/ipc reset)
[EXP] [ERASE] ch=4 lun=6 pl=0 blk=102 pg=255 erase_cnt=6 (vpc/ipc reset)
[EXP] [ERASE] ch=4 lun=7 pl=0 blk=102 pg=255 erase_cnt=6 (vpc/ipc reset)
[EXP] [ERASE] ch=5 lun=0 pl=0 blk=102 pg=255 erase_cnt=6 (vpc/ipc reset)
[EXP] [ERASE] ch=5 lun=1 pl=0 blk=102 pg=255 erase_cnt=6 (vpc/ipc reset)
[EXP] [ERASE] ch=5 lun=2 pl=0 blk=102 pg=255 erase_cnt=6 (vpc/ipc reset)
[EXP] [ERASE] ch=5 lun=3 pl=0 blk=102 pg=255 erase_cnt=6 (vpc/ipc reset)
[EXP] [ERASE] ch=5 lun=4 pl=0 blk=102 pg=255 erase_cnt=6 (vpc/ipc reset)
[EXP] [ERASE] ch=5 lun=5 pl=0 blk=102 pg=255 erase_cnt=6 (vpc/ipc reset)
[EXP] [ERASE] ch=5 lun=6 pl=0 blk=102 pg=255 erase_cnt=6 (vpc/ipc reset)
[EXP] [ERASE] ch=5 lun=7 pl=0 blk=102 pg=255 erase_cnt=6 (vpc/ipc reset)
[EXP] [ERASE] ch=6 lun=0 pl=0 blk=102 pg=255 erase_cnt=6 (vpc/ipc reset)
[EXP] [ERASE] ch=6 lun=1 pl=0 blk=102 pg=255 erase_cnt=6 (vpc/ipc reset)
[EXP] [ERASE] ch=6 lun=2 pl=0 blk=102 pg=255 erase_cnt=6 (vpc/ipc reset)
[EXP] [ERASE] ch=6 lun=3 pl=0 blk=102 pg=255 erase_cnt=6 (vpc/ipc reset)
[EXP] [ERASE] ch=6 lun=4 pl=0 blk=102 pg=255 erase_cnt=6 (vpc/ipc reset)
[EXP] [ERASE] ch=6 lun=5 pl=0 blk=102 pg=255 erase_cnt=6 (vpc/ipc reset)
[EXP] [ERASE] ch=6 lun=6 pl=0 blk=102 pg=255 erase_cnt=6 (vpc/ipc reset)
[EXP] [ERASE] ch=6 lun=7 pl=0 blk=102 pg=255 erase_cnt=6 (vpc/ipc reset)
[EXP] [ERASE] ch=7 lun=0 pl=0 blk=102 pg=255 erase_cnt=6 (vpc/ipc reset)
[EXP] [ERASE] ch=7 lun=1 pl=0 blk=102 pg=255 erase_cnt=6 (vpc/ipc reset)
[EXP] [ERASE] ch=7 lun=2 pl=0 blk=102 pg=255 erase_cnt=6 (vpc/ipc reset)
[EXP] [ERASE] ch=7 lun=3 pl=0 blk=102 pg=255 erase_cnt=6 (vpc/ipc reset)
[EXP] [ERASE] ch=7 lun=4 pl=0 blk=102 pg=255 erase_cnt=6 (vpc/ipc reset)
[EXP] [ERASE] ch=7 lun=5 pl=0 blk=102 pg=255 erase_cnt=6 (vpc/ipc reset)
[EXP] [ERASE] ch=7 lun=6 pl=0 blk=102 pg=255 erase_cnt=6 (vpc/ipc reset)
[EXP] [ERASE] ch=7 lun=7 pl=0 blk=102 pg=255 erase_cnt=6 (vpc/ipc reset)
[EXP] [ERASE] ch=0 lun=0 pl=0 blk=98 pg=255 erase_cnt=11 (vpc/ipc reset)
[EXP] [ERASE] ch=0 lun=1 pl=0 blk=98 pg=255 erase_cnt=11 (vpc/ipc reset)
[EXP] [ERASE] ch=0 lun=2 pl=0 blk=98 pg=255 erase_cnt=11 (vpc/ipc reset)
[EXP] [ERASE] ch=0 lun=3 pl=0 blk=98 pg=255 erase_cnt=11 (vpc/ipc reset)
[EXP] [ERASE] ch=0 lun=4 pl=0 blk=98 pg=255 erase_cnt=11 (vpc/ipc reset)
[EXP] [ERASE] ch=0 lun=5 pl=0 blk=98 pg=255 erase_cnt=11 (vpc/ipc reset)
[EXP] [ERASE] ch=0 lun=6 pl=0 blk=98 pg=255 erase_cnt=11 (vpc/ipc reset)
[EXP] [ERASE] ch=0 lun=7 pl=0 blk=98 pg=255 erase_cnt=11 (vpc/ipc reset)
[EXP] [ERASE] ch=1 lun=0 pl=0 blk=98 pg=255 erase_cnt=11 (vpc/ipc reset)
[EXP] [ERASE] ch=1 lun=1 pl=0 blk=98 pg=255 erase_cnt=11 (vpc/ipc reset)
[EXP] [ERASE] ch=1 lun=2 pl=0 blk=98 pg=255 erase_cnt=11 (vpc/ipc reset)
[EXP] [ERASE] ch=1 lun=3 pl=0 blk=98 pg=255 erase_cnt=11 (vpc/ipc reset)
[EXP] [ERASE] ch=1 lun=4 pl=0 blk=98 pg=255 erase_cnt=11 (vpc/ipc reset)
[EXP] [ERASE] ch=1 lun=5 pl=0 blk=98 pg=255 erase_cnt=11 (vpc/ipc reset)
[EXP] [ERASE] ch=1 lun=6 pl=0 blk=98 pg=255 erase_cnt=11 (vpc/ipc reset)
[EXP] [ERASE] ch=1 lun=7 pl=0 blk=98 pg=255 erase_cnt=11 (vpc/ipc reset)
[EXP] [ERASE] ch=2 lun=0 pl=0 blk=98 pg=255 erase_cnt=11 (vpc/ipc reset)
[EXP] [ERASE] ch=2 lun=1 pl=0 blk=98 pg=255 erase_cnt=11 (vpc/ipc reset)
[EXP] [ERASE] ch=2 lun=2 pl=0 blk=98 pg=255 erase_cnt=11 (vpc/ipc reset)
[EXP] [ERASE] ch=2 lun=3 pl=0 blk=98 pg=255 erase_cnt=11 (vpc/ipc reset)
[EXP] [ERASE] ch=2 lun=4 pl=0 blk=98 pg=255 erase_cnt=11 (vpc/ipc reset)
[EXP] [ERASE] ch=2 lun=5 pl=0 blk=98 pg=255 erase_cnt=11 (vpc/ipc reset)
[EXP] [ERASE] ch=2 lun=6 pl=0 blk=98 pg=255 erase_cnt=11 (vpc/ipc reset)
[EXP] [ERASE] ch=2 lun=7 pl=0 blk=98 pg=255 erase_cnt=11 (vpc/ipc reset)
[EXP] [ERASE] ch=3 lun=0 pl=0 blk=98 pg=255 erase_cnt=11 (vpc/ipc reset)
[EXP] [ERASE] ch=3 lun=1 pl=0 blk=98 pg=255 erase_cnt=11 (vpc/ipc reset)
[EXP] [ERASE] ch=3 lun=2 pl=0 blk=98 pg=255 erase_cnt=11 (vpc/ipc reset)
[EXP] [ERASE] ch=3 lun=3 pl=0 blk=98 pg=255 erase_cnt=11 (vpc/ipc reset)
[EXP] [ERASE] ch=3 lun=4 pl=0 blk=98 pg=255 erase_cnt=11 (vpc/ipc reset)
[EXP] [ERASE] ch=3 lun=5 pl=0 blk=98 pg=255 erase_cnt=11 (vpc/ipc reset)
[EXP] [ERASE] ch=3 lun=6 pl=0 blk=98 pg=255 erase_cnt=11 (vpc/ipc reset)
[EXP] [ERASE] ch=3 lun=7 pl=0 blk=98 pg=255 erase_cnt=11 (vpc/ipc reset)
[EXP] [ERASE] ch=4 lun=0 pl=0 blk=98 pg=255 erase_cnt=11 (vpc/ipc reset)
[EXP] [ERASE] ch=4 lun=1 pl=0 blk=98 pg=255 erase_cnt=11 (vpc/ipc reset)
[EXP] [ERASE] ch=4 lun=2 pl=0 blk=98 pg=255 erase_cnt=11 (vpc/ipc reset)
[EXP] [ERASE] ch=4 lun=3 pl=0 blk=98 pg=255 erase_cnt=11 (vpc/ipc reset)
[EXP] [ERASE] ch=4 lun=4 pl=0 blk=98 pg=255 erase_cnt=11 (vpc/ipc reset)
[EXP] [ERASE] ch=4 lun=5 pl=0 blk=98 pg=255 erase_cnt=11 (vpc/ipc reset)
[EXP] [ERASE] ch=4 lun=6 pl=0 blk=98 pg=255 erase_cnt=11 (vpc/ipc reset)
[EXP] [ERASE] ch=4 lun=7 pl=0 blk=98 pg=255 erase_cnt=11 (vpc/ipc reset)
[EXP] [ERASE] ch=5 lun=0 pl=0 blk=98 pg=255 erase_cnt=11 (vpc/ipc reset)
[EXP] [ERASE] ch=5 lun=1 pl=0 blk=98 pg=255 erase_cnt=11 (vpc/ipc reset)
[EXP] [ERASE] ch=5 lun=2 pl=0 blk=98 pg=255 erase_cnt=11 (vpc/ipc reset)
[EXP] [ERASE] ch=5 lun=3 pl=0 blk=98 pg=255 erase_cnt=11 (vpc/ipc reset)
[EXP] [ERASE] ch=5 lun=4 pl=0 blk=98 pg=255 erase_cnt=11 (vpc/ipc reset)
[EXP] [ERASE] ch=5 lun=5 pl=0 blk=98 pg=255 erase_cnt=11 (vpc/ipc reset)
[EXP] [ERASE] ch=5 lun=6 pl=0 blk=98 pg=255 erase_cnt=11 (vpc/ipc reset)
[EXP] [ERASE] ch=5 lun=7 pl=0 blk=98 pg=255 erase_cnt=11 (vpc/ipc reset)
[EXP] [ERASE] ch=6 lun=0 pl=0 blk=98 pg=255 erase_cnt=11 (vpc/ipc reset)
[EXP] [ERASE] ch=6 lun=1 pl=0 blk=98 pg=255 erase_cnt=11 (vpc/ipc reset)
[EXP] [ERASE] ch=6 lun=2 pl=0 blk=98 pg=255 erase_cnt=11 (vpc/ipc reset)
[EXP] [ERASE] ch=6 lun=3 pl=0 blk=98 pg=255 erase_cnt=11 (vpc/ipc reset)
[EXP] [ERASE] ch=6 lun=4 pl=0 blk=98 pg=255 erase_cnt=11 (vpc/ipc reset)
[EXP] [ERASE] ch=6 lun=5 pl=0 blk=98 pg=255 erase_cnt=11 (vpc/ipc reset)
[EXP] [ERASE] ch=6 lun=6 pl=0 blk=98 pg=255 erase_cnt=11 (vpc/ipc reset)
[EXP] [ERASE] ch=6 lun=7 pl=0 blk=98 pg=255 erase_cnt=11 (vpc/ipc reset)
[EXP] [ERASE] ch=7 lun=0 pl=0 blk=98 pg=255 erase_cnt=11 (vpc/ipc reset)
[EXP] [ERASE] ch=7 lun=1 pl=0 blk=98 pg=255 erase_cnt=11 (vpc/ipc reset)
[EXP] [ERASE] ch=7 lun=2 pl=0 blk=98 pg=255 erase_cnt=11 (vpc/ipc reset)
[EXP] [ERASE] ch=7 lun=3 pl=0 blk=98 pg=255 erase_cnt=11 (vpc/ipc reset)
[EXP] [ERASE] ch=7 lun=4 pl=0 blk=98 pg=255 erase_cnt=11 (vpc/ipc reset)
[EXP] [ERASE] ch=7 lun=5 pl=0 blk=98 pg=255 erase_cnt=11 (vpc/ipc reset)
[EXP] [ERASE] ch=7 lun=6 pl=0 blk=98 pg=255 erase_cnt=11 (vpc/ipc reset)
[EXP] [ERASE] ch=7 lun=7 pl=0 blk=98 pg=255 erase_cnt=11 (vpc/ipc reset)
[EXP] [ERASE] ch=0 lun=0 pl=0 blk=43 pg=255 erase_cnt=5 (vpc/ipc reset)
[EXP] [ERASE] ch=0 lun=1 pl=0 blk=43 pg=255 erase_cnt=5 (vpc/ipc reset)
[EXP] [ERASE] ch=0 lun=2 pl=0 blk=43 pg=255 erase_cnt=5 (vpc/ipc reset)
[EXP] [ERASE] ch=0 lun=3 pl=0 blk=43 pg=255 erase_cnt=5 (vpc/ipc reset)
[EXP] [ERASE] ch=0 lun=4 pl=0 blk=43 pg=255 erase_cnt=5 (vpc/ipc reset)
[EXP] [ERASE] ch=0 lun=5 pl=0 blk=43 pg=255 erase_cnt=5 (vpc/ipc reset)
[EXP] [ERASE] ch=0 lun=6 pl=0 blk=43 pg=255 erase_cnt=5 (vpc/ipc reset)
[EXP] [ERASE] ch=0 lun=7 pl=0 blk=43 pg=255 erase_cnt=5 (vpc/ipc reset)
[EXP] [ERASE] ch=1 lun=0 pl=0 blk=43 pg=255 erase_cnt=5 (vpc/ipc reset)
[EXP] [ERASE] ch=1 lun=1 pl=0 blk=43 pg=255 erase_cnt=5 (vpc/ipc reset)
[EXP] [ERASE] ch=1 lun=2 pl=0 blk=43 pg=255 erase_cnt=5 (vpc/ipc reset)
[EXP] [ERASE] ch=1 lun=3 pl=0 blk=43 pg=255 erase_cnt=5 (vpc/ipc reset)
[EXP] [ERASE] ch=1 lun=4 pl=0 blk=43 pg=255 erase_cnt=5 (vpc/ipc reset)
[EXP] [ERASE] ch=1 lun=5 pl=0 blk=43 pg=255 erase_cnt=5 (vpc/ipc reset)
[EXP] [ERASE] ch=1 lun=6 pl=0 blk=43 pg=255 erase_cnt=5 (vpc/ipc reset)
[EXP] [ERASE] ch=1 lun=7 pl=0 blk=43 pg=255 erase_cnt=5 (vpc/ipc reset)
[EXP] [ERASE] ch=2 lun=0 pl=0 blk=43 pg=255 erase_cnt=5 (vpc/ipc reset)
[EXP] [ERASE] ch=2 lun=1 pl=0 blk=43 pg=255 erase_cnt=5 (vpc/ipc reset)
[EXP] [ERASE] ch=2 lun=2 pl=0 blk=43 pg=255 erase_cnt=5 (vpc/ipc reset)
[EXP] [ERASE] ch=2 lun=3 pl=0 blk=43 pg=255 erase_cnt=5 (vpc/ipc reset)
[EXP] [ERASE] ch=2 lun=4 pl=0 blk=43 pg=255 erase_cnt=5 (vpc/ipc reset)
[EXP] [ERASE] ch=2 lun=5 pl=0 blk=43 pg=255 erase_cnt=5 (vpc/ipc reset)
[EXP] [ERASE] ch=2 lun=6 pl=0 blk=43 pg=255 erase_cnt=5 (vpc/ipc reset)
[EXP] [ERASE] ch=2 lun=7 pl=0 blk=43 pg=255 erase_cnt=5 (vpc/ipc reset)
[EXP] [ERASE] ch=3 lun=0 pl=0 blk=43 pg=255 erase_cnt=5 (vpc/ipc reset)
[EXP] [ERASE] ch=3 lun=1 pl=0 blk=43 pg=255 erase_cnt=5 (vpc/ipc reset)
[EXP] [ERASE] ch=3 lun=2 pl=0 blk=43 pg=255 erase_cnt=5 (vpc/ipc reset)
[EXP] [ERASE] ch=3 lun=3 pl=0 blk=43 pg=255 erase_cnt=5 (vpc/ipc reset)
[EXP] [ERASE] ch=3 lun=4 pl=0 blk=43 pg=255 erase_cnt=5 (vpc/ipc reset)
[EXP] [ERASE] ch=3 lun=5 pl=0 blk=43 pg=255 erase_cnt=5 (vpc/ipc reset)
[EXP] [ERASE] ch=3 lun=6 pl=0 blk=43 pg=255 erase_cnt=5 (vpc/ipc reset)
[EXP] [ERASE] ch=3 lun=7 pl=0 blk=43 pg=255 erase_cnt=5 (vpc/ipc reset)
[EXP] [ERASE] ch=4 lun=0 pl=0 blk=43 pg=255 erase_cnt=5 (vpc/ipc reset)
[EXP] [ERASE] ch=4 lun=1 pl=0 blk=43 pg=255 erase_cnt=5 (vpc/ipc reset)
[EXP] [ERASE] ch=4 lun=2 pl=0 blk=43 pg=255 erase_cnt=5 (vpc/ipc reset)
[EXP] [ERASE] ch=4 lun=3 pl=0 blk=43 pg=255 erase_cnt=5 (vpc/ipc reset)
[EXP] [ERASE] ch=4 lun=4 pl=0 blk=43 pg=255 erase_cnt=5 (vpc/ipc reset)
[EXP] [ERASE] ch=4 lun=5 pl=0 blk=43 pg=255 erase_cnt=5 (vpc/ipc reset)
[EXP] [ERASE] ch=4 lun=6 pl=0 blk=43 pg=255 erase_cnt=5 (vpc/ipc reset)
[EXP] [ERASE] ch=4 lun=7 pl=0 blk=43 pg=255 erase_cnt=5 (vpc/ipc reset)
[EXP] [ERASE] ch=5 lun=0 pl=0 blk=43 pg=255 erase_cnt=5 (vpc/ipc reset)
[EXP] [ERASE] ch=5 lun=1 pl=0 blk=43 pg=255 erase_cnt=5 (vpc/ipc reset)
[EXP] [ERASE] ch=5 lun=2 pl=0 blk=43 pg=255 erase_cnt=5 (vpc/ipc reset)
[EXP] [ERASE] ch=5 lun=3 pl=0 blk=43 pg=255 erase_cnt=5 (vpc/ipc reset)
[EXP] [ERASE] ch=5 lun=4 pl=0 blk=43 pg=255 erase_cnt=5 (vpc/ipc reset)
[EXP] [ERASE] ch=5 lun=5 pl=0 blk=43 pg=255 erase_cnt=5 (vpc/ipc reset)
[EXP] [ERASE] ch=5 lun=6 pl=0 blk=43 pg=255 erase_cnt=5 (vpc/ipc reset)
[EXP] [ERASE] ch=5 lun=7 pl=0 blk=43 pg=255 erase_cnt=5 (vpc/ipc reset)
[EXP] [ERASE] ch=6 lun=0 pl=0 blk=43 pg=255 erase_cnt=5 (vpc/ipc reset)
[EXP] [ERASE] ch=6 lun=1 pl=0 blk=43 pg=255 erase_cnt=5 (vpc/ipc reset)
[EXP] [ERASE] ch=6 lun=2 pl=0 blk=43 pg=255 erase_cnt=5 (vpc/ipc reset)
[EXP] [ERASE] ch=6 lun=3 pl=0 blk=43 pg=255 erase_cnt=5 (vpc/ipc reset)
[EXP] [ERASE] ch=6 lun=4 pl=0 blk=43 pg=255 erase_cnt=5 (vpc/ipc reset)
[EXP] [ERASE] ch=6 lun=5 pl=0 blk=43 pg=255 erase_cnt=5 (vpc/ipc reset)
[EXP] [ERASE] ch=6 lun=6 pl=0 blk=43 pg=255 erase_cnt=5 (vpc/ipc reset)
[EXP] [ERASE] ch=6 lun=7 pl=0 blk=43 pg=255 erase_cnt=5 (vpc/ipc reset)
[EXP] [ERASE] ch=7 lun=0 pl=0 blk=43 pg=255 erase_cnt=5 (vpc/ipc reset)
[EXP] [ERASE] ch=7 lun=1 pl=0 blk=43 pg=255 erase_cnt=5 (vpc/ipc reset)
[EXP] [ERASE] ch=7 lun=2 pl=0 blk=43 pg=255 erase_cnt=5 (vpc/ipc reset)
[EXP] [ERASE] ch=7 lun=3 pl=0 blk=43 pg=255 erase_cnt=5 (vpc/ipc reset)
[EXP] [ERASE] ch=7 lun=4 pl=0 blk=43 pg=255 erase_cnt=5 (vpc/ipc reset)
[EXP] [ERASE] ch=7 lun=5 pl=0 blk=43 pg=255 erase_cnt=5 (vpc/ipc reset)
[EXP] [ERASE] ch=7 lun=6 pl=0 blk=43 pg=255 erase_cnt=5 (vpc/ipc reset)
[EXP] [ERASE] ch=7 lun=7 pl=0 blk=43 pg=255 erase_cnt=5 (vpc/ipc reset)
[EXP] [ERASE] ch=0 lun=0 pl=0 blk=61 pg=255 erase_cnt=8 (vpc/ipc reset)
[EXP] [ERASE] ch=0 lun=1 pl=0 blk=61 pg=255 erase_cnt=8 (vpc/ipc reset)
[EXP] [ERASE] ch=0 lun=2 pl=0 blk=61 pg=255 erase_cnt=8 (vpc/ipc reset)
[EXP] [ERASE] ch=0 lun=3 pl=0 blk=61 pg=255 erase_cnt=8 (vpc/ipc reset)
[EXP] [ERASE] ch=0 lun=4 pl=0 blk=61 pg=255 erase_cnt=8 (vpc/ipc reset)
[EXP] [ERASE] ch=0 lun=5 pl=0 blk=61 pg=255 erase_cnt=8 (vpc/ipc reset)
[EXP] [ERASE] ch=0 lun=6 pl=0 blk=61 pg=255 erase_cnt=8 (vpc/ipc reset)
[EXP] [ERASE] ch=0 lun=7 pl=0 blk=61 pg=255 erase_cnt=8 (vpc/ipc reset)
[EXP] [ERASE] ch=1 lun=0 pl=0 blk=61 pg=255 erase_cnt=8 (vpc/ipc reset)
[EXP] [ERASE] ch=1 lun=1 pl=0 blk=61 pg=255 erase_cnt=8 (vpc/ipc reset)
[EXP] [ERASE] ch=1 lun=2 pl=0 blk=61 pg=255 erase_cnt=8 (vpc/ipc reset)
[EXP] [ERASE] ch=1 lun=3 pl=0 blk=61 pg=255 erase_cnt=8 (vpc/ipc reset)
[EXP] [ERASE] ch=1 lun=4 pl=0 blk=61 pg=255 erase_cnt=8 (vpc/ipc reset)
[EXP] [ERASE] ch=1 lun=5 pl=0 blk=61 pg=255 erase_cnt=8 (vpc/ipc reset)
[EXP] [ERASE] ch=1 lun=6 pl=0 blk=61 pg=255 erase_cnt=8 (vpc/ipc reset)
[EXP] [ERASE] ch=1 lun=7 pl=0 blk=61 pg=255 erase_cnt=8 (vpc/ipc reset)
[EXP] [ERASE] ch=2 lun=0 pl=0 blk=61 pg=255 erase_cnt=8 (vpc/ipc reset)
[EXP] [ERASE] ch=2 lun=1 pl=0 blk=61 pg=255 erase_cnt=8 (vpc/ipc reset)
[EXP] [ERASE] ch=2 lun=2 pl=0 blk=61 pg=255 erase_cnt=8 (vpc/ipc reset)
[EXP] [ERASE] ch=2 lun=3 pl=0 blk=61 pg=255 erase_cnt=8 (vpc/ipc reset)
[EXP] [ERASE] ch=2 lun=4 pl=0 blk=61 pg=255 erase_cnt=8 (vpc/ipc reset)
[EXP] [ERASE] ch=2 lun=5 pl=0 blk=61 pg=255 erase_cnt=8 (vpc/ipc reset)
[EXP] [ERASE] ch=2 lun=6 pl=0 blk=61 pg=255 erase_cnt=8 (vpc/ipc reset)
[EXP] [ERASE] ch=2 lun=7 pl=0 blk=61 pg=255 erase_cnt=8 (vpc/ipc reset)
[EXP] [ERASE] ch=3 lun=0 pl=0 blk=61 pg=255 erase_cnt=8 (vpc/ipc reset)
[EXP] [ERASE] ch=3 lun=1 pl=0 blk=61 pg=255 erase_cnt=8 (vpc/ipc reset)
[EXP] [ERASE] ch=3 lun=2 pl=0 blk=61 pg=255 erase_cnt=8 (vpc/ipc reset)
[EXP] [ERASE] ch=3 lun=3 pl=0 blk=61 pg=255 erase_cnt=8 (vpc/ipc reset)
[EXP] [ERASE] ch=3 lun=4 pl=0 blk=61 pg=255 erase_cnt=8 (vpc/ipc reset)
[EXP] [ERASE] ch=3 lun=5 pl=0 blk=61 pg=255 erase_cnt=8 (vpc/ipc reset)
[EXP] [ERASE] ch=3 lun=6 pl=0 blk=61 pg=255 erase_cnt=8 (vpc/ipc reset)
[EXP] [ERASE] ch=3 lun=7 pl=0 blk=61 pg=255 erase_cnt=8 (vpc/ipc reset)
[EXP] [ERASE] ch=4 lun=0 pl=0 blk=61 pg=255 erase_cnt=8 (vpc/ipc reset)
[EXP] [ERASE] ch=4 lun=1 pl=0 blk=61 pg=255 erase_cnt=8 (vpc/ipc reset)
[EXP] [ERASE] ch=4 lun=2 pl=0 blk=61 pg=255 erase_cnt=8 (vpc/ipc reset)
[EXP] [ERASE] ch=4 lun=3 pl=0 blk=61 pg=255 erase_cnt=8 (vpc/ipc reset)
[EXP] [ERASE] ch=4 lun=4 pl=0 blk=61 pg=255 erase_cnt=8 (vpc/ipc reset)
[EXP] [ERASE] ch=4 lun=5 pl=0 blk=61 pg=255 erase_cnt=8 (vpc/ipc reset)
[EXP] [ERASE] ch=4 lun=6 pl=0 blk=61 pg=255 erase_cnt=8 (vpc/ipc reset)
[EXP] [ERASE] ch=4 lun=7 pl=0 blk=61 pg=255 erase_cnt=8 (vpc/ipc reset)
[EXP] [ERASE] ch=5 lun=0 pl=0 blk=61 pg=255 erase_cnt=8 (vpc/ipc reset)
[EXP] [ERASE] ch=5 lun=1 pl=0 blk=61 pg=255 erase_cnt=8 (vpc/ipc reset)
[EXP] [ERASE] ch=5 lun=2 pl=0 blk=61 pg=255 erase_cnt=8 (vpc/ipc reset)
[EXP] [ERASE] ch=5 lun=3 pl=0 blk=61 pg=255 erase_cnt=8 (vpc/ipc reset)
[EXP] [ERASE] ch=5 lun=4 pl=0 blk=61 pg=255 erase_cnt=8 (vpc/ipc reset)
[EXP] [ERASE] ch=5 lun=5 pl=0 blk=61 pg=255 erase_cnt=8 (vpc/ipc reset)
[EXP] [ERASE] ch=5 lun=6 pl=0 blk=61 pg=255 erase_cnt=8 (vpc/ipc reset)
[EXP] [ERASE] ch=5 lun=7 pl=0 blk=61 pg=255 erase_cnt=8 (vpc/ipc reset)
[EXP] [ERASE] ch=6 lun=0 pl=0 blk=61 pg=255 erase_cnt=8 (vpc/ipc reset)
[EXP] [ERASE] ch=6 lun=1 pl=0 blk=61 pg=255 erase_cnt=8 (vpc/ipc reset)
[EXP] [ERASE] ch=6 lun=2 pl=0 blk=61 pg=255 erase_cnt=8 (vpc/ipc reset)
[EXP] [ERASE] ch=6 lun=3 pl=0 blk=61 pg=255 erase_cnt=8 (vpc/ipc reset)
[EXP] [ERASE] ch=6 lun=4 pl=0 blk=61 pg=255 erase_cnt=8 (vpc/ipc reset)
[EXP] [ERASE] ch=6 lun=5 pl=0 blk=61 pg=255 erase_cnt=8 (vpc/ipc reset)
[EXP] [ERASE] ch=6 lun=6 pl=0 blk=61 pg=255 erase_cnt=8 (vpc/ipc reset)
[EXP] [ERASE] ch=6 lun=7 pl=0 blk=61 pg=255 erase_cnt=8 (vpc/ipc reset)
[EXP] [ERASE] ch=7 lun=0 pl=0 blk=61 pg=255 erase_cnt=8 (vpc/ipc reset)
[EXP] [ERASE] ch=7 lun=1 pl=0 blk=61 pg=255 erase_cnt=8 (vpc/ipc reset)
[EXP] [ERASE] ch=7 lun=2 pl=0 blk=61 pg=255 erase_cnt=8 (vpc/ipc reset)
[EXP] [ERASE] ch=7 lun=3 pl=0 blk=61 pg=255 erase_cnt=8 (vpc/ipc reset)
[EXP] [ERASE] ch=7 lun=4 pl=0 blk=61 pg=255 erase_cnt=8 (vpc/ipc reset)
[EXP] [ERASE] ch=7 lun=5 pl=0 blk=61 pg=255 erase_cnt=8 (vpc/ipc reset)
[EXP] [ERASE] ch=7 lun=6 pl=0 blk=61 pg=255 erase_cnt=8 (vpc/ipc reset)
[EXP] [ERASE] ch=7 lun=7 pl=0 blk=61 pg=255 erase_cnt=8 (vpc/ipc reset)
[EXP] [ERASE] ch=0 lun=0 pl=0 blk=48 pg=255 erase_cnt=7 (vpc/ipc reset)
[EXP] [ERASE] ch=0 lun=1 pl=0 blk=48 pg=255 erase_cnt=7 (vpc/ipc reset)
[EXP] [ERASE] ch=0 lun=2 pl=0 blk=48 pg=255 erase_cnt=7 (vpc/ipc reset)
[EXP] [ERASE] ch=0 lun=3 pl=0 blk=48 pg=255 erase_cnt=7 (vpc/ipc reset)
[EXP] [ERASE] ch=0 lun=4 pl=0 blk=48 pg=255 erase_cnt=7 (vpc/ipc reset)
[EXP] [ERASE] ch=0 lun=5 pl=0 blk=48 pg=255 erase_cnt=7 (vpc/ipc reset)
[EXP] [ERASE] ch=0 lun=6 pl=0 blk=48 pg=255 erase_cnt=7 (vpc/ipc reset)
[EXP] [ERASE] ch=0 lun=7 pl=0 blk=48 pg=255 erase_cnt=7 (vpc/ipc reset)
[EXP] [ERASE] ch=1 lun=0 pl=0 blk=48 pg=255 erase_cnt=7 (vpc/ipc reset)
[EXP] [ERASE] ch=1 lun=1 pl=0 blk=48 pg=255 erase_cnt=7 (vpc/ipc reset)
[EXP] [ERASE] ch=1 lun=2 pl=0 blk=48 pg=255 erase_cnt=7 (vpc/ipc reset)
[EXP] [ERASE] ch=1 lun=3 pl=0 blk=48 pg=255 erase_cnt=7 (vpc/ipc reset)
[EXP] [ERASE] ch=1 lun=4 pl=0 blk=48 pg=255 erase_cnt=7 (vpc/ipc reset)
[EXP] [ERASE] ch=1 lun=5 pl=0 blk=48 pg=255 erase_cnt=7 (vpc/ipc reset)
[EXP] [ERASE] ch=1 lun=6 pl=0 blk=48 pg=255 erase_cnt=7 (vpc/ipc reset)
[EXP] [ERASE] ch=1 lun=7 pl=0 blk=48 pg=255 erase_cnt=7 (vpc/ipc reset)
[EXP] [ERASE] ch=2 lun=0 pl=0 blk=48 pg=255 erase_cnt=7 (vpc/ipc reset)
[EXP] [ERASE] ch=2 lun=1 pl=0 blk=48 pg=255 erase_cnt=7 (vpc/ipc reset)
[EXP] [ERASE] ch=2 lun=2 pl=0 blk=48 pg=255 erase_cnt=7 (vpc/ipc reset)
[EXP] [ERASE] ch=2 lun=3 pl=0 blk=48 pg=255 erase_cnt=7 (vpc/ipc reset)
[EXP] [ERASE] ch=2 lun=4 pl=0 blk=48 pg=255 erase_cnt=7 (vpc/ipc reset)
[EXP] [ERASE] ch=2 lun=5 pl=0 blk=48 pg=255 erase_cnt=7 (vpc/ipc reset)
[EXP] [ERASE] ch=2 lun=6 pl=0 blk=48 pg=255 erase_cnt=7 (vpc/ipc reset)
[EXP] [ERASE] ch=2 lun=7 pl=0 blk=48 pg=255 erase_cnt=7 (vpc/ipc reset)
[EXP] [ERASE] ch=3 lun=0 pl=0 blk=48 pg=255 erase_cnt=7 (vpc/ipc reset)
[EXP] [ERASE] ch=3 lun=1 pl=0 blk=48 pg=255 erase_cnt=7 (vpc/ipc reset)
[EXP] [ERASE] ch=3 lun=2 pl=0 blk=48 pg=255 erase_cnt=7 (vpc/ipc reset)
[EXP] [ERASE] ch=3 lun=3 pl=0 blk=48 pg=255 erase_cnt=7 (vpc/ipc reset)
[EXP] [ERASE] ch=3 lun=4 pl=0 blk=48 pg=255 erase_cnt=7 (vpc/ipc reset)
[EXP] [ERASE] ch=3 lun=5 pl=0 blk=48 pg=255 erase_cnt=7 (vpc/ipc reset)
[EXP] [ERASE] ch=3 lun=6 pl=0 blk=48 pg=255 erase_cnt=7 (vpc/ipc reset)
[EXP] [ERASE] ch=3 lun=7 pl=0 blk=48 pg=255 erase_cnt=7 (vpc/ipc reset)
[EXP] [ERASE] ch=4 lun=0 pl=0 blk=48 pg=255 erase_cnt=7 (vpc/ipc reset)
[EXP] [ERASE] ch=4 lun=1 pl=0 blk=48 pg=255 erase_cnt=7 (vpc/ipc reset)
[EXP] [ERASE] ch=4 lun=2 pl=0 blk=48 pg=255 erase_cnt=7 (vpc/ipc reset)
[EXP] [ERASE] ch=4 lun=3 pl=0 blk=48 pg=255 erase_cnt=7 (vpc/ipc reset)
[EXP] [ERASE] ch=4 lun=4 pl=0 blk=48 pg=255 erase_cnt=7 (vpc/ipc reset)
[EXP] [ERASE] ch=4 lun=5 pl=0 blk=48 pg=255 erase_cnt=7 (vpc/ipc reset)
[EXP] [ERASE] ch=4 lun=6 pl=0 blk=48 pg=255 erase_cnt=7 (vpc/ipc reset)
[EXP] [ERASE] ch=4 lun=7 pl=0 blk=48 pg=255 erase_cnt=7 (vpc/ipc reset)
[EXP] [ERASE] ch=5 lun=0 pl=0 blk=48 pg=255 erase_cnt=7 (vpc/ipc reset)
[EXP] [ERASE] ch=5 lun=1 pl=0 blk=48 pg=255 erase_cnt=7 (vpc/ipc reset)
[EXP] [ERASE] ch=5 lun=2 pl=0 blk=48 pg=255 erase_cnt=7 (vpc/ipc reset)
[EXP] [ERASE] ch=5 lun=3 pl=0 blk=48 pg=255 erase_cnt=7 (vpc/ipc reset)
[EXP] [ERASE] ch=5 lun=4 pl=0 blk=48 pg=255 erase_cnt=7 (vpc/ipc reset)
[EXP] [ERASE] ch=5 lun=5 pl=0 blk=48 pg=255 erase_cnt=7 (vpc/ipc reset)
[EXP] [ERASE] ch=5 lun=6 pl=0 blk=48 pg=255 erase_cnt=7 (vpc/ipc reset)
[EXP] [ERASE] ch=5 lun=7 pl=0 blk=48 pg=255 erase_cnt=7 (vpc/ipc reset)
[EXP] [ERASE] ch=6 lun=0 pl=0 blk=48 pg=255 erase_cnt=7 (vpc/ipc reset)
[EXP] [ERASE] ch=6 lun=1 pl=0 blk=48 pg=255 erase_cnt=7 (vpc/ipc reset)
[EXP] [ERASE] ch=6 lun=2 pl=0 blk=48 pg=255 erase_cnt=7 (vpc/ipc reset)
[EXP] [ERASE] ch=6 lun=3 pl=0 blk=48 pg=255 erase_cnt=7 (vpc/ipc reset)
[EXP] [ERASE] ch=6 lun=4 pl=0 blk=48 pg=255 erase_cnt=7 (vpc/ipc reset)
[EXP] [ERASE] ch=6 lun=5 pl=0 blk=48 pg=255 erase_cnt=7 (vpc/ipc reset)
[EXP] [ERASE] ch=6 lun=6 pl=0 blk=48 pg=255 erase_cnt=7 (vpc/ipc reset)
[EXP] [ERASE] ch=6 lun=7 pl=0 blk=48 pg=255 erase_cnt=7 (vpc/ipc reset)
[EXP] [ERASE] ch=7 lun=0 pl=0 blk=48 pg=255 erase_cnt=7 (vpc/ipc reset)
[EXP] [ERASE] ch=7 lun=1 pl=0 blk=48 pg=255 erase_cnt=7 (vpc/ipc reset)
[EXP] [ERASE] ch=7 lun=2 pl=0 blk=48 pg=255 erase_cnt=7 (vpc/ipc reset)
[EXP] [ERASE] ch=7 lun=3 pl=0 blk=48 pg=255 erase_cnt=7 (vpc/ipc reset)
[EXP] [ERASE] ch=7 lun=4 pl=0 blk=48 pg=255 erase_cnt=7 (vpc/ipc reset)
[EXP] [ERASE] ch=7 lun=5 pl=0 blk=48 pg=255 erase_cnt=7 (vpc/ipc reset)
[EXP] [ERASE] ch=7 lun=6 pl=0 blk=48 pg=255 erase_cnt=7 (vpc/ipc reset)
[EXP] [ERASE] ch=7 lun=7 pl=0 blk=48 pg=255 erase_cnt=7 (vpc/ipc reset)
[EXP] [ERASE] ch=0 lun=0 pl=0 blk=97 pg=255 erase_cnt=12 (vpc/ipc reset)
[EXP] [ERASE] ch=0 lun=1 pl=0 blk=97 pg=255 erase_cnt=12 (vpc/ipc reset)
[EXP] [ERASE] ch=0 lun=2 pl=0 blk=97 pg=255 erase_cnt=12 (vpc/ipc reset)
[EXP] [ERASE] ch=0 lun=3 pl=0 blk=97 pg=255 erase_cnt=12 (vpc/ipc reset)
[EXP] [ERASE] ch=0 lun=4 pl=0 blk=97 pg=255 erase_cnt=12 (vpc/ipc reset)
[EXP] [ERASE] ch=0 lun=5 pl=0 blk=97 pg=255 erase_cnt=12 (vpc/ipc reset)
[EXP] [ERASE] ch=0 lun=6 pl=0 blk=97 pg=255 erase_cnt=12 (vpc/ipc reset)
[EXP] [ERASE] ch=0 lun=7 pl=0 blk=97 pg=255 erase_cnt=12 (vpc/ipc reset)
[EXP] [ERASE] ch=1 lun=0 pl=0 blk=97 pg=255 erase_cnt=12 (vpc/ipc reset)
[EXP] [ERASE] ch=1 lun=1 pl=0 blk=97 pg=255 erase_cnt=12 (vpc/ipc reset)
[EXP] [ERASE] ch=1 lun=2 pl=0 blk=97 pg=255 erase_cnt=12 (vpc/ipc reset)
[EXP] [ERASE] ch=1 lun=3 pl=0 blk=97 pg=255 erase_cnt=12 (vpc/ipc reset)
[EXP] [ERASE] ch=1 lun=4 pl=0 blk=97 pg=255 erase_cnt=12 (vpc/ipc reset)
[EXP] [ERASE] ch=1 lun=5 pl=0 blk=97 pg=255 erase_cnt=12 (vpc/ipc reset)
[EXP] [ERASE] ch=1 lun=6 pl=0 blk=97 pg=255 erase_cnt=12 (vpc/ipc reset)
[EXP] [ERASE] ch=1 lun=7 pl=0 blk=97 pg=255 erase_cnt=12 (vpc/ipc reset)
[EXP] [ERASE] ch=2 lun=0 pl=0 blk=97 pg=255 erase_cnt=12 (vpc/ipc reset)
[EXP] [ERASE] ch=2 lun=1 pl=0 blk=97 pg=255 erase_cnt=12 (vpc/ipc reset)
[EXP] [ERASE] ch=2 lun=2 pl=0 blk=97 pg=255 erase_cnt=12 (vpc/ipc reset)
[EXP] [ERASE] ch=2 lun=3 pl=0 blk=97 pg=255 erase_cnt=12 (vpc/ipc reset)
[EXP] [ERASE] ch=2 lun=4 pl=0 blk=97 pg=255 erase_cnt=12 (vpc/ipc reset)
[EXP] [ERASE] ch=2 lun=5 pl=0 blk=97 pg=255 erase_cnt=12 (vpc/ipc reset)
[EXP] [ERASE] ch=2 lun=6 pl=0 blk=97 pg=255 erase_cnt=12 (vpc/ipc reset)
[EXP] [ERASE] ch=2 lun=7 pl=0 blk=97 pg=255 erase_cnt=12 (vpc/ipc reset)
[EXP] [ERASE] ch=3 lun=0 pl=0 blk=97 pg=255 erase_cnt=12 (vpc/ipc reset)
[EXP] [ERASE] ch=3 lun=1 pl=0 blk=97 pg=255 erase_cnt=12 (vpc/ipc reset)
[EXP] [ERASE] ch=3 lun=2 pl=0 blk=97 pg=255 erase_cnt=12 (vpc/ipc reset)
[EXP] [ERASE] ch=3 lun=3 pl=0 blk=97 pg=255 erase_cnt=12 (vpc/ipc reset)
[EXP] [ERASE] ch=3 lun=4 pl=0 blk=97 pg=255 erase_cnt=12 (vpc/ipc reset)
[EXP] [ERASE] ch=3 lun=5 pl=0 blk=97 pg=255 erase_cnt=12 (vpc/ipc reset)
[EXP] [ERASE] ch=3 lun=6 pl=0 blk=97 pg=255 erase_cnt=12 (vpc/ipc reset)
[EXP] [ERASE] ch=3 lun=7 pl=0 blk=97 pg=255 erase_cnt=12 (vpc/ipc reset)
[EXP] [ERASE] ch=4 lun=0 pl=0 blk=97 pg=255 erase_cnt=12 (vpc/ipc reset)
[EXP] [ERASE] ch=4 lun=1 pl=0 blk=97 pg=255 erase_cnt=12 (vpc/ipc reset)
[EXP] [ERASE] ch=4 lun=2 pl=0 blk=97 pg=255 erase_cnt=12 (vpc/ipc reset)
[EXP] [ERASE] ch=4 lun=3 pl=0 blk=97 pg=255 erase_cnt=12 (vpc/ipc reset)
[EXP] [ERASE] ch=4 lun=4 pl=0 blk=97 pg=255 erase_cnt=12 (vpc/ipc reset)
[EXP] [ERASE] ch=4 lun=5 pl=0 blk=97 pg=255 erase_cnt=12 (vpc/ipc reset)
[EXP] [ERASE] ch=4 lun=6 pl=0 blk=97 pg=255 erase_cnt=12 (vpc/ipc reset)
[EXP] [ERASE] ch=4 lun=7 pl=0 blk=97 pg=255 erase_cnt=12 (vpc/ipc reset)
[EXP] [ERASE] ch=5 lun=0 pl=0 blk=97 pg=255 erase_cnt=12 (vpc/ipc reset)
[EXP] [ERASE] ch=5 lun=1 pl=0 blk=97 pg=255 erase_cnt=12 (vpc/ipc reset)
[EXP] [ERASE] ch=5 lun=2 pl=0 blk=97 pg=255 erase_cnt=12 (vpc/ipc reset)
[EXP] [ERASE] ch=5 lun=3 pl=0 blk=97 pg=255 erase_cnt=12 (vpc/ipc reset)
[EXP] [ERASE] ch=5 lun=4 pl=0 blk=97 pg=255 erase_cnt=12 (vpc/ipc reset)
[EXP] [ERASE] ch=5 lun=5 pl=0 blk=97 pg=255 erase_cnt=12 (vpc/ipc reset)
[EXP] [ERASE] ch=5 lun=6 pl=0 blk=97 pg=255 erase_cnt=12 (vpc/ipc reset)
[EXP] [ERASE] ch=5 lun=7 pl=0 blk=97 pg=255 erase_cnt=12 (vpc/ipc reset)
[EXP] [ERASE] ch=6 lun=0 pl=0 blk=97 pg=255 erase_cnt=12 (vpc/ipc reset)
[EXP] [ERASE] ch=6 lun=1 pl=0 blk=97 pg=255 erase_cnt=12 (vpc/ipc reset)
[EXP] [ERASE] ch=6 lun=2 pl=0 blk=97 pg=255 erase_cnt=12 (vpc/ipc reset)
[EXP] [ERASE] ch=6 lun=3 pl=0 blk=97 pg=255 erase_cnt=12 (vpc/ipc reset)
[EXP] [ERASE] ch=6 lun=4 pl=0 blk=97 pg=255 erase_cnt=12 (vpc/ipc reset)
[EXP] [ERASE] ch=6 lun=5 pl=0 blk=97 pg=255 erase_cnt=12 (vpc/ipc reset)
[EXP] [ERASE] ch=6 lun=6 pl=0 blk=97 pg=255 erase_cnt=12 (vpc/ipc reset)
[EXP] [ERASE] ch=6 lun=7 pl=0 blk=97 pg=255 erase_cnt=12 (vpc/ipc reset)
[EXP] [ERASE] ch=7 lun=0 pl=0 blk=97 pg=255 erase_cnt=12 (vpc/ipc reset)
[EXP] [ERASE] ch=7 lun=1 pl=0 blk=97 pg=255 erase_cnt=12 (vpc/ipc reset)
[EXP] [ERASE] ch=7 lun=2 pl=0 blk=97 pg=255 erase_cnt=12 (vpc/ipc reset)
[EXP] [ERASE] ch=7 lun=3 pl=0 blk=97 pg=255 erase_cnt=12 (vpc/ipc reset)
[EXP] [ERASE] ch=7 lun=4 pl=0 blk=97 pg=255 erase_cnt=12 (vpc/ipc reset)
[EXP] [ERASE] ch=7 lun=5 pl=0 blk=97 pg=255 erase_cnt=12 (vpc/ipc reset)
[EXP] [ERASE] ch=7 lun=6 pl=0 blk=97 pg=255 erase_cnt=12 (vpc/ipc reset)
[EXP] [ERASE] ch=7 lun=7 pl=0 blk=97 pg=255 erase_cnt=12 (vpc/ipc reset)
[EXP] [ERASE] ch=0 lun=0 pl=0 blk=100 pg=255 erase_cnt=7 (vpc/ipc reset)
[EXP] [ERASE] ch=0 lun=1 pl=0 blk=100 pg=255 erase_cnt=7 (vpc/ipc reset)
[EXP] [ERASE] ch=0 lun=2 pl=0 blk=100 pg=255 erase_cnt=7 (vpc/ipc reset)
[EXP] [ERASE] ch=0 lun=3 pl=0 blk=100 pg=255 erase_cnt=7 (vpc/ipc reset)
[EXP] [ERASE] ch=0 lun=4 pl=0 blk=100 pg=255 erase_cnt=7 (vpc/ipc reset)
[EXP] [ERASE] ch=0 lun=5 pl=0 blk=100 pg=255 erase_cnt=7 (vpc/ipc reset)
[EXP] [ERASE] ch=0 lun=6 pl=0 blk=100 pg=255 erase_cnt=7 (vpc/ipc reset)
[EXP] [ERASE] ch=0 lun=7 pl=0 blk=100 pg=255 erase_cnt=7 (vpc/ipc reset)
[EXP] [ERASE] ch=1 lun=0 pl=0 blk=100 pg=255 erase_cnt=7 (vpc/ipc reset)
[EXP] [ERASE] ch=1 lun=1 pl=0 blk=100 pg=255 erase_cnt=7 (vpc/ipc reset)
[EXP] [ERASE] ch=1 lun=2 pl=0 blk=100 pg=255 erase_cnt=7 (vpc/ipc reset)
[EXP] [ERASE] ch=1 lun=3 pl=0 blk=100 pg=255 erase_cnt=7 (vpc/ipc reset)
[EXP] [ERASE] ch=1 lun=4 pl=0 blk=100 pg=255 erase_cnt=7 (vpc/ipc reset)
[EXP] [ERASE] ch=1 lun=5 pl=0 blk=100 pg=255 erase_cnt=7 (vpc/ipc reset)
[EXP] [ERASE] ch=1 lun=6 pl=0 blk=100 pg=255 erase_cnt=7 (vpc/ipc reset)
[EXP] [ERASE] ch=1 lun=7 pl=0 blk=100 pg=255 erase_cnt=7 (vpc/ipc reset)
[EXP] [ERASE] ch=2 lun=0 pl=0 blk=100 pg=255 erase_cnt=7 (vpc/ipc reset)
[EXP] [ERASE] ch=2 lun=1 pl=0 blk=100 pg=255 erase_cnt=7 (vpc/ipc reset)
[EXP] [ERASE] ch=2 lun=2 pl=0 blk=100 pg=255 erase_cnt=7 (vpc/ipc reset)
[EXP] [ERASE] ch=2 lun=3 pl=0 blk=100 pg=255 erase_cnt=7 (vpc/ipc reset)
[EXP] [ERASE] ch=2 lun=4 pl=0 blk=100 pg=255 erase_cnt=7 (vpc/ipc reset)
[EXP] [ERASE] ch=2 lun=5 pl=0 blk=100 pg=255 erase_cnt=7 (vpc/ipc reset)
[EXP] [ERASE] ch=2 lun=6 pl=0 blk=100 pg=255 erase_cnt=7 (vpc/ipc reset)
[EXP] [ERASE] ch=2 lun=7 pl=0 blk=100 pg=255 erase_cnt=7 (vpc/ipc reset)
[EXP] [ERASE] ch=3 lun=0 pl=0 blk=100 pg=255 erase_cnt=7 (vpc/ipc reset)
[EXP] [ERASE] ch=3 lun=1 pl=0 blk=100 pg=255 erase_cnt=7 (vpc/ipc reset)
[EXP] [ERASE] ch=3 lun=2 pl=0 blk=100 pg=255 erase_cnt=7 (vpc/ipc reset)
[EXP] [ERASE] ch=3 lun=3 pl=0 blk=100 pg=255 erase_cnt=7 (vpc/ipc reset)
[EXP] [ERASE] ch=3 lun=4 pl=0 blk=100 pg=255 erase_cnt=7 (vpc/ipc reset)
[EXP] [ERASE] ch=3 lun=5 pl=0 blk=100 pg=255 erase_cnt=7 (vpc/ipc reset)
[EXP] [ERASE] ch=3 lun=6 pl=0 blk=100 pg=255 erase_cnt=7 (vpc/ipc reset)
[EXP] [ERASE] ch=3 lun=7 pl=0 blk=100 pg=255 erase_cnt=7 (vpc/ipc reset)
[EXP] [ERASE] ch=4 lun=0 pl=0 blk=100 pg=255 erase_cnt=7 (vpc/ipc reset)
[EXP] [ERASE] ch=4 lun=1 pl=0 blk=100 pg=255 erase_cnt=7 (vpc/ipc reset)
[EXP] [ERASE] ch=4 lun=2 pl=0 blk=100 pg=255 erase_cnt=7 (vpc/ipc reset)
[EXP] [ERASE] ch=4 lun=3 pl=0 blk=100 pg=255 erase_cnt=7 (vpc/ipc reset)
[EXP] [ERASE] ch=4 lun=4 pl=0 blk=100 pg=255 erase_cnt=7 (vpc/ipc reset)
[EXP] [ERASE] ch=4 lun=5 pl=0 blk=100 pg=255 erase_cnt=7 (vpc/ipc reset)
[EXP] [ERASE] ch=4 lun=6 pl=0 blk=100 pg=255 erase_cnt=7 (vpc/ipc reset)
[EXP] [ERASE] ch=4 lun=7 pl=0 blk=100 pg=255 erase_cnt=7 (vpc/ipc reset)
[EXP] [ERASE] ch=5 lun=0 pl=0 blk=100 pg=255 erase_cnt=7 (vpc/ipc reset)
[EXP] [ERASE] ch=5 lun=1 pl=0 blk=100 pg=255 erase_cnt=7 (vpc/ipc reset)
[EXP] [ERASE] ch=5 lun=2 pl=0 blk=100 pg=255 erase_cnt=7 (vpc/ipc reset)
[EXP] [ERASE] ch=5 lun=3 pl=0 blk=100 pg=255 erase_cnt=7 (vpc/ipc reset)
[EXP] [ERASE] ch=5 lun=4 pl=0 blk=100 pg=255 erase_cnt=7 (vpc/ipc reset)
[EXP] [ERASE] ch=5 lun=5 pl=0 blk=100 pg=255 erase_cnt=7 (vpc/ipc reset)
[EXP] [ERASE] ch=5 lun=6 pl=0 blk=100 pg=255 erase_cnt=7 (vpc/ipc reset)
[EXP] [ERASE] ch=5 lun=7 pl=0 blk=100 pg=255 erase_cnt=7 (vpc/ipc reset)
[EXP] [ERASE] ch=6 lun=0 pl=0 blk=100 pg=255 erase_cnt=7 (vpc/ipc reset)
[EXP] [ERASE] ch=6 lun=1 pl=0 blk=100 pg=255 erase_cnt=7 (vpc/ipc reset)
[EXP] [ERASE] ch=6 lun=2 pl=0 blk=100 pg=255 erase_cnt=7 (vpc/ipc reset)
[EXP] [ERASE] ch=6 lun=3 pl=0 blk=100 pg=255 erase_cnt=7 (vpc/ipc reset)
[EXP] [ERASE] ch=6 lun=4 pl=0 blk=100 pg=255 erase_cnt=7 (vpc/ipc reset)
[EXP] [ERASE] ch=6 lun=5 pl=0 blk=100 pg=255 erase_cnt=7 (vpc/ipc reset)
[EXP] [ERASE] ch=6 lun=6 pl=0 blk=100 pg=255 erase_cnt=7 (vpc/ipc reset)
[EXP] [ERASE] ch=6 lun=7 pl=0 blk=100 pg=255 erase_cnt=7 (vpc/ipc reset)
[EXP] [ERASE] ch=7 lun=0 pl=0 blk=100 pg=255 erase_cnt=7 (vpc/ipc reset)
[EXP] [ERASE] ch=7 lun=1 pl=0 blk=100 pg=255 erase_cnt=7 (vpc/ipc reset)
[EXP] [ERASE] ch=7 lun=2 pl=0 blk=100 pg=255 erase_cnt=7 (vpc/ipc reset)
[EXP] [ERASE] ch=7 lun=3 pl=0 blk=100 pg=255 erase_cnt=7 (vpc/ipc reset)
[EXP] [ERASE] ch=7 lun=4 pl=0 blk=100 pg=255 erase_cnt=7 (vpc/ipc reset)
[EXP] [ERASE] ch=7 lun=5 pl=0 blk=100 pg=255 erase_cnt=7 (vpc/ipc reset)
[EXP] [ERASE] ch=7 lun=6 pl=0 blk=100 pg=255 erase_cnt=7 (vpc/ipc reset)
[EXP] [ERASE] ch=7 lun=7 pl=0 blk=100 pg=255 erase_cnt=7 (vpc/ipc reset)
[EXP] [ERASE] ch=0 lun=0 pl=0 blk=98 pg=255 erase_cnt=12 (vpc/ipc reset)
[EXP] [ERASE] ch=0 lun=1 pl=0 blk=98 pg=255 erase_cnt=12 (vpc/ipc reset)
[EXP] [ERASE] ch=0 lun=2 pl=0 blk=98 pg=255 erase_cnt=12 (vpc/ipc reset)
[EXP] [ERASE] ch=0 lun=3 pl=0 blk=98 pg=255 erase_cnt=12 (vpc/ipc reset)
[EXP] [ERASE] ch=0 lun=4 pl=0 blk=98 pg=255 erase_cnt=12 (vpc/ipc reset)
[EXP] [ERASE] ch=0 lun=5 pl=0 blk=98 pg=255 erase_cnt=12 (vpc/ipc reset)
[EXP] [ERASE] ch=0 lun=6 pl=0 blk=98 pg=255 erase_cnt=12 (vpc/ipc reset)
[EXP] [ERASE] ch=0 lun=7 pl=0 blk=98 pg=255 erase_cnt=12 (vpc/ipc reset)
[EXP] [ERASE] ch=1 lun=0 pl=0 blk=98 pg=255 erase_cnt=12 (vpc/ipc reset)
[EXP] [ERASE] ch=1 lun=1 pl=0 blk=98 pg=255 erase_cnt=12 (vpc/ipc reset)
[EXP] [ERASE] ch=1 lun=2 pl=0 blk=98 pg=255 erase_cnt=12 (vpc/ipc reset)
[EXP] [ERASE] ch=1 lun=3 pl=0 blk=98 pg=255 erase_cnt=12 (vpc/ipc reset)
[EXP] [ERASE] ch=1 lun=4 pl=0 blk=98 pg=255 erase_cnt=12 (vpc/ipc reset)
[EXP] [ERASE] ch=1 lun=5 pl=0 blk=98 pg=255 erase_cnt=12 (vpc/ipc reset)
[EXP] [ERASE] ch=1 lun=6 pl=0 blk=98 pg=255 erase_cnt=12 (vpc/ipc reset)
[EXP] [ERASE] ch=1 lun=7 pl=0 blk=98 pg=255 erase_cnt=12 (vpc/ipc reset)
[EXP] [ERASE] ch=2 lun=0 pl=0 blk=98 pg=255 erase_cnt=12 (vpc/ipc reset)
[EXP] [ERASE] ch=2 lun=1 pl=0 blk=98 pg=255 erase_cnt=12 (vpc/ipc reset)
[EXP] [ERASE] ch=2 lun=2 pl=0 blk=98 pg=255 erase_cnt=12 (vpc/ipc reset)
[EXP] [ERASE] ch=2 lun=3 pl=0 blk=98 pg=255 erase_cnt=12 (vpc/ipc reset)
[EXP] [ERASE] ch=2 lun=4 pl=0 blk=98 pg=255 erase_cnt=12 (vpc/ipc reset)
[EXP] [ERASE] ch=2 lun=5 pl=0 blk=98 pg=255 erase_cnt=12 (vpc/ipc reset)
[EXP] [ERASE] ch=2 lun=6 pl=0 blk=98 pg=255 erase_cnt=12 (vpc/ipc reset)
[EXP] [ERASE] ch=2 lun=7 pl=0 blk=98 pg=255 erase_cnt=12 (vpc/ipc reset)
[EXP] [ERASE] ch=3 lun=0 pl=0 blk=98 pg=255 erase_cnt=12 (vpc/ipc reset)
[EXP] [ERASE] ch=3 lun=1 pl=0 blk=98 pg=255 erase_cnt=12 (vpc/ipc reset)
[EXP] [ERASE] ch=3 lun=2 pl=0 blk=98 pg=255 erase_cnt=12 (vpc/ipc reset)
[EXP] [ERASE] ch=3 lun=3 pl=0 blk=98 pg=255 erase_cnt=12 (vpc/ipc reset)
[EXP] [ERASE] ch=3 lun=4 pl=0 blk=98 pg=255 erase_cnt=12 (vpc/ipc reset)
[EXP] [ERASE] ch=3 lun=5 pl=0 blk=98 pg=255 erase_cnt=12 (vpc/ipc reset)
[EXP] [ERASE] ch=3 lun=6 pl=0 blk=98 pg=255 erase_cnt=12 (vpc/ipc reset)
[EXP] [ERASE] ch=3 lun=7 pl=0 blk=98 pg=255 erase_cnt=12 (vpc/ipc reset)
[EXP] [ERASE] ch=4 lun=0 pl=0 blk=98 pg=255 erase_cnt=12 (vpc/ipc reset)
[EXP] [ERASE] ch=4 lun=1 pl=0 blk=98 pg=255 erase_cnt=12 (vpc/ipc reset)
[EXP] [ERASE] ch=4 lun=2 pl=0 blk=98 pg=255 erase_cnt=12 (vpc/ipc reset)
[EXP] [ERASE] ch=4 lun=3 pl=0 blk=98 pg=255 erase_cnt=12 (vpc/ipc reset)
[EXP] [ERASE] ch=4 lun=4 pl=0 blk=98 pg=255 erase_cnt=12 (vpc/ipc reset)
[EXP] [ERASE] ch=4 lun=5 pl=0 blk=98 pg=255 erase_cnt=12 (vpc/ipc reset)
[EXP] [ERASE] ch=4 lun=6 pl=0 blk=98 pg=255 erase_cnt=12 (vpc/ipc reset)
[EXP] [ERASE] ch=4 lun=7 pl=0 blk=98 pg=255 erase_cnt=12 (vpc/ipc reset)
[EXP] [ERASE] ch=5 lun=0 pl=0 blk=98 pg=255 erase_cnt=12 (vpc/ipc reset)
[EXP] [ERASE] ch=5 lun=1 pl=0 blk=98 pg=255 erase_cnt=12 (vpc/ipc reset)
[EXP] [ERASE] ch=5 lun=2 pl=0 blk=98 pg=255 erase_cnt=12 (vpc/ipc reset)
[EXP] [ERASE] ch=5 lun=3 pl=0 blk=98 pg=255 erase_cnt=12 (vpc/ipc reset)
[EXP] [ERASE] ch=5 lun=4 pl=0 blk=98 pg=255 erase_cnt=12 (vpc/ipc reset)
[EXP] [ERASE] ch=5 lun=5 pl=0 blk=98 pg=255 erase_cnt=12 (vpc/ipc reset)
[EXP] [ERASE] ch=5 lun=6 pl=0 blk=98 pg=255 erase_cnt=12 (vpc/ipc reset)
[EXP] [ERASE] ch=5 lun=7 pl=0 blk=98 pg=255 erase_cnt=12 (vpc/ipc reset)
[EXP] [ERASE] ch=6 lun=0 pl=0 blk=98 pg=255 erase_cnt=12 (vpc/ipc reset)
[EXP] [ERASE] ch=6 lun=1 pl=0 blk=98 pg=255 erase_cnt=12 (vpc/ipc reset)
[EXP] [ERASE] ch=6 lun=2 pl=0 blk=98 pg=255 erase_cnt=12 (vpc/ipc reset)
[EXP] [ERASE] ch=6 lun=3 pl=0 blk=98 pg=255 erase_cnt=12 (vpc/ipc reset)
[EXP] [ERASE] ch=6 lun=4 pl=0 blk=98 pg=255 erase_cnt=12 (vpc/ipc reset)
[EXP] [ERASE] ch=6 lun=5 pl=0 blk=98 pg=255 erase_cnt=12 (vpc/ipc reset)
[EXP] [ERASE] ch=6 lun=6 pl=0 blk=98 pg=255 erase_cnt=12 (vpc/ipc reset)
[EXP] [ERASE] ch=6 lun=7 pl=0 blk=98 pg=255 erase_cnt=12 (vpc/ipc reset)
[EXP] [ERASE] ch=7 lun=0 pl=0 blk=98 pg=255 erase_cnt=12 (vpc/ipc reset)
[EXP] [ERASE] ch=7 lun=1 pl=0 blk=98 pg=255 erase_cnt=12 (vpc/ipc reset)
[EXP] [ERASE] ch=7 lun=2 pl=0 blk=98 pg=255 erase_cnt=12 (vpc/ipc reset)
[EXP] [ERASE] ch=7 lun=3 pl=0 blk=98 pg=255 erase_cnt=12 (vpc/ipc reset)
[EXP] [ERASE] ch=7 lun=4 pl=0 blk=98 pg=255 erase_cnt=12 (vpc/ipc reset)
[EXP] [ERASE] ch=7 lun=5 pl=0 blk=98 pg=255 erase_cnt=12 (vpc/ipc reset)
[EXP] [ERASE] ch=7 lun=6 pl=0 blk=98 pg=255 erase_cnt=12 (vpc/ipc reset)
[EXP] [ERASE] ch=7 lun=7 pl=0 blk=98 pg=255 erase_cnt=12 (vpc/ipc reset)
[EXP] [ERASE] ch=0 lun=0 pl=0 blk=44 pg=255 erase_cnt=5 (vpc/ipc reset)
[EXP] [ERASE] ch=0 lun=1 pl=0 blk=44 pg=255 erase_cnt=5 (vpc/ipc reset)
[EXP] [ERASE] ch=0 lun=2 pl=0 blk=44 pg=255 erase_cnt=5 (vpc/ipc reset)
[EXP] [ERASE] ch=0 lun=3 pl=0 blk=44 pg=255 erase_cnt=5 (vpc/ipc reset)
[EXP] [ERASE] ch=0 lun=4 pl=0 blk=44 pg=255 erase_cnt=5 (vpc/ipc reset)
[EXP] [ERASE] ch=0 lun=5 pl=0 blk=44 pg=255 erase_cnt=5 (vpc/ipc reset)
[EXP] [ERASE] ch=0 lun=6 pl=0 blk=44 pg=255 erase_cnt=5 (vpc/ipc reset)
[EXP] [ERASE] ch=0 lun=7 pl=0 blk=44 pg=255 erase_cnt=5 (vpc/ipc reset)
[EXP] [ERASE] ch=1 lun=0 pl=0 blk=44 pg=255 erase_cnt=5 (vpc/ipc reset)
[EXP] [ERASE] ch=1 lun=1 pl=0 blk=44 pg=255 erase_cnt=5 (vpc/ipc reset)
[EXP] [ERASE] ch=1 lun=2 pl=0 blk=44 pg=255 erase_cnt=5 (vpc/ipc reset)
[EXP] [ERASE] ch=1 lun=3 pl=0 blk=44 pg=255 erase_cnt=5 (vpc/ipc reset)
[EXP] [ERASE] ch=1 lun=4 pl=0 blk=44 pg=255 erase_cnt=5 (vpc/ipc reset)
[EXP] [ERASE] ch=1 lun=5 pl=0 blk=44 pg=255 erase_cnt=5 (vpc/ipc reset)
[EXP] [ERASE] ch=1 lun=6 pl=0 blk=44 pg=255 erase_cnt=5 (vpc/ipc reset)
[EXP] [ERASE] ch=1 lun=7 pl=0 blk=44 pg=255 erase_cnt=5 (vpc/ipc reset)
[EXP] [GC_MOVE] lpn=0 historical=COLD effective=COLD idle_age=0 expired=no access=2 short=1 last_seq=1572869 decay_epoch=24 ch=2 lun=0 pl=0 blk=44 pg=172 -> ch=0 lun=2 pl=0 blk=56 pg=95
[EXP] [ERASE] ch=2 lun=0 pl=0 blk=44 pg=255 erase_cnt=5 (vpc/ipc reset)
[EXP] [ERASE] ch=2 lun=1 pl=0 blk=44 pg=255 erase_cnt=5 (vpc/ipc reset)
[EXP] [ERASE] ch=2 lun=2 pl=0 blk=44 pg=255 erase_cnt=5 (vpc/ipc reset)
[EXP] [ERASE] ch=2 lun=3 pl=0 blk=44 pg=255 erase_cnt=5 (vpc/ipc reset)
[EXP] [ERASE] ch=2 lun=4 pl=0 blk=44 pg=255 erase_cnt=5 (vpc/ipc reset)
[EXP] [ERASE] ch=2 lun=5 pl=0 blk=44 pg=255 erase_cnt=5 (vpc/ipc reset)
[EXP] [ERASE] ch=2 lun=6 pl=0 blk=44 pg=255 erase_cnt=5 (vpc/ipc reset)
[EXP] [ERASE] ch=2 lun=7 pl=0 blk=44 pg=255 erase_cnt=5 (vpc/ipc reset)
[EXP] [ERASE] ch=3 lun=0 pl=0 blk=44 pg=255 erase_cnt=5 (vpc/ipc reset)
[EXP] [ERASE] ch=3 lun=1 pl=0 blk=44 pg=255 erase_cnt=5 (vpc/ipc reset)
[EXP] [ERASE] ch=3 lun=2 pl=0 blk=44 pg=255 erase_cnt=5 (vpc/ipc reset)
[EXP] [ERASE] ch=3 lun=3 pl=0 blk=44 pg=255 erase_cnt=5 (vpc/ipc reset)
[EXP] [ERASE] ch=3 lun=4 pl=0 blk=44 pg=255 erase_cnt=5 (vpc/ipc reset)
[EXP] [ERASE] ch=3 lun=5 pl=0 blk=44 pg=255 erase_cnt=5 (vpc/ipc reset)
[EXP] [ERASE] ch=3 lun=6 pl=0 blk=44 pg=255 erase_cnt=5 (vpc/ipc reset)
[EXP] [ERASE] ch=3 lun=7 pl=0 blk=44 pg=255 erase_cnt=5 (vpc/ipc reset)
[EXP] [ERASE] ch=4 lun=0 pl=0 blk=44 pg=255 erase_cnt=5 (vpc/ipc reset)
[EXP] [ERASE] ch=4 lun=1 pl=0 blk=44 pg=255 erase_cnt=5 (vpc/ipc reset)
[EXP] [ERASE] ch=4 lun=2 pl=0 blk=44 pg=255 erase_cnt=5 (vpc/ipc reset)
[EXP] [ERASE] ch=4 lun=3 pl=0 blk=44 pg=255 erase_cnt=5 (vpc/ipc reset)
[EXP] [ERASE] ch=4 lun=4 pl=0 blk=44 pg=255 erase_cnt=5 (vpc/ipc reset)
[EXP] [ERASE] ch=4 lun=5 pl=0 blk=44 pg=255 erase_cnt=5 (vpc/ipc reset)
[EXP] [ERASE] ch=4 lun=6 pl=0 blk=44 pg=255 erase_cnt=5 (vpc/ipc reset)
[EXP] [ERASE] ch=4 lun=7 pl=0 blk=44 pg=255 erase_cnt=5 (vpc/ipc reset)
[EXP] [ERASE] ch=5 lun=0 pl=0 blk=44 pg=255 erase_cnt=5 (vpc/ipc reset)
[EXP] [ERASE] ch=5 lun=1 pl=0 blk=44 pg=255 erase_cnt=5 (vpc/ipc reset)
[EXP] [ERASE] ch=5 lun=2 pl=0 blk=44 pg=255 erase_cnt=5 (vpc/ipc reset)
[EXP] [ERASE] ch=5 lun=3 pl=0 blk=44 pg=255 erase_cnt=5 (vpc/ipc reset)
[EXP] [ERASE] ch=5 lun=4 pl=0 blk=44 pg=255 erase_cnt=5 (vpc/ipc reset)
[EXP] [ERASE] ch=5 lun=5 pl=0 blk=44 pg=255 erase_cnt=5 (vpc/ipc reset)
[EXP] [ERASE] ch=5 lun=6 pl=0 blk=44 pg=255 erase_cnt=5 (vpc/ipc reset)
[EXP] [ERASE] ch=5 lun=7 pl=0 blk=44 pg=255 erase_cnt=5 (vpc/ipc reset)
[EXP] [ERASE] ch=6 lun=0 pl=0 blk=44 pg=255 erase_cnt=5 (vpc/ipc reset)
[EXP] [ERASE] ch=6 lun=1 pl=0 blk=44 pg=255 erase_cnt=5 (vpc/ipc reset)
[EXP] [ERASE] ch=6 lun=2 pl=0 blk=44 pg=255 erase_cnt=5 (vpc/ipc reset)
[EXP] [ERASE] ch=6 lun=3 pl=0 blk=44 pg=255 erase_cnt=5 (vpc/ipc reset)
[EXP] [ERASE] ch=6 lun=4 pl=0 blk=44 pg=255 erase_cnt=5 (vpc/ipc reset)
[EXP] [ERASE] ch=6 lun=5 pl=0 blk=44 pg=255 erase_cnt=5 (vpc/ipc reset)
[EXP] [ERASE] ch=6 lun=6 pl=0 blk=44 pg=255 erase_cnt=5 (vpc/ipc reset)
[EXP] [ERASE] ch=6 lun=7 pl=0 blk=44 pg=255 erase_cnt=5 (vpc/ipc reset)
[EXP] [ERASE] ch=7 lun=0 pl=0 blk=44 pg=255 erase_cnt=5 (vpc/ipc reset)
[EXP] [ERASE] ch=7 lun=1 pl=0 blk=44 pg=255 erase_cnt=5 (vpc/ipc reset)
[EXP] [ERASE] ch=7 lun=2 pl=0 blk=44 pg=255 erase_cnt=5 (vpc/ipc reset)
[EXP] [ERASE] ch=7 lun=3 pl=0 blk=44 pg=255 erase_cnt=5 (vpc/ipc reset)
[EXP] [ERASE] ch=7 lun=4 pl=0 blk=44 pg=255 erase_cnt=5 (vpc/ipc reset)
[EXP] [ERASE] ch=7 lun=5 pl=0 blk=44 pg=255 erase_cnt=5 (vpc/ipc reset)
[EXP] [ERASE] ch=7 lun=6 pl=0 blk=44 pg=255 erase_cnt=5 (vpc/ipc reset)
[EXP] [ERASE] ch=7 lun=7 pl=0 blk=44 pg=255 erase_cnt=5 (vpc/ipc reset)
[EXP] [ERASE] ch=0 lun=0 pl=0 blk=99 pg=255 erase_cnt=10 (vpc/ipc reset)
[EXP] [ERASE] ch=0 lun=1 pl=0 blk=99 pg=255 erase_cnt=10 (vpc/ipc reset)
[EXP] [ERASE] ch=0 lun=2 pl=0 blk=99 pg=255 erase_cnt=10 (vpc/ipc reset)
[EXP] [ERASE] ch=0 lun=3 pl=0 blk=99 pg=255 erase_cnt=10 (vpc/ipc reset)
[EXP] [ERASE] ch=0 lun=4 pl=0 blk=99 pg=255 erase_cnt=10 (vpc/ipc reset)
[EXP] [ERASE] ch=0 lun=5 pl=0 blk=99 pg=255 erase_cnt=10 (vpc/ipc reset)
[EXP] [ERASE] ch=0 lun=6 pl=0 blk=99 pg=255 erase_cnt=10 (vpc/ipc reset)
[EXP] [ERASE] ch=0 lun=7 pl=0 blk=99 pg=255 erase_cnt=10 (vpc/ipc reset)
[EXP] [ERASE] ch=1 lun=0 pl=0 blk=99 pg=255 erase_cnt=10 (vpc/ipc reset)
[EXP] [ERASE] ch=1 lun=1 pl=0 blk=99 pg=255 erase_cnt=10 (vpc/ipc reset)
[EXP] [ERASE] ch=1 lun=2 pl=0 blk=99 pg=255 erase_cnt=10 (vpc/ipc reset)
[EXP] [ERASE] ch=1 lun=3 pl=0 blk=99 pg=255 erase_cnt=10 (vpc/ipc reset)
[EXP] [ERASE] ch=1 lun=4 pl=0 blk=99 pg=255 erase_cnt=10 (vpc/ipc reset)
[EXP] [ERASE] ch=1 lun=5 pl=0 blk=99 pg=255 erase_cnt=10 (vpc/ipc reset)
[EXP] [ERASE] ch=1 lun=6 pl=0 blk=99 pg=255 erase_cnt=10 (vpc/ipc reset)
[EXP] [ERASE] ch=1 lun=7 pl=0 blk=99 pg=255 erase_cnt=10 (vpc/ipc reset)
[EXP] [ERASE] ch=2 lun=0 pl=0 blk=99 pg=255 erase_cnt=10 (vpc/ipc reset)
[EXP] [ERASE] ch=2 lun=1 pl=0 blk=99 pg=255 erase_cnt=10 (vpc/ipc reset)
[EXP] [ERASE] ch=2 lun=2 pl=0 blk=99 pg=255 erase_cnt=10 (vpc/ipc reset)
[EXP] [ERASE] ch=2 lun=3 pl=0 blk=99 pg=255 erase_cnt=10 (vpc/ipc reset)
[EXP] [ERASE] ch=2 lun=4 pl=0 blk=99 pg=255 erase_cnt=10 (vpc/ipc reset)
[EXP] [ERASE] ch=2 lun=5 pl=0 blk=99 pg=255 erase_cnt=10 (vpc/ipc reset)
[EXP] [ERASE] ch=2 lun=6 pl=0 blk=99 pg=255 erase_cnt=10 (vpc/ipc reset)
[EXP] [ERASE] ch=2 lun=7 pl=0 blk=99 pg=255 erase_cnt=10 (vpc/ipc reset)
[EXP] [ERASE] ch=3 lun=0 pl=0 blk=99 pg=255 erase_cnt=10 (vpc/ipc reset)
[EXP] [ERASE] ch=3 lun=1 pl=0 blk=99 pg=255 erase_cnt=10 (vpc/ipc reset)
[EXP] [ERASE] ch=3 lun=2 pl=0 blk=99 pg=255 erase_cnt=10 (vpc/ipc reset)
[EXP] [ERASE] ch=3 lun=3 pl=0 blk=99 pg=255 erase_cnt=10 (vpc/ipc reset)
[EXP] [ERASE] ch=3 lun=4 pl=0 blk=99 pg=255 erase_cnt=10 (vpc/ipc reset)
[EXP] [ERASE] ch=3 lun=5 pl=0 blk=99 pg=255 erase_cnt=10 (vpc/ipc reset)
[EXP] [ERASE] ch=3 lun=6 pl=0 blk=99 pg=255 erase_cnt=10 (vpc/ipc reset)
[EXP] [ERASE] ch=3 lun=7 pl=0 blk=99 pg=255 erase_cnt=10 (vpc/ipc reset)
[EXP] [ERASE] ch=4 lun=0 pl=0 blk=99 pg=255 erase_cnt=10 (vpc/ipc reset)
[EXP] [ERASE] ch=4 lun=1 pl=0 blk=99 pg=255 erase_cnt=10 (vpc/ipc reset)
[EXP] [ERASE] ch=4 lun=2 pl=0 blk=99 pg=255 erase_cnt=10 (vpc/ipc reset)
[EXP] [ERASE] ch=4 lun=3 pl=0 blk=99 pg=255 erase_cnt=10 (vpc/ipc reset)
[EXP] [ERASE] ch=4 lun=4 pl=0 blk=99 pg=255 erase_cnt=10 (vpc/ipc reset)
[EXP] [ERASE] ch=4 lun=5 pl=0 blk=99 pg=255 erase_cnt=10 (vpc/ipc reset)
[EXP] [ERASE] ch=4 lun=6 pl=0 blk=99 pg=255 erase_cnt=10 (vpc/ipc reset)
[EXP] [ERASE] ch=4 lun=7 pl=0 blk=99 pg=255 erase_cnt=10 (vpc/ipc reset)
[EXP] [ERASE] ch=5 lun=0 pl=0 blk=99 pg=255 erase_cnt=10 (vpc/ipc reset)
[EXP] [ERASE] ch=5 lun=1 pl=0 blk=99 pg=255 erase_cnt=10 (vpc/ipc reset)
[EXP] [ERASE] ch=5 lun=2 pl=0 blk=99 pg=255 erase_cnt=10 (vpc/ipc reset)
[EXP] [ERASE] ch=5 lun=3 pl=0 blk=99 pg=255 erase_cnt=10 (vpc/ipc reset)
[EXP] [ERASE] ch=5 lun=4 pl=0 blk=99 pg=255 erase_cnt=10 (vpc/ipc reset)
[EXP] [ERASE] ch=5 lun=5 pl=0 blk=99 pg=255 erase_cnt=10 (vpc/ipc reset)
[EXP] [ERASE] ch=5 lun=6 pl=0 blk=99 pg=255 erase_cnt=10 (vpc/ipc reset)
[EXP] [ERASE] ch=5 lun=7 pl=0 blk=99 pg=255 erase_cnt=10 (vpc/ipc reset)
[EXP] [ERASE] ch=6 lun=0 pl=0 blk=99 pg=255 erase_cnt=10 (vpc/ipc reset)
[EXP] [ERASE] ch=6 lun=1 pl=0 blk=99 pg=255 erase_cnt=10 (vpc/ipc reset)
[EXP] [ERASE] ch=6 lun=2 pl=0 blk=99 pg=255 erase_cnt=10 (vpc/ipc reset)
[EXP] [ERASE] ch=6 lun=3 pl=0 blk=99 pg=255 erase_cnt=10 (vpc/ipc reset)
[EXP] [ERASE] ch=6 lun=4 pl=0 blk=99 pg=255 erase_cnt=10 (vpc/ipc reset)
[EXP] [ERASE] ch=6 lun=5 pl=0 blk=99 pg=255 erase_cnt=10 (vpc/ipc reset)
[EXP] [ERASE] ch=6 lun=6 pl=0 blk=99 pg=255 erase_cnt=10 (vpc/ipc reset)
[EXP] [ERASE] ch=6 lun=7 pl=0 blk=99 pg=255 erase_cnt=10 (vpc/ipc reset)
[EXP] [ERASE] ch=7 lun=0 pl=0 blk=99 pg=255 erase_cnt=10 (vpc/ipc reset)
[EXP] [ERASE] ch=7 lun=1 pl=0 blk=99 pg=255 erase_cnt=10 (vpc/ipc reset)
[EXP] [ERASE] ch=7 lun=2 pl=0 blk=99 pg=255 erase_cnt=10 (vpc/ipc reset)
[EXP] [ERASE] ch=7 lun=3 pl=0 blk=99 pg=255 erase_cnt=10 (vpc/ipc reset)
[EXP] [ERASE] ch=7 lun=4 pl=0 blk=99 pg=255 erase_cnt=10 (vpc/ipc reset)
[EXP] [ERASE] ch=7 lun=5 pl=0 blk=99 pg=255 erase_cnt=10 (vpc/ipc reset)
[EXP] [ERASE] ch=7 lun=6 pl=0 blk=99 pg=255 erase_cnt=10 (vpc/ipc reset)
[EXP] [ERASE] ch=7 lun=7 pl=0 blk=99 pg=255 erase_cnt=10 (vpc/ipc reset)
[EXP] [ERASE] ch=0 lun=0 pl=0 blk=43 pg=255 erase_cnt=6 (vpc/ipc reset)
[EXP] [ERASE] ch=0 lun=1 pl=0 blk=43 pg=255 erase_cnt=6 (vpc/ipc reset)
[EXP] [ERASE] ch=0 lun=2 pl=0 blk=43 pg=255 erase_cnt=6 (vpc/ipc reset)
[EXP] [ERASE] ch=0 lun=3 pl=0 blk=43 pg=255 erase_cnt=6 (vpc/ipc reset)
[EXP] [ERASE] ch=0 lun=4 pl=0 blk=43 pg=255 erase_cnt=6 (vpc/ipc reset)
[EXP] [ERASE] ch=0 lun=5 pl=0 blk=43 pg=255 erase_cnt=6 (vpc/ipc reset)
[EXP] [ERASE] ch=0 lun=6 pl=0 blk=43 pg=255 erase_cnt=6 (vpc/ipc reset)
[EXP] [ERASE] ch=0 lun=7 pl=0 blk=43 pg=255 erase_cnt=6 (vpc/ipc reset)
[EXP] [ERASE] ch=1 lun=0 pl=0 blk=43 pg=255 erase_cnt=6 (vpc/ipc reset)
[EXP] [ERASE] ch=1 lun=1 pl=0 blk=43 pg=255 erase_cnt=6 (vpc/ipc reset)
[EXP] [ERASE] ch=1 lun=2 pl=0 blk=43 pg=255 erase_cnt=6 (vpc/ipc reset)
[EXP] [ERASE] ch=1 lun=3 pl=0 blk=43 pg=255 erase_cnt=6 (vpc/ipc reset)
[EXP] [ERASE] ch=1 lun=4 pl=0 blk=43 pg=255 erase_cnt=6 (vpc/ipc reset)
[EXP] [ERASE] ch=1 lun=5 pl=0 blk=43 pg=255 erase_cnt=6 (vpc/ipc reset)
[EXP] [ERASE] ch=1 lun=6 pl=0 blk=43 pg=255 erase_cnt=6 (vpc/ipc reset)
[EXP] [ERASE] ch=1 lun=7 pl=0 blk=43 pg=255 erase_cnt=6 (vpc/ipc reset)
[EXP] [ERASE] ch=2 lun=0 pl=0 blk=43 pg=255 erase_cnt=6 (vpc/ipc reset)
[EXP] [ERASE] ch=2 lun=1 pl=0 blk=43 pg=255 erase_cnt=6 (vpc/ipc reset)
[EXP] [ERASE] ch=2 lun=2 pl=0 blk=43 pg=255 erase_cnt=6 (vpc/ipc reset)
[EXP] [ERASE] ch=2 lun=3 pl=0 blk=43 pg=255 erase_cnt=6 (vpc/ipc reset)
[EXP] [ERASE] ch=2 lun=4 pl=0 blk=43 pg=255 erase_cnt=6 (vpc/ipc reset)
[EXP] [ERASE] ch=2 lun=5 pl=0 blk=43 pg=255 erase_cnt=6 (vpc/ipc reset)
[EXP] [ERASE] ch=2 lun=6 pl=0 blk=43 pg=255 erase_cnt=6 (vpc/ipc reset)
[EXP] [ERASE] ch=2 lun=7 pl=0 blk=43 pg=255 erase_cnt=6 (vpc/ipc reset)
[EXP] [ERASE] ch=3 lun=0 pl=0 blk=43 pg=255 erase_cnt=6 (vpc/ipc reset)
[EXP] [ERASE] ch=3 lun=1 pl=0 blk=43 pg=255 erase_cnt=6 (vpc/ipc reset)
[EXP] [ERASE] ch=3 lun=2 pl=0 blk=43 pg=255 erase_cnt=6 (vpc/ipc reset)
[EXP] [ERASE] ch=3 lun=3 pl=0 blk=43 pg=255 erase_cnt=6 (vpc/ipc reset)
[EXP] [ERASE] ch=3 lun=4 pl=0 blk=43 pg=255 erase_cnt=6 (vpc/ipc reset)
[EXP] [ERASE] ch=3 lun=5 pl=0 blk=43 pg=255 erase_cnt=6 (vpc/ipc reset)
[EXP] [ERASE] ch=3 lun=6 pl=0 blk=43 pg=255 erase_cnt=6 (vpc/ipc reset)
[EXP] [ERASE] ch=3 lun=7 pl=0 blk=43 pg=255 erase_cnt=6 (vpc/ipc reset)
[EXP] [ERASE] ch=4 lun=0 pl=0 blk=43 pg=255 erase_cnt=6 (vpc/ipc reset)
[EXP] [ERASE] ch=4 lun=1 pl=0 blk=43 pg=255 erase_cnt=6 (vpc/ipc reset)
[EXP] [ERASE] ch=4 lun=2 pl=0 blk=43 pg=255 erase_cnt=6 (vpc/ipc reset)
[EXP] [ERASE] ch=4 lun=3 pl=0 blk=43 pg=255 erase_cnt=6 (vpc/ipc reset)
[EXP] [ERASE] ch=4 lun=4 pl=0 blk=43 pg=255 erase_cnt=6 (vpc/ipc reset)
[EXP] [ERASE] ch=4 lun=5 pl=0 blk=43 pg=255 erase_cnt=6 (vpc/ipc reset)
[EXP] [ERASE] ch=4 lun=6 pl=0 blk=43 pg=255 erase_cnt=6 (vpc/ipc reset)
[EXP] [ERASE] ch=4 lun=7 pl=0 blk=43 pg=255 erase_cnt=6 (vpc/ipc reset)
[EXP] [ERASE] ch=5 lun=0 pl=0 blk=43 pg=255 erase_cnt=6 (vpc/ipc reset)
[EXP] [ERASE] ch=5 lun=1 pl=0 blk=43 pg=255 erase_cnt=6 (vpc/ipc reset)
[EXP] [ERASE] ch=5 lun=2 pl=0 blk=43 pg=255 erase_cnt=6 (vpc/ipc reset)
[EXP] [ERASE] ch=5 lun=3 pl=0 blk=43 pg=255 erase_cnt=6 (vpc/ipc reset)
[EXP] [ERASE] ch=5 lun=4 pl=0 blk=43 pg=255 erase_cnt=6 (vpc/ipc reset)
[EXP] [ERASE] ch=5 lun=5 pl=0 blk=43 pg=255 erase_cnt=6 (vpc/ipc reset)
[EXP] [ERASE] ch=5 lun=6 pl=0 blk=43 pg=255 erase_cnt=6 (vpc/ipc reset)
[EXP] [ERASE] ch=5 lun=7 pl=0 blk=43 pg=255 erase_cnt=6 (vpc/ipc reset)
[EXP] [ERASE] ch=6 lun=0 pl=0 blk=43 pg=255 erase_cnt=6 (vpc/ipc reset)
[EXP] [ERASE] ch=6 lun=1 pl=0 blk=43 pg=255 erase_cnt=6 (vpc/ipc reset)
[EXP] [ERASE] ch=6 lun=2 pl=0 blk=43 pg=255 erase_cnt=6 (vpc/ipc reset)
[EXP] [ERASE] ch=6 lun=3 pl=0 blk=43 pg=255 erase_cnt=6 (vpc/ipc reset)
[EXP] [ERASE] ch=6 lun=4 pl=0 blk=43 pg=255 erase_cnt=6 (vpc/ipc reset)
[EXP] [ERASE] ch=6 lun=5 pl=0 blk=43 pg=255 erase_cnt=6 (vpc/ipc reset)
[EXP] [ERASE] ch=6 lun=6 pl=0 blk=43 pg=255 erase_cnt=6 (vpc/ipc reset)
[EXP] [ERASE] ch=6 lun=7 pl=0 blk=43 pg=255 erase_cnt=6 (vpc/ipc reset)
[EXP] [ERASE] ch=7 lun=0 pl=0 blk=43 pg=255 erase_cnt=6 (vpc/ipc reset)
[EXP] [ERASE] ch=7 lun=1 pl=0 blk=43 pg=255 erase_cnt=6 (vpc/ipc reset)
[EXP] [ERASE] ch=7 lun=2 pl=0 blk=43 pg=255 erase_cnt=6 (vpc/ipc reset)
[EXP] [ERASE] ch=7 lun=3 pl=0 blk=43 pg=255 erase_cnt=6 (vpc/ipc reset)
[EXP] [ERASE] ch=7 lun=4 pl=0 blk=43 pg=255 erase_cnt=6 (vpc/ipc reset)
[EXP] [ERASE] ch=7 lun=5 pl=0 blk=43 pg=255 erase_cnt=6 (vpc/ipc reset)
[EXP] [ERASE] ch=7 lun=6 pl=0 blk=43 pg=255 erase_cnt=6 (vpc/ipc reset)
[EXP] [ERASE] ch=7 lun=7 pl=0 blk=43 pg=255 erase_cnt=6 (vpc/ipc reset)
[EXP] [ERASE] ch=0 lun=0 pl=0 blk=97 pg=255 erase_cnt=13 (vpc/ipc reset)
[EXP] [ERASE] ch=0 lun=1 pl=0 blk=97 pg=255 erase_cnt=13 (vpc/ipc reset)
[EXP] [ERASE] ch=0 lun=2 pl=0 blk=97 pg=255 erase_cnt=13 (vpc/ipc reset)
[EXP] [ERASE] ch=0 lun=3 pl=0 blk=97 pg=255 erase_cnt=13 (vpc/ipc reset)
[EXP] [ERASE] ch=0 lun=4 pl=0 blk=97 pg=255 erase_cnt=13 (vpc/ipc reset)
[EXP] [ERASE] ch=0 lun=5 pl=0 blk=97 pg=255 erase_cnt=13 (vpc/ipc reset)
[EXP] [ERASE] ch=0 lun=6 pl=0 blk=97 pg=255 erase_cnt=13 (vpc/ipc reset)
[EXP] [ERASE] ch=0 lun=7 pl=0 blk=97 pg=255 erase_cnt=13 (vpc/ipc reset)
[EXP] [ERASE] ch=1 lun=0 pl=0 blk=97 pg=255 erase_cnt=13 (vpc/ipc reset)
[EXP] [ERASE] ch=1 lun=1 pl=0 blk=97 pg=255 erase_cnt=13 (vpc/ipc reset)
[EXP] [ERASE] ch=1 lun=2 pl=0 blk=97 pg=255 erase_cnt=13 (vpc/ipc reset)
[EXP] [ERASE] ch=1 lun=3 pl=0 blk=97 pg=255 erase_cnt=13 (vpc/ipc reset)
[EXP] [ERASE] ch=1 lun=4 pl=0 blk=97 pg=255 erase_cnt=13 (vpc/ipc reset)
[EXP] [ERASE] ch=1 lun=5 pl=0 blk=97 pg=255 erase_cnt=13 (vpc/ipc reset)
[EXP] [ERASE] ch=1 lun=6 pl=0 blk=97 pg=255 erase_cnt=13 (vpc/ipc reset)
[EXP] [ERASE] ch=1 lun=7 pl=0 blk=97 pg=255 erase_cnt=13 (vpc/ipc reset)
[EXP] [ERASE] ch=2 lun=0 pl=0 blk=97 pg=255 erase_cnt=13 (vpc/ipc reset)
[EXP] [ERASE] ch=2 lun=1 pl=0 blk=97 pg=255 erase_cnt=13 (vpc/ipc reset)
[EXP] [ERASE] ch=2 lun=2 pl=0 blk=97 pg=255 erase_cnt=13 (vpc/ipc reset)
[EXP] [ERASE] ch=2 lun=3 pl=0 blk=97 pg=255 erase_cnt=13 (vpc/ipc reset)
[EXP] [ERASE] ch=2 lun=4 pl=0 blk=97 pg=255 erase_cnt=13 (vpc/ipc reset)
[EXP] [ERASE] ch=2 lun=5 pl=0 blk=97 pg=255 erase_cnt=13 (vpc/ipc reset)
[EXP] [ERASE] ch=2 lun=6 pl=0 blk=97 pg=255 erase_cnt=13 (vpc/ipc reset)
[EXP] [ERASE] ch=2 lun=7 pl=0 blk=97 pg=255 erase_cnt=13 (vpc/ipc reset)
[EXP] [ERASE] ch=3 lun=0 pl=0 blk=97 pg=255 erase_cnt=13 (vpc/ipc reset)
[EXP] [ERASE] ch=3 lun=1 pl=0 blk=97 pg=255 erase_cnt=13 (vpc/ipc reset)
[EXP] [ERASE] ch=3 lun=2 pl=0 blk=97 pg=255 erase_cnt=13 (vpc/ipc reset)
[EXP] [ERASE] ch=3 lun=3 pl=0 blk=97 pg=255 erase_cnt=13 (vpc/ipc reset)
[EXP] [ERASE] ch=3 lun=4 pl=0 blk=97 pg=255 erase_cnt=13 (vpc/ipc reset)
[EXP] [ERASE] ch=3 lun=5 pl=0 blk=97 pg=255 erase_cnt=13 (vpc/ipc reset)
[EXP] [ERASE] ch=3 lun=6 pl=0 blk=97 pg=255 erase_cnt=13 (vpc/ipc reset)
[EXP] [ERASE] ch=3 lun=7 pl=0 blk=97 pg=255 erase_cnt=13 (vpc/ipc reset)
[EXP] [ERASE] ch=4 lun=0 pl=0 blk=97 pg=255 erase_cnt=13 (vpc/ipc reset)
[EXP] [ERASE] ch=4 lun=1 pl=0 blk=97 pg=255 erase_cnt=13 (vpc/ipc reset)
[EXP] [ERASE] ch=4 lun=2 pl=0 blk=97 pg=255 erase_cnt=13 (vpc/ipc reset)
[EXP] [ERASE] ch=4 lun=3 pl=0 blk=97 pg=255 erase_cnt=13 (vpc/ipc reset)
[EXP] [ERASE] ch=4 lun=4 pl=0 blk=97 pg=255 erase_cnt=13 (vpc/ipc reset)
[EXP] [ERASE] ch=4 lun=5 pl=0 blk=97 pg=255 erase_cnt=13 (vpc/ipc reset)
[EXP] [ERASE] ch=4 lun=6 pl=0 blk=97 pg=255 erase_cnt=13 (vpc/ipc reset)
[EXP] [ERASE] ch=4 lun=7 pl=0 blk=97 pg=255 erase_cnt=13 (vpc/ipc reset)
[EXP] [ERASE] ch=5 lun=0 pl=0 blk=97 pg=255 erase_cnt=13 (vpc/ipc reset)
[EXP] [ERASE] ch=5 lun=1 pl=0 blk=97 pg=255 erase_cnt=13 (vpc/ipc reset)
[EXP] [ERASE] ch=5 lun=2 pl=0 blk=97 pg=255 erase_cnt=13 (vpc/ipc reset)
[EXP] [ERASE] ch=5 lun=3 pl=0 blk=97 pg=255 erase_cnt=13 (vpc/ipc reset)
[EXP] [ERASE] ch=5 lun=4 pl=0 blk=97 pg=255 erase_cnt=13 (vpc/ipc reset)
[EXP] [ERASE] ch=5 lun=5 pl=0 blk=97 pg=255 erase_cnt=13 (vpc/ipc reset)
[EXP] [ERASE] ch=5 lun=6 pl=0 blk=97 pg=255 erase_cnt=13 (vpc/ipc reset)
[EXP] [ERASE] ch=5 lun=7 pl=0 blk=97 pg=255 erase_cnt=13 (vpc/ipc reset)
[EXP] [ERASE] ch=6 lun=0 pl=0 blk=97 pg=255 erase_cnt=13 (vpc/ipc reset)
[EXP] [ERASE] ch=6 lun=1 pl=0 blk=97 pg=255 erase_cnt=13 (vpc/ipc reset)
[EXP] [ERASE] ch=6 lun=2 pl=0 blk=97 pg=255 erase_cnt=13 (vpc/ipc reset)
[EXP] [ERASE] ch=6 lun=3 pl=0 blk=97 pg=255 erase_cnt=13 (vpc/ipc reset)
[EXP] [ERASE] ch=6 lun=4 pl=0 blk=97 pg=255 erase_cnt=13 (vpc/ipc reset)
[EXP] [ERASE] ch=6 lun=5 pl=0 blk=97 pg=255 erase_cnt=13 (vpc/ipc reset)
[EXP] [ERASE] ch=6 lun=6 pl=0 blk=97 pg=255 erase_cnt=13 (vpc/ipc reset)
[EXP] [ERASE] ch=6 lun=7 pl=0 blk=97 pg=255 erase_cnt=13 (vpc/ipc reset)
[EXP] [ERASE] ch=7 lun=0 pl=0 blk=97 pg=255 erase_cnt=13 (vpc/ipc reset)
[EXP] [ERASE] ch=7 lun=1 pl=0 blk=97 pg=255 erase_cnt=13 (vpc/ipc reset)
[EXP] [ERASE] ch=7 lun=2 pl=0 blk=97 pg=255 erase_cnt=13 (vpc/ipc reset)
[EXP] [ERASE] ch=7 lun=3 pl=0 blk=97 pg=255 erase_cnt=13 (vpc/ipc reset)
[EXP] [ERASE] ch=7 lun=4 pl=0 blk=97 pg=255 erase_cnt=13 (vpc/ipc reset)
[EXP] [ERASE] ch=7 lun=5 pl=0 blk=97 pg=255 erase_cnt=13 (vpc/ipc reset)
[EXP] [ERASE] ch=7 lun=6 pl=0 blk=97 pg=255 erase_cnt=13 (vpc/ipc reset)
[EXP] [ERASE] ch=7 lun=7 pl=0 blk=97 pg=255 erase_cnt=13 (vpc/ipc reset)
[EXP] [ERASE] ch=0 lun=0 pl=0 blk=102 pg=255 erase_cnt=7 (vpc/ipc reset)
[EXP] [ERASE] ch=0 lun=1 pl=0 blk=102 pg=255 erase_cnt=7 (vpc/ipc reset)
[EXP] [ERASE] ch=0 lun=2 pl=0 blk=102 pg=255 erase_cnt=7 (vpc/ipc reset)
[EXP] [ERASE] ch=0 lun=3 pl=0 blk=102 pg=255 erase_cnt=7 (vpc/ipc reset)
[EXP] [ERASE] ch=0 lun=4 pl=0 blk=102 pg=255 erase_cnt=7 (vpc/ipc reset)
[EXP] [ERASE] ch=0 lun=5 pl=0 blk=102 pg=255 erase_cnt=7 (vpc/ipc reset)
[EXP] [ERASE] ch=0 lun=6 pl=0 blk=102 pg=255 erase_cnt=7 (vpc/ipc reset)
[EXP] [ERASE] ch=0 lun=7 pl=0 blk=102 pg=255 erase_cnt=7 (vpc/ipc reset)
[EXP] [ERASE] ch=1 lun=0 pl=0 blk=102 pg=255 erase_cnt=7 (vpc/ipc reset)
[EXP] [ERASE] ch=1 lun=1 pl=0 blk=102 pg=255 erase_cnt=7 (vpc/ipc reset)
[EXP] [ERASE] ch=1 lun=2 pl=0 blk=102 pg=255 erase_cnt=7 (vpc/ipc reset)
[EXP] [ERASE] ch=1 lun=3 pl=0 blk=102 pg=255 erase_cnt=7 (vpc/ipc reset)
[EXP] [ERASE] ch=1 lun=4 pl=0 blk=102 pg=255 erase_cnt=7 (vpc/ipc reset)
[EXP] [ERASE] ch=1 lun=5 pl=0 blk=102 pg=255 erase_cnt=7 (vpc/ipc reset)
[EXP] [ERASE] ch=1 lun=6 pl=0 blk=102 pg=255 erase_cnt=7 (vpc/ipc reset)
[EXP] [ERASE] ch=1 lun=7 pl=0 blk=102 pg=255 erase_cnt=7 (vpc/ipc reset)
[EXP] [ERASE] ch=2 lun=0 pl=0 blk=102 pg=255 erase_cnt=7 (vpc/ipc reset)
[EXP] [ERASE] ch=2 lun=1 pl=0 blk=102 pg=255 erase_cnt=7 (vpc/ipc reset)
[EXP] [ERASE] ch=2 lun=2 pl=0 blk=102 pg=255 erase_cnt=7 (vpc/ipc reset)
[EXP] [ERASE] ch=2 lun=3 pl=0 blk=102 pg=255 erase_cnt=7 (vpc/ipc reset)
[EXP] [ERASE] ch=2 lun=4 pl=0 blk=102 pg=255 erase_cnt=7 (vpc/ipc reset)
[EXP] [ERASE] ch=2 lun=5 pl=0 blk=102 pg=255 erase_cnt=7 (vpc/ipc reset)
[EXP] [ERASE] ch=2 lun=6 pl=0 blk=102 pg=255 erase_cnt=7 (vpc/ipc reset)
[EXP] [ERASE] ch=2 lun=7 pl=0 blk=102 pg=255 erase_cnt=7 (vpc/ipc reset)
[EXP] [ERASE] ch=3 lun=0 pl=0 blk=102 pg=255 erase_cnt=7 (vpc/ipc reset)
[EXP] [ERASE] ch=3 lun=1 pl=0 blk=102 pg=255 erase_cnt=7 (vpc/ipc reset)
[EXP] [ERASE] ch=3 lun=2 pl=0 blk=102 pg=255 erase_cnt=7 (vpc/ipc reset)
[EXP] [ERASE] ch=3 lun=3 pl=0 blk=102 pg=255 erase_cnt=7 (vpc/ipc reset)
[EXP] [ERASE] ch=3 lun=4 pl=0 blk=102 pg=255 erase_cnt=7 (vpc/ipc reset)
[EXP] [ERASE] ch=3 lun=5 pl=0 blk=102 pg=255 erase_cnt=7 (vpc/ipc reset)
[EXP] [ERASE] ch=3 lun=6 pl=0 blk=102 pg=255 erase_cnt=7 (vpc/ipc reset)
[EXP] [ERASE] ch=3 lun=7 pl=0 blk=102 pg=255 erase_cnt=7 (vpc/ipc reset)
[EXP] [ERASE] ch=4 lun=0 pl=0 blk=102 pg=255 erase_cnt=7 (vpc/ipc reset)
[EXP] [ERASE] ch=4 lun=1 pl=0 blk=102 pg=255 erase_cnt=7 (vpc/ipc reset)
[EXP] [ERASE] ch=4 lun=2 pl=0 blk=102 pg=255 erase_cnt=7 (vpc/ipc reset)
[EXP] [ERASE] ch=4 lun=3 pl=0 blk=102 pg=255 erase_cnt=7 (vpc/ipc reset)
[EXP] [ERASE] ch=4 lun=4 pl=0 blk=102 pg=255 erase_cnt=7 (vpc/ipc reset)
[EXP] [ERASE] ch=4 lun=5 pl=0 blk=102 pg=255 erase_cnt=7 (vpc/ipc reset)
[EXP] [ERASE] ch=4 lun=6 pl=0 blk=102 pg=255 erase_cnt=7 (vpc/ipc reset)
[EXP] [ERASE] ch=4 lun=7 pl=0 blk=102 pg=255 erase_cnt=7 (vpc/ipc reset)
[EXP] [ERASE] ch=5 lun=0 pl=0 blk=102 pg=255 erase_cnt=7 (vpc/ipc reset)
[EXP] [ERASE] ch=5 lun=1 pl=0 blk=102 pg=255 erase_cnt=7 (vpc/ipc reset)
[EXP] [ERASE] ch=5 lun=2 pl=0 blk=102 pg=255 erase_cnt=7 (vpc/ipc reset)
[EXP] [ERASE] ch=5 lun=3 pl=0 blk=102 pg=255 erase_cnt=7 (vpc/ipc reset)
[EXP] [ERASE] ch=5 lun=4 pl=0 blk=102 pg=255 erase_cnt=7 (vpc/ipc reset)
[EXP] [ERASE] ch=5 lun=5 pl=0 blk=102 pg=255 erase_cnt=7 (vpc/ipc reset)
[EXP] [ERASE] ch=5 lun=6 pl=0 blk=102 pg=255 erase_cnt=7 (vpc/ipc reset)
[EXP] [ERASE] ch=5 lun=7 pl=0 blk=102 pg=255 erase_cnt=7 (vpc/ipc reset)
[EXP] [ERASE] ch=6 lun=0 pl=0 blk=102 pg=255 erase_cnt=7 (vpc/ipc reset)
[EXP] [ERASE] ch=6 lun=1 pl=0 blk=102 pg=255 erase_cnt=7 (vpc/ipc reset)
[EXP] [ERASE] ch=6 lun=2 pl=0 blk=102 pg=255 erase_cnt=7 (vpc/ipc reset)
[EXP] [ERASE] ch=6 lun=3 pl=0 blk=102 pg=255 erase_cnt=7 (vpc/ipc reset)
[EXP] [ERASE] ch=6 lun=4 pl=0 blk=102 pg=255 erase_cnt=7 (vpc/ipc reset)
[EXP] [ERASE] ch=6 lun=5 pl=0 blk=102 pg=255 erase_cnt=7 (vpc/ipc reset)
[EXP] [ERASE] ch=6 lun=6 pl=0 blk=102 pg=255 erase_cnt=7 (vpc/ipc reset)
[EXP] [ERASE] ch=6 lun=7 pl=0 blk=102 pg=255 erase_cnt=7 (vpc/ipc reset)
[EXP] [ERASE] ch=7 lun=0 pl=0 blk=102 pg=255 erase_cnt=7 (vpc/ipc reset)
[EXP] [ERASE] ch=7 lun=1 pl=0 blk=102 pg=255 erase_cnt=7 (vpc/ipc reset)
[EXP] [ERASE] ch=7 lun=2 pl=0 blk=102 pg=255 erase_cnt=7 (vpc/ipc reset)
[EXP] [ERASE] ch=7 lun=3 pl=0 blk=102 pg=255 erase_cnt=7 (vpc/ipc reset)
[EXP] [ERASE] ch=7 lun=4 pl=0 blk=102 pg=255 erase_cnt=7 (vpc/ipc reset)
[EXP] [ERASE] ch=7 lun=5 pl=0 blk=102 pg=255 erase_cnt=7 (vpc/ipc reset)
[EXP] [ERASE] ch=7 lun=6 pl=0 blk=102 pg=255 erase_cnt=7 (vpc/ipc reset)
[EXP] [ERASE] ch=7 lun=7 pl=0 blk=102 pg=255 erase_cnt=7 (vpc/ipc reset)
[EXP] [ERASE] ch=0 lun=0 pl=0 blk=98 pg=255 erase_cnt=13 (vpc/ipc reset)
[EXP] [ERASE] ch=0 lun=1 pl=0 blk=98 pg=255 erase_cnt=13 (vpc/ipc reset)
[EXP] [ERASE] ch=0 lun=2 pl=0 blk=98 pg=255 erase_cnt=13 (vpc/ipc reset)
[EXP] [ERASE] ch=0 lun=3 pl=0 blk=98 pg=255 erase_cnt=13 (vpc/ipc reset)
[EXP] [ERASE] ch=0 lun=4 pl=0 blk=98 pg=255 erase_cnt=13 (vpc/ipc reset)
[EXP] [ERASE] ch=0 lun=5 pl=0 blk=98 pg=255 erase_cnt=13 (vpc/ipc reset)
[EXP] [ERASE] ch=0 lun=6 pl=0 blk=98 pg=255 erase_cnt=13 (vpc/ipc reset)
[EXP] [ERASE] ch=0 lun=7 pl=0 blk=98 pg=255 erase_cnt=13 (vpc/ipc reset)
[EXP] [ERASE] ch=1 lun=0 pl=0 blk=98 pg=255 erase_cnt=13 (vpc/ipc reset)
[EXP] [ERASE] ch=1 lun=1 pl=0 blk=98 pg=255 erase_cnt=13 (vpc/ipc reset)
[EXP] [ERASE] ch=1 lun=2 pl=0 blk=98 pg=255 erase_cnt=13 (vpc/ipc reset)
[EXP] [ERASE] ch=1 lun=3 pl=0 blk=98 pg=255 erase_cnt=13 (vpc/ipc reset)
[EXP] [ERASE] ch=1 lun=4 pl=0 blk=98 pg=255 erase_cnt=13 (vpc/ipc reset)
[EXP] [ERASE] ch=1 lun=5 pl=0 blk=98 pg=255 erase_cnt=13 (vpc/ipc reset)
[EXP] [ERASE] ch=1 lun=6 pl=0 blk=98 pg=255 erase_cnt=13 (vpc/ipc reset)
[EXP] [ERASE] ch=1 lun=7 pl=0 blk=98 pg=255 erase_cnt=13 (vpc/ipc reset)
[EXP] [ERASE] ch=2 lun=0 pl=0 blk=98 pg=255 erase_cnt=13 (vpc/ipc reset)
[EXP] [ERASE] ch=2 lun=1 pl=0 blk=98 pg=255 erase_cnt=13 (vpc/ipc reset)
[EXP] [ERASE] ch=2 lun=2 pl=0 blk=98 pg=255 erase_cnt=13 (vpc/ipc reset)
[EXP] [ERASE] ch=2 lun=3 pl=0 blk=98 pg=255 erase_cnt=13 (vpc/ipc reset)
[EXP] [ERASE] ch=2 lun=4 pl=0 blk=98 pg=255 erase_cnt=13 (vpc/ipc reset)
[EXP] [ERASE] ch=2 lun=5 pl=0 blk=98 pg=255 erase_cnt=13 (vpc/ipc reset)
[EXP] [ERASE] ch=2 lun=6 pl=0 blk=98 pg=255 erase_cnt=13 (vpc/ipc reset)
[EXP] [ERASE] ch=2 lun=7 pl=0 blk=98 pg=255 erase_cnt=13 (vpc/ipc reset)
[EXP] [ERASE] ch=3 lun=0 pl=0 blk=98 pg=255 erase_cnt=13 (vpc/ipc reset)
[EXP] [ERASE] ch=3 lun=1 pl=0 blk=98 pg=255 erase_cnt=13 (vpc/ipc reset)
[EXP] [ERASE] ch=3 lun=2 pl=0 blk=98 pg=255 erase_cnt=13 (vpc/ipc reset)
[EXP] [ERASE] ch=3 lun=3 pl=0 blk=98 pg=255 erase_cnt=13 (vpc/ipc reset)
[EXP] [ERASE] ch=3 lun=4 pl=0 blk=98 pg=255 erase_cnt=13 (vpc/ipc reset)
[EXP] [ERASE] ch=3 lun=5 pl=0 blk=98 pg=255 erase_cnt=13 (vpc/ipc reset)
[EXP] [ERASE] ch=3 lun=6 pl=0 blk=98 pg=255 erase_cnt=13 (vpc/ipc reset)
[EXP] [ERASE] ch=3 lun=7 pl=0 blk=98 pg=255 erase_cnt=13 (vpc/ipc reset)
[EXP] [ERASE] ch=4 lun=0 pl=0 blk=98 pg=255 erase_cnt=13 (vpc/ipc reset)
[EXP] [ERASE] ch=4 lun=1 pl=0 blk=98 pg=255 erase_cnt=13 (vpc/ipc reset)
[EXP] [ERASE] ch=4 lun=2 pl=0 blk=98 pg=255 erase_cnt=13 (vpc/ipc reset)
[EXP] [ERASE] ch=4 lun=3 pl=0 blk=98 pg=255 erase_cnt=13 (vpc/ipc reset)
[EXP] [ERASE] ch=4 lun=4 pl=0 blk=98 pg=255 erase_cnt=13 (vpc/ipc reset)
[EXP] [ERASE] ch=4 lun=5 pl=0 blk=98 pg=255 erase_cnt=13 (vpc/ipc reset)
[EXP] [ERASE] ch=4 lun=6 pl=0 blk=98 pg=255 erase_cnt=13 (vpc/ipc reset)
[EXP] [ERASE] ch=4 lun=7 pl=0 blk=98 pg=255 erase_cnt=13 (vpc/ipc reset)
[EXP] [ERASE] ch=5 lun=0 pl=0 blk=98 pg=255 erase_cnt=13 (vpc/ipc reset)
[EXP] [ERASE] ch=5 lun=1 pl=0 blk=98 pg=255 erase_cnt=13 (vpc/ipc reset)
[EXP] [ERASE] ch=5 lun=2 pl=0 blk=98 pg=255 erase_cnt=13 (vpc/ipc reset)
[EXP] [ERASE] ch=5 lun=3 pl=0 blk=98 pg=255 erase_cnt=13 (vpc/ipc reset)
[EXP] [ERASE] ch=5 lun=4 pl=0 blk=98 pg=255 erase_cnt=13 (vpc/ipc reset)
[EXP] [ERASE] ch=5 lun=5 pl=0 blk=98 pg=255 erase_cnt=13 (vpc/ipc reset)
[EXP] [ERASE] ch=5 lun=6 pl=0 blk=98 pg=255 erase_cnt=13 (vpc/ipc reset)
[EXP] [ERASE] ch=5 lun=7 pl=0 blk=98 pg=255 erase_cnt=13 (vpc/ipc reset)
[EXP] [ERASE] ch=6 lun=0 pl=0 blk=98 pg=255 erase_cnt=13 (vpc/ipc reset)
[EXP] [ERASE] ch=6 lun=1 pl=0 blk=98 pg=255 erase_cnt=13 (vpc/ipc reset)
[EXP] [ERASE] ch=6 lun=2 pl=0 blk=98 pg=255 erase_cnt=13 (vpc/ipc reset)
[EXP] [ERASE] ch=6 lun=3 pl=0 blk=98 pg=255 erase_cnt=13 (vpc/ipc reset)
[EXP] [ERASE] ch=6 lun=4 pl=0 blk=98 pg=255 erase_cnt=13 (vpc/ipc reset)
[EXP] [ERASE] ch=6 lun=5 pl=0 blk=98 pg=255 erase_cnt=13 (vpc/ipc reset)
[EXP] [ERASE] ch=6 lun=6 pl=0 blk=98 pg=255 erase_cnt=13 (vpc/ipc reset)
[EXP] [ERASE] ch=6 lun=7 pl=0 blk=98 pg=255 erase_cnt=13 (vpc/ipc reset)
[EXP] [ERASE] ch=7 lun=0 pl=0 blk=98 pg=255 erase_cnt=13 (vpc/ipc reset)
[EXP] [ERASE] ch=7 lun=1 pl=0 blk=98 pg=255 erase_cnt=13 (vpc/ipc reset)
[EXP] [ERASE] ch=7 lun=2 pl=0 blk=98 pg=255 erase_cnt=13 (vpc/ipc reset)
[EXP] [ERASE] ch=7 lun=3 pl=0 blk=98 pg=255 erase_cnt=13 (vpc/ipc reset)
[EXP] [ERASE] ch=7 lun=4 pl=0 blk=98 pg=255 erase_cnt=13 (vpc/ipc reset)
[EXP] [ERASE] ch=7 lun=5 pl=0 blk=98 pg=255 erase_cnt=13 (vpc/ipc reset)
[EXP] [ERASE] ch=7 lun=6 pl=0 blk=98 pg=255 erase_cnt=13 (vpc/ipc reset)
[EXP] [ERASE] ch=7 lun=7 pl=0 blk=98 pg=255 erase_cnt=13 (vpc/ipc reset)
[EXP] [ERASE] ch=0 lun=0 pl=0 blk=48 pg=255 erase_cnt=8 (vpc/ipc reset)
[EXP] [ERASE] ch=0 lun=1 pl=0 blk=48 pg=255 erase_cnt=8 (vpc/ipc reset)
[EXP] [ERASE] ch=0 lun=2 pl=0 blk=48 pg=255 erase_cnt=8 (vpc/ipc reset)
[EXP] [ERASE] ch=0 lun=3 pl=0 blk=48 pg=255 erase_cnt=8 (vpc/ipc reset)
[EXP] [ERASE] ch=0 lun=4 pl=0 blk=48 pg=255 erase_cnt=8 (vpc/ipc reset)
[EXP] [ERASE] ch=0 lun=5 pl=0 blk=48 pg=255 erase_cnt=8 (vpc/ipc reset)
[EXP] [ERASE] ch=0 lun=6 pl=0 blk=48 pg=255 erase_cnt=8 (vpc/ipc reset)
[EXP] [ERASE] ch=0 lun=7 pl=0 blk=48 pg=255 erase_cnt=8 (vpc/ipc reset)
[EXP] [ERASE] ch=1 lun=0 pl=0 blk=48 pg=255 erase_cnt=8 (vpc/ipc reset)
[EXP] [ERASE] ch=1 lun=1 pl=0 blk=48 pg=255 erase_cnt=8 (vpc/ipc reset)
[EXP] [ERASE] ch=1 lun=2 pl=0 blk=48 pg=255 erase_cnt=8 (vpc/ipc reset)
[EXP] [ERASE] ch=1 lun=3 pl=0 blk=48 pg=255 erase_cnt=8 (vpc/ipc reset)
[EXP] [ERASE] ch=1 lun=4 pl=0 blk=48 pg=255 erase_cnt=8 (vpc/ipc reset)
[EXP] [ERASE] ch=1 lun=5 pl=0 blk=48 pg=255 erase_cnt=8 (vpc/ipc reset)
[EXP] [ERASE] ch=1 lun=6 pl=0 blk=48 pg=255 erase_cnt=8 (vpc/ipc reset)
[EXP] [ERASE] ch=1 lun=7 pl=0 blk=48 pg=255 erase_cnt=8 (vpc/ipc reset)
[EXP] [ERASE] ch=2 lun=0 pl=0 blk=48 pg=255 erase_cnt=8 (vpc/ipc reset)
[EXP] [ERASE] ch=2 lun=1 pl=0 blk=48 pg=255 erase_cnt=8 (vpc/ipc reset)
[EXP] [ERASE] ch=2 lun=2 pl=0 blk=48 pg=255 erase_cnt=8 (vpc/ipc reset)
[EXP] [ERASE] ch=2 lun=3 pl=0 blk=48 pg=255 erase_cnt=8 (vpc/ipc reset)
[EXP] [ERASE] ch=2 lun=4 pl=0 blk=48 pg=255 erase_cnt=8 (vpc/ipc reset)
[EXP] [ERASE] ch=2 lun=5 pl=0 blk=48 pg=255 erase_cnt=8 (vpc/ipc reset)
[EXP] [ERASE] ch=2 lun=6 pl=0 blk=48 pg=255 erase_cnt=8 (vpc/ipc reset)
[EXP] [ERASE] ch=2 lun=7 pl=0 blk=48 pg=255 erase_cnt=8 (vpc/ipc reset)
[EXP] [ERASE] ch=3 lun=0 pl=0 blk=48 pg=255 erase_cnt=8 (vpc/ipc reset)
[EXP] [ERASE] ch=3 lun=1 pl=0 blk=48 pg=255 erase_cnt=8 (vpc/ipc reset)
[EXP] [ERASE] ch=3 lun=2 pl=0 blk=48 pg=255 erase_cnt=8 (vpc/ipc reset)
[EXP] [ERASE] ch=3 lun=3 pl=0 blk=48 pg=255 erase_cnt=8 (vpc/ipc reset)
[EXP] [ERASE] ch=3 lun=4 pl=0 blk=48 pg=255 erase_cnt=8 (vpc/ipc reset)
[EXP] [ERASE] ch=3 lun=5 pl=0 blk=48 pg=255 erase_cnt=8 (vpc/ipc reset)
[EXP] [ERASE] ch=3 lun=6 pl=0 blk=48 pg=255 erase_cnt=8 (vpc/ipc reset)
[EXP] [ERASE] ch=3 lun=7 pl=0 blk=48 pg=255 erase_cnt=8 (vpc/ipc reset)
[EXP] [ERASE] ch=4 lun=0 pl=0 blk=48 pg=255 erase_cnt=8 (vpc/ipc reset)
[EXP] [ERASE] ch=4 lun=1 pl=0 blk=48 pg=255 erase_cnt=8 (vpc/ipc reset)
[EXP] [ERASE] ch=4 lun=2 pl=0 blk=48 pg=255 erase_cnt=8 (vpc/ipc reset)
[EXP] [ERASE] ch=4 lun=3 pl=0 blk=48 pg=255 erase_cnt=8 (vpc/ipc reset)
[EXP] [ERASE] ch=4 lun=4 pl=0 blk=48 pg=255 erase_cnt=8 (vpc/ipc reset)
[EXP] [ERASE] ch=4 lun=5 pl=0 blk=48 pg=255 erase_cnt=8 (vpc/ipc reset)
[EXP] [ERASE] ch=4 lun=6 pl=0 blk=48 pg=255 erase_cnt=8 (vpc/ipc reset)
[EXP] [ERASE] ch=4 lun=7 pl=0 blk=48 pg=255 erase_cnt=8 (vpc/ipc reset)
[EXP] [ERASE] ch=5 lun=0 pl=0 blk=48 pg=255 erase_cnt=8 (vpc/ipc reset)
[EXP] [ERASE] ch=5 lun=1 pl=0 blk=48 pg=255 erase_cnt=8 (vpc/ipc reset)
[EXP] [ERASE] ch=5 lun=2 pl=0 blk=48 pg=255 erase_cnt=8 (vpc/ipc reset)
[EXP] [ERASE] ch=5 lun=3 pl=0 blk=48 pg=255 erase_cnt=8 (vpc/ipc reset)
[EXP] [ERASE] ch=5 lun=4 pl=0 blk=48 pg=255 erase_cnt=8 (vpc/ipc reset)
[EXP] [ERASE] ch=5 lun=5 pl=0 blk=48 pg=255 erase_cnt=8 (vpc/ipc reset)
[EXP] [ERASE] ch=5 lun=6 pl=0 blk=48 pg=255 erase_cnt=8 (vpc/ipc reset)
[EXP] [ERASE] ch=5 lun=7 pl=0 blk=48 pg=255 erase_cnt=8 (vpc/ipc reset)
[EXP] [ERASE] ch=6 lun=0 pl=0 blk=48 pg=255 erase_cnt=8 (vpc/ipc reset)
[EXP] [ERASE] ch=6 lun=1 pl=0 blk=48 pg=255 erase_cnt=8 (vpc/ipc reset)
[EXP] [ERASE] ch=6 lun=2 pl=0 blk=48 pg=255 erase_cnt=8 (vpc/ipc reset)
[EXP] [ERASE] ch=6 lun=3 pl=0 blk=48 pg=255 erase_cnt=8 (vpc/ipc reset)
[EXP] [ERASE] ch=6 lun=4 pl=0 blk=48 pg=255 erase_cnt=8 (vpc/ipc reset)
[EXP] [ERASE] ch=6 lun=5 pl=0 blk=48 pg=255 erase_cnt=8 (vpc/ipc reset)
[EXP] [ERASE] ch=6 lun=6 pl=0 blk=48 pg=255 erase_cnt=8 (vpc/ipc reset)
[EXP] [ERASE] ch=6 lun=7 pl=0 blk=48 pg=255 erase_cnt=8 (vpc/ipc reset)
[EXP] [ERASE] ch=7 lun=0 pl=0 blk=48 pg=255 erase_cnt=8 (vpc/ipc reset)
[EXP] [ERASE] ch=7 lun=1 pl=0 blk=48 pg=255 erase_cnt=8 (vpc/ipc reset)
[EXP] [ERASE] ch=7 lun=2 pl=0 blk=48 pg=255 erase_cnt=8 (vpc/ipc reset)
[EXP] [ERASE] ch=7 lun=3 pl=0 blk=48 pg=255 erase_cnt=8 (vpc/ipc reset)
[EXP] [ERASE] ch=7 lun=4 pl=0 blk=48 pg=255 erase_cnt=8 (vpc/ipc reset)
[EXP] [ERASE] ch=7 lun=5 pl=0 blk=48 pg=255 erase_cnt=8 (vpc/ipc reset)
[EXP] [ERASE] ch=7 lun=6 pl=0 blk=48 pg=255 erase_cnt=8 (vpc/ipc reset)
[EXP] [ERASE] ch=7 lun=7 pl=0 blk=48 pg=255 erase_cnt=8 (vpc/ipc reset)
[EXP] [ERASE] ch=0 lun=0 pl=0 blk=56 pg=255 erase_cnt=6 (vpc/ipc reset)
[EXP] [ERASE] ch=0 lun=1 pl=0 blk=56 pg=255 erase_cnt=6 (vpc/ipc reset)
[EXP] [GC_MOVE] lpn=0 historical=COLD effective=COLD idle_age=0 expired=no access=2 short=1 last_seq=1572869 decay_epoch=24 ch=0 lun=2 pl=0 blk=56 pg=95 -> ch=2 lun=7 pl=0 blk=38 pg=196
[EXP] [ERASE] ch=0 lun=2 pl=0 blk=56 pg=255 erase_cnt=6 (vpc/ipc reset)
[EXP] [ERASE] ch=0 lun=3 pl=0 blk=56 pg=255 erase_cnt=6 (vpc/ipc reset)
[EXP] [ERASE] ch=0 lun=4 pl=0 blk=56 pg=255 erase_cnt=6 (vpc/ipc reset)
[EXP] [ERASE] ch=0 lun=5 pl=0 blk=56 pg=255 erase_cnt=6 (vpc/ipc reset)
[EXP] [ERASE] ch=0 lun=6 pl=0 blk=56 pg=255 erase_cnt=6 (vpc/ipc reset)
[EXP] [ERASE] ch=0 lun=7 pl=0 blk=56 pg=255 erase_cnt=6 (vpc/ipc reset)
[EXP] [ERASE] ch=1 lun=0 pl=0 blk=56 pg=255 erase_cnt=6 (vpc/ipc reset)
[EXP] [ERASE] ch=1 lun=1 pl=0 blk=56 pg=255 erase_cnt=6 (vpc/ipc reset)
[EXP] [ERASE] ch=1 lun=2 pl=0 blk=56 pg=255 erase_cnt=6 (vpc/ipc reset)
[EXP] [ERASE] ch=1 lun=3 pl=0 blk=56 pg=255 erase_cnt=6 (vpc/ipc reset)
[EXP] [ERASE] ch=1 lun=4 pl=0 blk=56 pg=255 erase_cnt=6 (vpc/ipc reset)
[EXP] [ERASE] ch=1 lun=5 pl=0 blk=56 pg=255 erase_cnt=6 (vpc/ipc reset)
[EXP] [ERASE] ch=1 lun=6 pl=0 blk=56 pg=255 erase_cnt=6 (vpc/ipc reset)
[EXP] [ERASE] ch=1 lun=7 pl=0 blk=56 pg=255 erase_cnt=6 (vpc/ipc reset)
[EXP] [ERASE] ch=2 lun=0 pl=0 blk=56 pg=255 erase_cnt=6 (vpc/ipc reset)
[EXP] [ERASE] ch=2 lun=1 pl=0 blk=56 pg=255 erase_cnt=6 (vpc/ipc reset)
[EXP] [ERASE] ch=2 lun=2 pl=0 blk=56 pg=255 erase_cnt=6 (vpc/ipc reset)
[EXP] [ERASE] ch=2 lun=3 pl=0 blk=56 pg=255 erase_cnt=6 (vpc/ipc reset)
[EXP] [ERASE] ch=2 lun=4 pl=0 blk=56 pg=255 erase_cnt=6 (vpc/ipc reset)
[EXP] [ERASE] ch=2 lun=5 pl=0 blk=56 pg=255 erase_cnt=6 (vpc/ipc reset)
[EXP] [ERASE] ch=2 lun=6 pl=0 blk=56 pg=255 erase_cnt=6 (vpc/ipc reset)
[EXP] [ERASE] ch=2 lun=7 pl=0 blk=56 pg=255 erase_cnt=6 (vpc/ipc reset)
[EXP] [ERASE] ch=3 lun=0 pl=0 blk=56 pg=255 erase_cnt=6 (vpc/ipc reset)
[EXP] [ERASE] ch=3 lun=1 pl=0 blk=56 pg=255 erase_cnt=6 (vpc/ipc reset)
[EXP] [ERASE] ch=3 lun=2 pl=0 blk=56 pg=255 erase_cnt=6 (vpc/ipc reset)
[EXP] [ERASE] ch=3 lun=3 pl=0 blk=56 pg=255 erase_cnt=6 (vpc/ipc reset)
[EXP] [ERASE] ch=3 lun=4 pl=0 blk=56 pg=255 erase_cnt=6 (vpc/ipc reset)
[EXP] [ERASE] ch=3 lun=5 pl=0 blk=56 pg=255 erase_cnt=6 (vpc/ipc reset)
[EXP] [ERASE] ch=3 lun=6 pl=0 blk=56 pg=255 erase_cnt=6 (vpc/ipc reset)
[EXP] [ERASE] ch=3 lun=7 pl=0 blk=56 pg=255 erase_cnt=6 (vpc/ipc reset)
[EXP] [ERASE] ch=4 lun=0 pl=0 blk=56 pg=255 erase_cnt=6 (vpc/ipc reset)
[EXP] [ERASE] ch=4 lun=1 pl=0 blk=56 pg=255 erase_cnt=6 (vpc/ipc reset)
[EXP] [ERASE] ch=4 lun=2 pl=0 blk=56 pg=255 erase_cnt=6 (vpc/ipc reset)
[EXP] [ERASE] ch=4 lun=3 pl=0 blk=56 pg=255 erase_cnt=6 (vpc/ipc reset)
[EXP] [ERASE] ch=4 lun=4 pl=0 blk=56 pg=255 erase_cnt=6 (vpc/ipc reset)
[EXP] [ERASE] ch=4 lun=5 pl=0 blk=56 pg=255 erase_cnt=6 (vpc/ipc reset)
[EXP] [ERASE] ch=4 lun=6 pl=0 blk=56 pg=255 erase_cnt=6 (vpc/ipc reset)
[EXP] [ERASE] ch=4 lun=7 pl=0 blk=56 pg=255 erase_cnt=6 (vpc/ipc reset)
[EXP] [ERASE] ch=5 lun=0 pl=0 blk=56 pg=255 erase_cnt=6 (vpc/ipc reset)
[EXP] [ERASE] ch=5 lun=1 pl=0 blk=56 pg=255 erase_cnt=6 (vpc/ipc reset)
[EXP] [ERASE] ch=5 lun=2 pl=0 blk=56 pg=255 erase_cnt=6 (vpc/ipc reset)
[EXP] [ERASE] ch=5 lun=3 pl=0 blk=56 pg=255 erase_cnt=6 (vpc/ipc reset)
[EXP] [ERASE] ch=5 lun=4 pl=0 blk=56 pg=255 erase_cnt=6 (vpc/ipc reset)
[EXP] [ERASE] ch=5 lun=5 pl=0 blk=56 pg=255 erase_cnt=6 (vpc/ipc reset)
[EXP] [ERASE] ch=5 lun=6 pl=0 blk=56 pg=255 erase_cnt=6 (vpc/ipc reset)
[EXP] [ERASE] ch=5 lun=7 pl=0 blk=56 pg=255 erase_cnt=6 (vpc/ipc reset)
[EXP] [ERASE] ch=6 lun=0 pl=0 blk=56 pg=255 erase_cnt=6 (vpc/ipc reset)
[EXP] [ERASE] ch=6 lun=1 pl=0 blk=56 pg=255 erase_cnt=6 (vpc/ipc reset)
[EXP] [ERASE] ch=6 lun=2 pl=0 blk=56 pg=255 erase_cnt=6 (vpc/ipc reset)
[EXP] [ERASE] ch=6 lun=3 pl=0 blk=56 pg=255 erase_cnt=6 (vpc/ipc reset)
[EXP] [ERASE] ch=6 lun=4 pl=0 blk=56 pg=255 erase_cnt=6 (vpc/ipc reset)
[EXP] [ERASE] ch=6 lun=5 pl=0 blk=56 pg=255 erase_cnt=6 (vpc/ipc reset)
[EXP] [ERASE] ch=6 lun=6 pl=0 blk=56 pg=255 erase_cnt=6 (vpc/ipc reset)
[EXP] [ERASE] ch=6 lun=7 pl=0 blk=56 pg=255 erase_cnt=6 (vpc/ipc reset)
[EXP] [ERASE] ch=7 lun=0 pl=0 blk=56 pg=255 erase_cnt=6 (vpc/ipc reset)
[EXP] [ERASE] ch=7 lun=1 pl=0 blk=56 pg=255 erase_cnt=6 (vpc/ipc reset)
[EXP] [ERASE] ch=7 lun=2 pl=0 blk=56 pg=255 erase_cnt=6 (vpc/ipc reset)
[EXP] [ERASE] ch=7 lun=3 pl=0 blk=56 pg=255 erase_cnt=6 (vpc/ipc reset)
[EXP] [ERASE] ch=7 lun=4 pl=0 blk=56 pg=255 erase_cnt=6 (vpc/ipc reset)
[EXP] [ERASE] ch=7 lun=5 pl=0 blk=56 pg=255 erase_cnt=6 (vpc/ipc reset)
[EXP] [ERASE] ch=7 lun=6 pl=0 blk=56 pg=255 erase_cnt=6 (vpc/ipc reset)
[EXP] [ERASE] ch=7 lun=7 pl=0 blk=56 pg=255 erase_cnt=6 (vpc/ipc reset)
[EXP] [ERASE] ch=0 lun=0 pl=0 blk=43 pg=255 erase_cnt=7 (vpc/ipc reset)
[EXP] [ERASE] ch=0 lun=1 pl=0 blk=43 pg=255 erase_cnt=7 (vpc/ipc reset)
[EXP] [ERASE] ch=0 lun=2 pl=0 blk=43 pg=255 erase_cnt=7 (vpc/ipc reset)
[EXP] [ERASE] ch=0 lun=3 pl=0 blk=43 pg=255 erase_cnt=7 (vpc/ipc reset)
[EXP] [ERASE] ch=0 lun=4 pl=0 blk=43 pg=255 erase_cnt=7 (vpc/ipc reset)
[EXP] [ERASE] ch=0 lun=5 pl=0 blk=43 pg=255 erase_cnt=7 (vpc/ipc reset)
[EXP] [ERASE] ch=0 lun=6 pl=0 blk=43 pg=255 erase_cnt=7 (vpc/ipc reset)
[EXP] [ERASE] ch=0 lun=7 pl=0 blk=43 pg=255 erase_cnt=7 (vpc/ipc reset)
[EXP] [ERASE] ch=1 lun=0 pl=0 blk=43 pg=255 erase_cnt=7 (vpc/ipc reset)
[EXP] [ERASE] ch=1 lun=1 pl=0 blk=43 pg=255 erase_cnt=7 (vpc/ipc reset)
[EXP] [ERASE] ch=1 lun=2 pl=0 blk=43 pg=255 erase_cnt=7 (vpc/ipc reset)
[EXP] [ERASE] ch=1 lun=3 pl=0 blk=43 pg=255 erase_cnt=7 (vpc/ipc reset)
[EXP] [ERASE] ch=1 lun=4 pl=0 blk=43 pg=255 erase_cnt=7 (vpc/ipc reset)
[EXP] [ERASE] ch=1 lun=5 pl=0 blk=43 pg=255 erase_cnt=7 (vpc/ipc reset)
[EXP] [ERASE] ch=1 lun=6 pl=0 blk=43 pg=255 erase_cnt=7 (vpc/ipc reset)
[EXP] [ERASE] ch=1 lun=7 pl=0 blk=43 pg=255 erase_cnt=7 (vpc/ipc reset)
[EXP] [ERASE] ch=2 lun=0 pl=0 blk=43 pg=255 erase_cnt=7 (vpc/ipc reset)
[EXP] [ERASE] ch=2 lun=1 pl=0 blk=43 pg=255 erase_cnt=7 (vpc/ipc reset)
[EXP] [ERASE] ch=2 lun=2 pl=0 blk=43 pg=255 erase_cnt=7 (vpc/ipc reset)
[EXP] [ERASE] ch=2 lun=3 pl=0 blk=43 pg=255 erase_cnt=7 (vpc/ipc reset)
[EXP] [ERASE] ch=2 lun=4 pl=0 blk=43 pg=255 erase_cnt=7 (vpc/ipc reset)
[EXP] [ERASE] ch=2 lun=5 pl=0 blk=43 pg=255 erase_cnt=7 (vpc/ipc reset)
[EXP] [ERASE] ch=2 lun=6 pl=0 blk=43 pg=255 erase_cnt=7 (vpc/ipc reset)
[EXP] [ERASE] ch=2 lun=7 pl=0 blk=43 pg=255 erase_cnt=7 (vpc/ipc reset)
[EXP] [ERASE] ch=3 lun=0 pl=0 blk=43 pg=255 erase_cnt=7 (vpc/ipc reset)
[EXP] [ERASE] ch=3 lun=1 pl=0 blk=43 pg=255 erase_cnt=7 (vpc/ipc reset)
[EXP] [ERASE] ch=3 lun=2 pl=0 blk=43 pg=255 erase_cnt=7 (vpc/ipc reset)
[EXP] [ERASE] ch=3 lun=3 pl=0 blk=43 pg=255 erase_cnt=7 (vpc/ipc reset)
[EXP] [ERASE] ch=3 lun=4 pl=0 blk=43 pg=255 erase_cnt=7 (vpc/ipc reset)
[EXP] [ERASE] ch=3 lun=5 pl=0 blk=43 pg=255 erase_cnt=7 (vpc/ipc reset)
[EXP] [ERASE] ch=3 lun=6 pl=0 blk=43 pg=255 erase_cnt=7 (vpc/ipc reset)
[EXP] [ERASE] ch=3 lun=7 pl=0 blk=43 pg=255 erase_cnt=7 (vpc/ipc reset)
[EXP] [ERASE] ch=4 lun=0 pl=0 blk=43 pg=255 erase_cnt=7 (vpc/ipc reset)
[EXP] [ERASE] ch=4 lun=1 pl=0 blk=43 pg=255 erase_cnt=7 (vpc/ipc reset)
[EXP] [ERASE] ch=4 lun=2 pl=0 blk=43 pg=255 erase_cnt=7 (vpc/ipc reset)
[EXP] [ERASE] ch=4 lun=3 pl=0 blk=43 pg=255 erase_cnt=7 (vpc/ipc reset)
[EXP] [ERASE] ch=4 lun=4 pl=0 blk=43 pg=255 erase_cnt=7 (vpc/ipc reset)
[EXP] [ERASE] ch=4 lun=5 pl=0 blk=43 pg=255 erase_cnt=7 (vpc/ipc reset)
[EXP] [ERASE] ch=4 lun=6 pl=0 blk=43 pg=255 erase_cnt=7 (vpc/ipc reset)
[EXP] [ERASE] ch=4 lun=7 pl=0 blk=43 pg=255 erase_cnt=7 (vpc/ipc reset)
[EXP] [ERASE] ch=5 lun=0 pl=0 blk=43 pg=255 erase_cnt=7 (vpc/ipc reset)
[EXP] [ERASE] ch=5 lun=1 pl=0 blk=43 pg=255 erase_cnt=7 (vpc/ipc reset)
[EXP] [ERASE] ch=5 lun=2 pl=0 blk=43 pg=255 erase_cnt=7 (vpc/ipc reset)
[EXP] [ERASE] ch=5 lun=3 pl=0 blk=43 pg=255 erase_cnt=7 (vpc/ipc reset)
[EXP] [ERASE] ch=5 lun=4 pl=0 blk=43 pg=255 erase_cnt=7 (vpc/ipc reset)
[EXP] [ERASE] ch=5 lun=5 pl=0 blk=43 pg=255 erase_cnt=7 (vpc/ipc reset)
[EXP] [ERASE] ch=5 lun=6 pl=0 blk=43 pg=255 erase_cnt=7 (vpc/ipc reset)
[EXP] [ERASE] ch=5 lun=7 pl=0 blk=43 pg=255 erase_cnt=7 (vpc/ipc reset)
[EXP] [ERASE] ch=6 lun=0 pl=0 blk=43 pg=255 erase_cnt=7 (vpc/ipc reset)
[EXP] [ERASE] ch=6 lun=1 pl=0 blk=43 pg=255 erase_cnt=7 (vpc/ipc reset)
[EXP] [ERASE] ch=6 lun=2 pl=0 blk=43 pg=255 erase_cnt=7 (vpc/ipc reset)
[EXP] [ERASE] ch=6 lun=3 pl=0 blk=43 pg=255 erase_cnt=7 (vpc/ipc reset)
[EXP] [ERASE] ch=6 lun=4 pl=0 blk=43 pg=255 erase_cnt=7 (vpc/ipc reset)
[EXP] [ERASE] ch=6 lun=5 pl=0 blk=43 pg=255 erase_cnt=7 (vpc/ipc reset)
[EXP] [ERASE] ch=6 lun=6 pl=0 blk=43 pg=255 erase_cnt=7 (vpc/ipc reset)
[EXP] [ERASE] ch=6 lun=7 pl=0 blk=43 pg=255 erase_cnt=7 (vpc/ipc reset)
[EXP] [ERASE] ch=7 lun=0 pl=0 blk=43 pg=255 erase_cnt=7 (vpc/ipc reset)
[EXP] [ERASE] ch=7 lun=1 pl=0 blk=43 pg=255 erase_cnt=7 (vpc/ipc reset)
[EXP] [ERASE] ch=7 lun=2 pl=0 blk=43 pg=255 erase_cnt=7 (vpc/ipc reset)
[EXP] [ERASE] ch=7 lun=3 pl=0 blk=43 pg=255 erase_cnt=7 (vpc/ipc reset)
[EXP] [ERASE] ch=7 lun=4 pl=0 blk=43 pg=255 erase_cnt=7 (vpc/ipc reset)
[EXP] [ERASE] ch=7 lun=5 pl=0 blk=43 pg=255 erase_cnt=7 (vpc/ipc reset)
[EXP] [ERASE] ch=7 lun=6 pl=0 blk=43 pg=255 erase_cnt=7 (vpc/ipc reset)
[EXP] [ERASE] ch=7 lun=7 pl=0 blk=43 pg=255 erase_cnt=7 (vpc/ipc reset)
[EXP] [ERASE] ch=0 lun=0 pl=0 blk=99 pg=255 erase_cnt=11 (vpc/ipc reset)
[EXP] [ERASE] ch=0 lun=1 pl=0 blk=99 pg=255 erase_cnt=11 (vpc/ipc reset)
[EXP] [ERASE] ch=0 lun=2 pl=0 blk=99 pg=255 erase_cnt=11 (vpc/ipc reset)
[EXP] [ERASE] ch=0 lun=3 pl=0 blk=99 pg=255 erase_cnt=11 (vpc/ipc reset)
[EXP] [ERASE] ch=0 lun=4 pl=0 blk=99 pg=255 erase_cnt=11 (vpc/ipc reset)
[EXP] [ERASE] ch=0 lun=5 pl=0 blk=99 pg=255 erase_cnt=11 (vpc/ipc reset)
[EXP] [ERASE] ch=0 lun=6 pl=0 blk=99 pg=255 erase_cnt=11 (vpc/ipc reset)
[EXP] [ERASE] ch=0 lun=7 pl=0 blk=99 pg=255 erase_cnt=11 (vpc/ipc reset)
[EXP] [ERASE] ch=1 lun=0 pl=0 blk=99 pg=255 erase_cnt=11 (vpc/ipc reset)
[EXP] [ERASE] ch=1 lun=1 pl=0 blk=99 pg=255 erase_cnt=11 (vpc/ipc reset)
[EXP] [ERASE] ch=1 lun=2 pl=0 blk=99 pg=255 erase_cnt=11 (vpc/ipc reset)
[EXP] [ERASE] ch=1 lun=3 pl=0 blk=99 pg=255 erase_cnt=11 (vpc/ipc reset)
[EXP] [ERASE] ch=1 lun=4 pl=0 blk=99 pg=255 erase_cnt=11 (vpc/ipc reset)
[EXP] [ERASE] ch=1 lun=5 pl=0 blk=99 pg=255 erase_cnt=11 (vpc/ipc reset)
[EXP] [ERASE] ch=1 lun=6 pl=0 blk=99 pg=255 erase_cnt=11 (vpc/ipc reset)
[EXP] [ERASE] ch=1 lun=7 pl=0 blk=99 pg=255 erase_cnt=11 (vpc/ipc reset)
[EXP] [ERASE] ch=2 lun=0 pl=0 blk=99 pg=255 erase_cnt=11 (vpc/ipc reset)
[EXP] [ERASE] ch=2 lun=1 pl=0 blk=99 pg=255 erase_cnt=11 (vpc/ipc reset)
[EXP] [ERASE] ch=2 lun=2 pl=0 blk=99 pg=255 erase_cnt=11 (vpc/ipc reset)
[EXP] [ERASE] ch=2 lun=3 pl=0 blk=99 pg=255 erase_cnt=11 (vpc/ipc reset)
[EXP] [ERASE] ch=2 lun=4 pl=0 blk=99 pg=255 erase_cnt=11 (vpc/ipc reset)
[EXP] [ERASE] ch=2 lun=5 pl=0 blk=99 pg=255 erase_cnt=11 (vpc/ipc reset)
[EXP] [ERASE] ch=2 lun=6 pl=0 blk=99 pg=255 erase_cnt=11 (vpc/ipc reset)
[EXP] [ERASE] ch=2 lun=7 pl=0 blk=99 pg=255 erase_cnt=11 (vpc/ipc reset)
[EXP] [ERASE] ch=3 lun=0 pl=0 blk=99 pg=255 erase_cnt=11 (vpc/ipc reset)
[EXP] [ERASE] ch=3 lun=1 pl=0 blk=99 pg=255 erase_cnt=11 (vpc/ipc reset)
[EXP] [ERASE] ch=3 lun=2 pl=0 blk=99 pg=255 erase_cnt=11 (vpc/ipc reset)
[EXP] [ERASE] ch=3 lun=3 pl=0 blk=99 pg=255 erase_cnt=11 (vpc/ipc reset)
[EXP] [ERASE] ch=3 lun=4 pl=0 blk=99 pg=255 erase_cnt=11 (vpc/ipc reset)
[EXP] [ERASE] ch=3 lun=5 pl=0 blk=99 pg=255 erase_cnt=11 (vpc/ipc reset)
[EXP] [ERASE] ch=3 lun=6 pl=0 blk=99 pg=255 erase_cnt=11 (vpc/ipc reset)
[EXP] [ERASE] ch=3 lun=7 pl=0 blk=99 pg=255 erase_cnt=11 (vpc/ipc reset)
[EXP] [ERASE] ch=4 lun=0 pl=0 blk=99 pg=255 erase_cnt=11 (vpc/ipc reset)
[EXP] [ERASE] ch=4 lun=1 pl=0 blk=99 pg=255 erase_cnt=11 (vpc/ipc reset)
[EXP] [ERASE] ch=4 lun=2 pl=0 blk=99 pg=255 erase_cnt=11 (vpc/ipc reset)
[EXP] [ERASE] ch=4 lun=3 pl=0 blk=99 pg=255 erase_cnt=11 (vpc/ipc reset)
[EXP] [ERASE] ch=4 lun=4 pl=0 blk=99 pg=255 erase_cnt=11 (vpc/ipc reset)
[EXP] [ERASE] ch=4 lun=5 pl=0 blk=99 pg=255 erase_cnt=11 (vpc/ipc reset)
[EXP] [ERASE] ch=4 lun=6 pl=0 blk=99 pg=255 erase_cnt=11 (vpc/ipc reset)
[EXP] [ERASE] ch=4 lun=7 pl=0 blk=99 pg=255 erase_cnt=11 (vpc/ipc reset)
[EXP] [ERASE] ch=5 lun=0 pl=0 blk=99 pg=255 erase_cnt=11 (vpc/ipc reset)
[EXP] [ERASE] ch=5 lun=1 pl=0 blk=99 pg=255 erase_cnt=11 (vpc/ipc reset)
[EXP] [ERASE] ch=5 lun=2 pl=0 blk=99 pg=255 erase_cnt=11 (vpc/ipc reset)
[EXP] [ERASE] ch=5 lun=3 pl=0 blk=99 pg=255 erase_cnt=11 (vpc/ipc reset)
[EXP] [ERASE] ch=5 lun=4 pl=0 blk=99 pg=255 erase_cnt=11 (vpc/ipc reset)
[EXP] [ERASE] ch=5 lun=5 pl=0 blk=99 pg=255 erase_cnt=11 (vpc/ipc reset)
[EXP] [ERASE] ch=5 lun=6 pl=0 blk=99 pg=255 erase_cnt=11 (vpc/ipc reset)
[EXP] [ERASE] ch=5 lun=7 pl=0 blk=99 pg=255 erase_cnt=11 (vpc/ipc reset)
[EXP] [ERASE] ch=6 lun=0 pl=0 blk=99 pg=255 erase_cnt=11 (vpc/ipc reset)
[EXP] [ERASE] ch=6 lun=1 pl=0 blk=99 pg=255 erase_cnt=11 (vpc/ipc reset)
[EXP] [ERASE] ch=6 lun=2 pl=0 blk=99 pg=255 erase_cnt=11 (vpc/ipc reset)
[EXP] [ERASE] ch=6 lun=3 pl=0 blk=99 pg=255 erase_cnt=11 (vpc/ipc reset)
[EXP] [ERASE] ch=6 lun=4 pl=0 blk=99 pg=255 erase_cnt=11 (vpc/ipc reset)
[EXP] [ERASE] ch=6 lun=5 pl=0 blk=99 pg=255 erase_cnt=11 (vpc/ipc reset)
[EXP] [ERASE] ch=6 lun=6 pl=0 blk=99 pg=255 erase_cnt=11 (vpc/ipc reset)
[EXP] [ERASE] ch=6 lun=7 pl=0 blk=99 pg=255 erase_cnt=11 (vpc/ipc reset)
[EXP] [ERASE] ch=7 lun=0 pl=0 blk=99 pg=255 erase_cnt=11 (vpc/ipc reset)
[EXP] [ERASE] ch=7 lun=1 pl=0 blk=99 pg=255 erase_cnt=11 (vpc/ipc reset)
[EXP] [ERASE] ch=7 lun=2 pl=0 blk=99 pg=255 erase_cnt=11 (vpc/ipc reset)
[EXP] [ERASE] ch=7 lun=3 pl=0 blk=99 pg=255 erase_cnt=11 (vpc/ipc reset)
[EXP] [ERASE] ch=7 lun=4 pl=0 blk=99 pg=255 erase_cnt=11 (vpc/ipc reset)
[EXP] [ERASE] ch=7 lun=5 pl=0 blk=99 pg=255 erase_cnt=11 (vpc/ipc reset)
[EXP] [ERASE] ch=7 lun=6 pl=0 blk=99 pg=255 erase_cnt=11 (vpc/ipc reset)
[EXP] [ERASE] ch=7 lun=7 pl=0 blk=99 pg=255 erase_cnt=11 (vpc/ipc reset)
[EXP] [ERASE] ch=0 lun=0 pl=0 blk=61 pg=255 erase_cnt=9 (vpc/ipc reset)
[EXP] [ERASE] ch=0 lun=1 pl=0 blk=61 pg=255 erase_cnt=9 (vpc/ipc reset)
[EXP] [ERASE] ch=0 lun=2 pl=0 blk=61 pg=255 erase_cnt=9 (vpc/ipc reset)
[EXP] [ERASE] ch=0 lun=3 pl=0 blk=61 pg=255 erase_cnt=9 (vpc/ipc reset)
[EXP] [ERASE] ch=0 lun=4 pl=0 blk=61 pg=255 erase_cnt=9 (vpc/ipc reset)
[EXP] [ERASE] ch=0 lun=5 pl=0 blk=61 pg=255 erase_cnt=9 (vpc/ipc reset)
[EXP] [ERASE] ch=0 lun=6 pl=0 blk=61 pg=255 erase_cnt=9 (vpc/ipc reset)
[EXP] [ERASE] ch=0 lun=7 pl=0 blk=61 pg=255 erase_cnt=9 (vpc/ipc reset)
[EXP] [ERASE] ch=1 lun=0 pl=0 blk=61 pg=255 erase_cnt=9 (vpc/ipc reset)
[EXP] [ERASE] ch=1 lun=1 pl=0 blk=61 pg=255 erase_cnt=9 (vpc/ipc reset)
[EXP] [ERASE] ch=1 lun=2 pl=0 blk=61 pg=255 erase_cnt=9 (vpc/ipc reset)
[EXP] [ERASE] ch=1 lun=3 pl=0 blk=61 pg=255 erase_cnt=9 (vpc/ipc reset)
[EXP] [ERASE] ch=1 lun=4 pl=0 blk=61 pg=255 erase_cnt=9 (vpc/ipc reset)
[EXP] [ERASE] ch=1 lun=5 pl=0 blk=61 pg=255 erase_cnt=9 (vpc/ipc reset)
[EXP] [ERASE] ch=1 lun=6 pl=0 blk=61 pg=255 erase_cnt=9 (vpc/ipc reset)
[EXP] [ERASE] ch=1 lun=7 pl=0 blk=61 pg=255 erase_cnt=9 (vpc/ipc reset)
[EXP] [ERASE] ch=2 lun=0 pl=0 blk=61 pg=255 erase_cnt=9 (vpc/ipc reset)
[EXP] [ERASE] ch=2 lun=1 pl=0 blk=61 pg=255 erase_cnt=9 (vpc/ipc reset)
[EXP] [ERASE] ch=2 lun=2 pl=0 blk=61 pg=255 erase_cnt=9 (vpc/ipc reset)
[EXP] [ERASE] ch=2 lun=3 pl=0 blk=61 pg=255 erase_cnt=9 (vpc/ipc reset)
[EXP] [ERASE] ch=2 lun=4 pl=0 blk=61 pg=255 erase_cnt=9 (vpc/ipc reset)
[EXP] [ERASE] ch=2 lun=5 pl=0 blk=61 pg=255 erase_cnt=9 (vpc/ipc reset)
[EXP] [ERASE] ch=2 lun=6 pl=0 blk=61 pg=255 erase_cnt=9 (vpc/ipc reset)
[EXP] [ERASE] ch=2 lun=7 pl=0 blk=61 pg=255 erase_cnt=9 (vpc/ipc reset)
[EXP] [ERASE] ch=3 lun=0 pl=0 blk=61 pg=255 erase_cnt=9 (vpc/ipc reset)
[EXP] [ERASE] ch=3 lun=1 pl=0 blk=61 pg=255 erase_cnt=9 (vpc/ipc reset)
[EXP] [ERASE] ch=3 lun=2 pl=0 blk=61 pg=255 erase_cnt=9 (vpc/ipc reset)
[EXP] [ERASE] ch=3 lun=3 pl=0 blk=61 pg=255 erase_cnt=9 (vpc/ipc reset)
[EXP] [ERASE] ch=3 lun=4 pl=0 blk=61 pg=255 erase_cnt=9 (vpc/ipc reset)
[EXP] [ERASE] ch=3 lun=5 pl=0 blk=61 pg=255 erase_cnt=9 (vpc/ipc reset)
[EXP] [ERASE] ch=3 lun=6 pl=0 blk=61 pg=255 erase_cnt=9 (vpc/ipc reset)
[EXP] [ERASE] ch=3 lun=7 pl=0 blk=61 pg=255 erase_cnt=9 (vpc/ipc reset)
[EXP] [ERASE] ch=4 lun=0 pl=0 blk=61 pg=255 erase_cnt=9 (vpc/ipc reset)
[EXP] [ERASE] ch=4 lun=1 pl=0 blk=61 pg=255 erase_cnt=9 (vpc/ipc reset)
[EXP] [ERASE] ch=4 lun=2 pl=0 blk=61 pg=255 erase_cnt=9 (vpc/ipc reset)
[EXP] [ERASE] ch=4 lun=3 pl=0 blk=61 pg=255 erase_cnt=9 (vpc/ipc reset)
[EXP] [ERASE] ch=4 lun=4 pl=0 blk=61 pg=255 erase_cnt=9 (vpc/ipc reset)
[EXP] [ERASE] ch=4 lun=5 pl=0 blk=61 pg=255 erase_cnt=9 (vpc/ipc reset)
[EXP] [ERASE] ch=4 lun=6 pl=0 blk=61 pg=255 erase_cnt=9 (vpc/ipc reset)
[EXP] [ERASE] ch=4 lun=7 pl=0 blk=61 pg=255 erase_cnt=9 (vpc/ipc reset)
[EXP] [ERASE] ch=5 lun=0 pl=0 blk=61 pg=255 erase_cnt=9 (vpc/ipc reset)
[EXP] [ERASE] ch=5 lun=1 pl=0 blk=61 pg=255 erase_cnt=9 (vpc/ipc reset)
[EXP] [ERASE] ch=5 lun=2 pl=0 blk=61 pg=255 erase_cnt=9 (vpc/ipc reset)
[EXP] [ERASE] ch=5 lun=3 pl=0 blk=61 pg=255 erase_cnt=9 (vpc/ipc reset)
[EXP] [ERASE] ch=5 lun=4 pl=0 blk=61 pg=255 erase_cnt=9 (vpc/ipc reset)
[EXP] [ERASE] ch=5 lun=5 pl=0 blk=61 pg=255 erase_cnt=9 (vpc/ipc reset)
[EXP] [ERASE] ch=5 lun=6 pl=0 blk=61 pg=255 erase_cnt=9 (vpc/ipc reset)
[EXP] [ERASE] ch=5 lun=7 pl=0 blk=61 pg=255 erase_cnt=9 (vpc/ipc reset)
[EXP] [ERASE] ch=6 lun=0 pl=0 blk=61 pg=255 erase_cnt=9 (vpc/ipc reset)
[EXP] [ERASE] ch=6 lun=1 pl=0 blk=61 pg=255 erase_cnt=9 (vpc/ipc reset)
[EXP] [ERASE] ch=6 lun=2 pl=0 blk=61 pg=255 erase_cnt=9 (vpc/ipc reset)
[EXP] [ERASE] ch=6 lun=3 pl=0 blk=61 pg=255 erase_cnt=9 (vpc/ipc reset)
[EXP] [ERASE] ch=6 lun=4 pl=0 blk=61 pg=255 erase_cnt=9 (vpc/ipc reset)
[EXP] [ERASE] ch=6 lun=5 pl=0 blk=61 pg=255 erase_cnt=9 (vpc/ipc reset)
[EXP] [ERASE] ch=6 lun=6 pl=0 blk=61 pg=255 erase_cnt=9 (vpc/ipc reset)
[EXP] [ERASE] ch=6 lun=7 pl=0 blk=61 pg=255 erase_cnt=9 (vpc/ipc reset)
[EXP] [ERASE] ch=7 lun=0 pl=0 blk=61 pg=255 erase_cnt=9 (vpc/ipc reset)
[EXP] [ERASE] ch=7 lun=1 pl=0 blk=61 pg=255 erase_cnt=9 (vpc/ipc reset)
[EXP] [ERASE] ch=7 lun=2 pl=0 blk=61 pg=255 erase_cnt=9 (vpc/ipc reset)
[EXP] [ERASE] ch=7 lun=3 pl=0 blk=61 pg=255 erase_cnt=9 (vpc/ipc reset)
[EXP] [ERASE] ch=7 lun=4 pl=0 blk=61 pg=255 erase_cnt=9 (vpc/ipc reset)
[EXP] [ERASE] ch=7 lun=5 pl=0 blk=61 pg=255 erase_cnt=9 (vpc/ipc reset)
[EXP] [ERASE] ch=7 lun=6 pl=0 blk=61 pg=255 erase_cnt=9 (vpc/ipc reset)
[EXP] [ERASE] ch=7 lun=7 pl=0 blk=61 pg=255 erase_cnt=9 (vpc/ipc reset)
[EXP] [ERASE] ch=0 lun=0 pl=0 blk=44 pg=255 erase_cnt=6 (vpc/ipc reset)
[EXP] [ERASE] ch=0 lun=1 pl=0 blk=44 pg=255 erase_cnt=6 (vpc/ipc reset)
[EXP] [ERASE] ch=0 lun=2 pl=0 blk=44 pg=255 erase_cnt=6 (vpc/ipc reset)
[EXP] [ERASE] ch=0 lun=3 pl=0 blk=44 pg=255 erase_cnt=6 (vpc/ipc reset)
[EXP] [ERASE] ch=0 lun=4 pl=0 blk=44 pg=255 erase_cnt=6 (vpc/ipc reset)
[EXP] [ERASE] ch=0 lun=5 pl=0 blk=44 pg=255 erase_cnt=6 (vpc/ipc reset)
[EXP] [ERASE] ch=0 lun=6 pl=0 blk=44 pg=255 erase_cnt=6 (vpc/ipc reset)
[EXP] [ERASE] ch=0 lun=7 pl=0 blk=44 pg=255 erase_cnt=6 (vpc/ipc reset)
[EXP] [ERASE] ch=1 lun=0 pl=0 blk=44 pg=255 erase_cnt=6 (vpc/ipc reset)
[EXP] [ERASE] ch=1 lun=1 pl=0 blk=44 pg=255 erase_cnt=6 (vpc/ipc reset)
[EXP] [ERASE] ch=1 lun=2 pl=0 blk=44 pg=255 erase_cnt=6 (vpc/ipc reset)
[EXP] [ERASE] ch=1 lun=3 pl=0 blk=44 pg=255 erase_cnt=6 (vpc/ipc reset)
[EXP] [ERASE] ch=1 lun=4 pl=0 blk=44 pg=255 erase_cnt=6 (vpc/ipc reset)
[EXP] [ERASE] ch=1 lun=5 pl=0 blk=44 pg=255 erase_cnt=6 (vpc/ipc reset)
[EXP] [ERASE] ch=1 lun=6 pl=0 blk=44 pg=255 erase_cnt=6 (vpc/ipc reset)
[EXP] [ERASE] ch=1 lun=7 pl=0 blk=44 pg=255 erase_cnt=6 (vpc/ipc reset)
[EXP] [ERASE] ch=2 lun=0 pl=0 blk=44 pg=255 erase_cnt=6 (vpc/ipc reset)
[EXP] [ERASE] ch=2 lun=1 pl=0 blk=44 pg=255 erase_cnt=6 (vpc/ipc reset)
[EXP] [ERASE] ch=2 lun=2 pl=0 blk=44 pg=255 erase_cnt=6 (vpc/ipc reset)
[EXP] [ERASE] ch=2 lun=3 pl=0 blk=44 pg=255 erase_cnt=6 (vpc/ipc reset)
[EXP] [ERASE] ch=2 lun=4 pl=0 blk=44 pg=255 erase_cnt=6 (vpc/ipc reset)
[EXP] [ERASE] ch=2 lun=5 pl=0 blk=44 pg=255 erase_cnt=6 (vpc/ipc reset)
[EXP] [ERASE] ch=2 lun=6 pl=0 blk=44 pg=255 erase_cnt=6 (vpc/ipc reset)
[EXP] [ERASE] ch=2 lun=7 pl=0 blk=44 pg=255 erase_cnt=6 (vpc/ipc reset)
[EXP] [ERASE] ch=3 lun=0 pl=0 blk=44 pg=255 erase_cnt=6 (vpc/ipc reset)
[EXP] [ERASE] ch=3 lun=1 pl=0 blk=44 pg=255 erase_cnt=6 (vpc/ipc reset)
[EXP] [ERASE] ch=3 lun=2 pl=0 blk=44 pg=255 erase_cnt=6 (vpc/ipc reset)
[EXP] [ERASE] ch=3 lun=3 pl=0 blk=44 pg=255 erase_cnt=6 (vpc/ipc reset)
[EXP] [ERASE] ch=3 lun=4 pl=0 blk=44 pg=255 erase_cnt=6 (vpc/ipc reset)
[EXP] [ERASE] ch=3 lun=5 pl=0 blk=44 pg=255 erase_cnt=6 (vpc/ipc reset)
[EXP] [ERASE] ch=3 lun=6 pl=0 blk=44 pg=255 erase_cnt=6 (vpc/ipc reset)
[EXP] [ERASE] ch=3 lun=7 pl=0 blk=44 pg=255 erase_cnt=6 (vpc/ipc reset)
[EXP] [ERASE] ch=4 lun=0 pl=0 blk=44 pg=255 erase_cnt=6 (vpc/ipc reset)
[EXP] [ERASE] ch=4 lun=1 pl=0 blk=44 pg=255 erase_cnt=6 (vpc/ipc reset)
[EXP] [ERASE] ch=4 lun=2 pl=0 blk=44 pg=255 erase_cnt=6 (vpc/ipc reset)
[EXP] [ERASE] ch=4 lun=3 pl=0 blk=44 pg=255 erase_cnt=6 (vpc/ipc reset)
[EXP] [ERASE] ch=4 lun=4 pl=0 blk=44 pg=255 erase_cnt=6 (vpc/ipc reset)
[EXP] [ERASE] ch=4 lun=5 pl=0 blk=44 pg=255 erase_cnt=6 (vpc/ipc reset)
[EXP] [ERASE] ch=4 lun=6 pl=0 blk=44 pg=255 erase_cnt=6 (vpc/ipc reset)
[EXP] [ERASE] ch=4 lun=7 pl=0 blk=44 pg=255 erase_cnt=6 (vpc/ipc reset)
[EXP] [ERASE] ch=5 lun=0 pl=0 blk=44 pg=255 erase_cnt=6 (vpc/ipc reset)
[EXP] [ERASE] ch=5 lun=1 pl=0 blk=44 pg=255 erase_cnt=6 (vpc/ipc reset)
[EXP] [ERASE] ch=5 lun=2 pl=0 blk=44 pg=255 erase_cnt=6 (vpc/ipc reset)
[EXP] [ERASE] ch=5 lun=3 pl=0 blk=44 pg=255 erase_cnt=6 (vpc/ipc reset)
[EXP] [ERASE] ch=5 lun=4 pl=0 blk=44 pg=255 erase_cnt=6 (vpc/ipc reset)
[EXP] [ERASE] ch=5 lun=5 pl=0 blk=44 pg=255 erase_cnt=6 (vpc/ipc reset)
[EXP] [ERASE] ch=5 lun=6 pl=0 blk=44 pg=255 erase_cnt=6 (vpc/ipc reset)
[EXP] [ERASE] ch=5 lun=7 pl=0 blk=44 pg=255 erase_cnt=6 (vpc/ipc reset)
[EXP] [ERASE] ch=6 lun=0 pl=0 blk=44 pg=255 erase_cnt=6 (vpc/ipc reset)
[EXP] [ERASE] ch=6 lun=1 pl=0 blk=44 pg=255 erase_cnt=6 (vpc/ipc reset)
[EXP] [ERASE] ch=6 lun=2 pl=0 blk=44 pg=255 erase_cnt=6 (vpc/ipc reset)
[EXP] [ERASE] ch=6 lun=3 pl=0 blk=44 pg=255 erase_cnt=6 (vpc/ipc reset)
[EXP] [ERASE] ch=6 lun=4 pl=0 blk=44 pg=255 erase_cnt=6 (vpc/ipc reset)
[EXP] [ERASE] ch=6 lun=5 pl=0 blk=44 pg=255 erase_cnt=6 (vpc/ipc reset)
[EXP] [ERASE] ch=6 lun=6 pl=0 blk=44 pg=255 erase_cnt=6 (vpc/ipc reset)
[EXP] [ERASE] ch=6 lun=7 pl=0 blk=44 pg=255 erase_cnt=6 (vpc/ipc reset)
[EXP] [ERASE] ch=7 lun=0 pl=0 blk=44 pg=255 erase_cnt=6 (vpc/ipc reset)
[EXP] [ERASE] ch=7 lun=1 pl=0 blk=44 pg=255 erase_cnt=6 (vpc/ipc reset)
[EXP] [ERASE] ch=7 lun=2 pl=0 blk=44 pg=255 erase_cnt=6 (vpc/ipc reset)
[EXP] [ERASE] ch=7 lun=3 pl=0 blk=44 pg=255 erase_cnt=6 (vpc/ipc reset)
[EXP] [ERASE] ch=7 lun=4 pl=0 blk=44 pg=255 erase_cnt=6 (vpc/ipc reset)
[EXP] [ERASE] ch=7 lun=5 pl=0 blk=44 pg=255 erase_cnt=6 (vpc/ipc reset)
[EXP] [ERASE] ch=7 lun=6 pl=0 blk=44 pg=255 erase_cnt=6 (vpc/ipc reset)
[EXP] [ERASE] ch=7 lun=7 pl=0 blk=44 pg=255 erase_cnt=6 (vpc/ipc reset)
[EXP] [ERASE] ch=0 lun=0 pl=0 blk=100 pg=255 erase_cnt=8 (vpc/ipc reset)
[EXP] [ERASE] ch=0 lun=1 pl=0 blk=100 pg=255 erase_cnt=8 (vpc/ipc reset)
[EXP] [ERASE] ch=0 lun=2 pl=0 blk=100 pg=255 erase_cnt=8 (vpc/ipc reset)
[EXP] [ERASE] ch=0 lun=3 pl=0 blk=100 pg=255 erase_cnt=8 (vpc/ipc reset)
[EXP] [ERASE] ch=0 lun=4 pl=0 blk=100 pg=255 erase_cnt=8 (vpc/ipc reset)
[EXP] [ERASE] ch=0 lun=5 pl=0 blk=100 pg=255 erase_cnt=8 (vpc/ipc reset)
[EXP] [ERASE] ch=0 lun=6 pl=0 blk=100 pg=255 erase_cnt=8 (vpc/ipc reset)
[EXP] [ERASE] ch=0 lun=7 pl=0 blk=100 pg=255 erase_cnt=8 (vpc/ipc reset)
[EXP] [ERASE] ch=1 lun=0 pl=0 blk=100 pg=255 erase_cnt=8 (vpc/ipc reset)
[EXP] [ERASE] ch=1 lun=1 pl=0 blk=100 pg=255 erase_cnt=8 (vpc/ipc reset)
[EXP] [ERASE] ch=1 lun=2 pl=0 blk=100 pg=255 erase_cnt=8 (vpc/ipc reset)
[EXP] [ERASE] ch=1 lun=3 pl=0 blk=100 pg=255 erase_cnt=8 (vpc/ipc reset)
[EXP] [ERASE] ch=1 lun=4 pl=0 blk=100 pg=255 erase_cnt=8 (vpc/ipc reset)
[EXP] [ERASE] ch=1 lun=5 pl=0 blk=100 pg=255 erase_cnt=8 (vpc/ipc reset)
[EXP] [ERASE] ch=1 lun=6 pl=0 blk=100 pg=255 erase_cnt=8 (vpc/ipc reset)
[EXP] [ERASE] ch=1 lun=7 pl=0 blk=100 pg=255 erase_cnt=8 (vpc/ipc reset)
[EXP] [ERASE] ch=2 lun=0 pl=0 blk=100 pg=255 erase_cnt=8 (vpc/ipc reset)
[EXP] [ERASE] ch=2 lun=1 pl=0 blk=100 pg=255 erase_cnt=8 (vpc/ipc reset)
[EXP] [ERASE] ch=2 lun=2 pl=0 blk=100 pg=255 erase_cnt=8 (vpc/ipc reset)
[EXP] [ERASE] ch=2 lun=3 pl=0 blk=100 pg=255 erase_cnt=8 (vpc/ipc reset)
[EXP] [ERASE] ch=2 lun=4 pl=0 blk=100 pg=255 erase_cnt=8 (vpc/ipc reset)
[EXP] [ERASE] ch=2 lun=5 pl=0 blk=100 pg=255 erase_cnt=8 (vpc/ipc reset)
[EXP] [ERASE] ch=2 lun=6 pl=0 blk=100 pg=255 erase_cnt=8 (vpc/ipc reset)
[EXP] [ERASE] ch=2 lun=7 pl=0 blk=100 pg=255 erase_cnt=8 (vpc/ipc reset)
[EXP] [ERASE] ch=3 lun=0 pl=0 blk=100 pg=255 erase_cnt=8 (vpc/ipc reset)
[EXP] [ERASE] ch=3 lun=1 pl=0 blk=100 pg=255 erase_cnt=8 (vpc/ipc reset)
[EXP] [ERASE] ch=3 lun=2 pl=0 blk=100 pg=255 erase_cnt=8 (vpc/ipc reset)
[EXP] [ERASE] ch=3 lun=3 pl=0 blk=100 pg=255 erase_cnt=8 (vpc/ipc reset)
[EXP] [ERASE] ch=3 lun=4 pl=0 blk=100 pg=255 erase_cnt=8 (vpc/ipc reset)
[EXP] [ERASE] ch=3 lun=5 pl=0 blk=100 pg=255 erase_cnt=8 (vpc/ipc reset)
[EXP] [ERASE] ch=3 lun=6 pl=0 blk=100 pg=255 erase_cnt=8 (vpc/ipc reset)
[EXP] [ERASE] ch=3 lun=7 pl=0 blk=100 pg=255 erase_cnt=8 (vpc/ipc reset)
[EXP] [ERASE] ch=4 lun=0 pl=0 blk=100 pg=255 erase_cnt=8 (vpc/ipc reset)
[EXP] [ERASE] ch=4 lun=1 pl=0 blk=100 pg=255 erase_cnt=8 (vpc/ipc reset)
[EXP] [ERASE] ch=4 lun=2 pl=0 blk=100 pg=255 erase_cnt=8 (vpc/ipc reset)
[EXP] [ERASE] ch=4 lun=3 pl=0 blk=100 pg=255 erase_cnt=8 (vpc/ipc reset)
[EXP] [ERASE] ch=4 lun=4 pl=0 blk=100 pg=255 erase_cnt=8 (vpc/ipc reset)
[EXP] [ERASE] ch=4 lun=5 pl=0 blk=100 pg=255 erase_cnt=8 (vpc/ipc reset)
[EXP] [ERASE] ch=4 lun=6 pl=0 blk=100 pg=255 erase_cnt=8 (vpc/ipc reset)
[EXP] [ERASE] ch=4 lun=7 pl=0 blk=100 pg=255 erase_cnt=8 (vpc/ipc reset)
[EXP] [ERASE] ch=5 lun=0 pl=0 blk=100 pg=255 erase_cnt=8 (vpc/ipc reset)
[EXP] [ERASE] ch=5 lun=1 pl=0 blk=100 pg=255 erase_cnt=8 (vpc/ipc reset)
[EXP] [ERASE] ch=5 lun=2 pl=0 blk=100 pg=255 erase_cnt=8 (vpc/ipc reset)
[EXP] [ERASE] ch=5 lun=3 pl=0 blk=100 pg=255 erase_cnt=8 (vpc/ipc reset)
[EXP] [ERASE] ch=5 lun=4 pl=0 blk=100 pg=255 erase_cnt=8 (vpc/ipc reset)
[EXP] [ERASE] ch=5 lun=5 pl=0 blk=100 pg=255 erase_cnt=8 (vpc/ipc reset)
[EXP] [ERASE] ch=5 lun=6 pl=0 blk=100 pg=255 erase_cnt=8 (vpc/ipc reset)
[EXP] [ERASE] ch=5 lun=7 pl=0 blk=100 pg=255 erase_cnt=8 (vpc/ipc reset)
[EXP] [ERASE] ch=6 lun=0 pl=0 blk=100 pg=255 erase_cnt=8 (vpc/ipc reset)
[EXP] [ERASE] ch=6 lun=1 pl=0 blk=100 pg=255 erase_cnt=8 (vpc/ipc reset)
[EXP] [ERASE] ch=6 lun=2 pl=0 blk=100 pg=255 erase_cnt=8 (vpc/ipc reset)
[EXP] [ERASE] ch=6 lun=3 pl=0 blk=100 pg=255 erase_cnt=8 (vpc/ipc reset)
[EXP] [ERASE] ch=6 lun=4 pl=0 blk=100 pg=255 erase_cnt=8 (vpc/ipc reset)
[EXP] [ERASE] ch=6 lun=5 pl=0 blk=100 pg=255 erase_cnt=8 (vpc/ipc reset)
[EXP] [ERASE] ch=6 lun=6 pl=0 blk=100 pg=255 erase_cnt=8 (vpc/ipc reset)
[EXP] [ERASE] ch=6 lun=7 pl=0 blk=100 pg=255 erase_cnt=8 (vpc/ipc reset)
[EXP] [ERASE] ch=7 lun=0 pl=0 blk=100 pg=255 erase_cnt=8 (vpc/ipc reset)
[EXP] [ERASE] ch=7 lun=1 pl=0 blk=100 pg=255 erase_cnt=8 (vpc/ipc reset)
[EXP] [ERASE] ch=7 lun=2 pl=0 blk=100 pg=255 erase_cnt=8 (vpc/ipc reset)
[EXP] [ERASE] ch=7 lun=3 pl=0 blk=100 pg=255 erase_cnt=8 (vpc/ipc reset)
[EXP] [ERASE] ch=7 lun=4 pl=0 blk=100 pg=255 erase_cnt=8 (vpc/ipc reset)
[EXP] [ERASE] ch=7 lun=5 pl=0 blk=100 pg=255 erase_cnt=8 (vpc/ipc reset)
[EXP] [ERASE] ch=7 lun=6 pl=0 blk=100 pg=255 erase_cnt=8 (vpc/ipc reset)
[EXP] [ERASE] ch=7 lun=7 pl=0 blk=100 pg=255 erase_cnt=8 (vpc/ipc reset)
[EXP] [ERASE] ch=0 lun=0 pl=0 blk=97 pg=255 erase_cnt=14 (vpc/ipc reset)
[EXP] [ERASE] ch=0 lun=1 pl=0 blk=97 pg=255 erase_cnt=14 (vpc/ipc reset)
[EXP] [ERASE] ch=0 lun=2 pl=0 blk=97 pg=255 erase_cnt=14 (vpc/ipc reset)
[EXP] [ERASE] ch=0 lun=3 pl=0 blk=97 pg=255 erase_cnt=14 (vpc/ipc reset)
[EXP] [ERASE] ch=0 lun=4 pl=0 blk=97 pg=255 erase_cnt=14 (vpc/ipc reset)
[EXP] [ERASE] ch=0 lun=5 pl=0 blk=97 pg=255 erase_cnt=14 (vpc/ipc reset)
[EXP] [ERASE] ch=0 lun=6 pl=0 blk=97 pg=255 erase_cnt=14 (vpc/ipc reset)
[EXP] [ERASE] ch=0 lun=7 pl=0 blk=97 pg=255 erase_cnt=14 (vpc/ipc reset)
[EXP] [ERASE] ch=1 lun=0 pl=0 blk=97 pg=255 erase_cnt=14 (vpc/ipc reset)
[EXP] [ERASE] ch=1 lun=1 pl=0 blk=97 pg=255 erase_cnt=14 (vpc/ipc reset)
[EXP] [ERASE] ch=1 lun=2 pl=0 blk=97 pg=255 erase_cnt=14 (vpc/ipc reset)
[EXP] [ERASE] ch=1 lun=3 pl=0 blk=97 pg=255 erase_cnt=14 (vpc/ipc reset)
[EXP] [ERASE] ch=1 lun=4 pl=0 blk=97 pg=255 erase_cnt=14 (vpc/ipc reset)
[EXP] [ERASE] ch=1 lun=5 pl=0 blk=97 pg=255 erase_cnt=14 (vpc/ipc reset)
[EXP] [ERASE] ch=1 lun=6 pl=0 blk=97 pg=255 erase_cnt=14 (vpc/ipc reset)
[EXP] [ERASE] ch=1 lun=7 pl=0 blk=97 pg=255 erase_cnt=14 (vpc/ipc reset)
[EXP] [ERASE] ch=2 lun=0 pl=0 blk=97 pg=255 erase_cnt=14 (vpc/ipc reset)
[EXP] [ERASE] ch=2 lun=1 pl=0 blk=97 pg=255 erase_cnt=14 (vpc/ipc reset)
[EXP] [ERASE] ch=2 lun=2 pl=0 blk=97 pg=255 erase_cnt=14 (vpc/ipc reset)
[EXP] [ERASE] ch=2 lun=3 pl=0 blk=97 pg=255 erase_cnt=14 (vpc/ipc reset)
[EXP] [ERASE] ch=2 lun=4 pl=0 blk=97 pg=255 erase_cnt=14 (vpc/ipc reset)
[EXP] [ERASE] ch=2 lun=5 pl=0 blk=97 pg=255 erase_cnt=14 (vpc/ipc reset)
[EXP] [ERASE] ch=2 lun=6 pl=0 blk=97 pg=255 erase_cnt=14 (vpc/ipc reset)
[EXP] [ERASE] ch=2 lun=7 pl=0 blk=97 pg=255 erase_cnt=14 (vpc/ipc reset)
[EXP] [ERASE] ch=3 lun=0 pl=0 blk=97 pg=255 erase_cnt=14 (vpc/ipc reset)
[EXP] [ERASE] ch=3 lun=1 pl=0 blk=97 pg=255 erase_cnt=14 (vpc/ipc reset)
[EXP] [ERASE] ch=3 lun=2 pl=0 blk=97 pg=255 erase_cnt=14 (vpc/ipc reset)
[EXP] [ERASE] ch=3 lun=3 pl=0 blk=97 pg=255 erase_cnt=14 (vpc/ipc reset)
[EXP] [ERASE] ch=3 lun=4 pl=0 blk=97 pg=255 erase_cnt=14 (vpc/ipc reset)
[EXP] [ERASE] ch=3 lun=5 pl=0 blk=97 pg=255 erase_cnt=14 (vpc/ipc reset)
[EXP] [ERASE] ch=3 lun=6 pl=0 blk=97 pg=255 erase_cnt=14 (vpc/ipc reset)
[EXP] [ERASE] ch=3 lun=7 pl=0 blk=97 pg=255 erase_cnt=14 (vpc/ipc reset)
[EXP] [ERASE] ch=4 lun=0 pl=0 blk=97 pg=255 erase_cnt=14 (vpc/ipc reset)
[EXP] [ERASE] ch=4 lun=1 pl=0 blk=97 pg=255 erase_cnt=14 (vpc/ipc reset)
[EXP] [ERASE] ch=4 lun=2 pl=0 blk=97 pg=255 erase_cnt=14 (vpc/ipc reset)
[EXP] [ERASE] ch=4 lun=3 pl=0 blk=97 pg=255 erase_cnt=14 (vpc/ipc reset)
[EXP] [ERASE] ch=4 lun=4 pl=0 blk=97 pg=255 erase_cnt=14 (vpc/ipc reset)
[EXP] [ERASE] ch=4 lun=5 pl=0 blk=97 pg=255 erase_cnt=14 (vpc/ipc reset)
[EXP] [ERASE] ch=4 lun=6 pl=0 blk=97 pg=255 erase_cnt=14 (vpc/ipc reset)
[EXP] [ERASE] ch=4 lun=7 pl=0 blk=97 pg=255 erase_cnt=14 (vpc/ipc reset)
[EXP] [ERASE] ch=5 lun=0 pl=0 blk=97 pg=255 erase_cnt=14 (vpc/ipc reset)
[EXP] [ERASE] ch=5 lun=1 pl=0 blk=97 pg=255 erase_cnt=14 (vpc/ipc reset)
[EXP] [ERASE] ch=5 lun=2 pl=0 blk=97 pg=255 erase_cnt=14 (vpc/ipc reset)
[EXP] [ERASE] ch=5 lun=3 pl=0 blk=97 pg=255 erase_cnt=14 (vpc/ipc reset)
[EXP] [ERASE] ch=5 lun=4 pl=0 blk=97 pg=255 erase_cnt=14 (vpc/ipc reset)
[EXP] [ERASE] ch=5 lun=5 pl=0 blk=97 pg=255 erase_cnt=14 (vpc/ipc reset)
[EXP] [ERASE] ch=5 lun=6 pl=0 blk=97 pg=255 erase_cnt=14 (vpc/ipc reset)
[EXP] [ERASE] ch=5 lun=7 pl=0 blk=97 pg=255 erase_cnt=14 (vpc/ipc reset)
[EXP] [ERASE] ch=6 lun=0 pl=0 blk=97 pg=255 erase_cnt=14 (vpc/ipc reset)
[EXP] [ERASE] ch=6 lun=1 pl=0 blk=97 pg=255 erase_cnt=14 (vpc/ipc reset)
[EXP] [ERASE] ch=6 lun=2 pl=0 blk=97 pg=255 erase_cnt=14 (vpc/ipc reset)
[EXP] [ERASE] ch=6 lun=3 pl=0 blk=97 pg=255 erase_cnt=14 (vpc/ipc reset)
[EXP] [ERASE] ch=6 lun=4 pl=0 blk=97 pg=255 erase_cnt=14 (vpc/ipc reset)
[EXP] [ERASE] ch=6 lun=5 pl=0 blk=97 pg=255 erase_cnt=14 (vpc/ipc reset)
[EXP] [ERASE] ch=6 lun=6 pl=0 blk=97 pg=255 erase_cnt=14 (vpc/ipc reset)
[EXP] [ERASE] ch=6 lun=7 pl=0 blk=97 pg=255 erase_cnt=14 (vpc/ipc reset)
[EXP] [ERASE] ch=7 lun=0 pl=0 blk=97 pg=255 erase_cnt=14 (vpc/ipc reset)
[EXP] [ERASE] ch=7 lun=1 pl=0 blk=97 pg=255 erase_cnt=14 (vpc/ipc reset)
[EXP] [ERASE] ch=7 lun=2 pl=0 blk=97 pg=255 erase_cnt=14 (vpc/ipc reset)
[EXP] [ERASE] ch=7 lun=3 pl=0 blk=97 pg=255 erase_cnt=14 (vpc/ipc reset)
[EXP] [ERASE] ch=7 lun=4 pl=0 blk=97 pg=255 erase_cnt=14 (vpc/ipc reset)
[EXP] [ERASE] ch=7 lun=5 pl=0 blk=97 pg=255 erase_cnt=14 (vpc/ipc reset)
[EXP] [ERASE] ch=7 lun=6 pl=0 blk=97 pg=255 erase_cnt=14 (vpc/ipc reset)
[EXP] [ERASE] ch=7 lun=7 pl=0 blk=97 pg=255 erase_cnt=14 (vpc/ipc reset)
[FEMU] FTL-Log: BBSSD-STATS version=V2.5 hot_rewrite_window=1024 hot_access_threshold=3 hot_confirmation_threshold=2 hot_decay_window=65536 hot_decay_enabled=on hot_idle_expiration_window=4000000 host_page_writes=1003552 nand_page_writes=6869088 gc_page_writes=5865536 block_erases=26560 waf=6.844775 gc_count=415 average_gc_copy=14133.821687 host_hot_writes=106924 host_cold_writes=896628 hot_write_ratio=0.106546 gc_hot_writes=3299 gc_cold_writes=5862237 stale_hot_gc_candidates_gt_t=2931 stale_hot_gc_candidates_gt_2t=2664 stale_hot_gc_candidates_gt_4t=2164 stale_hot_gc_candidates_gt_8t=1336 stale_hot_gc_demotions=0 cold_to_hot_count=48240 hot_to_cold_count=47452 hot_pool_empty_count=0 cold_pool_empty_count=6 borrow_count=6 emergency_gc_count=0 decay_application_count=685964 counter_invariant=PASS
[FEMU] Log: vSSD0,Reset tt_late_ios/tt_ios,109662/251089
